0,,,,,,,,,,,,,,,,,,,,,,,,,,,,,,,,,,,,,,,,,,,,,,,,,,,,,,,,,,,,,,,,,,,,,,,,,,,,,,,,,,,,,,,,,,,,,,,,,,,,,,,,,,,,,,,,,,,,,,,,,,,,,,,,,,,,,,,,,,,,,,,,,,,,,,,,,,,,,,,,,,,,,,,,,,,,,,,,,,,,,,,,,,,,,,,,,,,,,,,,,,,,,,,,,,,,,,,,,,,,,,,,,,,,,,,,,,,,,,,,,,,,,,,,,,,,,,,,
,0,1,2,3,4,5,6,7,8,9,10,11,12,13,14,15,16,17,18,19,20,21,22,23,24,25,26,27,28,29,30,31,32,33,34,35,36,37,38,39,40,41,42,43,44,45,46,47,48,49,50,51,52,53,54,55,56,57,58,59,60,61,62,63,,,,,,,,,,,,,,,,,,,,,,,,,,,,,,,,,,,,,,,,,,,,,,,,,,,,,,,,,,,,,,,,,,,,,,,,,,,,,,,,,,,,,,,,,,,,,,,,,,,,,,,,,,,,,,,,,,,,,,,,,,,,,,,,,,,,,,,,,,,,,,,,,,,,,,,,,,,,,,,,,,,,,,,,,,,,,,,,,,,,,,,,,,,,,,,,
0,0,1,2,3,4,5,6,7,8,9,10,11,12,13,14,15,16,17,18,19,20,21,22,23,24,25,26,27,28,29,30,31,32,33,34,35,36,37,38,39,40,41,42,43,44,45,46,47,48,49,50,51,52,53,54,55,56,57,58,59,60,61,62,63,,,,,,,,,,,,,,,,,,,,,,,,,,,,,,,,,,,,,,,,,,,,,,,,,,,,,,,,,,,,,,,,,,,,,,,,,,,,,,,,,,,,,,,,,,,,,,,,,,,,,,,,,,,,,,,,,,,,,,,,,,,,,,,,,,,,,,,,,,,,,,,,,,,,,,,,,,,,,,,,,,,,,,,,,,,,,,,,,,,,,,,,,,,,,,,,
1,64,65,66,67,68,69,70,71,72,73,74,75,76,77,78,79,80,81,82,83,84,85,86,87,88,89,90,91,92,93,94,95,96,97,98,99,100,101,102,103,104,105,106,107,108,109,110,111,112,113,114,115,116,117,118,119,120,121,122,123,124,125,126,127,,,,,,,,,,,,,,,,,,,,,,,,,,,,,,,,,,,,,,,,,,,,,,,,,,,,,,,,,,,,,,,,,,,,,,,,,,,,,,,,,,,,,,,,,,,,,,,,,,,,,,,,,,,,,,,,,,,,,,,,,,,,,,,,,,,,,,,,,,,,,,,,,,,,,,,,,,,,,,,,,,,,,,,,,,,,,,,,,,,,,,,,,,,,,,,,
2,128,129,130,131,132,133,134,135,136,137,138,139,140,141,142,143,144,145,146,147,148,149,150,151,152,153,154,155,156,157,158,159,160,161,162,163,164,165,166,167,168,169,170,171,172,173,174,175,176,177,178,179,180,181,182,183,184,185,186,187,188,189,190,191,,,,,,,,,,,,,,,,,,,,,,,,,,,,,,,,,,,,,,,,,,,,,,,,,,,,,,,,,,,,,,,,,,,,,,,,,,,,,,,,,,,,,,,,,,,,,,,,,,,,,,,,,,,,,,,,,,,,,,,,,,,,,,,,,,,,,,,,,,,,,,,,,,,,,,,,,,,,,,,,,,,,,,,,,,,,,,,,,,,,,,,,,,,,,,,,
3,192,193,194,195,196,197,198,199,200,201,202,203,204,205,206,207,208,209,210,211,212,213,214,215,216,217,218,219,220,221,222,223,224,225,226,227,228,229,230,231,232,233,234,235,236,237,238,239,240,241,242,243,244,245,246,247,248,249,250,251,252,253,254,255,,,,,,,,,,,,,,,,,,,,,,,,,,,,,,,,,,,,,,,,,,,,,,,,,,,,,,,,,,,,,,,,,,,,,,,,,,,,,,,,,,,,,,,,,,,,,,,,,,,,,,,,,,,,,,,,,,,,,,,,,,,,,,,,,,,,,,,,,,,,,,,,,,,,,,,,,,,,,,,,,,,,,,,,,,,,,,,,,,,,,,,,,,,,,,,,
4,0,1,2,3,4,5,6,7,8,9,10,11,12,13,14,15,16,17,18,19,20,21,22,23,24,25,26,27,28,29,30,31,32,33,34,35,36,37,38,39,40,41,42,43,44,45,46,47,48,49,50,51,52,53,54,55,56,57,58,59,60,61,62,63,,,,,,,,,,,,,,,,,,,,,,,,,,,,,,,,,,,,,,,,,,,,,,,,,,,,,,,,,,,,,,,,,,,,,,,,,,,,,,,,,,,,,,,,,,,,,,,,,,,,,,,,,,,,,,,,,,,,,,,,,,,,,,,,,,,,,,,,,,,,,,,,,,,,,,,,,,,,,,,,,,,,,,,,,,,,,,,,,,,,,,,,,,,,,,,,
5,64,65,66,67,68,69,70,71,72,73,74,75,76,77,78,79,80,81,82,83,84,85,86,87,88,89,90,91,92,93,94,95,96,97,98,99,100,101,102,103,104,105,106,107,108,109,110,111,112,113,114,115,116,117,118,119,120,121,122,123,124,125,126,127,,,,,,,,,,,,,,,,,,,,,,,,,,,,,,,,,,,,,,,,,,,,,,,,,,,,,,,,,,,,,,,,,,,,,,,,,,,,,,,,,,,,,,,,,,,,,,,,,,,,,,,,,,,,,,,,,,,,,,,,,,,,,,,,,,,,,,,,,,,,,,,,,,,,,,,,,,,,,,,,,,,,,,,,,,,,,,,,,,,,,,,,,,,,,,,,
6,128,129,130,131,132,133,134,135,136,137,138,139,140,141,142,143,144,145,146,147,148,149,150,151,152,153,154,155,156,157,158,159,160,161,162,163,164,165,166,167,168,169,170,171,172,173,174,175,176,177,178,179,180,181,182,183,184,185,186,187,188,189,190,191,,,,,,,,,,,,,,,,,,,,,,,,,,,,,,,,,,,,,,,,,,,,,,,,,,,,,,,,,,,,,,,,,,,,,,,,,,,,,,,,,,,,,,,,,,,,,,,,,,,,,,,,,,,,,,,,,,,,,,,,,,,,,,,,,,,,,,,,,,,,,,,,,,,,,,,,,,,,,,,,,,,,,,,,,,,,,,,,,,,,,,,,,,,,,,,,
7,192,193,194,195,196,197,198,199,200,201,202,203,204,205,206,207,208,209,210,211,212,213,214,215,216,217,218,219,220,221,222,223,224,225,226,227,228,229,230,231,232,233,234,235,236,237,238,239,240,241,242,243,244,245,246,247,248,249,250,251,252,253,254,255,,,,,,,,,,,,,,,,,,,,,,,,,,,,,,,,,,,,,,,,,,,,,,,,,,,,,,,,,,,,,,,,,,,,,,,,,,,,,,,,,,,,,,,,,,,,,,,,,,,,,,,,,,,,,,,,,,,,,,,,,,,,,,,,,,,,,,,,,,,,,,,,,,,,,,,,,,,,,,,,,,,,,,,,,,,,,,,,,,,,,,,,,,,,,,,,
8,0,1,2,3,4,5,6,7,8,9,10,11,12,13,14,15,16,17,18,19,20,21,22,23,24,25,26,27,28,29,30,31,32,33,34,35,36,37,38,39,40,41,42,43,44,45,46,47,48,49,50,51,52,53,54,55,56,57,58,59,60,61,62,63,,,,,,,,,,,,,,,,,,,,,,,,,,,,,,,,,,,,,,,,,,,,,,,,,,,,,,,,,,,,,,,,,,,,,,,,,,,,,,,,,,,,,,,,,,,,,,,,,,,,,,,,,,,,,,,,,,,,,,,,,,,,,,,,,,,,,,,,,,,,,,,,,,,,,,,,,,,,,,,,,,,,,,,,,,,,,,,,,,,,,,,,,,,,,,,,
9,64,65,66,67,68,69,70,71,72,73,74,75,76,77,78,79,80,81,82,83,84,85,86,87,88,89,90,91,92,93,94,95,96,97,98,99,100,101,102,103,104,105,106,107,108,109,110,111,112,113,114,115,116,117,118,119,120,121,122,123,124,125,126,127,,,,,,,,,,,,,,,,,,,,,,,,,,,,,,,,,,,,,,,,,,,,,,,,,,,,,,,,,,,,,,,,,,,,,,,,,,,,,,,,,,,,,,,,,,,,,,,,,,,,,,,,,,,,,,,,,,,,,,,,,,,,,,,,,,,,,,,,,,,,,,,,,,,,,,,,,,,,,,,,,,,,,,,,,,,,,,,,,,,,,,,,,,,,,,,,
10,128,129,130,131,132,133,134,135,136,137,138,139,140,141,142,143,144,145,146,147,148,149,150,151,152,153,154,155,156,157,158,159,160,161,162,163,164,165,166,167,168,169,170,171,172,173,174,175,176,177,178,179,180,181,182,183,184,185,186,187,188,189,190,191,,,,,,,,,,,,,,,,,,,,,,,,,,,,,,,,,,,,,,,,,,,,,,,,,,,,,,,,,,,,,,,,,,,,,,,,,,,,,,,,,,,,,,,,,,,,,,,,,,,,,,,,,,,,,,,,,,,,,,,,,,,,,,,,,,,,,,,,,,,,,,,,,,,,,,,,,,,,,,,,,,,,,,,,,,,,,,,,,,,,,,,,,,,,,,,,
11,192,193,194,195,196,197,198,199,200,201,202,203,204,205,206,207,208,209,210,211,212,213,214,215,216,217,218,219,220,221,222,223,224,225,226,227,228,229,230,231,232,233,234,235,236,237,238,239,240,241,242,243,244,245,246,247,248,249,250,251,252,253,254,255,,,,,,,,,,,,,,,,,,,,,,,,,,,,,,,,,,,,,,,,,,,,,,,,,,,,,,,,,,,,,,,,,,,,,,,,,,,,,,,,,,,,,,,,,,,,,,,,,,,,,,,,,,,,,,,,,,,,,,,,,,,,,,,,,,,,,,,,,,,,,,,,,,,,,,,,,,,,,,,,,,,,,,,,,,,,,,,,,,,,,,,,,,,,,,,,
12,0,1,2,3,4,5,6,7,8,9,10,11,12,13,14,15,16,17,18,19,20,21,22,23,24,25,26,27,28,29,30,31,32,33,34,35,36,37,38,39,40,41,42,43,44,45,46,47,48,49,50,51,52,53,54,55,56,57,58,59,60,61,62,63,,,,,,,,,,,,,,,,,,,,,,,,,,,,,,,,,,,,,,,,,,,,,,,,,,,,,,,,,,,,,,,,,,,,,,,,,,,,,,,,,,,,,,,,,,,,,,,,,,,,,,,,,,,,,,,,,,,,,,,,,,,,,,,,,,,,,,,,,,,,,,,,,,,,,,,,,,,,,,,,,,,,,,,,,,,,,,,,,,,,,,,,,,,,,,,,
13,64,65,66,67,68,69,70,71,72,73,74,75,76,77,78,79,80,81,82,83,84,85,86,87,88,89,90,91,92,93,94,95,96,97,98,99,100,101,102,103,104,105,106,107,108,109,110,111,112,113,114,115,116,117,118,119,120,121,122,123,124,125,126,127,,,,,,,,,,,,,,,,,,,,,,,,,,,,,,,,,,,,,,,,,,,,,,,,,,,,,,,,,,,,,,,,,,,,,,,,,,,,,,,,,,,,,,,,,,,,,,,,,,,,,,,,,,,,,,,,,,,,,,,,,,,,,,,,,,,,,,,,,,,,,,,,,,,,,,,,,,,,,,,,,,,,,,,,,,,,,,,,,,,,,,,,,,,,,,,,
14,128,129,130,131,132,133,134,135,136,137,138,139,140,141,142,143,144,145,146,147,148,149,150,151,152,153,154,155,156,157,158,159,160,161,162,163,164,165,166,167,168,169,170,171,172,173,174,175,176,177,178,179,180,181,182,183,184,185,186,187,188,189,190,191,,,,,,,,,,,,,,,,,,,,,,,,,,,,,,,,,,,,,,,,,,,,,,,,,,,,,,,,,,,,,,,,,,,,,,,,,,,,,,,,,,,,,,,,,,,,,,,,,,,,,,,,,,,,,,,,,,,,,,,,,,,,,,,,,,,,,,,,,,,,,,,,,,,,,,,,,,,,,,,,,,,,,,,,,,,,,,,,,,,,,,,,,,,,,,,,
15,192,193,194,195,196,197,198,199,200,201,202,203,204,205,206,207,208,209,210,211,212,213,214,215,216,217,218,219,220,221,222,223,224,225,226,227,228,229,230,231,232,233,234,235,236,237,238,239,240,241,242,243,244,245,246,247,248,249,250,251,252,253,254,255,,,,,,,,,,,,,,,,,,,,,,,,,,,,,,,,,,,,,,,,,,,,,,,,,,,,,,,,,,,,,,,,,,,,,,,,,,,,,,,,,,,,,,,,,,,,,,,,,,,,,,,,,,,,,,,,,,,,,,,,,,,,,,,,,,,,,,,,,,,,,,,,,,,,,,,,,,,,,,,,,,,,,,,,,,,,,,,,,,,,,,,,,,,,,,,,
16,0,1,2,3,4,5,6,7,8,9,10,11,12,13,14,15,16,17,18,19,20,21,22,23,24,25,26,27,28,29,30,31,32,33,34,35,36,37,38,39,40,41,42,43,44,45,46,47,48,49,50,51,52,53,54,55,56,57,58,59,60,61,62,63,,,,,,,,,,,,,,,,,,,,,,,,,,,,,,,,,,,,,,,,,,,,,,,,,,,,,,,,,,,,,,,,,,,,,,,,,,,,,,,,,,,,,,,,,,,,,,,,,,,,,,,,,,,,,,,,,,,,,,,,,,,,,,,,,,,,,,,,,,,,,,,,,,,,,,,,,,,,,,,,,,,,,,,,,,,,,,,,,,,,,,,,,,,,,,,,
17,64,65,66,67,68,69,70,71,72,73,74,75,76,77,78,79,80,81,82,83,84,85,86,87,88,89,90,91,92,93,94,95,96,97,98,99,100,101,102,103,104,105,106,107,108,109,110,111,112,113,114,115,116,117,118,119,120,121,122,123,124,125,126,127,,,,,,,,,,,,,,,,,,,,,,,,,,,,,,,,,,,,,,,,,,,,,,,,,,,,,,,,,,,,,,,,,,,,,,,,,,,,,,,,,,,,,,,,,,,,,,,,,,,,,,,,,,,,,,,,,,,,,,,,,,,,,,,,,,,,,,,,,,,,,,,,,,,,,,,,,,,,,,,,,,,,,,,,,,,,,,,,,,,,,,,,,,,,,,,,
18,128,129,130,131,132,133,134,135,136,137,138,139,140,141,142,143,144,145,146,147,148,149,150,151,152,153,154,155,156,157,158,159,160,161,162,163,164,165,166,167,168,169,170,171,172,173,174,175,176,177,178,179,180,181,182,183,184,185,186,187,188,189,190,191,,,,,,,,,,,,,,,,,,,,,,,,,,,,,,,,,,,,,,,,,,,,,,,,,,,,,,,,,,,,,,,,,,,,,,,,,,,,,,,,,,,,,,,,,,,,,,,,,,,,,,,,,,,,,,,,,,,,,,,,,,,,,,,,,,,,,,,,,,,,,,,,,,,,,,,,,,,,,,,,,,,,,,,,,,,,,,,,,,,,,,,,,,,,,,,,
19,192,193,194,195,196,197,198,199,200,201,202,203,204,205,206,207,208,209,210,211,212,213,214,215,216,217,218,219,220,221,222,223,224,225,226,227,228,229,230,231,232,233,234,235,236,237,238,239,240,241,242,243,244,245,246,247,248,249,250,251,252,253,254,255,,,,,,,,,,,,,,,,,,,,,,,,,,,,,,,,,,,,,,,,,,,,,,,,,,,,,,,,,,,,,,,,,,,,,,,,,,,,,,,,,,,,,,,,,,,,,,,,,,,,,,,,,,,,,,,,,,,,,,,,,,,,,,,,,,,,,,,,,,,,,,,,,,,,,,,,,,,,,,,,,,,,,,,,,,,,,,,,,,,,,,,,,,,,,,,,
20,0,1,2,3,4,5,6,7,8,9,10,11,12,13,14,15,16,17,18,19,20,21,22,23,24,25,26,27,28,29,30,31,32,33,34,35,36,37,38,39,40,41,42,43,44,45,46,47,48,49,50,51,52,53,54,55,56,57,58,59,60,61,62,63,,,,,,,,,,,,,,,,,,,,,,,,,,,,,,,,,,,,,,,,,,,,,,,,,,,,,,,,,,,,,,,,,,,,,,,,,,,,,,,,,,,,,,,,,,,,,,,,,,,,,,,,,,,,,,,,,,,,,,,,,,,,,,,,,,,,,,,,,,,,,,,,,,,,,,,,,,,,,,,,,,,,,,,,,,,,,,,,,,,,,,,,,,,,,,,,
21,64,65,66,67,68,69,70,71,72,73,74,75,76,77,78,79,80,81,82,83,84,85,86,87,88,89,90,91,92,93,94,95,96,97,98,99,100,101,102,103,104,105,106,107,108,109,110,111,112,113,114,115,116,117,118,119,120,121,122,123,124,125,126,127,,,,,,,,,,,,,,,,,,,,,,,,,,,,,,,,,,,,,,,,,,,,,,,,,,,,,,,,,,,,,,,,,,,,,,,,,,,,,,,,,,,,,,,,,,,,,,,,,,,,,,,,,,,,,,,,,,,,,,,,,,,,,,,,,,,,,,,,,,,,,,,,,,,,,,,,,,,,,,,,,,,,,,,,,,,,,,,,,,,,,,,,,,,,,,,,
22,128,129,130,131,132,133,134,135,136,137,138,139,140,141,142,143,144,145,146,147,148,149,150,151,152,153,154,155,156,157,158,159,160,161,162,163,164,165,166,167,168,169,170,171,172,173,174,175,176,177,178,179,180,181,182,183,184,185,186,187,188,189,190,191,,,,,,,,,,,,,,,,,,,,,,,,,,,,,,,,,,,,,,,,,,,,,,,,,,,,,,,,,,,,,,,,,,,,,,,,,,,,,,,,,,,,,,,,,,,,,,,,,,,,,,,,,,,,,,,,,,,,,,,,,,,,,,,,,,,,,,,,,,,,,,,,,,,,,,,,,,,,,,,,,,,,,,,,,,,,,,,,,,,,,,,,,,,,,,,,
23,192,193,194,195,196,197,198,199,200,201,202,203,204,205,206,207,208,209,210,211,212,213,214,215,216,217,218,219,220,221,222,223,224,225,226,227,228,229,230,231,232,233,234,235,236,237,238,239,240,241,242,243,244,245,246,247,248,249,250,251,252,253,254,255,,,,,,,,,,,,,,,,,,,,,,,,,,,,,,,,,,,,,,,,,,,,,,,,,,,,,,,,,,,,,,,,,,,,,,,,,,,,,,,,,,,,,,,,,,,,,,,,,,,,,,,,,,,,,,,,,,,,,,,,,,,,,,,,,,,,,,,,,,,,,,,,,,,,,,,,,,,,,,,,,,,,,,,,,,,,,,,,,,,,,,,,,,,,,,,,
24,0,1,2,3,4,5,6,7,8,9,10,11,12,13,14,15,16,17,18,19,20,21,22,23,24,25,26,27,28,29,30,31,32,33,34,35,36,37,38,39,40,41,42,43,44,45,46,47,48,49,50,51,52,53,54,55,56,57,58,59,60,61,62,63,,,,,,,,,,,,,,,,,,,,,,,,,,,,,,,,,,,,,,,,,,,,,,,,,,,,,,,,,,,,,,,,,,,,,,,,,,,,,,,,,,,,,,,,,,,,,,,,,,,,,,,,,,,,,,,,,,,,,,,,,,,,,,,,,,,,,,,,,,,,,,,,,,,,,,,,,,,,,,,,,,,,,,,,,,,,,,,,,,,,,,,,,,,,,,,,
25,64,65,66,67,68,69,70,71,72,73,74,75,76,77,78,79,80,81,82,83,84,85,86,87,88,89,90,91,92,93,94,95,96,97,98,99,100,101,102,103,104,105,106,107,108,109,110,111,112,113,114,115,116,117,118,119,120,121,122,123,124,125,126,127,,,,,,,,,,,,,,,,,,,,,,,,,,,,,,,,,,,,,,,,,,,,,,,,,,,,,,,,,,,,,,,,,,,,,,,,,,,,,,,,,,,,,,,,,,,,,,,,,,,,,,,,,,,,,,,,,,,,,,,,,,,,,,,,,,,,,,,,,,,,,,,,,,,,,,,,,,,,,,,,,,,,,,,,,,,,,,,,,,,,,,,,,,,,,,,,
26,128,129,130,131,132,133,134,135,136,137,138,139,140,141,142,143,144,145,146,147,148,149,150,151,152,153,154,155,156,157,158,159,160,161,162,163,164,165,166,167,168,169,170,171,172,173,174,175,176,177,178,179,180,181,182,183,184,185,186,187,188,189,190,191,,,,,,,,,,,,,,,,,,,,,,,,,,,,,,,,,,,,,,,,,,,,,,,,,,,,,,,,,,,,,,,,,,,,,,,,,,,,,,,,,,,,,,,,,,,,,,,,,,,,,,,,,,,,,,,,,,,,,,,,,,,,,,,,,,,,,,,,,,,,,,,,,,,,,,,,,,,,,,,,,,,,,,,,,,,,,,,,,,,,,,,,,,,,,,,,
27,192,193,194,195,196,197,198,199,200,201,202,203,204,205,206,207,208,209,210,211,212,213,214,215,216,217,218,219,220,221,222,223,224,225,226,227,228,229,230,231,232,233,234,235,236,237,238,239,240,241,242,243,244,245,246,247,248,249,250,251,252,253,254,255,,,,,,,,,,,,,,,,,,,,,,,,,,,,,,,,,,,,,,,,,,,,,,,,,,,,,,,,,,,,,,,,,,,,,,,,,,,,,,,,,,,,,,,,,,,,,,,,,,,,,,,,,,,,,,,,,,,,,,,,,,,,,,,,,,,,,,,,,,,,,,,,,,,,,,,,,,,,,,,,,,,,,,,,,,,,,,,,,,,,,,,,,,,,,,,,
28,0,1,2,3,4,5,6,7,8,9,10,11,12,13,14,15,16,17,18,19,20,21,22,23,24,25,26,27,28,29,30,31,32,33,34,35,36,37,38,39,40,41,42,43,44,45,46,47,48,49,50,51,52,53,54,55,56,57,58,59,60,61,62,63,,,,,,,,,,,,,,,,,,,,,,,,,,,,,,,,,,,,,,,,,,,,,,,,,,,,,,,,,,,,,,,,,,,,,,,,,,,,,,,,,,,,,,,,,,,,,,,,,,,,,,,,,,,,,,,,,,,,,,,,,,,,,,,,,,,,,,,,,,,,,,,,,,,,,,,,,,,,,,,,,,,,,,,,,,,,,,,,,,,,,,,,,,,,,,,,
29,64,65,66,67,68,69,70,71,72,73,74,75,76,77,78,79,80,81,82,83,84,85,86,87,88,89,90,91,92,93,94,95,96,97,98,99,100,101,102,103,104,105,106,107,108,109,110,111,112,113,114,115,116,117,118,119,120,121,122,123,124,125,126,127,,,,,,,,,,,,,,,,,,,,,,,,,,,,,,,,,,,,,,,,,,,,,,,,,,,,,,,,,,,,,,,,,,,,,,,,,,,,,,,,,,,,,,,,,,,,,,,,,,,,,,,,,,,,,,,,,,,,,,,,,,,,,,,,,,,,,,,,,,,,,,,,,,,,,,,,,,,,,,,,,,,,,,,,,,,,,,,,,,,,,,,,,,,,,,,,
30,128,129,130,131,132,133,134,135,136,137,138,139,140,141,142,143,144,145,146,147,148,149,150,151,152,153,154,155,156,157,158,159,160,161,162,163,164,165,166,167,168,169,170,171,172,173,174,175,176,177,178,179,180,181,182,183,184,185,186,187,188,189,190,191,,,,,,,,,,,,,,,,,,,,,,,,,,,,,,,,,,,,,,,,,,,,,,,,,,,,,,,,,,,,,,,,,,,,,,,,,,,,,,,,,,,,,,,,,,,,,,,,,,,,,,,,,,,,,,,,,,,,,,,,,,,,,,,,,,,,,,,,,,,,,,,,,,,,,,,,,,,,,,,,,,,,,,,,,,,,,,,,,,,,,,,,,,,,,,,,
31,192,193,194,195,196,197,198,199,200,201,202,203,204,205,206,207,208,209,210,211,212,213,214,215,216,217,218,219,220,221,222,223,224,225,226,227,228,229,230,231,232,233,234,235,236,237,238,239,240,241,242,243,244,245,246,247,248,249,250,251,252,253,254,255,,,,,,,,,,,,,,,,,,,,,,,,,,,,,,,,,,,,,,,,,,,,,,,,,,,,,,,,,,,,,,,,,,,,,,,,,,,,,,,,,,,,,,,,,,,,,,,,,,,,,,,,,,,,,,,,,,,,,,,,,,,,,,,,,,,,,,,,,,,,,,,,,,,,,,,,,,,,,,,,,,,,,,,,,,,,,,,,,,,,,,,,,,,,,,,,
32,0,1,2,3,4,5,6,7,8,9,10,11,12,13,14,15,16,17,18,19,20,21,22,23,24,25,26,27,28,29,30,31,32,33,34,35,36,37,38,39,40,41,42,43,44,45,46,47,48,49,50,51,52,53,54,55,56,57,58,59,60,61,62,63,,,,,,,,,,,,,,,,,,,,,,,,,,,,,,,,,,,,,,,,,,,,,,,,,,,,,,,,,,,,,,,,,,,,,,,,,,,,,,,,,,,,,,,,,,,,,,,,,,,,,,,,,,,,,,,,,,,,,,,,,,,,,,,,,,,,,,,,,,,,,,,,,,,,,,,,,,,,,,,,,,,,,,,,,,,,,,,,,,,,,,,,,,,,,,,,
33,64,65,66,67,68,69,70,71,72,73,74,75,76,77,78,79,80,81,82,83,84,85,86,87,88,89,90,91,92,93,94,95,96,97,98,99,100,101,102,103,104,105,106,107,108,109,110,111,112,113,114,115,116,117,118,119,120,121,122,123,124,125,126,127,,,,,,,,,,,,,,,,,,,,,,,,,,,,,,,,,,,,,,,,,,,,,,,,,,,,,,,,,,,,,,,,,,,,,,,,,,,,,,,,,,,,,,,,,,,,,,,,,,,,,,,,,,,,,,,,,,,,,,,,,,,,,,,,,,,,,,,,,,,,,,,,,,,,,,,,,,,,,,,,,,,,,,,,,,,,,,,,,,,,,,,,,,,,,,,,
34,128,129,130,131,132,133,134,135,136,137,138,139,140,141,142,143,144,145,146,147,148,149,150,151,152,153,154,155,156,157,158,159,160,161,162,163,164,165,166,167,168,169,170,171,172,173,174,175,176,177,178,179,180,181,182,183,184,185,186,187,188,189,190,191,,,,,,,,,,,,,,,,,,,,,,,,,,,,,,,,,,,,,,,,,,,,,,,,,,,,,,,,,,,,,,,,,,,,,,,,,,,,,,,,,,,,,,,,,,,,,,,,,,,,,,,,,,,,,,,,,,,,,,,,,,,,,,,,,,,,,,,,,,,,,,,,,,,,,,,,,,,,,,,,,,,,,,,,,,,,,,,,,,,,,,,,,,,,,,,,
35,192,193,194,195,196,197,198,199,200,201,202,203,204,205,206,207,208,209,210,211,212,213,214,215,216,217,218,219,220,221,222,223,224,225,226,227,228,229,230,231,232,233,234,235,236,237,238,239,240,241,242,243,244,245,246,247,248,249,250,251,252,253,254,255,,,,,,,,,,,,,,,,,,,,,,,,,,,,,,,,,,,,,,,,,,,,,,,,,,,,,,,,,,,,,,,,,,,,,,,,,,,,,,,,,,,,,,,,,,,,,,,,,,,,,,,,,,,,,,,,,,,,,,,,,,,,,,,,,,,,,,,,,,,,,,,,,,,,,,,,,,,,,,,,,,,,,,,,,,,,,,,,,,,,,,,,,,,,,,,,
36,0,1,2,3,4,5,6,7,8,9,10,11,12,13,14,15,16,17,18,19,20,21,22,23,24,25,26,27,28,29,30,31,32,33,34,35,36,37,38,39,40,41,42,43,44,45,46,47,48,49,50,51,52,53,54,55,56,57,58,59,60,61,62,63,,,,,,,,,,,,,,,,,,,,,,,,,,,,,,,,,,,,,,,,,,,,,,,,,,,,,,,,,,,,,,,,,,,,,,,,,,,,,,,,,,,,,,,,,,,,,,,,,,,,,,,,,,,,,,,,,,,,,,,,,,,,,,,,,,,,,,,,,,,,,,,,,,,,,,,,,,,,,,,,,,,,,,,,,,,,,,,,,,,,,,,,,,,,,,,,
37,64,65,66,67,68,69,70,71,72,73,74,75,76,77,78,79,80,81,82,83,84,85,86,87,88,89,90,91,92,93,94,95,96,97,98,99,100,101,102,103,104,105,106,107,108,109,110,111,112,113,114,115,116,117,118,119,120,121,122,123,124,125,126,127,,,,,,,,,,,,,,,,,,,,,,,,,,,,,,,,,,,,,,,,,,,,,,,,,,,,,,,,,,,,,,,,,,,,,,,,,,,,,,,,,,,,,,,,,,,,,,,,,,,,,,,,,,,,,,,,,,,,,,,,,,,,,,,,,,,,,,,,,,,,,,,,,,,,,,,,,,,,,,,,,,,,,,,,,,,,,,,,,,,,,,,,,,,,,,,,
38,128,129,130,131,132,133,134,135,136,137,138,139,140,141,142,143,144,145,146,147,148,149,150,151,152,153,154,155,156,157,158,159,160,161,162,163,164,165,166,167,168,169,170,171,172,173,174,175,176,177,178,179,180,181,182,183,184,185,186,187,188,189,190,191,,,,,,,,,,,,,,,,,,,,,,,,,,,,,,,,,,,,,,,,,,,,,,,,,,,,,,,,,,,,,,,,,,,,,,,,,,,,,,,,,,,,,,,,,,,,,,,,,,,,,,,,,,,,,,,,,,,,,,,,,,,,,,,,,,,,,,,,,,,,,,,,,,,,,,,,,,,,,,,,,,,,,,,,,,,,,,,,,,,,,,,,,,,,,,,,
39,192,193,194,195,196,197,198,199,200,201,202,203,204,205,206,207,208,209,210,211,212,213,214,215,216,217,218,219,220,221,222,223,224,225,226,227,228,229,230,231,232,233,234,235,236,237,238,239,240,241,242,243,244,245,246,247,248,249,250,251,252,253,254,255,,,,,,,,,,,,,,,,,,,,,,,,,,,,,,,,,,,,,,,,,,,,,,,,,,,,,,,,,,,,,,,,,,,,,,,,,,,,,,,,,,,,,,,,,,,,,,,,,,,,,,,,,,,,,,,,,,,,,,,,,,,,,,,,,,,,,,,,,,,,,,,,,,,,,,,,,,,,,,,,,,,,,,,,,,,,,,,,,,,,,,,,,,,,,,,,
40,0,1,2,3,4,5,6,7,8,9,10,11,12,13,14,15,16,17,18,19,20,21,22,23,24,25,26,27,28,29,30,31,32,33,34,35,36,37,38,39,40,41,42,43,44,45,46,47,48,49,50,51,52,53,54,55,56,57,58,59,60,61,62,63,,,,,,,,,,,,,,,,,,,,,,,,,,,,,,,,,,,,,,,,,,,,,,,,,,,,,,,,,,,,,,,,,,,,,,,,,,,,,,,,,,,,,,,,,,,,,,,,,,,,,,,,,,,,,,,,,,,,,,,,,,,,,,,,,,,,,,,,,,,,,,,,,,,,,,,,,,,,,,,,,,,,,,,,,,,,,,,,,,,,,,,,,,,,,,,,
41,64,65,66,67,68,69,70,71,72,73,74,75,76,77,78,79,80,81,82,83,84,85,86,87,88,89,90,91,92,93,94,95,96,97,98,99,100,101,102,103,104,105,106,107,108,109,110,111,112,113,114,115,116,117,118,119,120,121,122,123,124,125,126,127,,,,,,,,,,,,,,,,,,,,,,,,,,,,,,,,,,,,,,,,,,,,,,,,,,,,,,,,,,,,,,,,,,,,,,,,,,,,,,,,,,,,,,,,,,,,,,,,,,,,,,,,,,,,,,,,,,,,,,,,,,,,,,,,,,,,,,,,,,,,,,,,,,,,,,,,,,,,,,,,,,,,,,,,,,,,,,,,,,,,,,,,,,,,,,,,
42,128,129,130,131,132,133,134,135,136,137,138,139,140,141,142,143,144,145,146,147,148,149,150,151,152,153,154,155,156,157,158,159,160,161,162,163,164,165,166,167,168,169,170,171,172,173,174,175,176,177,178,179,180,181,182,183,184,185,186,187,188,189,190,191,,,,,,,,,,,,,,,,,,,,,,,,,,,,,,,,,,,,,,,,,,,,,,,,,,,,,,,,,,,,,,,,,,,,,,,,,,,,,,,,,,,,,,,,,,,,,,,,,,,,,,,,,,,,,,,,,,,,,,,,,,,,,,,,,,,,,,,,,,,,,,,,,,,,,,,,,,,,,,,,,,,,,,,,,,,,,,,,,,,,,,,,,,,,,,,,
43,192,193,194,195,196,197,198,199,200,201,202,203,204,205,206,207,208,209,210,211,212,213,214,215,216,217,218,219,220,221,222,223,224,225,226,227,228,229,230,231,232,233,234,235,236,237,238,239,240,241,242,243,244,245,246,247,248,249,250,251,252,253,254,255,,,,,,,,,,,,,,,,,,,,,,,,,,,,,,,,,,,,,,,,,,,,,,,,,,,,,,,,,,,,,,,,,,,,,,,,,,,,,,,,,,,,,,,,,,,,,,,,,,,,,,,,,,,,,,,,,,,,,,,,,,,,,,,,,,,,,,,,,,,,,,,,,,,,,,,,,,,,,,,,,,,,,,,,,,,,,,,,,,,,,,,,,,,,,,,,
44,0,1,2,3,4,5,6,7,8,9,10,11,12,13,14,15,16,17,18,19,20,21,22,23,24,25,26,27,28,29,30,31,32,33,34,35,36,37,38,39,40,41,42,43,44,45,46,47,48,49,50,51,52,53,54,55,56,57,58,59,60,61,62,63,,,,,,,,,,,,,,,,,,,,,,,,,,,,,,,,,,,,,,,,,,,,,,,,,,,,,,,,,,,,,,,,,,,,,,,,,,,,,,,,,,,,,,,,,,,,,,,,,,,,,,,,,,,,,,,,,,,,,,,,,,,,,,,,,,,,,,,,,,,,,,,,,,,,,,,,,,,,,,,,,,,,,,,,,,,,,,,,,,,,,,,,,,,,,,,,
45,64,65,66,67,68,69,70,71,72,73,74,75,76,77,78,79,80,81,82,83,84,85,86,87,88,89,90,91,92,93,94,95,96,97,98,99,100,101,102,103,104,105,106,107,108,109,110,111,112,113,114,115,116,117,118,119,120,121,122,123,124,125,126,127,,,,,,,,,,,,,,,,,,,,,,,,,,,,,,,,,,,,,,,,,,,,,,,,,,,,,,,,,,,,,,,,,,,,,,,,,,,,,,,,,,,,,,,,,,,,,,,,,,,,,,,,,,,,,,,,,,,,,,,,,,,,,,,,,,,,,,,,,,,,,,,,,,,,,,,,,,,,,,,,,,,,,,,,,,,,,,,,,,,,,,,,,,,,,,,,
46,128,129,130,131,132,133,134,135,136,137,138,139,140,141,142,143,144,145,146,147,148,149,150,151,152,153,154,155,156,157,158,159,160,161,162,163,164,165,166,167,168,169,170,171,172,173,174,175,176,177,178,179,180,181,182,183,184,185,186,187,188,189,190,191,,,,,,,,,,,,,,,,,,,,,,,,,,,,,,,,,,,,,,,,,,,,,,,,,,,,,,,,,,,,,,,,,,,,,,,,,,,,,,,,,,,,,,,,,,,,,,,,,,,,,,,,,,,,,,,,,,,,,,,,,,,,,,,,,,,,,,,,,,,,,,,,,,,,,,,,,,,,,,,,,,,,,,,,,,,,,,,,,,,,,,,,,,,,,,,,
47,192,193,194,195,196,197,198,199,200,201,202,203,204,205,206,207,208,209,210,211,212,213,214,215,216,217,218,219,220,221,222,223,224,225,226,227,228,229,230,231,232,233,234,235,236,237,238,239,240,241,242,243,244,245,246,247,248,249,250,251,252,253,254,255,,,,,,,,,,,,,,,,,,,,,,,,,,,,,,,,,,,,,,,,,,,,,,,,,,,,,,,,,,,,,,,,,,,,,,,,,,,,,,,,,,,,,,,,,,,,,,,,,,,,,,,,,,,,,,,,,,,,,,,,,,,,,,,,,,,,,,,,,,,,,,,,,,,,,,,,,,,,,,,,,,,,,,,,,,,,,,,,,,,,,,,,,,,,,,,,
48,0,1,2,3,4,5,6,7,8,9,10,11,12,13,14,15,16,17,18,19,20,21,22,23,24,25,26,27,28,29,30,31,32,33,34,35,36,37,38,39,40,41,42,43,44,45,46,47,48,49,50,51,52,53,54,55,56,57,58,59,60,61,62,63,,,,,,,,,,,,,,,,,,,,,,,,,,,,,,,,,,,,,,,,,,,,,,,,,,,,,,,,,,,,,,,,,,,,,,,,,,,,,,,,,,,,,,,,,,,,,,,,,,,,,,,,,,,,,,,,,,,,,,,,,,,,,,,,,,,,,,,,,,,,,,,,,,,,,,,,,,,,,,,,,,,,,,,,,,,,,,,,,,,,,,,,,,,,,,,,
49,64,65,66,67,68,69,70,71,72,73,74,75,76,77,78,79,80,81,82,83,84,85,86,87,88,89,90,91,92,93,94,95,96,97,98,99,100,101,102,103,104,105,106,107,108,109,110,111,112,113,114,115,116,117,118,119,120,121,122,123,124,125,126,127,,,,,,,,,,,,,,,,,,,,,,,,,,,,,,,,,,,,,,,,,,,,,,,,,,,,,,,,,,,,,,,,,,,,,,,,,,,,,,,,,,,,,,,,,,,,,,,,,,,,,,,,,,,,,,,,,,,,,,,,,,,,,,,,,,,,,,,,,,,,,,,,,,,,,,,,,,,,,,,,,,,,,,,,,,,,,,,,,,,,,,,,,,,,,,,,
50,128,129,130,131,132,133,134,135,136,137,138,139,140,141,142,143,144,145,146,147,148,149,150,151,152,153,154,155,156,157,158,159,160,161,162,163,164,165,166,167,168,169,170,171,172,173,174,175,176,177,178,179,180,181,182,183,184,185,186,187,188,189,190,191,,,,,,,,,,,,,,,,,,,,,,,,,,,,,,,,,,,,,,,,,,,,,,,,,,,,,,,,,,,,,,,,,,,,,,,,,,,,,,,,,,,,,,,,,,,,,,,,,,,,,,,,,,,,,,,,,,,,,,,,,,,,,,,,,,,,,,,,,,,,,,,,,,,,,,,,,,,,,,,,,,,,,,,,,,,,,,,,,,,,,,,,,,,,,,,,
51,192,193,194,195,196,197,198,199,200,201,202,203,204,205,206,207,208,209,210,211,212,213,214,215,216,217,218,219,220,221,222,223,224,225,226,227,228,229,230,231,232,233,234,235,236,237,238,239,240,241,242,243,244,245,246,247,248,249,250,251,252,253,254,255,,,,,,,,,,,,,,,,,,,,,,,,,,,,,,,,,,,,,,,,,,,,,,,,,,,,,,,,,,,,,,,,,,,,,,,,,,,,,,,,,,,,,,,,,,,,,,,,,,,,,,,,,,,,,,,,,,,,,,,,,,,,,,,,,,,,,,,,,,,,,,,,,,,,,,,,,,,,,,,,,,,,,,,,,,,,,,,,,,,,,,,,,,,,,,,,
52,0,1,2,3,4,5,6,7,8,9,10,11,12,13,14,15,16,17,18,19,20,21,22,23,24,25,26,27,28,29,30,31,32,33,34,35,36,37,38,39,40,41,42,43,44,45,46,47,48,49,50,51,52,53,54,55,56,57,58,59,60,61,62,63,,,,,,,,,,,,,,,,,,,,,,,,,,,,,,,,,,,,,,,,,,,,,,,,,,,,,,,,,,,,,,,,,,,,,,,,,,,,,,,,,,,,,,,,,,,,,,,,,,,,,,,,,,,,,,,,,,,,,,,,,,,,,,,,,,,,,,,,,,,,,,,,,,,,,,,,,,,,,,,,,,,,,,,,,,,,,,,,,,,,,,,,,,,,,,,,
53,64,65,66,67,68,69,70,71,72,73,74,75,76,77,78,79,80,81,82,83,84,85,86,87,88,89,90,91,92,93,94,95,96,97,98,99,100,101,102,103,104,105,106,107,108,109,110,111,112,113,114,115,116,117,118,119,120,121,122,123,124,125,126,127,,,,,,,,,,,,,,,,,,,,,,,,,,,,,,,,,,,,,,,,,,,,,,,,,,,,,,,,,,,,,,,,,,,,,,,,,,,,,,,,,,,,,,,,,,,,,,,,,,,,,,,,,,,,,,,,,,,,,,,,,,,,,,,,,,,,,,,,,,,,,,,,,,,,,,,,,,,,,,,,,,,,,,,,,,,,,,,,,,,,,,,,,,,,,,,,
54,128,129,130,131,132,133,134,135,136,137,138,139,140,141,142,143,144,145,146,147,148,149,150,151,152,153,154,155,156,157,158,159,160,161,162,163,164,165,166,167,168,169,170,171,172,173,174,175,176,177,178,179,180,181,182,183,184,185,186,187,188,189,190,191,,,,,,,,,,,,,,,,,,,,,,,,,,,,,,,,,,,,,,,,,,,,,,,,,,,,,,,,,,,,,,,,,,,,,,,,,,,,,,,,,,,,,,,,,,,,,,,,,,,,,,,,,,,,,,,,,,,,,,,,,,,,,,,,,,,,,,,,,,,,,,,,,,,,,,,,,,,,,,,,,,,,,,,,,,,,,,,,,,,,,,,,,,,,,,,,
55,192,193,194,195,196,197,198,199,200,201,202,203,204,205,206,207,208,209,210,211,212,213,214,215,216,217,218,219,220,221,222,223,224,225,226,227,228,229,230,231,232,233,234,235,236,237,238,239,240,241,242,243,244,245,246,247,248,249,250,251,252,253,254,255,,,,,,,,,,,,,,,,,,,,,,,,,,,,,,,,,,,,,,,,,,,,,,,,,,,,,,,,,,,,,,,,,,,,,,,,,,,,,,,,,,,,,,,,,,,,,,,,,,,,,,,,,,,,,,,,,,,,,,,,,,,,,,,,,,,,,,,,,,,,,,,,,,,,,,,,,,,,,,,,,,,,,,,,,,,,,,,,,,,,,,,,,,,,,,,,
56,0,1,2,3,4,5,6,7,8,9,10,11,12,13,14,15,16,17,18,19,20,21,22,23,24,25,26,27,28,29,30,31,32,33,34,35,36,37,38,39,40,41,42,43,44,45,46,47,48,49,50,51,52,53,54,55,56,57,58,59,60,61,62,63,,,,,,,,,,,,,,,,,,,,,,,,,,,,,,,,,,,,,,,,,,,,,,,,,,,,,,,,,,,,,,,,,,,,,,,,,,,,,,,,,,,,,,,,,,,,,,,,,,,,,,,,,,,,,,,,,,,,,,,,,,,,,,,,,,,,,,,,,,,,,,,,,,,,,,,,,,,,,,,,,,,,,,,,,,,,,,,,,,,,,,,,,,,,,,,,
57,64,65,66,67,68,69,70,71,72,73,74,75,76,77,78,79,80,81,82,83,84,85,86,87,88,89,90,91,92,93,94,95,96,97,98,99,100,101,102,103,104,105,106,107,108,109,110,111,112,113,114,115,116,117,118,119,120,121,122,123,124,125,126,127,,,,,,,,,,,,,,,,,,,,,,,,,,,,,,,,,,,,,,,,,,,,,,,,,,,,,,,,,,,,,,,,,,,,,,,,,,,,,,,,,,,,,,,,,,,,,,,,,,,,,,,,,,,,,,,,,,,,,,,,,,,,,,,,,,,,,,,,,,,,,,,,,,,,,,,,,,,,,,,,,,,,,,,,,,,,,,,,,,,,,,,,,,,,,,,,
58,128,129,130,131,132,133,134,135,136,137,138,139,140,141,142,143,144,145,146,147,148,149,150,151,152,153,154,155,156,157,158,159,160,161,162,163,164,165,166,167,168,169,170,171,172,173,174,175,176,177,178,179,180,181,182,183,184,185,186,187,188,189,190,191,,,,,,,,,,,,,,,,,,,,,,,,,,,,,,,,,,,,,,,,,,,,,,,,,,,,,,,,,,,,,,,,,,,,,,,,,,,,,,,,,,,,,,,,,,,,,,,,,,,,,,,,,,,,,,,,,,,,,,,,,,,,,,,,,,,,,,,,,,,,,,,,,,,,,,,,,,,,,,,,,,,,,,,,,,,,,,,,,,,,,,,,,,,,,,,,
59,192,193,194,195,196,197,198,199,200,201,202,203,204,205,206,207,208,209,210,211,212,213,214,215,216,217,218,219,220,221,222,223,224,225,226,227,228,229,230,231,232,233,234,235,236,237,238,239,240,241,242,243,244,245,246,247,248,249,250,251,252,253,254,255,,,,,,,,,,,,,,,,,,,,,,,,,,,,,,,,,,,,,,,,,,,,,,,,,,,,,,,,,,,,,,,,,,,,,,,,,,,,,,,,,,,,,,,,,,,,,,,,,,,,,,,,,,,,,,,,,,,,,,,,,,,,,,,,,,,,,,,,,,,,,,,,,,,,,,,,,,,,,,,,,,,,,,,,,,,,,,,,,,,,,,,,,,,,,,,,
60,0,1,2,3,4,5,6,7,8,9,10,11,12,13,14,15,16,17,18,19,20,21,22,23,24,25,26,27,28,29,30,31,32,33,34,35,36,37,38,39,40,41,42,43,44,45,46,47,48,49,50,51,52,53,54,55,56,57,58,59,60,61,62,63,,,,,,,,,,,,,,,,,,,,,,,,,,,,,,,,,,,,,,,,,,,,,,,,,,,,,,,,,,,,,,,,,,,,,,,,,,,,,,,,,,,,,,,,,,,,,,,,,,,,,,,,,,,,,,,,,,,,,,,,,,,,,,,,,,,,,,,,,,,,,,,,,,,,,,,,,,,,,,,,,,,,,,,,,,,,,,,,,,,,,,,,,,,,,,,,
61,64,65,66,67,68,69,70,71,72,73,74,75,76,77,78,79,80,81,82,83,84,85,86,87,88,89,90,91,92,93,94,95,96,97,98,99,100,101,102,103,104,105,106,107,108,109,110,111,112,113,114,115,116,117,118,119,120,121,122,123,124,125,126,127,,,,,,,,,,,,,,,,,,,,,,,,,,,,,,,,,,,,,,,,,,,,,,,,,,,,,,,,,,,,,,,,,,,,,,,,,,,,,,,,,,,,,,,,,,,,,,,,,,,,,,,,,,,,,,,,,,,,,,,,,,,,,,,,,,,,,,,,,,,,,,,,,,,,,,,,,,,,,,,,,,,,,,,,,,,,,,,,,,,,,,,,,,,,,,,,
62,128,129,130,131,132,133,134,135,136,137,138,139,140,141,142,143,144,145,146,147,148,149,150,151,152,153,154,155,156,157,158,159,160,161,162,163,164,165,166,167,168,169,170,171,172,173,174,175,176,177,178,179,180,181,182,183,184,185,186,187,188,189,190,191,,,,,,,,,,,,,,,,,,,,,,,,,,,,,,,,,,,,,,,,,,,,,,,,,,,,,,,,,,,,,,,,,,,,,,,,,,,,,,,,,,,,,,,,,,,,,,,,,,,,,,,,,,,,,,,,,,,,,,,,,,,,,,,,,,,,,,,,,,,,,,,,,,,,,,,,,,,,,,,,,,,,,,,,,,,,,,,,,,,,,,,,,,,,,,,,
63,192,193,194,195,196,197,198,199,200,201,202,203,204,205,206,207,208,209,210,211,212,213,214,215,216,217,218,219,220,221,222,223,224,225,226,227,228,229,230,231,232,233,234,235,236,237,238,239,240,241,242,243,244,245,246,247,248,249,250,251,252,253,254,255,,,,,,,,,,,,,,,,,,,,,,,,,,,,,,,,,,,,,,,,,,,,,,,,,,,,,,,,,,,,,,,,,,,,,,,,,,,,,,,,,,,,,,,,,,,,,,,,,,,,,,,,,,,,,,,,,,,,,,,,,,,,,,,,,,,,,,,,,,,,,,,,,,,,,,,,,,,,,,,,,,,,,,,,,,,,,,,,,,,,,,,,,,,,,,,,
,,,,,,,,,,,,,,,,,,,,,,,,,,,,,,,,,,,,,,,,,,,,,,,,,,,,,,,,,,,,,,,,,,,,,,,,,,,,,,,,,,,,,,,,,,,,,,,,,,,,,,,,,,,,,,,,,,,,,,,,,,,,,,,,,,,,,,,,,,,,,,,,,,,,,,,,,,,,,,,,,,,,,,,,,,,,,,,,,,,,,,,,,,,,,,,,,,,,,,,,,,,,,,,,,,,,,,,,,,,,,,,,,,,,,,,,,,,,,,,,,,,,,,,,,,,,,,,,
value,0,1,2,3,4,5,6,7,8,9,10,11,12,13,14,15,16,17,18,19,20,21,22,23,24,25,26,27,28,29,30,31,32,33,34,35,36,37,38,39,40,41,42,43,44,45,46,47,48,49,50,51,52,53,54,55,56,57,58,59,60,61,62,63,64,65,66,67,68,69,70,71,72,73,74,75,76,77,78,79,80,81,82,83,84,85,86,87,88,89,90,91,92,93,94,95,96,97,98,99,100,101,102,103,104,105,106,107,108,109,110,111,112,113,114,115,116,117,118,119,120,121,122,123,124,125,126,127,128,129,130,131,132,133,134,135,136,137,138,139,140,141,142,143,144,145,146,147,148,149,150,151,152,153,154,155,156,157,158,159,160,161,162,163,164,165,166,167,168,169,170,171,172,173,174,175,176,177,178,179,180,181,182,183,184,185,186,187,188,189,190,191,192,193,194,195,196,197,198,199,200,201,202,203,204,205,206,207,208,209,210,211,212,213,214,215,216,217,218,219,220,221,222,223,224,225,226,227,228,229,230,231,232,233,234,235,236,237,238,239,240,241,242,243,244,245,246,247,248,249,250,251,252,253,254,255
count,16,16,16,16,16,16,16,16,16,16,16,16,16,16,16,16,16,16,16,16,16,16,16,16,16,16,16,16,16,16,16,16,16,16,16,16,16,16,16,16,16,16,16,16,16,16,16,16,16,16,16,16,16,16,16,16,16,16,16,16,16,16,16,16,16,16,16,16,16,16,16,16,16,16,16,16,16,16,16,16,16,16,16,16,16,16,16,16,16,16,16,16,16,16,16,16,16,16,16,16,16,16,16,16,16,16,16,16,16,16,16,16,16,16,16,16,16,16,16,16,16,16,16,16,16,16,16,16,16,16,16,16,16,16,16,16,16,16,16,16,16,16,16,16,16,16,16,16,16,16,16,16,16,16,16,16,16,16,16,16,16,16,16,16,16,16,16,16,16,16,16,16,16,16,16,16,16,16,16,16,16,16,16,16,16,16,16,16,16,16,16,16,16,16,16,16,16,16,16,16,16,16,16,16,16,16,16,16,16,16,16,16,16,16,16,16,16,16,16,16,16,16,16,16,16,16,16,16,16,16,16,16,16,16,16,16,16,16,16,16,16,16,16,16,16,16,16,16,16,16,16,16,16,16,16,16
,,,,,,,,,,,,,,,,,,,,,,,,,,,,,,,,,,,,,,,,,,,,,,,,,,,,,,,,,,,,,,,,,,,,,,,,,,,,,,,,,,,,,,,,,,,,,,,,,,,,,,,,,,,,,,,,,,,,,,,,,,,,,,,,,,,,,,,,,,,,,,,,,,,,,,,,,,,,,,,,,,,,,,,,,,,,,,,,,,,,,,,,,,,,,,,,,,,,,,,,,,,,,,,,,,,,,,,,,,,,,,,,,,,,,,,,,,,,,,,,,,,,,,,,,,,,,,,,
1,,,,,,,,,,,,,,,,,,,,,,,,,,,,,,,,,,,,,,,,,,,,,,,,,,,,,,,,,,,,,,,,,,,,,,,,,,,,,,,,,,,,,,,,,,,,,,,,,,,,,,,,,,,,,,,,,,,,,,,,,,,,,,,,,,,,,,,,,,,,,,,,,,,,,,,,,,,,,,,,,,,,,,,,,,,,,,,,,,,,,,,,,,,,,,,,,,,,,,,,,,,,,,,,,,,,,,,,,,,,,,,,,,,,,,,,,,,,,,,,,,,,,,,,,,,,,,,,
,0,1,2,3,4,5,6,7,8,9,10,11,12,13,14,15,16,17,18,19,20,21,22,23,24,25,26,27,28,29,30,31,32,33,34,35,36,37,38,39,40,41,42,43,44,45,46,47,48,49,50,51,52,53,54,55,56,57,58,59,60,61,62,63,,,,,,,,,,,,,,,,,,,,,,,,,,,,,,,,,,,,,,,,,,,,,,,,,,,,,,,,,,,,,,,,,,,,,,,,,,,,,,,,,,,,,,,,,,,,,,,,,,,,,,,,,,,,,,,,,,,,,,,,,,,,,,,,,,,,,,,,,,,,,,,,,,,,,,,,,,,,,,,,,,,,,,,,,,,,,,,,,,,,,,,,,,,,,,,,
0,38,37,44,42,44,41,41,41,41,43,43,41,43,43,43,44,43,44,46,43,40,41,41,38,41,40,39,38,36,34,36,36,34,33,30,30,31,29,29,29,29,24,20,20,20,21,20,21,20,20,21,20,20,21,20,20,21,21,20,20,20,20,20,20,,,,,,,,,,,,,,,,,,,,,,,,,,,,,,,,,,,,,,,,,,,,,,,,,,,,,,,,,,,,,,,,,,,,,,,,,,,,,,,,,,,,,,,,,,,,,,,,,,,,,,,,,,,,,,,,,,,,,,,,,,,,,,,,,,,,,,,,,,,,,,,,,,,,,,,,,,,,,,,,,,,,,,,,,,,,,,,,,,,,,,,,,,,,,,,,
1,34,37,38,38,41,43,43,38,40,43,45,41,45,48,41,46,43,41,43,43,45,39,43,43,41,43,45,43,43,46,43,43,41,46,46,44,43,41,45,44,42,41,43,43,45,45,45,44,43,43,43,46,43,40,38,41,39,41,38,36,34,35,32,31,,,,,,,,,,,,,,,,,,,,,,,,,,,,,,,,,,,,,,,,,,,,,,,,,,,,,,,,,,,,,,,,,,,,,,,,,,,,,,,,,,,,,,,,,,,,,,,,,,,,,,,,,,,,,,,,,,,,,,,,,,,,,,,,,,,,,,,,,,,,,,,,,,,,,,,,,,,,,,,,,,,,,,,,,,,,,,,,,,,,,,,,,,,,,,,,
2,20,20,20,21,20,22,20,20,21,20,20,21,20,20,21,22,21,23,25,24,25,27,27,31,33,33,35,36,36,38,36,40,41,41,42,41,40,40,41,40,43,45,47,45,43,46,46,48,46,46,44,43,43,46,44,43,44,43,42,43,41,40,39,36,,,,,,,,,,,,,,,,,,,,,,,,,,,,,,,,,,,,,,,,,,,,,,,,,,,,,,,,,,,,,,,,,,,,,,,,,,,,,,,,,,,,,,,,,,,,,,,,,,,,,,,,,,,,,,,,,,,,,,,,,,,,,,,,,,,,,,,,,,,,,,,,,,,,,,,,,,,,,,,,,,,,,,,,,,,,,,,,,,,,,,,,,,,,,,,,
3,36,38,38,38,39,36,36,36,36,36,34,38,32,31,27,30,29,30,29,29,26,21,21,21,20,20,20,20,20,21,20,20,21,21,22,20,20,21,20,20,20,21,21,21,21,20,20,22,24,24,25,25,27,27,29,32,34,31,33,34,34,35,36,34,,,,,,,,,,,,,,,,,,,,,,,,,,,,,,,,,,,,,,,,,,,,,,,,,,,,,,,,,,,,,,,,,,,,,,,,,,,,,,,,,,,,,,,,,,,,,,,,,,,,,,,,,,,,,,,,,,,,,,,,,,,,,,,,,,,,,,,,,,,,,,,,,,,,,,,,,,,,,,,,,,,,,,,,,,,,,,,,,,,,,,,,,,,,,,,,
4,43,41,46,46,46,46,48,50,46,45,47,48,44,46,50,48,46,48,46,48,48,46,48,48,48,46,48,46,46,44,48,43,46,43,45,45,44,42,38,40,38,38,36,36,36,32,33,34,31,31,29,27,22,21,20,20,21,21,20,20,20,21,20,20,,,,,,,,,,,,,,,,,,,,,,,,,,,,,,,,,,,,,,,,,,,,,,,,,,,,,,,,,,,,,,,,,,,,,,,,,,,,,,,,,,,,,,,,,,,,,,,,,,,,,,,,,,,,,,,,,,,,,,,,,,,,,,,,,,,,,,,,,,,,,,,,,,,,,,,,,,,,,,,,,,,,,,,,,,,,,,,,,,,,,,,,,,,,,,,,
5,24,25,29,31,31,31,34,34,38,38,38,43,41,41,45,44,43,43,45,44,48,51,49,45,48,45,52,45,48,48,46,48,46,51,48,45,46,51,48,48,46,51,46,48,46,46,48,45,46,46,46,51,48,48,46,48,48,49,44,45,45,41,38,34,,,,,,,,,,,,,,,,,,,,,,,,,,,,,,,,,,,,,,,,,,,,,,,,,,,,,,,,,,,,,,,,,,,,,,,,,,,,,,,,,,,,,,,,,,,,,,,,,,,,,,,,,,,,,,,,,,,,,,,,,,,,,,,,,,,,,,,,,,,,,,,,,,,,,,,,,,,,,,,,,,,,,,,,,,,,,,,,,,,,,,,,,,,,,,,,
6,20,20,21,20,20,21,21,21,21,21,21,21,20,20,21,20,21,20,20,21,21,21,20,20,20,21,23,25,25,27,26,26,27,33,34,36,34,34,38,39,40,40,42,43,46,44,45,45,41,45,48,52,53,46,50,48,46,46,48,46,44,41,41,38,,,,,,,,,,,,,,,,,,,,,,,,,,,,,,,,,,,,,,,,,,,,,,,,,,,,,,,,,,,,,,,,,,,,,,,,,,,,,,,,,,,,,,,,,,,,,,,,,,,,,,,,,,,,,,,,,,,,,,,,,,,,,,,,,,,,,,,,,,,,,,,,,,,,,,,,,,,,,,,,,,,,,,,,,,,,,,,,,,,,,,,,,,,,,,,,
7,41,41,42,45,41,46,46,51,50,49,46,43,44,43,42,45,38,38,36,36,35,38,34,31,29,31,29,31,29,29,25,22,21,21,20,20,21,20,21,21,20,22,21,21,20,20,20,20,20,22,21,20,20,21,21,20,21,22,23,23,25,24,25,24,,,,,,,,,,,,,,,,,,,,,,,,,,,,,,,,,,,,,,,,,,,,,,,,,,,,,,,,,,,,,,,,,,,,,,,,,,,,,,,,,,,,,,,,,,,,,,,,,,,,,,,,,,,,,,,,,,,,,,,,,,,,,,,,,,,,,,,,,,,,,,,,,,,,,,,,,,,,,,,,,,,,,,,,,,,,,,,,,,,,,,,,,,,,,,,,
8,46,30,46,49,51,52,51,53,50,54,53,51,49,51,54,52,52,49,49,52,50,50,46,51,45,49,42,44,42,41,42,42,41,37,35,33,33,33,33,33,32,27,22,22,22,22,22,22,22,22,22,22,22,22,22,22,22,22,22,22,22,22,22,22,,,,,,,,,,,,,,,,,,,,,,,,,,,,,,,,,,,,,,,,,,,,,,,,,,,,,,,,,,,,,,,,,,,,,,,,,,,,,,,,,,,,,,,,,,,,,,,,,,,,,,,,,,,,,,,,,,,,,,,,,,,,,,,,,,,,,,,,,,,,,,,,,,,,,,,,,,,,,,,,,,,,,,,,,,,,,,,,,,,,,,,,,,,,,,,,
9,37,40,44,47,44,49,47,49,51,51,52,49,52,55,53,53,52,54,57,52,52,51,54,51,53,54,54,49,49,52,51,57,53,49,50,54,53,54,54,52,52,52,50,54,51,52,49,51,53,49,52,54,49,46,44,44,46,44,40,41,38,37,33,35,,,,,,,,,,,,,,,,,,,,,,,,,,,,,,,,,,,,,,,,,,,,,,,,,,,,,,,,,,,,,,,,,,,,,,,,,,,,,,,,,,,,,,,,,,,,,,,,,,,,,,,,,,,,,,,,,,,,,,,,,,,,,,,,,,,,,,,,,,,,,,,,,,,,,,,,,,,,,,,,,,,,,,,,,,,,,,,,,,,,,,,,,,,,,,,,
10,22,22,22,22,22,22,22,22,22,22,22,22,22,22,22,22,24,24,26,26,27,29,30,33,39,37,37,37,37,42,42,42,47,46,47,47,49,51,48,51,54,49,53,54,52,54,52,54,52,54,56,52,52,51,53,51,52,54,52,49,51,47,44,44,,,,,,,,,,,,,,,,,,,,,,,,,,,,,,,,,,,,,,,,,,,,,,,,,,,,,,,,,,,,,,,,,,,,,,,,,,,,,,,,,,,,,,,,,,,,,,,,,,,,,,,,,,,,,,,,,,,,,,,,,,,,,,,,,,,,,,,,,,,,,,,,,,,,,,,,,,,,,,,,,,,,,,,,,,,,,,,,,,,,,,,,,,,,,,,,
11,42,45,40,42,47,46,41,44,42,39,42,42,39,38,35,33,33,33,33,35,29,23,22,22,22,22,22,22,22,22,22,22,24,22,22,22,22,22,22,22,22,22,22,22,22,22,22,24,26,28,28,29,30,31,33,37,37,37,41,41,39,40,39,39,,,,,,,,,,,,,,,,,,,,,,,,,,,,,,,,,,,,,,,,,,,,,,,,,,,,,,,,,,,,,,,,,,,,,,,,,,,,,,,,,,,,,,,,,,,,,,,,,,,,,,,,,,,,,,,,,,,,,,,,,,,,,,,,,,,,,,,,,,,,,,,,,,,,,,,,,,,,,,,,,,,,,,,,,,,,,,,,,,,,,,,,,,,,,,,,
12,45,49,51,53,54,56,54,58,57,53,54,57,57,54,54,54,53,57,55,56,53,56,51,54,59,59,56,54,55,54,57,52,49,47,53,50,47,49,46,44,44,47,44,42,37,35,37,37,37,36,37,29,22,22,22,22,22,22,22,22,22,22,22,22,,,,,,,,,,,,,,,,,,,,,,,,,,,,,,,,,,,,,,,,,,,,,,,,,,,,,,,,,,,,,,,,,,,,,,,,,,,,,,,,,,,,,,,,,,,,,,,,,,,,,,,,,,,,,,,,,,,,,,,,,,,,,,,,,,,,,,,,,,,,,,,,,,,,,,,,,,,,,,,,,,,,,,,,,,,,,,,,,,,,,,,,,,,,,,,,
13,28,28,31,35,35,36,38,38,38,42,44,44,46,45,44,47,47,49,51,51,54,54,52,52,52,52,51,51,51,52,52,51,54,49,54,49,51,52,50,53,52,52,51,50,52,52,52,52,50,52,51,51,54,51,56,52,52,53,52,49,48,49,42,41,,,,,,,,,,,,,,,,,,,,,,,,,,,,,,,,,,,,,,,,,,,,,,,,,,,,,,,,,,,,,,,,,,,,,,,,,,,,,,,,,,,,,,,,,,,,,,,,,,,,,,,,,,,,,,,,,,,,,,,,,,,,,,,,,,,,,,,,,,,,,,,,,,,,,,,,,,,,,,,,,,,,,,,,,,,,,,,,,,,,,,,,,,,,,,,,
14,22,22,22,22,22,22,22,22,22,22,22,22,22,22,22,22,22,22,22,22,22,22,22,22,22,22,24,26,26,28,28,28,32,31,37,35,39,36,39,39,39,42,42,49,47,49,47,46,48,47,52,54,52,49,49,48,48,49,48,47,46,44,46,42,,,,,,,,,,,,,,,,,,,,,,,,,,,,,,,,,,,,,,,,,,,,,,,,,,,,,,,,,,,,,,,,,,,,,,,,,,,,,,,,,,,,,,,,,,,,,,,,,,,,,,,,,,,,,,,,,,,,,,,,,,,,,,,,,,,,,,,,,,,,,,,,,,,,,,,,,,,,,,,,,,,,,,,,,,,,,,,,,,,,,,,,,,,,,,,,
15,42,46,46,45,51,50,50,50,54,52,47,49,48,47,46,46,44,39,39,42,37,42,38,35,35,31,32,35,35,32,29,22,22,22,22,22,22,22,22,22,22,22,22,22,22,22,22,22,22,22,22,22,22,22,22,22,22,24,26,26,26,26,27,27,,,,,,,,,,,,,,,,,,,,,,,,,,,,,,,,,,,,,,,,,,,,,,,,,,,,,,,,,,,,,,,,,,,,,,,,,,,,,,,,,,,,,,,,,,,,,,,,,,,,,,,,,,,,,,,,,,,,,,,,,,,,,,,,,,,,,,,,,,,,,,,,,,,,,,,,,,,,,,,,,,,,,,,,,,,,,,,,,,,,,,,,,,,,,,,,
16,44,44,44,47,50,52,46,49,49,50,53,52,53,53,50,54,50,52,50,52,50,49,49,46,46,46,43,41,39,40,41,40,36,36,33,34,33,34,31,32,33,26,23,23,22,22,23,23,23,23,23,23,23,23,22,22,23,23,23,23,23,23,22,23,,,,,,,,,,,,,,,,,,,,,,,,,,,,,,,,,,,,,,,,,,,,,,,,,,,,,,,,,,,,,,,,,,,,,,,,,,,,,,,,,,,,,,,,,,,,,,,,,,,,,,,,,,,,,,,,,,,,,,,,,,,,,,,,,,,,,,,,,,,,,,,,,,,,,,,,,,,,,,,,,,,,,,,,,,,,,,,,,,,,,,,,,,,,,,,,
17,39,43,44,49,44,47,47,50,52,55,52,53,56,55,56,53,53,55,58,53,56,55,53,52,53,55,56,55,56,54,57,57,53,53,53,53,56,53,52,50,50,54,55,52,53,55,53,53,53,52,57,50,50,50,46,47,44,48,44,43,41,43,35,36,,,,,,,,,,,,,,,,,,,,,,,,,,,,,,,,,,,,,,,,,,,,,,,,,,,,,,,,,,,,,,,,,,,,,,,,,,,,,,,,,,,,,,,,,,,,,,,,,,,,,,,,,,,,,,,,,,,,,,,,,,,,,,,,,,,,,,,,,,,,,,,,,,,,,,,,,,,,,,,,,,,,,,,,,,,,,,,,,,,,,,,,,,,,,,,,
18,23,23,23,23,23,23,23,23,23,23,23,22,22,23,23,23,24,27,27,27,29,30,32,39,38,39,40,41,42,47,43,49,49,49,46,49,46,49,49,50,53,55,52,52,53,53,57,53,53,55,55,53,55,53,55,55,55,53,47,49,49,44,47,42,,,,,,,,,,,,,,,,,,,,,,,,,,,,,,,,,,,,,,,,,,,,,,,,,,,,,,,,,,,,,,,,,,,,,,,,,,,,,,,,,,,,,,,,,,,,,,,,,,,,,,,,,,,,,,,,,,,,,,,,,,,,,,,,,,,,,,,,,,,,,,,,,,,,,,,,,,,,,,,,,,,,,,,,,,,,,,,,,,,,,,,,,,,,,,,,
19,44,49,49,52,49,50,46,46,44,49,46,42,41,39,38,37,37,38,38,36,29,23,23,23,22,23,23,23,23,23,23,23,23,23,23,23,23,23,23,23,23,23,23,23,23,23,23,25,26,27,29,29,31,33,36,42,46,44,44,44,46,46,43,43,,,,,,,,,,,,,,,,,,,,,,,,,,,,,,,,,,,,,,,,,,,,,,,,,,,,,,,,,,,,,,,,,,,,,,,,,,,,,,,,,,,,,,,,,,,,,,,,,,,,,,,,,,,,,,,,,,,,,,,,,,,,,,,,,,,,,,,,,,,,,,,,,,,,,,,,,,,,,,,,,,,,,,,,,,,,,,,,,,,,,,,,,,,,,,,,
20,41,44,47,45,48,49,50,53,49,50,53,52,52,50,53,53,52,49,50,50,52,53,53,52,52,49,50,53,53,49,49,50,46,47,47,45,44,44,41,42,41,39,43,35,36,33,34,32,34,34,34,27,23,23,23,22,23,23,22,23,23,23,23,22,,,,,,,,,,,,,,,,,,,,,,,,,,,,,,,,,,,,,,,,,,,,,,,,,,,,,,,,,,,,,,,,,,,,,,,,,,,,,,,,,,,,,,,,,,,,,,,,,,,,,,,,,,,,,,,,,,,,,,,,,,,,,,,,,,,,,,,,,,,,,,,,,,,,,,,,,,,,,,,,,,,,,,,,,,,,,,,,,,,,,,,,,,,,,,,,
21,27,29,31,37,35,38,38,39,40,41,43,46,46,47,49,52,46,47,53,52,53,52,52,50,53,50,50,52,52,53,55,53,50,52,52,53,53,52,50,50,53,50,50,50,52,52,52,52,50,50,49,53,50,49,50,50,54,49,49,49,50,49,44,38,,,,,,,,,,,,,,,,,,,,,,,,,,,,,,,,,,,,,,,,,,,,,,,,,,,,,,,,,,,,,,,,,,,,,,,,,,,,,,,,,,,,,,,,,,,,,,,,,,,,,,,,,,,,,,,,,,,,,,,,,,,,,,,,,,,,,,,,,,,,,,,,,,,,,,,,,,,,,,,,,,,,,,,,,,,,,,,,,,,,,,,,,,,,,,,,
22,23,22,22,23,23,23,23,23,22,23,23,23,23,23,23,22,22,23,22,22,23,23,23,23,22,23,25,26,27,29,29,29,31,34,38,37,37,38,40,39,41,44,46,47,47,47,49,46,47,52,52,56,53,51,50,53,55,52,50,52,47,45,43,43,,,,,,,,,,,,,,,,,,,,,,,,,,,,,,,,,,,,,,,,,,,,,,,,,,,,,,,,,,,,,,,,,,,,,,,,,,,,,,,,,,,,,,,,,,,,,,,,,,,,,,,,,,,,,,,,,,,,,,,,,,,,,,,,,,,,,,,,,,,,,,,,,,,,,,,,,,,,,,,,,,,,,,,,,,,,,,,,,,,,,,,,,,,,,,,,
23,41,44,46,46,49,53,50,49,49,52,49,46,43,46,47,44,41,39,39,37,39,39,36,33,32,32,34,31,33,31,29,23,23,23,22,22,23,22,22,23,22,23,23,23,23,22,22,22,22,23,23,22,22,22,23,23,23,24,25,25,25,25,27,26,,,,,,,,,,,,,,,,,,,,,,,,,,,,,,,,,,,,,,,,,,,,,,,,,,,,,,,,,,,,,,,,,,,,,,,,,,,,,,,,,,,,,,,,,,,,,,,,,,,,,,,,,,,,,,,,,,,,,,,,,,,,,,,,,,,,,,,,,,,,,,,,,,,,,,,,,,,,,,,,,,,,,,,,,,,,,,,,,,,,,,,,,,,,,,,,
24,48,47,52,50,50,48,52,52,50,52,53,52,53,55,53,55,52,50,52,52,53,50,49,49,50,52,50,43,42,42,41,47,42,39,40,37,35,39,37,38,37,30,25,24,24,24,25,24,24,24,24,23,24,25,24,24,24,24,24,24,24,24,24,24,,,,,,,,,,,,,,,,,,,,,,,,,,,,,,,,,,,,,,,,,,,,,,,,,,,,,,,,,,,,,,,,,,,,,,,,,,,,,,,,,,,,,,,,,,,,,,,,,,,,,,,,,,,,,,,,,,,,,,,,,,,,,,,,,,,,,,,,,,,,,,,,,,,,,,,,,,,,,,,,,,,,,,,,,,,,,,,,,,,,,,,,,,,,,,,,
25,37,39,38,45,44,44,47,47,47,50,51,50,50,50,53,55,54,49,50,50,53,52,53,52,52,52,51,53,48,50,52,53,50,51,52,50,55,50,52,50,52,50,52,53,51,48,52,53,50,52,52,49,49,46,45,45,45,43,40,40,37,37,37,37,,,,,,,,,,,,,,,,,,,,,,,,,,,,,,,,,,,,,,,,,,,,,,,,,,,,,,,,,,,,,,,,,,,,,,,,,,,,,,,,,,,,,,,,,,,,,,,,,,,,,,,,,,,,,,,,,,,,,,,,,,,,,,,,,,,,,,,,,,,,,,,,,,,,,,,,,,,,,,,,,,,,,,,,,,,,,,,,,,,,,,,,,,,,,,,,
26,24,24,24,24,23,24,24,24,24,24,24,24,24,24,25,24,26,26,28,28,29,30,32,37,39,41,39,39,40,40,41,44,47,49,45,45,50,47,49,48,52,53,52,50,52,53,52,53,52,52,50,54,53,55,53,52,46,50,51,47,50,49,44,44,,,,,,,,,,,,,,,,,,,,,,,,,,,,,,,,,,,,,,,,,,,,,,,,,,,,,,,,,,,,,,,,,,,,,,,,,,,,,,,,,,,,,,,,,,,,,,,,,,,,,,,,,,,,,,,,,,,,,,,,,,,,,,,,,,,,,,,,,,,,,,,,,,,,,,,,,,,,,,,,,,,,,,,,,,,,,,,,,,,,,,,,,,,,,,,,
27,39,42,42,44,42,43,39,42,40,44,40,40,39,35,34,35,35,35,32,35,28,24,24,24,24,23,24,24,24,24,24,24,24,24,24,24,24,24,24,24,24,24,24,24,24,24,24,26,28,28,30,28,30,32,37,38,37,37,35,39,40,39,37,38,,,,,,,,,,,,,,,,,,,,,,,,,,,,,,,,,,,,,,,,,,,,,,,,,,,,,,,,,,,,,,,,,,,,,,,,,,,,,,,,,,,,,,,,,,,,,,,,,,,,,,,,,,,,,,,,,,,,,,,,,,,,,,,,,,,,,,,,,,,,,,,,,,,,,,,,,,,,,,,,,,,,,,,,,,,,,,,,,,,,,,,,,,,,,,,,
28,44,47,46,49,50,47,49,49,51,47,48,49,53,48,55,53,50,55,50,52,50,55,52,50,50,52,53,50,50,50,47,50,47,45,45,45,45,44,40,43,42,39,42,37,33,35,37,33,35,33,34,30,24,24,24,24,24,24,24,24,24,24,24,23,,,,,,,,,,,,,,,,,,,,,,,,,,,,,,,,,,,,,,,,,,,,,,,,,,,,,,,,,,,,,,,,,,,,,,,,,,,,,,,,,,,,,,,,,,,,,,,,,,,,,,,,,,,,,,,,,,,,,,,,,,,,,,,,,,,,,,,,,,,,,,,,,,,,,,,,,,,,,,,,,,,,,,,,,,,,,,,,,,,,,,,,,,,,,,,,
29,27,28,32,35,35,37,37,39,41,44,42,47,45,47,45,45,47,48,49,51,50,50,52,52,55,49,52,53,54,52,55,55,50,50,52,55,53,55,50,53,55,52,47,56,50,52,55,53,56,52,50,52,47,52,51,51,48,48,48,46,47,45,42,39,,,,,,,,,,,,,,,,,,,,,,,,,,,,,,,,,,,,,,,,,,,,,,,,,,,,,,,,,,,,,,,,,,,,,,,,,,,,,,,,,,,,,,,,,,,,,,,,,,,,,,,,,,,,,,,,,,,,,,,,,,,,,,,,,,,,,,,,,,,,,,,,,,,,,,,,,,,,,,,,,,,,,,,,,,,,,,,,,,,,,,,,,,,,,,,,
30,24,23,24,24,24,24,24,24,24,24,24,24,24,24,24,24,23,24,24,23,24,24,24,24,23,24,26,26,28,28,28,29,30,35,35,37,38,39,39,38,42,42,47,45,47,49,47,47,48,49,52,50,55,52,52,55,50,47,52,47,47,49,45,42,,,,,,,,,,,,,,,,,,,,,,,,,,,,,,,,,,,,,,,,,,,,,,,,,,,,,,,,,,,,,,,,,,,,,,,,,,,,,,,,,,,,,,,,,,,,,,,,,,,,,,,,,,,,,,,,,,,,,,,,,,,,,,,,,,,,,,,,,,,,,,,,,,,,,,,,,,,,,,,,,,,,,,,,,,,,,,,,,,,,,,,,,,,,,,,,
31,44,45,47,50,49,47,53,52,50,53,49,47,47,49,46,44,44,41,41,39,39,39,37,34,33,33,33,33,33,34,30,25,24,24,24,23,24,24,24,24,24,24,24,24,24,24,24,24,24,24,24,24,24,23,24,24,24,26,27,26,28,28,28,28,,,,,,,,,,,,,,,,,,,,,,,,,,,,,,,,,,,,,,,,,,,,,,,,,,,,,,,,,,,,,,,,,,,,,,,,,,,,,,,,,,,,,,,,,,,,,,,,,,,,,,,,,,,,,,,,,,,,,,,,,,,,,,,,,,,,,,,,,,,,,,,,,,,,,,,,,,,,,,,,,,,,,,,,,,,,,,,,,,,,,,,,,,,,,,,,
32,49,45,49,50,50,51,54,56,54,54,57,54,54,56,54,51,52,52,56,54,58,49,54,51,52,49,47,44,45,43,45,45,43,42,38,38,40,36,36,38,36,31,25,25,25,25,25,25,25,25,25,25,25,25,25,25,25,25,25,25,25,25,25,25,,,,,,,,,,,,,,,,,,,,,,,,,,,,,,,,,,,,,,,,,,,,,,,,,,,,,,,,,,,,,,,,,,,,,,,,,,,,,,,,,,,,,,,,,,,,,,,,,,,,,,,,,,,,,,,,,,,,,,,,,,,,,,,,,,,,,,,,,,,,,,,,,,,,,,,,,,,,,,,,,,,,,,,,,,,,,,,,,,,,,,,,,,,,,,,,
33,38,38,44,45,46,47,48,48,49,51,54,52,56,56,56,54,54,54,50,54,56,54,50,54,54,56,54,54,56,55,54,52,52,52,54,53,54,54,53,56,53,53,52,56,54,56,52,54,52,54,54,54,52,47,48,47,49,45,42,45,40,42,38,38,,,,,,,,,,,,,,,,,,,,,,,,,,,,,,,,,,,,,,,,,,,,,,,,,,,,,,,,,,,,,,,,,,,,,,,,,,,,,,,,,,,,,,,,,,,,,,,,,,,,,,,,,,,,,,,,,,,,,,,,,,,,,,,,,,,,,,,,,,,,,,,,,,,,,,,,,,,,,,,,,,,,,,,,,,,,,,,,,,,,,,,,,,,,,,,,
34,25,25,25,25,25,25,25,25,25,25,25,25,25,25,27,25,27,28,31,31,31,31,34,38,40,41,40,43,43,45,43,47,49,51,49,51,49,51,53,49,53,54,58,59,54,56,57,56,53,54,53,52,52,54,54,52,57,52,52,52,51,47,45,47,,,,,,,,,,,,,,,,,,,,,,,,,,,,,,,,,,,,,,,,,,,,,,,,,,,,,,,,,,,,,,,,,,,,,,,,,,,,,,,,,,,,,,,,,,,,,,,,,,,,,,,,,,,,,,,,,,,,,,,,,,,,,,,,,,,,,,,,,,,,,,,,,,,,,,,,,,,,,,,,,,,,,,,,,,,,,,,,,,,,,,,,,,,,,,,,
35,43,44,45,45,45,47,44,44,40,43,44,41,40,38,34,36,36,36,36,34,31,25,25,25,25,25,25,25,25,25,25,25,26,25,25,25,25,25,25,25,25,25,25,25,25,25,25,27,29,29,30,31,33,32,38,38,38,40,40,42,40,43,41,40,,,,,,,,,,,,,,,,,,,,,,,,,,,,,,,,,,,,,,,,,,,,,,,,,,,,,,,,,,,,,,,,,,,,,,,,,,,,,,,,,,,,,,,,,,,,,,,,,,,,,,,,,,,,,,,,,,,,,,,,,,,,,,,,,,,,,,,,,,,,,,,,,,,,,,,,,,,,,,,,,,,,,,,,,,,,,,,,,,,,,,,,,,,,,,,,
36,45,49,49,49,53,54,53,54,54,51,51,54,52,52,56,54,51,56,54,54,54,54,57,51,54,52,54,52,56,52,54,51,47,47,47,47,47,45,44,43,43,45,45,38,36,36,36,34,36,35,35,31,25,25,25,25,25,25,25,25,25,25,25,25,,,,,,,,,,,,,,,,,,,,,,,,,,,,,,,,,,,,,,,,,,,,,,,,,,,,,,,,,,,,,,,,,,,,,,,,,,,,,,,,,,,,,,,,,,,,,,,,,,,,,,,,,,,,,,,,,,,,,,,,,,,,,,,,,,,,,,,,,,,,,,,,,,,,,,,,,,,,,,,,,,,,,,,,,,,,,,,,,,,,,,,,,,,,,,,,
37,31,33,34,37,40,40,40,41,43,46,45,49,47,52,52,47,50,50,54,54,56,56,54,56,56,54,56,56,54,56,55,54,56,51,54,54,54,57,57,56,52,55,54,54,52,58,52,54,56,55,54,53,52,52,56,54,54,49,57,49,51,49,42,42,,,,,,,,,,,,,,,,,,,,,,,,,,,,,,,,,,,,,,,,,,,,,,,,,,,,,,,,,,,,,,,,,,,,,,,,,,,,,,,,,,,,,,,,,,,,,,,,,,,,,,,,,,,,,,,,,,,,,,,,,,,,,,,,,,,,,,,,,,,,,,,,,,,,,,,,,,,,,,,,,,,,,,,,,,,,,,,,,,,,,,,,,,,,,,,,
38,25,25,25,25,25,25,25,25,25,25,25,25,25,25,25,25,25,25,25,25,25,25,25,25,25,25,27,28,28,30,29,31,32,36,36,40,40,38,41,41,43,44,44,47,50,50,49,51,49,48,54,54,52,56,53,51,52,54,49,49,49,49,45,43,,,,,,,,,,,,,,,,,,,,,,,,,,,,,,,,,,,,,,,,,,,,,,,,,,,,,,,,,,,,,,,,,,,,,,,,,,,,,,,,,,,,,,,,,,,,,,,,,,,,,,,,,,,,,,,,,,,,,,,,,,,,,,,,,,,,,,,,,,,,,,,,,,,,,,,,,,,,,,,,,,,,,,,,,,,,,,,,,,,,,,,,,,,,,,,,
39,45,47,51,50,51,51,51,54,52,51,50,51,47,51,49,47,44,44,43,40,41,42,40,38,36,36,36,38,36,36,32,27,25,25,25,25,25,25,25,25,25,25,25,25,25,25,25,25,25,25,25,25,25,25,27,25,25,27,29,29,30,30,30,29,,,,,,,,,,,,,,,,,,,,,,,,,,,,,,,,,,,,,,,,,,,,,,,,,,,,,,,,,,,,,,,,,,,,,,,,,,,,,,,,,,,,,,,,,,,,,,,,,,,,,,,,,,,,,,,,,,,,,,,,,,,,,,,,,,,,,,,,,,,,,,,,,,,,,,,,,,,,,,,,,,,,,,,,,,,,,,,,,,,,,,,,,,,,,,,,
40,46,49,49,49,49,54,47,49,49,52,50,52,52,51,51,52,52,52,52,54,52,51,47,47,48,49,44,47,42,46,44,46,42,38,39,35,37,35,37,35,33,30,25,26,25,24,24,25,25,24,25,25,26,26,25,24,26,24,25,25,25,24,24,24,,,,,,,,,,,,,,,,,,,,,,,,,,,,,,,,,,,,,,,,,,,,,,,,,,,,,,,,,,,,,,,,,,,,,,,,,,,,,,,,,,,,,,,,,,,,,,,,,,,,,,,,,,,,,,,,,,,,,,,,,,,,,,,,,,,,,,,,,,,,,,,,,,,,,,,,,,,,,,,,,,,,,,,,,,,,,,,,,,,,,,,,,,,,,,,,
41,37,37,42,44,44,42,47,49,49,52,52,52,54,52,55,52,54,50,54,51,54,54,55,52,49,53,50,49,53,55,50,50,54,52,52,52,51,53,54,51,51,54,53,52,52,54,52,51,52,52,51,49,47,47,49,47,47,42,42,41,39,37,36,34,,,,,,,,,,,,,,,,,,,,,,,,,,,,,,,,,,,,,,,,,,,,,,,,,,,,,,,,,,,,,,,,,,,,,,,,,,,,,,,,,,,,,,,,,,,,,,,,,,,,,,,,,,,,,,,,,,,,,,,,,,,,,,,,,,,,,,,,,,,,,,,,,,,,,,,,,,,,,,,,,,,,,,,,,,,,,,,,,,,,,,,,,,,,,,,,
42,24,24,25,24,24,25,25,25,25,24,24,26,24,24,26,26,26,28,30,31,32,32,32,37,39,44,39,39,42,46,42,47,46,51,51,49,52,53,51,51,50,55,50,54,54,54,52,55,53,52,54,52,52,54,50,52,51,50,52,49,47,49,44,47,,,,,,,,,,,,,,,,,,,,,,,,,,,,,,,,,,,,,,,,,,,,,,,,,,,,,,,,,,,,,,,,,,,,,,,,,,,,,,,,,,,,,,,,,,,,,,,,,,,,,,,,,,,,,,,,,,,,,,,,,,,,,,,,,,,,,,,,,,,,,,,,,,,,,,,,,,,,,,,,,,,,,,,,,,,,,,,,,,,,,,,,,,,,,,,,
43,41,45,45,44,45,44,44,43,39,42,42,43,39,36,34,37,37,35,33,36,30,25,26,24,24,24,24,24,24,25,24,25,24,25,25,25,24,25,24,24,24,24,25,24,25,24,24,26,28,28,30,30,32,32,35,39,39,39,39,40,39,41,41,39,,,,,,,,,,,,,,,,,,,,,,,,,,,,,,,,,,,,,,,,,,,,,,,,,,,,,,,,,,,,,,,,,,,,,,,,,,,,,,,,,,,,,,,,,,,,,,,,,,,,,,,,,,,,,,,,,,,,,,,,,,,,,,,,,,,,,,,,,,,,,,,,,,,,,,,,,,,,,,,,,,,,,,,,,,,,,,,,,,,,,,,,,,,,,,,,
44,41,45,47,49,49,47,52,52,49,52,54,51,51,52,55,58,52,51,52,50,54,57,52,52,51,51,55,50,52,52,52,50,49,47,46,44,46,44,40,40,40,42,41,39,35,35,32,34,35,33,35,30,25,25,24,24,25,24,24,24,24,25,24,24,,,,,,,,,,,,,,,,,,,,,,,,,,,,,,,,,,,,,,,,,,,,,,,,,,,,,,,,,,,,,,,,,,,,,,,,,,,,,,,,,,,,,,,,,,,,,,,,,,,,,,,,,,,,,,,,,,,,,,,,,,,,,,,,,,,,,,,,,,,,,,,,,,,,,,,,,,,,,,,,,,,,,,,,,,,,,,,,,,,,,,,,,,,,,,,,
45,30,30,33,35,37,37,40,39,41,44,44,46,46,47,51,46,47,47,52,55,52,52,54,55,54,49,54,54,54,52,49,54,54,58,54,55,52,55,52,54,49,52,51,51,55,53,51,50,53,53,52,53,51,52,52,51,53,50,49,46,49,49,42,39,,,,,,,,,,,,,,,,,,,,,,,,,,,,,,,,,,,,,,,,,,,,,,,,,,,,,,,,,,,,,,,,,,,,,,,,,,,,,,,,,,,,,,,,,,,,,,,,,,,,,,,,,,,,,,,,,,,,,,,,,,,,,,,,,,,,,,,,,,,,,,,,,,,,,,,,,,,,,,,,,,,,,,,,,,,,,,,,,,,,,,,,,,,,,,,,
46,26,24,25,24,25,26,25,24,25,26,24,25,25,24,25,24,24,24,24,24,25,24,25,24,24,24,27,28,28,30,32,30,34,37,38,42,41,41,45,44,44,47,47,47,52,47,49,52,51,52,52,57,55,54,52,52,57,57,52,50,50,46,46,44,,,,,,,,,,,,,,,,,,,,,,,,,,,,,,,,,,,,,,,,,,,,,,,,,,,,,,,,,,,,,,,,,,,,,,,,,,,,,,,,,,,,,,,,,,,,,,,,,,,,,,,,,,,,,,,,,,,,,,,,,,,,,,,,,,,,,,,,,,,,,,,,,,,,,,,,,,,,,,,,,,,,,,,,,,,,,,,,,,,,,,,,,,,,,,,,
47,44,51,49,54,49,50,51,54,51,50,52,49,50,49,49,49,45,46,44,42,42,40,39,39,39,35,37,35,37,35,31,26,24,25,24,25,26,24,25,25,24,26,25,24,24,24,24,24,25,25,25,24,24,24,24,25,26,26,28,28,28,28,30,30,,,,,,,,,,,,,,,,,,,,,,,,,,,,,,,,,,,,,,,,,,,,,,,,,,,,,,,,,,,,,,,,,,,,,,,,,,,,,,,,,,,,,,,,,,,,,,,,,,,,,,,,,,,,,,,,,,,,,,,,,,,,,,,,,,,,,,,,,,,,,,,,,,,,,,,,,,,,,,,,,,,,,,,,,,,,,,,,,,,,,,,,,,,,,,,,
48,48,51,51,50,51,52,53,51,52,56,56,52,56,54,54,52,51,54,56,53,54,51,48,50,51,47,49,45,50,49,48,46,47,45,43,39,38,36,38,38,38,31,25,24,25,24,24,25,24,24,25,24,24,25,24,24,25,24,25,25,24,24,25,24,,,,,,,,,,,,,,,,,,,,,,,,,,,,,,,,,,,,,,,,,,,,,,,,,,,,,,,,,,,,,,,,,,,,,,,,,,,,,,,,,,,,,,,,,,,,,,,,,,,,,,,,,,,,,,,,,,,,,,,,,,,,,,,,,,,,,,,,,,,,,,,,,,,,,,,,,,,,,,,,,,,,,,,,,,,,,,,,,,,,,,,,,,,,,,,,
49,27,41,45,46,46,46,47,51,53,53,51,51,53,53,51,51,53,50,56,54,54,51,51,56,53,56,56,54,56,53,59,57,54,56,56,54,57,54,54,53,53,53,53,52,51,54,51,53,54,53,56,50,49,50,46,48,47,46,43,41,38,40,40,38,,,,,,,,,,,,,,,,,,,,,,,,,,,,,,,,,,,,,,,,,,,,,,,,,,,,,,,,,,,,,,,,,,,,,,,,,,,,,,,,,,,,,,,,,,,,,,,,,,,,,,,,,,,,,,,,,,,,,,,,,,,,,,,,,,,,,,,,,,,,,,,,,,,,,,,,,,,,,,,,,,,,,,,,,,,,,,,,,,,,,,,,,,,,,,,,
50,24,24,24,24,23,24,24,25,24,24,24,25,24,25,24,24,25,27,29,29,30,31,31,36,38,40,40,38,40,41,42,46,46,47,47,48,48,49,48,54,53,54,56,50,56,53,54,51,51,54,51,51,53,51,51,54,54,50,53,49,48,47,46,43,,,,,,,,,,,,,,,,,,,,,,,,,,,,,,,,,,,,,,,,,,,,,,,,,,,,,,,,,,,,,,,,,,,,,,,,,,,,,,,,,,,,,,,,,,,,,,,,,,,,,,,,,,,,,,,,,,,,,,,,,,,,,,,,,,,,,,,,,,,,,,,,,,,,,,,,,,,,,,,,,,,,,,,,,,,,,,,,,,,,,,,,,,,,,,,,
51,45,43,45,47,45,46,41,40,42,40,41,43,40,35,35,36,36,35,35,36,29,25,25,24,24,24,24,24,24,24,24,25,25,24,22,24,24,24,24,25,25,24,25,24,25,24,25,27,27,29,29,31,31,31,36,40,41,38,36,39,39,42,41,40,,,,,,,,,,,,,,,,,,,,,,,,,,,,,,,,,,,,,,,,,,,,,,,,,,,,,,,,,,,,,,,,,,,,,,,,,,,,,,,,,,,,,,,,,,,,,,,,,,,,,,,,,,,,,,,,,,,,,,,,,,,,,,,,,,,,,,,,,,,,,,,,,,,,,,,,,,,,,,,,,,,,,,,,,,,,,,,,,,,,,,,,,,,,,,,,
52,43,43,51,45,49,50,51,50,48,51,50,53,51,52,50,50,55,53,50,52,51,52,50,51,48,51,53,48,53,53,52,48,46,45,46,45,46,42,39,39,38,41,39,38,33,34,33,31,33,32,34,31,25,25,25,24,24,25,24,24,24,24,24,23,,,,,,,,,,,,,,,,,,,,,,,,,,,,,,,,,,,,,,,,,,,,,,,,,,,,,,,,,,,,,,,,,,,,,,,,,,,,,,,,,,,,,,,,,,,,,,,,,,,,,,,,,,,,,,,,,,,,,,,,,,,,,,,,,,,,,,,,,,,,,,,,,,,,,,,,,,,,,,,,,,,,,,,,,,,,,,,,,,,,,,,,,,,,,,,,
53,29,29,35,38,41,41,39,43,45,46,45,51,51,47,50,50,51,47,54,52,54,53,56,53,53,53,54,51,54,56,51,54,56,53,51,53,56,50,54,57,54,56,56,51,54,53,51,51,54,56,51,51,51,51,53,56,56,53,54,53,47,49,49,41,,,,,,,,,,,,,,,,,,,,,,,,,,,,,,,,,,,,,,,,,,,,,,,,,,,,,,,,,,,,,,,,,,,,,,,,,,,,,,,,,,,,,,,,,,,,,,,,,,,,,,,,,,,,,,,,,,,,,,,,,,,,,,,,,,,,,,,,,,,,,,,,,,,,,,,,,,,,,,,,,,,,,,,,,,,,,,,,,,,,,,,,,,,,,,,,
54,25,24,25,24,24,25,24,24,25,25,25,25,24,24,25,24,24,24,25,24,24,24,25,24,24,24,26,29,28,30,30,33,31,38,41,38,38,39,40,44,42,46,46,48,45,48,45,50,49,51,50,53,53,48,49,47,53,48,48,48,49,45,45,41,,,,,,,,,,,,,,,,,,,,,,,,,,,,,,,,,,,,,,,,,,,,,,,,,,,,,,,,,,,,,,,,,,,,,,,,,,,,,,,,,,,,,,,,,,,,,,,,,,,,,,,,,,,,,,,,,,,,,,,,,,,,,,,,,,,,,,,,,,,,,,,,,,,,,,,,,,,,,,,,,,,,,,,,,,,,,,,,,,,,,,,,,,,,,,,,
55,48,51,45,51,53,53,53,51,53,51,53,48,50,49,47,50,49,46,43,43,40,42,40,38,36,36,38,34,38,38,32,25,25,24,24,24,25,25,24,24,23,24,24,25,24,24,24,23,24,24,25,24,24,24,25,24,24,26,29,29,29,29,29,31,,,,,,,,,,,,,,,,,,,,,,,,,,,,,,,,,,,,,,,,,,,,,,,,,,,,,,,,,,,,,,,,,,,,,,,,,,,,,,,,,,,,,,,,,,,,,,,,,,,,,,,,,,,,,,,,,,,,,,,,,,,,,,,,,,,,,,,,,,,,,,,,,,,,,,,,,,,,,,,,,,,,,,,,,,,,,,,,,,,,,,,,,,,,,,,,
56,40,45,45,47,50,47,48,45,49,49,52,50,48,50,48,49,50,52,48,53,50,45,48,45,45,45,44,40,40,42,42,40,40,36,35,33,33,33,35,35,35,29,24,24,24,24,24,24,24,24,24,24,24,24,24,24,24,24,24,24,24,24,24,24,,,,,,,,,,,,,,,,,,,,,,,,,,,,,,,,,,,,,,,,,,,,,,,,,,,,,,,,,,,,,,,,,,,,,,,,,,,,,,,,,,,,,,,,,,,,,,,,,,,,,,,,,,,,,,,,,,,,,,,,,,,,,,,,,,,,,,,,,,,,,,,,,,,,,,,,,,,,,,,,,,,,,,,,,,,,,,,,,,,,,,,,,,,,,,,,
57,37,40,42,47,45,47,47,48,49,50,53,55,52,52,52,52,50,53,52,50,53,50,53,53,50,53,50,52,50,52,53,50,52,52,52,53,50,52,52,53,53,53,52,52,50,55,50,55,50,56,51,53,48,51,47,45,47,45,42,43,40,37,38,37,,,,,,,,,,,,,,,,,,,,,,,,,,,,,,,,,,,,,,,,,,,,,,,,,,,,,,,,,,,,,,,,,,,,,,,,,,,,,,,,,,,,,,,,,,,,,,,,,,,,,,,,,,,,,,,,,,,,,,,,,,,,,,,,,,,,,,,,,,,,,,,,,,,,,,,,,,,,,,,,,,,,,,,,,,,,,,,,,,,,,,,,,,,,,,,,
58,24,24,24,24,24,25,24,24,24,24,24,24,24,24,24,24,26,26,28,28,30,29,31,33,36,36,37,40,39,40,40,40,47,47,45,44,49,45,45,47,48,50,52,49,55,49,51,47,49,50,50,52,50,53,49,50,49,50,49,45,48,44,42,42,,,,,,,,,,,,,,,,,,,,,,,,,,,,,,,,,,,,,,,,,,,,,,,,,,,,,,,,,,,,,,,,,,,,,,,,,,,,,,,,,,,,,,,,,,,,,,,,,,,,,,,,,,,,,,,,,,,,,,,,,,,,,,,,,,,,,,,,,,,,,,,,,,,,,,,,,,,,,,,,,,,,,,,,,,,,,,,,,,,,,,,,,,,,,,,,
59,40,38,42,42,46,42,40,38,38,40,37,40,37,35,33,33,35,33,31,32,28,24,24,24,24,24,24,24,24,24,24,24,24,24,24,24,24,24,24,24,24,24,24,24,24,24,24,26,27,27,29,29,30,32,33,35,35,38,37,36,37,38,38,37,,,,,,,,,,,,,,,,,,,,,,,,,,,,,,,,,,,,,,,,,,,,,,,,,,,,,,,,,,,,,,,,,,,,,,,,,,,,,,,,,,,,,,,,,,,,,,,,,,,,,,,,,,,,,,,,,,,,,,,,,,,,,,,,,,,,,,,,,,,,,,,,,,,,,,,,,,,,,,,,,,,,,,,,,,,,,,,,,,,,,,,,,,,,,,,,
60,42,40,47,47,45,49,50,50,47,50,49,50,50,49,50,48,52,50,48,50,49,52,48,47,47,52,50,50,47,51,53,50,45,45,47,44,43,40,40,39,40,38,38,37,35,35,33,33,33,33,31,28,24,24,24,24,24,24,24,24,24,24,24,24,,,,,,,,,,,,,,,,,,,,,,,,,,,,,,,,,,,,,,,,,,,,,,,,,,,,,,,,,,,,,,,,,,,,,,,,,,,,,,,,,,,,,,,,,,,,,,,,,,,,,,,,,,,,,,,,,,,,,,,,,,,,,,,,,,,,,,,,,,,,,,,,,,,,,,,,,,,,,,,,,,,,,,,,,,,,,,,,,,,,,,,,,,,,,,,,
61,27,27,30,33,35,33,35,35,37,38,38,40,42,43,43,40,43,44,45,45,44,45,45,47,48,47,47,45,44,45,44,45,45,45,47,47,47,45,44,47,47,45,43,48,44,44,45,47,45,45,45,44,45,45,48,45,46,45,42,45,44,42,38,37,,,,,,,,,,,,,,,,,,,,,,,,,,,,,,,,,,,,,,,,,,,,,,,,,,,,,,,,,,,,,,,,,,,,,,,,,,,,,,,,,,,,,,,,,,,,,,,,,,,,,,,,,,,,,,,,,,,,,,,,,,,,,,,,,,,,,,,,,,,,,,,,,,,,,,,,,,,,,,,,,,,,,,,,,,,,,,,,,,,,,,,,,,,,,,,,
62,24,24,24,24,24,24,24,24,24,24,24,24,24,24,24,24,24,24,24,24,24,24,24,24,24,24,26,26,28,27,28,28,31,32,35,37,37,37,38,37,40,39,42,40,44,44,45,42,42,44,47,45,48,47,47,45,45,47,45,44,45,44,43,40,,,,,,,,,,,,,,,,,,,,,,,,,,,,,,,,,,,,,,,,,,,,,,,,,,,,,,,,,,,,,,,,,,,,,,,,,,,,,,,,,,,,,,,,,,,,,,,,,,,,,,,,,,,,,,,,,,,,,,,,,,,,,,,,,,,,,,,,,,,,,,,,,,,,,,,,,,,,,,,,,,,,,,,,,,,,,,,,,,,,,,,,,,,,,,,,
63,44,45,45,47,47,47,45,44,44,47,47,45,43,44,42,40,42,40,38,40,39,40,37,33,33,33,33,33,32,32,29,24,24,24,24,24,24,24,25,24,24,24,24,24,24,24,24,24,24,24,24,24,24,24,24,24,24,26,26,27,27,27,28,28,,,,,,,,,,,,,,,,,,,,,,,,,,,,,,,,,,,,,,,,,,,,,,,,,,,,,,,,,,,,,,,,,,,,,,,,,,,,,,,,,,,,,,,,,,,,,,,,,,,,,,,,,,,,,,,,,,,,,,,,,,,,,,,,,,,,,,,,,,,,,,,,,,,,,,,,,,,,,,,,,,,,,,,,,,,,,,,,,,,,,,,,,,,,,,,,
,,,,,,,,,,,,,,,,,,,,,,,,,,,,,,,,,,,,,,,,,,,,,,,,,,,,,,,,,,,,,,,,,,,,,,,,,,,,,,,,,,,,,,,,,,,,,,,,,,,,,,,,,,,,,,,,,,,,,,,,,,,,,,,,,,,,,,,,,,,,,,,,,,,,,,,,,,,,,,,,,,,,,,,,,,,,,,,,,,,,,,,,,,,,,,,,,,,,,,,,,,,,,,,,,,,,,,,,,,,,,,,,,,,,,,,,,,,,,,,,,,,,,,,,,,,,,,,,
value,0,1,2,3,4,5,6,7,8,9,10,11,12,13,14,15,16,17,18,19,20,21,22,23,24,25,26,27,28,29,30,31,32,33,34,35,36,37,38,39,40,41,42,43,44,45,46,47,48,49,50,51,52,53,54,55,56,57,58,59,60,61,62,63,64,65,66,67,68,69,70,71,72,73,74,75,76,77,78,79,80,81,82,83,84,85,86,87,88,89,90,91,92,93,94,95,96,97,98,99,100,101,102,103,104,105,106,107,108,109,110,111,112,113,114,115,116,117,118,119,120,121,122,123,124,125,126,127,128,129,130,131,132,133,134,135,136,137,138,139,140,141,142,143,144,145,146,147,148,149,150,151,152,153,154,155,156,157,158,159,160,161,162,163,164,165,166,167,168,169,170,171,172,173,174,175,176,177,178,179,180,181,182,183,184,185,186,187,188,189,190,191,192,193,194,195,196,197,198,199,200,201,202,203,204,205,206,207,208,209,210,211,212,213,214,215,216,217,218,219,220,221,222,223,224,225,226,227,228,229,230,231,232,233,234,235,236,237,238,239,240,241,242,243,244,245,246,247,248,249,250,251,252,253,254,255
count,0,0,0,0,0,0,0,0,0,0,0,0,0,0,0,0,0,0,0,0,71,51,167,116,402,236,51,42,43,54,38,49,34,62,41,66,65,75,97,80,95,87,94,93,121,140,122,158,92,174,186,151,249,169,162,59,68,25,7,4,0,0,0,0,0,0,0,0,0,0,0,0,0,0,0,0,0,0,0,0,0,0,0,0,0,0,0,0,0,0,0,0,0,0,0,0,0,0,0,0,0,0,0,0,0,0,0,0,0,0,0,0,0,0,0,0,0,0,0,0,0,0,0,0,0,0,0,0,0,0,0,0,0,0,0,0,0,0,0,0,0,0,0,0,0,0,0,0,0,0,0,0,0,0,0,0,0,0,0,0,0,0,0,0,0,0,0,0,0,0,0,0,0,0,0,0,0,0,0,0,0,0,0,0,0,0,0,0,0,0,0,0,0,0,0,0,0,0,0,0,0,0,0,0,0,0,0,0,0,0,0,0,0,0,0,0,0,0,0,0,0,0,0,0,0,0,0,0,0,0,0,0,0,0,0,0,0,0,0,0,0,0,0,0,0,0,0,0,0,0,0,0,0,0,0,0
,,,,,,,,,,,,,,,,,,,,,,,,,,,,,,,,,,,,,,,,,,,,,,,,,,,,,,,,,,,,,,,,,,,,,,,,,,,,,,,,,,,,,,,,,,,,,,,,,,,,,,,,,,,,,,,,,,,,,,,,,,,,,,,,,,,,,,,,,,,,,,,,,,,,,,,,,,,,,,,,,,,,,,,,,,,,,,,,,,,,,,,,,,,,,,,,,,,,,,,,,,,,,,,,,,,,,,,,,,,,,,,,,,,,,,,,,,,,,,,,,,,,,,,,,,,,,,,,
2,,,,,,,,,,,,,,,,,,,,,,,,,,,,,,,,,,,,,,,,,,,,,,,,,,,,,,,,,,,,,,,,,,,,,,,,,,,,,,,,,,,,,,,,,,,,,,,,,,,,,,,,,,,,,,,,,,,,,,,,,,,,,,,,,,,,,,,,,,,,,,,,,,,,,,,,,,,,,,,,,,,,,,,,,,,,,,,,,,,,,,,,,,,,,,,,,,,,,,,,,,,,,,,,,,,,,,,,,,,,,,,,,,,,,,,,,,,,,,,,,,,,,,,,,,,,,,,,
,0,1,2,3,4,5,6,7,8,9,10,11,12,13,14,15,16,17,18,19,20,21,22,23,24,25,26,27,28,29,30,31,32,33,34,35,36,37,38,39,40,41,42,43,44,45,46,47,48,49,50,51,52,53,54,55,56,57,58,59,60,61,62,63,,,,,,,,,,,,,,,,,,,,,,,,,,,,,,,,,,,,,,,,,,,,,,,,,,,,,,,,,,,,,,,,,,,,,,,,,,,,,,,,,,,,,,,,,,,,,,,,,,,,,,,,,,,,,,,,,,,,,,,,,,,,,,,,,,,,,,,,,,,,,,,,,,,,,,,,,,,,,,,,,,,,,,,,,,,,,,,,,,,,,,,,,,,,,,,,
0,39,38,45,41,43,41,43,40,39,43,41,41,43,44,43,43,43,45,46,41,40,38,41,38,41,39,37,36,34,34,37,36,32,29,29,31,31,31,29,29,25,21,20,20,21,21,20,20,21,20,20,20,20,21,21,20,20,20,20,18,20,20,20,20,,,,,,,,,,,,,,,,,,,,,,,,,,,,,,,,,,,,,,,,,,,,,,,,,,,,,,,,,,,,,,,,,,,,,,,,,,,,,,,,,,,,,,,,,,,,,,,,,,,,,,,,,,,,,,,,,,,,,,,,,,,,,,,,,,,,,,,,,,,,,,,,,,,,,,,,,,,,,,,,,,,,,,,,,,,,,,,,,,,,,,,,,,,,,,,,
1,36,39,38,38,43,40,43,41,41,43,45,43,46,46,41,46,44,41,43,44,44,41,43,43,43,44,46,43,45,45,43,44,41,48,45,41,43,41,45,43,41,41,44,44,45,43,45,44,43,44,41,43,41,41,41,43,38,39,36,35,36,34,32,29,,,,,,,,,,,,,,,,,,,,,,,,,,,,,,,,,,,,,,,,,,,,,,,,,,,,,,,,,,,,,,,,,,,,,,,,,,,,,,,,,,,,,,,,,,,,,,,,,,,,,,,,,,,,,,,,,,,,,,,,,,,,,,,,,,,,,,,,,,,,,,,,,,,,,,,,,,,,,,,,,,,,,,,,,,,,,,,,,,,,,,,,,,,,,,,,
2,20,20,20,20,21,20,20,20,21,20,20,20,22,20,21,24,24,24,25,25,27,29,32,33,32,33,35,38,36,39,39,39,41,41,43,43,41,41,41,42,44,48,48,45,43,46,45,48,45,46,43,44,44,46,45,43,45,44,43,41,40,39,38,38,,,,,,,,,,,,,,,,,,,,,,,,,,,,,,,,,,,,,,,,,,,,,,,,,,,,,,,,,,,,,,,,,,,,,,,,,,,,,,,,,,,,,,,,,,,,,,,,,,,,,,,,,,,,,,,,,,,,,,,,,,,,,,,,,,,,,,,,,,,,,,,,,,,,,,,,,,,,,,,,,,,,,,,,,,,,,,,,,,,,,,,,,,,,,,,,
3,36,38,38,39,36,35,34,36,38,35,33,33,29,29,29,32,29,30,30,25,21,21,20,21,21,20,20,21,20,21,21,20,20,20,20,22,21,20,20,21,20,21,20,21,20,21,23,23,25,24,25,25,29,33,31,32,34,34,35,34,36,35,38,36,,,,,,,,,,,,,,,,,,,,,,,,,,,,,,,,,,,,,,,,,,,,,,,,,,,,,,,,,,,,,,,,,,,,,,,,,,,,,,,,,,,,,,,,,,,,,,,,,,,,,,,,,,,,,,,,,,,,,,,,,,,,,,,,,,,,,,,,,,,,,,,,,,,,,,,,,,,,,,,,,,,,,,,,,,,,,,,,,,,,,,,,,,,,,,,,
4,43,41,45,46,46,48,48,51,46,45,46,48,48,46,49,49,46,48,46,48,48,48,48,47,49,48,50,47,45,43,47,41,46,45,45,43,41,41,36,40,39,38,33,34,36,32,32,34,29,31,24,21,21,21,20,21,21,21,20,21,21,21,20,20,,,,,,,,,,,,,,,,,,,,,,,,,,,,,,,,,,,,,,,,,,,,,,,,,,,,,,,,,,,,,,,,,,,,,,,,,,,,,,,,,,,,,,,,,,,,,,,,,,,,,,,,,,,,,,,,,,,,,,,,,,,,,,,,,,,,,,,,,,,,,,,,,,,,,,,,,,,,,,,,,,,,,,,,,,,,,,,,,,,,,,,,,,,,,,,,
5,23,27,32,31,34,32,36,35,39,38,40,43,43,43,42,44,43,46,46,46,48,48,48,48,48,45,50,45,48,46,46,46,46,46,48,45,45,48,48,48,46,48,46,49,46,46,48,45,48,46,46,49,48,48,48,46,45,46,44,46,45,40,36,36,,,,,,,,,,,,,,,,,,,,,,,,,,,,,,,,,,,,,,,,,,,,,,,,,,,,,,,,,,,,,,,,,,,,,,,,,,,,,,,,,,,,,,,,,,,,,,,,,,,,,,,,,,,,,,,,,,,,,,,,,,,,,,,,,,,,,,,,,,,,,,,,,,,,,,,,,,,,,,,,,,,,,,,,,,,,,,,,,,,,,,,,,,,,,,,,
6,21,20,21,21,20,21,22,21,21,21,21,21,21,21,20,21,21,20,21,20,21,21,21,21,22,23,25,25,26,27,27,29,29,36,36,36,34,36,37,40,41,41,43,43,46,43,44,45,43,46,48,50,53,46,48,46,45,48,48,46,44,41,43,38,,,,,,,,,,,,,,,,,,,,,,,,,,,,,,,,,,,,,,,,,,,,,,,,,,,,,,,,,,,,,,,,,,,,,,,,,,,,,,,,,,,,,,,,,,,,,,,,,,,,,,,,,,,,,,,,,,,,,,,,,,,,,,,,,,,,,,,,,,,,,,,,,,,,,,,,,,,,,,,,,,,,,,,,,,,,,,,,,,,,,,,,,,,,,,,,
7,41,41,43,46,43,46,46,51,48,46,46,43,44,43,41,41,36,36,35,38,34,34,32,31,31,31,29,31,29,25,21,20,20,21,20,20,21,20,22,21,20,21,21,20,21,20,20,21,20,20,21,21,21,20,20,21,23,24,25,25,25,25,25,27,,,,,,,,,,,,,,,,,,,,,,,,,,,,,,,,,,,,,,,,,,,,,,,,,,,,,,,,,,,,,,,,,,,,,,,,,,,,,,,,,,,,,,,,,,,,,,,,,,,,,,,,,,,,,,,,,,,,,,,,,,,,,,,,,,,,,,,,,,,,,,,,,,,,,,,,,,,,,,,,,,,,,,,,,,,,,,,,,,,,,,,,,,,,,,,,
8,45,49,49,49,51,51,52,50,50,54,54,51,51,52,51,51,50,51,51,51,48,45,44,49,47,46,42,42,44,39,42,42,38,35,35,33,33,33,33,31,26,22,22,22,22,22,22,22,22,22,22,22,22,22,22,22,22,22,22,22,22,22,22,22,,,,,,,,,,,,,,,,,,,,,,,,,,,,,,,,,,,,,,,,,,,,,,,,,,,,,,,,,,,,,,,,,,,,,,,,,,,,,,,,,,,,,,,,,,,,,,,,,,,,,,,,,,,,,,,,,,,,,,,,,,,,,,,,,,,,,,,,,,,,,,,,,,,,,,,,,,,,,,,,,,,,,,,,,,,,,,,,,,,,,,,,,,,,,,,,
9,36,39,44,49,44,46,47,48,50,52,52,49,50,54,52,52,53,54,56,52,52,54,54,50,54,52,54,49,49,56,49,55,54,49,49,51,54,54,52,52,54,52,51,56,53,52,50,51,54,51,47,52,47,46,47,46,42,41,39,39,37,37,34,33,,,,,,,,,,,,,,,,,,,,,,,,,,,,,,,,,,,,,,,,,,,,,,,,,,,,,,,,,,,,,,,,,,,,,,,,,,,,,,,,,,,,,,,,,,,,,,,,,,,,,,,,,,,,,,,,,,,,,,,,,,,,,,,,,,,,,,,,,,,,,,,,,,,,,,,,,,,,,,,,,,,,,,,,,,,,,,,,,,,,,,,,,,,,,,,,
10,22,22,22,22,22,22,22,22,22,22,22,22,22,22,22,25,26,26,27,28,28,31,35,35,39,37,38,38,40,44,44,47,49,47,47,49,49,51,50,52,57,49,54,53,51,52,52,54,52,53,54,51,52,51,55,52,52,54,49,49,49,48,45,44,,,,,,,,,,,,,,,,,,,,,,,,,,,,,,,,,,,,,,,,,,,,,,,,,,,,,,,,,,,,,,,,,,,,,,,,,,,,,,,,,,,,,,,,,,,,,,,,,,,,,,,,,,,,,,,,,,,,,,,,,,,,,,,,,,,,,,,,,,,,,,,,,,,,,,,,,,,,,,,,,,,,,,,,,,,,,,,,,,,,,,,,,,,,,,,,
11,42,45,41,44,47,44,40,42,42,39,42,39,37,37,37,33,33,35,33,28,22,22,22,22,22,22,22,22,22,22,22,23,22,22,22,24,22,22,22,22,22,22,22,22,22,23,26,25,27,28,30,30,33,37,37,38,39,39,42,42,40,41,40,38,,,,,,,,,,,,,,,,,,,,,,,,,,,,,,,,,,,,,,,,,,,,,,,,,,,,,,,,,,,,,,,,,,,,,,,,,,,,,,,,,,,,,,,,,,,,,,,,,,,,,,,,,,,,,,,,,,,,,,,,,,,,,,,,,,,,,,,,,,,,,,,,,,,,,,,,,,,,,,,,,,,,,,,,,,,,,,,,,,,,,,,,,,,,,,,,
12,46,49,51,54,55,54,54,60,57,51,54,56,56,55,57,56,56,56,54,55,54,57,52,54,61,59,55,53,54,54,55,51,51,47,52,49,45,47,46,44,42,49,42,37,35,37,35,35,37,35,29,24,22,22,22,22,22,22,22,22,23,22,22,22,,,,,,,,,,,,,,,,,,,,,,,,,,,,,,,,,,,,,,,,,,,,,,,,,,,,,,,,,,,,,,,,,,,,,,,,,,,,,,,,,,,,,,,,,,,,,,,,,,,,,,,,,,,,,,,,,,,,,,,,,,,,,,,,,,,,,,,,,,,,,,,,,,,,,,,,,,,,,,,,,,,,,,,,,,,,,,,,,,,,,,,,,,,,,,,,
13,28,33,34,37,37,38,37,39,40,44,45,46,47,45,44,47,47,50,51,51,52,52,50,52,52,52,54,52,51,52,51,51,54,51,51,51,51,51,51,53,52,52,51,51,51,52,51,51,52,52,50,52,53,51,54,54,51,52,54,51,48,46,40,42,,,,,,,,,,,,,,,,,,,,,,,,,,,,,,,,,,,,,,,,,,,,,,,,,,,,,,,,,,,,,,,,,,,,,,,,,,,,,,,,,,,,,,,,,,,,,,,,,,,,,,,,,,,,,,,,,,,,,,,,,,,,,,,,,,,,,,,,,,,,,,,,,,,,,,,,,,,,,,,,,,,,,,,,,,,,,,,,,,,,,,,,,,,,,,,,
14,22,22,22,24,22,22,22,22,22,22,22,22,22,22,22,22,22,22,22,22,22,22,22,22,22,24,26,26,27,28,29,30,37,35,37,37,41,37,40,39,41,46,44,49,45,48,47,46,48,52,53,52,52,51,50,49,50,49,49,47,47,42,44,41,,,,,,,,,,,,,,,,,,,,,,,,,,,,,,,,,,,,,,,,,,,,,,,,,,,,,,,,,,,,,,,,,,,,,,,,,,,,,,,,,,,,,,,,,,,,,,,,,,,,,,,,,,,,,,,,,,,,,,,,,,,,,,,,,,,,,,,,,,,,,,,,,,,,,,,,,,,,,,,,,,,,,,,,,,,,,,,,,,,,,,,,,,,,,,,,
15,42,45,45,45,49,49,51,52,52,48,47,46,47,47,44,44,42,39,42,42,39,38,35,33,35,32,32,33,33,28,22,22,22,22,22,22,22,22,23,22,22,22,22,22,22,22,22,22,22,22,22,22,22,22,22,22,25,26,26,26,26,27,28,31,,,,,,,,,,,,,,,,,,,,,,,,,,,,,,,,,,,,,,,,,,,,,,,,,,,,,,,,,,,,,,,,,,,,,,,,,,,,,,,,,,,,,,,,,,,,,,,,,,,,,,,,,,,,,,,,,,,,,,,,,,,,,,,,,,,,,,,,,,,,,,,,,,,,,,,,,,,,,,,,,,,,,,,,,,,,,,,,,,,,,,,,,,,,,,,,
16,42,43,44,47,49,52,49,50,50,50,53,52,52,52,49,53,49,50,49,52,46,47,47,46,44,42,42,39,38,38,38,40,34,33,32,34,34,32,31,31,26,23,22,23,23,23,23,23,23,23,22,22,22,23,22,23,23,22,23,23,22,23,23,22,,,,,,,,,,,,,,,,,,,,,,,,,,,,,,,,,,,,,,,,,,,,,,,,,,,,,,,,,,,,,,,,,,,,,,,,,,,,,,,,,,,,,,,,,,,,,,,,,,,,,,,,,,,,,,,,,,,,,,,,,,,,,,,,,,,,,,,,,,,,,,,,,,,,,,,,,,,,,,,,,,,,,,,,,,,,,,,,,,,,,,,,,,,,,,,,
17,39,44,47,50,46,47,49,53,52,56,52,55,56,53,56,53,52,53,56,55,55,59,55,50,53,53,53,57,55,55,57,56,55,55,53,52,56,53,51,53,49,53,55,53,53,53,55,52,55,52,56,49,49,49,46,49,43,46,42,41,41,42,34,34,,,,,,,,,,,,,,,,,,,,,,,,,,,,,,,,,,,,,,,,,,,,,,,,,,,,,,,,,,,,,,,,,,,,,,,,,,,,,,,,,,,,,,,,,,,,,,,,,,,,,,,,,,,,,,,,,,,,,,,,,,,,,,,,,,,,,,,,,,,,,,,,,,,,,,,,,,,,,,,,,,,,,,,,,,,,,,,,,,,,,,,,,,,,,,,,
18,22,22,23,23,23,22,23,22,23,23,23,23,23,23,23,27,25,27,29,29,30,33,38,41,37,41,40,41,46,49,45,49,50,49,46,47,46,49,49,52,55,53,53,52,53,55,57,52,55,53,52,52,56,56,55,53,55,52,49,49,47,44,47,41,,,,,,,,,,,,,,,,,,,,,,,,,,,,,,,,,,,,,,,,,,,,,,,,,,,,,,,,,,,,,,,,,,,,,,,,,,,,,,,,,,,,,,,,,,,,,,,,,,,,,,,,,,,,,,,,,,,,,,,,,,,,,,,,,,,,,,,,,,,,,,,,,,,,,,,,,,,,,,,,,,,,,,,,,,,,,,,,,,,,,,,,,,,,,,,,
19,44,47,47,53,46,47,43,46,44,47,47,39,39,38,36,37,38,37,36,29,23,23,22,23,23,23,22,23,23,23,23,23,23,22,22,23,23,23,23,23,23,23,23,23,23,23,27,27,29,29,32,31,34,39,39,42,46,44,46,44,47,44,44,44,,,,,,,,,,,,,,,,,,,,,,,,,,,,,,,,,,,,,,,,,,,,,,,,,,,,,,,,,,,,,,,,,,,,,,,,,,,,,,,,,,,,,,,,,,,,,,,,,,,,,,,,,,,,,,,,,,,,,,,,,,,,,,,,,,,,,,,,,,,,,,,,,,,,,,,,,,,,,,,,,,,,,,,,,,,,,,,,,,,,,,,,,,,,,,,,
20,42,44,49,44,46,47,51,53,49,49,50,53,55,52,52,54,52,50,52,50,52,52,52,53,52,47,50,53,52,49,47,47,46,46,47,44,41,41,38,41,41,38,39,34,34,33,34,32,34,34,29,23,23,23,23,23,23,23,22,23,23,23,23,22,,,,,,,,,,,,,,,,,,,,,,,,,,,,,,,,,,,,,,,,,,,,,,,,,,,,,,,,,,,,,,,,,,,,,,,,,,,,,,,,,,,,,,,,,,,,,,,,,,,,,,,,,,,,,,,,,,,,,,,,,,,,,,,,,,,,,,,,,,,,,,,,,,,,,,,,,,,,,,,,,,,,,,,,,,,,,,,,,,,,,,,,,,,,,,,,
21,29,31,34,37,37,37,39,41,43,41,45,47,49,47,47,50,44,50,53,55,50,52,52,52,55,50,50,49,49,56,53,53,49,52,50,53,50,54,52,49,55,52,49,50,52,50,49,52,51,52,49,55,50,50,50,52,53,49,47,49,52,47,42,39,,,,,,,,,,,,,,,,,,,,,,,,,,,,,,,,,,,,,,,,,,,,,,,,,,,,,,,,,,,,,,,,,,,,,,,,,,,,,,,,,,,,,,,,,,,,,,,,,,,,,,,,,,,,,,,,,,,,,,,,,,,,,,,,,,,,,,,,,,,,,,,,,,,,,,,,,,,,,,,,,,,,,,,,,,,,,,,,,,,,,,,,,,,,,,,,
22,22,22,22,23,23,23,23,23,23,23,23,23,23,23,22,23,22,23,23,23,22,23,23,23,23,25,26,27,28,29,29,32,33,37,38,38,36,38,39,41,43,47,47,49,49,47,50,46,50,53,53,54,56,51,51,56,52,50,49,52,47,45,42,42,,,,,,,,,,,,,,,,,,,,,,,,,,,,,,,,,,,,,,,,,,,,,,,,,,,,,,,,,,,,,,,,,,,,,,,,,,,,,,,,,,,,,,,,,,,,,,,,,,,,,,,,,,,,,,,,,,,,,,,,,,,,,,,,,,,,,,,,,,,,,,,,,,,,,,,,,,,,,,,,,,,,,,,,,,,,,,,,,,,,,,,,,,,,,,,,
23,41,43,49,46,49,53,52,50,50,50,48,44,42,46,43,43,38,39,38,39,40,36,34,31,32,33,34,31,32,27,23,22,22,23,23,22,23,23,23,23,22,22,23,23,23,23,22,23,22,23,23,23,23,22,23,23,25,25,25,26,27,27,27,29,,,,,,,,,,,,,,,,,,,,,,,,,,,,,,,,,,,,,,,,,,,,,,,,,,,,,,,,,,,,,,,,,,,,,,,,,,,,,,,,,,,,,,,,,,,,,,,,,,,,,,,,,,,,,,,,,,,,,,,,,,,,,,,,,,,,,,,,,,,,,,,,,,,,,,,,,,,,,,,,,,,,,,,,,,,,,,,,,,,,,,,,,,,,,,,,
24,47,45,50,49,52,50,54,51,50,52,53,53,52,53,53,53,50,52,52,52,50,47,48,50,49,52,47,44,42,40,42,46,39,37,37,37,35,38,37,35,28,25,24,24,24,24,24,24,24,24,24,24,25,24,25,24,24,24,24,24,24,24,24,24,,,,,,,,,,,,,,,,,,,,,,,,,,,,,,,,,,,,,,,,,,,,,,,,,,,,,,,,,,,,,,,,,,,,,,,,,,,,,,,,,,,,,,,,,,,,,,,,,,,,,,,,,,,,,,,,,,,,,,,,,,,,,,,,,,,,,,,,,,,,,,,,,,,,,,,,,,,,,,,,,,,,,,,,,,,,,,,,,,,,,,,,,,,,,,,,
25,37,44,40,46,44,44,49,50,49,50,50,52,53,52,54,55,53,52,50,52,50,52,52,52,53,50,50,50,49,52,52,53,51,52,52,49,52,52,53,52,50,50,52,56,50,48,53,53,50,51,50,47,47,44,45,45,44,40,38,40,38,37,37,35,,,,,,,,,,,,,,,,,,,,,,,,,,,,,,,,,,,,,,,,,,,,,,,,,,,,,,,,,,,,,,,,,,,,,,,,,,,,,,,,,,,,,,,,,,,,,,,,,,,,,,,,,,,,,,,,,,,,,,,,,,,,,,,,,,,,,,,,,,,,,,,,,,,,,,,,,,,,,,,,,,,,,,,,,,,,,,,,,,,,,,,,,,,,,,,,
26,24,24,24,24,24,23,24,23,24,24,24,23,24,24,24,27,28,28,30,30,31,32,37,39,39,41,40,44,42,42,42,47,47,48,48,45,51,48,50,50,55,55,53,50,53,53,50,56,52,52,50,53,53,55,52,49,47,52,50,49,48,47,44,42,,,,,,,,,,,,,,,,,,,,,,,,,,,,,,,,,,,,,,,,,,,,,,,,,,,,,,,,,,,,,,,,,,,,,,,,,,,,,,,,,,,,,,,,,,,,,,,,,,,,,,,,,,,,,,,,,,,,,,,,,,,,,,,,,,,,,,,,,,,,,,,,,,,,,,,,,,,,,,,,,,,,,,,,,,,,,,,,,,,,,,,,,,,,,,,,
27,37,41,42,42,41,40,39,42,40,44,41,38,37,33,33,34,35,35,31,30,24,24,23,24,24,24,24,24,24,24,24,24,24,23,24,26,24,23,24,24,23,24,24,24,24,24,26,26,28,30,31,30,32,37,37,39,37,37,37,40,44,39,38,40,,,,,,,,,,,,,,,,,,,,,,,,,,,,,,,,,,,,,,,,,,,,,,,,,,,,,,,,,,,,,,,,,,,,,,,,,,,,,,,,,,,,,,,,,,,,,,,,,,,,,,,,,,,,,,,,,,,,,,,,,,,,,,,,,,,,,,,,,,,,,,,,,,,,,,,,,,,,,,,,,,,,,,,,,,,,,,,,,,,,,,,,,,,,,,,,
28,43,47,45,50,50,47,50,50,52,49,49,50,56,48,53,55,50,55,53,52,50,55,52,49,50,52,53,50,52,51,48,47,45,45,45,44,41,42,40,42,42,39,39,35,32,37,39,33,35,33,28,25,24,24,24,25,25,24,24,24,24,24,24,24,,,,,,,,,,,,,,,,,,,,,,,,,,,,,,,,,,,,,,,,,,,,,,,,,,,,,,,,,,,,,,,,,,,,,,,,,,,,,,,,,,,,,,,,,,,,,,,,,,,,,,,,,,,,,,,,,,,,,,,,,,,,,,,,,,,,,,,,,,,,,,,,,,,,,,,,,,,,,,,,,,,,,,,,,,,,,,,,,,,,,,,,,,,,,,,,
29,28,32,34,37,37,39,38,40,42,44,44,49,47,49,44,47,45,47,52,53,50,51,52,52,55,50,53,53,53,53,53,55,52,50,53,55,53,53,50,50,55,52,50,53,54,53,53,52,53,51,50,49,51,50,52,52,50,49,49,45,47,44,42,39,,,,,,,,,,,,,,,,,,,,,,,,,,,,,,,,,,,,,,,,,,,,,,,,,,,,,,,,,,,,,,,,,,,,,,,,,,,,,,,,,,,,,,,,,,,,,,,,,,,,,,,,,,,,,,,,,,,,,,,,,,,,,,,,,,,,,,,,,,,,,,,,,,,,,,,,,,,,,,,,,,,,,,,,,,,,,,,,,,,,,,,,,,,,,,,,
30,23,24,24,24,24,24,24,24,24,24,24,24,24,24,24,24,24,24,24,23,24,24,24,25,24,26,28,28,30,30,28,31,35,37,37,38,39,41,40,41,42,45,47,45,49,47,50,48,49,50,55,50,52,52,53,53,50,49,50,47,47,47,45,42,,,,,,,,,,,,,,,,,,,,,,,,,,,,,,,,,,,,,,,,,,,,,,,,,,,,,,,,,,,,,,,,,,,,,,,,,,,,,,,,,,,,,,,,,,,,,,,,,,,,,,,,,,,,,,,,,,,,,,,,,,,,,,,,,,,,,,,,,,,,,,,,,,,,,,,,,,,,,,,,,,,,,,,,,,,,,,,,,,,,,,,,,,,,,,,,
31,42,45,47,50,47,47,55,53,48,50,47,47,47,48,44,42,40,39,42,40,39,37,34,33,34,33,33,33,32,28,24,24,24,24,24,24,25,24,24,24,24,24,24,24,24,24,24,24,24,24,24,24,24,23,24,24,26,26,26,26,28,30,28,30,,,,,,,,,,,,,,,,,,,,,,,,,,,,,,,,,,,,,,,,,,,,,,,,,,,,,,,,,,,,,,,,,,,,,,,,,,,,,,,,,,,,,,,,,,,,,,,,,,,,,,,,,,,,,,,,,,,,,,,,,,,,,,,,,,,,,,,,,,,,,,,,,,,,,,,,,,,,,,,,,,,,,,,,,,,,,,,,,,,,,,,,,,,,,,,,
32,49,47,50,50,54,52,52,56,56,54,54,54,53,56,54,49,51,51,54,53,56,47,53,54,51,47,45,41,44,42,45,45,42,39,36,38,40,36,38,36,29,25,25,25,25,25,25,25,25,25,25,25,25,26,26,25,27,25,25,25,25,25,25,25,,,,,,,,,,,,,,,,,,,,,,,,,,,,,,,,,,,,,,,,,,,,,,,,,,,,,,,,,,,,,,,,,,,,,,,,,,,,,,,,,,,,,,,,,,,,,,,,,,,,,,,,,,,,,,,,,,,,,,,,,,,,,,,,,,,,,,,,,,,,,,,,,,,,,,,,,,,,,,,,,,,,,,,,,,,,,,,,,,,,,,,,,,,,,,,,
33,38,41,47,45,47,48,47,50,50,52,54,54,54,56,54,56,54,56,51,54,56,58,49,54,55,54,54,54,56,54,56,52,54,52,54,53,55,54,54,54,52,52,51,54,54,54,52,56,54,52,52,51,48,47,49,49,48,42,43,44,38,41,38,34,,,,,,,,,,,,,,,,,,,,,,,,,,,,,,,,,,,,,,,,,,,,,,,,,,,,,,,,,,,,,,,,,,,,,,,,,,,,,,,,,,,,,,,,,,,,,,,,,,,,,,,,,,,,,,,,,,,,,,,,,,,,,,,,,,,,,,,,,,,,,,,,,,,,,,,,,,,,,,,,,,,,,,,,,,,,,,,,,,,,,,,,,,,,,,,,
34,25,25,25,25,25,25,25,25,25,25,25,25,25,25,25,29,30,29,32,32,32,32,38,42,40,41,40,42,43,47,45,49,50,49,48,49,50,50,53,51,54,55,57,61,54,56,56,57,56,56,55,52,54,52,54,51,56,52,52,52,51,48,47,49,,,,,,,,,,,,,,,,,,,,,,,,,,,,,,,,,,,,,,,,,,,,,,,,,,,,,,,,,,,,,,,,,,,,,,,,,,,,,,,,,,,,,,,,,,,,,,,,,,,,,,,,,,,,,,,,,,,,,,,,,,,,,,,,,,,,,,,,,,,,,,,,,,,,,,,,,,,,,,,,,,,,,,,,,,,,,,,,,,,,,,,,,,,,,,,,
35,43,43,45,45,44,45,42,42,40,43,43,37,36,36,34,38,38,36,34,29,25,25,25,25,25,25,25,25,25,25,25,25,25,25,25,27,25,25,25,25,25,25,25,25,25,25,27,28,29,29,31,32,35,38,40,40,38,41,41,42,42,43,42,42,,,,,,,,,,,,,,,,,,,,,,,,,,,,,,,,,,,,,,,,,,,,,,,,,,,,,,,,,,,,,,,,,,,,,,,,,,,,,,,,,,,,,,,,,,,,,,,,,,,,,,,,,,,,,,,,,,,,,,,,,,,,,,,,,,,,,,,,,,,,,,,,,,,,,,,,,,,,,,,,,,,,,,,,,,,,,,,,,,,,,,,,,,,,,,,,
36,47,49,49,50,53,54,54,54,52,51,52,54,54,52,55,54,52,55,54,54,54,54,56,52,55,51,54,51,56,52,52,49,47,48,48,47,45,43,43,43,45,44,42,36,35,36,36,36,36,35,29,25,25,26,25,25,27,25,25,25,25,25,25,25,,,,,,,,,,,,,,,,,,,,,,,,,,,,,,,,,,,,,,,,,,,,,,,,,,,,,,,,,,,,,,,,,,,,,,,,,,,,,,,,,,,,,,,,,,,,,,,,,,,,,,,,,,,,,,,,,,,,,,,,,,,,,,,,,,,,,,,,,,,,,,,,,,,,,,,,,,,,,,,,,,,,,,,,,,,,,,,,,,,,,,,,,,,,,,,,
37,31,36,37,38,42,40,43,43,44,49,45,49,49,51,52,47,52,50,55,53,59,54,54,56,56,56,56,56,56,56,54,56,56,51,56,54,54,56,56,54,52,54,52,54,54,59,52,55,57,55,54,56,56,54,56,54,52,50,57,50,51,47,42,42,,,,,,,,,,,,,,,,,,,,,,,,,,,,,,,,,,,,,,,,,,,,,,,,,,,,,,,,,,,,,,,,,,,,,,,,,,,,,,,,,,,,,,,,,,,,,,,,,,,,,,,,,,,,,,,,,,,,,,,,,,,,,,,,,,,,,,,,,,,,,,,,,,,,,,,,,,,,,,,,,,,,,,,,,,,,,,,,,,,,,,,,,,,,,,,,
38,25,25,25,25,25,25,25,25,25,25,25,25,25,25,25,25,25,25,25,25,25,25,25,25,25,27,28,29,30,31,31,32,36,40,36,40,41,39,41,44,44,47,47,48,50,49,50,51,50,51,56,55,52,54,54,50,52,54,49,49,49,52,47,43,,,,,,,,,,,,,,,,,,,,,,,,,,,,,,,,,,,,,,,,,,,,,,,,,,,,,,,,,,,,,,,,,,,,,,,,,,,,,,,,,,,,,,,,,,,,,,,,,,,,,,,,,,,,,,,,,,,,,,,,,,,,,,,,,,,,,,,,,,,,,,,,,,,,,,,,,,,,,,,,,,,,,,,,,,,,,,,,,,,,,,,,,,,,,,,,
39,44,47,50,52,47,51,50,52,51,52,49,49,49,51,46,47,42,44,44,41,41,40,38,35,38,36,36,38,34,31,27,25,25,26,25,25,25,25,25,25,25,25,25,25,25,25,25,25,25,25,25,25,25,25,25,25,28,27,28,30,31,31,32,33,,,,,,,,,,,,,,,,,,,,,,,,,,,,,,,,,,,,,,,,,,,,,,,,,,,,,,,,,,,,,,,,,,,,,,,,,,,,,,,,,,,,,,,,,,,,,,,,,,,,,,,,,,,,,,,,,,,,,,,,,,,,,,,,,,,,,,,,,,,,,,,,,,,,,,,,,,,,,,,,,,,,,,,,,,,,,,,,,,,,,,,,,,,,,,,,
40,47,48,47,47,52,54,49,52,50,55,52,54,50,49,49,53,55,54,54,54,49,49,46,47,47,49,44,44,41,45,42,44,39,35,37,37,37,35,37,35,28,26,24,26,25,25,25,24,25,24,24,24,24,26,24,25,24,24,26,26,24,24,25,24,,,,,,,,,,,,,,,,,,,,,,,,,,,,,,,,,,,,,,,,,,,,,,,,,,,,,,,,,,,,,,,,,,,,,,,,,,,,,,,,,,,,,,,,,,,,,,,,,,,,,,,,,,,,,,,,,,,,,,,,,,,,,,,,,,,,,,,,,,,,,,,,,,,,,,,,,,,,,,,,,,,,,,,,,,,,,,,,,,,,,,,,,,,,,,,,
41,37,41,44,42,44,44,47,50,50,55,52,52,52,52,57,54,55,50,54,52,52,52,54,52,50,51,50,52,55,55,52,52,54,52,52,51,54,54,54,52,53,54,54,52,52,54,54,52,54,52,50,49,46,47,48,49,45,41,39,39,41,37,35,33,,,,,,,,,,,,,,,,,,,,,,,,,,,,,,,,,,,,,,,,,,,,,,,,,,,,,,,,,,,,,,,,,,,,,,,,,,,,,,,,,,,,,,,,,,,,,,,,,,,,,,,,,,,,,,,,,,,,,,,,,,,,,,,,,,,,,,,,,,,,,,,,,,,,,,,,,,,,,,,,,,,,,,,,,,,,,,,,,,,,,,,,,,,,,,,,
42,24,24,25,25,24,24,24,24,25,24,24,25,25,25,26,29,29,30,30,32,34,32,37,39,39,46,39,41,44,49,45,49,47,51,52,49,52,52,52,54,51,55,51,53,52,54,54,54,53,53,55,52,54,54,51,52,49,51,54,50,47,47,46,49,,,,,,,,,,,,,,,,,,,,,,,,,,,,,,,,,,,,,,,,,,,,,,,,,,,,,,,,,,,,,,,,,,,,,,,,,,,,,,,,,,,,,,,,,,,,,,,,,,,,,,,,,,,,,,,,,,,,,,,,,,,,,,,,,,,,,,,,,,,,,,,,,,,,,,,,,,,,,,,,,,,,,,,,,,,,,,,,,,,,,,,,,,,,,,,,
43,41,44,47,45,44,42,44,42,39,42,42,39,37,36,35,37,37,34,33,30,25,25,24,26,25,24,25,26,24,25,25,24,24,24,24,26,25,24,24,24,25,26,24,24,25,26,28,28,30,30,31,31,33,37,39,39,40,40,40,41,42,42,42,41,,,,,,,,,,,,,,,,,,,,,,,,,,,,,,,,,,,,,,,,,,,,,,,,,,,,,,,,,,,,,,,,,,,,,,,,,,,,,,,,,,,,,,,,,,,,,,,,,,,,,,,,,,,,,,,,,,,,,,,,,,,,,,,,,,,,,,,,,,,,,,,,,,,,,,,,,,,,,,,,,,,,,,,,,,,,,,,,,,,,,,,,,,,,,,,,
44,43,45,47,49,49,47,49,52,53,52,55,52,54,52,57,57,52,55,53,50,52,55,52,53,53,51,54,51,50,53,47,47,50,47,47,42,42,42,39,42,42,42,37,37,33,35,33,33,35,33,28,25,25,26,24,24,25,25,24,24,24,24,24,24,,,,,,,,,,,,,,,,,,,,,,,,,,,,,,,,,,,,,,,,,,,,,,,,,,,,,,,,,,,,,,,,,,,,,,,,,,,,,,,,,,,,,,,,,,,,,,,,,,,,,,,,,,,,,,,,,,,,,,,,,,,,,,,,,,,,,,,,,,,,,,,,,,,,,,,,,,,,,,,,,,,,,,,,,,,,,,,,,,,,,,,,,,,,,,,,
45,30,33,35,37,39,37,41,42,42,44,44,49,49,47,49,45,47,49,54,52,54,54,51,53,54,49,53,54,55,54,50,55,52,54,52,54,52,52,52,53,51,51,52,51,54,53,50,51,51,55,52,53,51,52,50,52,52,50,49,46,47,46,40,41,,,,,,,,,,,,,,,,,,,,,,,,,,,,,,,,,,,,,,,,,,,,,,,,,,,,,,,,,,,,,,,,,,,,,,,,,,,,,,,,,,,,,,,,,,,,,,,,,,,,,,,,,,,,,,,,,,,,,,,,,,,,,,,,,,,,,,,,,,,,,,,,,,,,,,,,,,,,,,,,,,,,,,,,,,,,,,,,,,,,,,,,,,,,,,,,
46,24,24,24,25,25,25,26,24,26,26,24,25,25,25,25,26,24,24,25,24,24,24,24,26,26,26,30,30,30,30,33,33,37,41,39,42,42,42,47,44,46,47,50,49,51,47,49,52,51,54,54,55,57,54,52,52,55,55,51,52,51,44,45,45,,,,,,,,,,,,,,,,,,,,,,,,,,,,,,,,,,,,,,,,,,,,,,,,,,,,,,,,,,,,,,,,,,,,,,,,,,,,,,,,,,,,,,,,,,,,,,,,,,,,,,,,,,,,,,,,,,,,,,,,,,,,,,,,,,,,,,,,,,,,,,,,,,,,,,,,,,,,,,,,,,,,,,,,,,,,,,,,,,,,,,,,,,,,,,,,
47,45,49,50,54,50,50,52,54,51,49,52,49,51,47,50,49,44,45,42,42,42,37,37,37,38,37,37,35,35,30,25,24,24,26,24,25,26,24,25,25,26,25,25,26,26,24,26,24,25,25,26,26,26,25,26,25,28,28,30,30,30,30,31,33,,,,,,,,,,,,,,,,,,,,,,,,,,,,,,,,,,,,,,,,,,,,,,,,,,,,,,,,,,,,,,,,,,,,,,,,,,,,,,,,,,,,,,,,,,,,,,,,,,,,,,,,,,,,,,,,,,,,,,,,,,,,,,,,,,,,,,,,,,,,,,,,,,,,,,,,,,,,,,,,,,,,,,,,,,,,,,,,,,,,,,,,,,,,,,,,
48,44,51,50,51,52,54,56,51,53,54,56,52,57,51,54,51,53,52,56,51,53,49,48,51,53,46,48,45,48,48,46,46,43,41,40,40,38,35,38,38,29,24,25,24,25,25,25,24,25,24,24,25,24,24,24,24,25,24,25,24,24,25,25,24,,,,,,,,,,,,,,,,,,,,,,,,,,,,,,,,,,,,,,,,,,,,,,,,,,,,,,,,,,,,,,,,,,,,,,,,,,,,,,,,,,,,,,,,,,,,,,,,,,,,,,,,,,,,,,,,,,,,,,,,,,,,,,,,,,,,,,,,,,,,,,,,,,,,,,,,,,,,,,,,,,,,,,,,,,,,,,,,,,,,,,,,,,,,,,,,
49,40,43,45,46,47,46,48,53,56,54,50,51,54,52,53,51,52,51,56,54,54,51,51,56,54,56,55,53,55,51,57,56,56,56,54,53,57,54,56,51,54,54,53,54,53,54,54,54,53,53,53,48,46,50,46,48,46,46,41,41,39,40,38,36,,,,,,,,,,,,,,,,,,,,,,,,,,,,,,,,,,,,,,,,,,,,,,,,,,,,,,,,,,,,,,,,,,,,,,,,,,,,,,,,,,,,,,,,,,,,,,,,,,,,,,,,,,,,,,,,,,,,,,,,,,,,,,,,,,,,,,,,,,,,,,,,,,,,,,,,,,,,,,,,,,,,,,,,,,,,,,,,,,,,,,,,,,,,,,,,
50,24,24,24,24,24,24,24,24,24,24,24,24,24,24,25,27,29,27,29,29,32,33,36,40,36,41,41,39,43,44,45,48,48,48,47,49,48,49,49,56,56,57,56,53,55,53,56,51,51,53,51,51,53,51,51,53,54,48,53,50,49,46,45,43,,,,,,,,,,,,,,,,,,,,,,,,,,,,,,,,,,,,,,,,,,,,,,,,,,,,,,,,,,,,,,,,,,,,,,,,,,,,,,,,,,,,,,,,,,,,,,,,,,,,,,,,,,,,,,,,,,,,,,,,,,,,,,,,,,,,,,,,,,,,,,,,,,,,,,,,,,,,,,,,,,,,,,,,,,,,,,,,,,,,,,,,,,,,,,,,
51,45,43,46,46,42,45,40,40,42,40,40,40,38,34,35,38,38,34,36,29,25,25,23,25,25,25,24,24,25,25,25,24,24,24,25,25,24,24,24,25,24,25,25,25,24,25,27,29,29,29,31,31,33,36,38,39,43,39,39,42,42,43,43,41,,,,,,,,,,,,,,,,,,,,,,,,,,,,,,,,,,,,,,,,,,,,,,,,,,,,,,,,,,,,,,,,,,,,,,,,,,,,,,,,,,,,,,,,,,,,,,,,,,,,,,,,,,,,,,,,,,,,,,,,,,,,,,,,,,,,,,,,,,,,,,,,,,,,,,,,,,,,,,,,,,,,,,,,,,,,,,,,,,,,,,,,,,,,,,,,
52,43,44,51,46,50,50,54,51,50,51,51,54,51,53,51,51,54,51,51,51,51,53,50,52,51,53,56,51,51,50,51,46,46,45,48,43,45,40,38,40,40,41,36,36,33,34,33,32,33,32,29,24,24,25,24,24,25,24,24,24,24,24,24,24,,,,,,,,,,,,,,,,,,,,,,,,,,,,,,,,,,,,,,,,,,,,,,,,,,,,,,,,,,,,,,,,,,,,,,,,,,,,,,,,,,,,,,,,,,,,,,,,,,,,,,,,,,,,,,,,,,,,,,,,,,,,,,,,,,,,,,,,,,,,,,,,,,,,,,,,,,,,,,,,,,,,,,,,,,,,,,,,,,,,,,,,,,,,,,,,
53,29,33,38,38,43,41,40,44,46,46,45,51,51,46,48,49,49,49,57,53,53,54,56,53,53,51,56,53,56,56,54,54,56,53,50,55,56,50,54,56,54,56,54,51,55,53,53,53,54,54,56,54,51,53,53,54,54,51,54,50,45,47,46,43,,,,,,,,,,,,,,,,,,,,,,,,,,,,,,,,,,,,,,,,,,,,,,,,,,,,,,,,,,,,,,,,,,,,,,,,,,,,,,,,,,,,,,,,,,,,,,,,,,,,,,,,,,,,,,,,,,,,,,,,,,,,,,,,,,,,,,,,,,,,,,,,,,,,,,,,,,,,,,,,,,,,,,,,,,,,,,,,,,,,,,,,,,,,,,,,
54,24,24,24,25,25,24,24,24,24,25,25,25,24,25,24,25,24,24,25,24,25,25,25,24,25,26,29,29,29,33,31,35,35,41,42,39,38,40,40,46,43,48,46,49,46,46,46,48,48,53,50,51,51,48,48,48,51,48,49,46,48,46,46,42,,,,,,,,,,,,,,,,,,,,,,,,,,,,,,,,,,,,,,,,,,,,,,,,,,,,,,,,,,,,,,,,,,,,,,,,,,,,,,,,,,,,,,,,,,,,,,,,,,,,,,,,,,,,,,,,,,,,,,,,,,,,,,,,,,,,,,,,,,,,,,,,,,,,,,,,,,,,,,,,,,,,,,,,,,,,,,,,,,,,,,,,,,,,,,,,
55,48,50,46,53,54,53,54,53,51,51,51,48,48,51,47,48,46,45,45,41,41,38,38,36,36,40,36,34,36,31,24,24,25,25,25,24,24,24,25,24,25,24,25,25,25,24,25,24,25,25,25,25,25,24,25,25,27,29,29,29,29,29,31,36,,,,,,,,,,,,,,,,,,,,,,,,,,,,,,,,,,,,,,,,,,,,,,,,,,,,,,,,,,,,,,,,,,,,,,,,,,,,,,,,,,,,,,,,,,,,,,,,,,,,,,,,,,,,,,,,,,,,,,,,,,,,,,,,,,,,,,,,,,,,,,,,,,,,,,,,,,,,,,,,,,,,,,,,,,,,,,,,,,,,,,,,,,,,,,,,
56,42,45,44,45,48,47,49,47,49,48,52,52,48,50,49,50,52,53,49,50,47,42,45,45,45,44,42,38,41,40,40,39,36,33,35,33,33,33,33,32,28,24,24,24,24,24,24,24,24,24,24,24,24,24,24,24,24,24,24,24,24,24,24,24,,,,,,,,,,,,,,,,,,,,,,,,,,,,,,,,,,,,,,,,,,,,,,,,,,,,,,,,,,,,,,,,,,,,,,,,,,,,,,,,,,,,,,,,,,,,,,,,,,,,,,,,,,,,,,,,,,,,,,,,,,,,,,,,,,,,,,,,,,,,,,,,,,,,,,,,,,,,,,,,,,,,,,,,,,,,,,,,,,,,,,,,,,,,,,,,
57,38,43,42,47,45,45,49,50,50,54,55,55,52,52,52,55,50,53,50,51,50,50,52,53,51,53,50,53,50,52,53,52,52,52,51,53,50,52,53,53,52,52,50,50,50,55,50,53,50,56,53,50,48,50,47,45,45,45,39,42,39,37,37,33,,,,,,,,,,,,,,,,,,,,,,,,,,,,,,,,,,,,,,,,,,,,,,,,,,,,,,,,,,,,,,,,,,,,,,,,,,,,,,,,,,,,,,,,,,,,,,,,,,,,,,,,,,,,,,,,,,,,,,,,,,,,,,,,,,,,,,,,,,,,,,,,,,,,,,,,,,,,,,,,,,,,,,,,,,,,,,,,,,,,,,,,,,,,,,,,
58,24,24,24,24,24,24,24,24,24,24,24,24,24,24,24,28,27,27,30,29,31,31,35,37,37,37,38,42,40,40,42,43,47,45,47,44,49,48,47,50,47,49,50,48,53,49,52,48,50,50,50,48,50,53,49,49,52,52,50,45,48,43,45,42,,,,,,,,,,,,,,,,,,,,,,,,,,,,,,,,,,,,,,,,,,,,,,,,,,,,,,,,,,,,,,,,,,,,,,,,,,,,,,,,,,,,,,,,,,,,,,,,,,,,,,,,,,,,,,,,,,,,,,,,,,,,,,,,,,,,,,,,,,,,,,,,,,,,,,,,,,,,,,,,,,,,,,,,,,,,,,,,,,,,,,,,,,,,,,,,
59,40,38,42,40,42,40,38,39,38,38,38,38,33,33,33,33,33,33,33,28,24,24,23,24,24,24,24,24,24,24,24,24,24,24,24,25,24,24,24,25,24,24,24,24,24,24,26,26,27,28,30,31,31,38,34,36,37,38,38,38,39,40,37,38,,,,,,,,,,,,,,,,,,,,,,,,,,,,,,,,,,,,,,,,,,,,,,,,,,,,,,,,,,,,,,,,,,,,,,,,,,,,,,,,,,,,,,,,,,,,,,,,,,,,,,,,,,,,,,,,,,,,,,,,,,,,,,,,,,,,,,,,,,,,,,,,,,,,,,,,,,,,,,,,,,,,,,,,,,,,,,,,,,,,,,,,,,,,,,,,
60,42,42,45,48,45,48,50,50,50,48,50,49,50,50,50,49,53,48,49,49,50,50,50,48,48,52,49,50,48,49,50,47,44,45,47,42,40,40,38,39,40,38,37,33,33,33,33,33,33,33,27,24,24,24,24,24,24,24,24,24,24,24,24,24,,,,,,,,,,,,,,,,,,,,,,,,,,,,,,,,,,,,,,,,,,,,,,,,,,,,,,,,,,,,,,,,,,,,,,,,,,,,,,,,,,,,,,,,,,,,,,,,,,,,,,,,,,,,,,,,,,,,,,,,,,,,,,,,,,,,,,,,,,,,,,,,,,,,,,,,,,,,,,,,,,,,,,,,,,,,,,,,,,,,,,,,,,,,,,,,
61,26,31,33,34,35,33,34,37,37,39,38,40,43,42,43,40,43,43,45,45,44,45,45,47,48,45,45,47,45,47,47,47,45,43,46,49,47,45,44,48,48,45,44,47,45,42,46,45,45,44,45,44,47,47,45,45,45,45,44,45,44,40,37,36,,,,,,,,,,,,,,,,,,,,,,,,,,,,,,,,,,,,,,,,,,,,,,,,,,,,,,,,,,,,,,,,,,,,,,,,,,,,,,,,,,,,,,,,,,,,,,,,,,,,,,,,,,,,,,,,,,,,,,,,,,,,,,,,,,,,,,,,,,,,,,,,,,,,,,,,,,,,,,,,,,,,,,,,,,,,,,,,,,,,,,,,,,,,,,,,
62,24,24,24,24,24,24,24,24,24,24,25,24,24,24,24,24,24,24,24,24,24,24,24,24,24,25,28,26,30,30,28,31,33,33,35,36,37,38,40,39,40,40,45,40,45,44,47,42,42,45,48,44,48,45,45,44,45,47,45,44,42,44,42,40,,,,,,,,,,,,,,,,,,,,,,,,,,,,,,,,,,,,,,,,,,,,,,,,,,,,,,,,,,,,,,,,,,,,,,,,,,,,,,,,,,,,,,,,,,,,,,,,,,,,,,,,,,,,,,,,,,,,,,,,,,,,,,,,,,,,,,,,,,,,,,,,,,,,,,,,,,,,,,,,,,,,,,,,,,,,,,,,,,,,,,,,,,,,,,,,
63,43,45,47,47,47,45,45,43,42,45,44,44,45,45,42,40,40,37,39,40,40,35,33,31,33,33,33,33,31,29,24,24,24,24,24,24,24,24,24,24,24,24,24,24,24,24,24,24,24,24,24,24,24,24,24,24,26,26,27,27,28,28,29,31,,,,,,,,,,,,,,,,,,,,,,,,,,,,,,,,,,,,,,,,,,,,,,,,,,,,,,,,,,,,,,,,,,,,,,,,,,,,,,,,,,,,,,,,,,,,,,,,,,,,,,,,,,,,,,,,,,,,,,,,,,,,,,,,,,,,,,,,,,,,,,,,,,,,,,,,,,,,,,,,,,,,,,,,,,,,,,,,,,,,,,,,,,,,,,,,
,,,,,,,,,,,,,,,,,,,,,,,,,,,,,,,,,,,,,,,,,,,,,,,,,,,,,,,,,,,,,,,,,,,,,,,,,,,,,,,,,,,,,,,,,,,,,,,,,,,,,,,,,,,,,,,,,,,,,,,,,,,,,,,,,,,,,,,,,,,,,,,,,,,,,,,,,,,,,,,,,,,,,,,,,,,,,,,,,,,,,,,,,,,,,,,,,,,,,,,,,,,,,,,,,,,,,,,,,,,,,,,,,,,,,,,,,,,,,,,,,,,,,,,,,,,,,,,,
value,0,1,2,3,4,5,6,7,8,9,10,11,12,13,14,15,16,17,18,19,20,21,22,23,24,25,26,27,28,29,30,31,32,33,34,35,36,37,38,39,40,41,42,43,44,45,46,47,48,49,50,51,52,53,54,55,56,57,58,59,60,61,62,63,64,65,66,67,68,69,70,71,72,73,74,75,76,77,78,79,80,81,82,83,84,85,86,87,88,89,90,91,92,93,94,95,96,97,98,99,100,101,102,103,104,105,106,107,108,109,110,111,112,113,114,115,116,117,118,119,120,121,122,123,124,125,126,127,128,129,130,131,132,133,134,135,136,137,138,139,140,141,142,143,144,145,146,147,148,149,150,151,152,153,154,155,156,157,158,159,160,161,162,163,164,165,166,167,168,169,170,171,172,173,174,175,176,177,178,179,180,181,182,183,184,185,186,187,188,189,190,191,192,193,194,195,196,197,198,199,200,201,202,203,204,205,206,207,208,209,210,211,212,213,214,215,216,217,218,219,220,221,222,223,224,225,226,227,228,229,230,231,232,233,234,235,236,237,238,239,240,241,242,243,244,245,246,247,248,249,250,251,252,253,254,255
count,0,0,0,0,0,0,0,0,0,0,0,0,0,0,0,0,0,0,1,0,62,60,158,117,371,254,62,36,39,59,37,47,38,80,46,51,60,85,91,81,86,98,117,91,114,137,113,151,111,165,185,150,233,152,169,78,83,20,1,4,1,2,0,0,0,0,0,0,0,0,0,0,0,0,0,0,0,0,0,0,0,0,0,0,0,0,0,0,0,0,0,0,0,0,0,0,0,0,0,0,0,0,0,0,0,0,0,0,0,0,0,0,0,0,0,0,0,0,0,0,0,0,0,0,0,0,0,0,0,0,0,0,0,0,0,0,0,0,0,0,0,0,0,0,0,0,0,0,0,0,0,0,0,0,0,0,0,0,0,0,0,0,0,0,0,0,0,0,0,0,0,0,0,0,0,0,0,0,0,0,0,0,0,0,0,0,0,0,0,0,0,0,0,0,0,0,0,0,0,0,0,0,0,0,0,0,0,0,0,0,0,0,0,0,0,0,0,0,0,0,0,0,0,0,0,0,0,0,0,0,0,0,0,0,0,0,0,0,0,0,0,0,0,0,0,0,0,0,0,0,0,0,0,0,0,0
,,,,,,,,,,,,,,,,,,,,,,,,,,,,,,,,,,,,,,,,,,,,,,,,,,,,,,,,,,,,,,,,,,,,,,,,,,,,,,,,,,,,,,,,,,,,,,,,,,,,,,,,,,,,,,,,,,,,,,,,,,,,,,,,,,,,,,,,,,,,,,,,,,,,,,,,,,,,,,,,,,,,,,,,,,,,,,,,,,,,,,,,,,,,,,,,,,,,,,,,,,,,,,,,,,,,,,,,,,,,,,,,,,,,,,,,,,,,,,,,,,,,,,,,,,,,,,,,
3,,,,,,,,,,,,,,,,,,,,,,,,,,,,,,,,,,,,,,,,,,,,,,,,,,,,,,,,,,,,,,,,,,,,,,,,,,,,,,,,,,,,,,,,,,,,,,,,,,,,,,,,,,,,,,,,,,,,,,,,,,,,,,,,,,,,,,,,,,,,,,,,,,,,,,,,,,,,,,,,,,,,,,,,,,,,,,,,,,,,,,,,,,,,,,,,,,,,,,,,,,,,,,,,,,,,,,,,,,,,,,,,,,,,,,,,,,,,,,,,,,,,,,,,,,,,,,,,
,0,1,2,3,4,5,6,7,8,9,10,11,12,13,14,15,16,17,18,19,20,21,22,23,24,25,26,27,28,29,30,31,32,33,34,35,36,37,38,39,40,41,42,43,44,45,46,47,48,49,50,51,52,53,54,55,56,57,58,59,60,61,62,63,,,,,,,,,,,,,,,,,,,,,,,,,,,,,,,,,,,,,,,,,,,,,,,,,,,,,,,,,,,,,,,,,,,,,,,,,,,,,,,,,,,,,,,,,,,,,,,,,,,,,,,,,,,,,,,,,,,,,,,,,,,,,,,,,,,,,,,,,,,,,,,,,,,,,,,,,,,,,,,,,,,,,,,,,,,,,,,,,,,,,,,,,,,,,,,,
0,39,37,43,41,43,41,42,43,41,43,43,41,43,43,43,43,43,45,43,38,39,38,41,38,39,36,38,37,33,34,36,32,29,29,29,30,30,31,27,24,21,20,21,20,22,20,21,21,21,20,20,20,21,20,21,20,21,20,21,21,20,20,21,20,,,,,,,,,,,,,,,,,,,,,,,,,,,,,,,,,,,,,,,,,,,,,,,,,,,,,,,,,,,,,,,,,,,,,,,,,,,,,,,,,,,,,,,,,,,,,,,,,,,,,,,,,,,,,,,,,,,,,,,,,,,,,,,,,,,,,,,,,,,,,,,,,,,,,,,,,,,,,,,,,,,,,,,,,,,,,,,,,,,,,,,,,,,,,,,,
1,36,39,38,38,41,42,43,41,43,42,46,43,44,48,42,45,43,41,43,43,43,39,43,43,44,44,45,43,43,46,43,45,41,46,45,44,41,41,44,43,41,41,43,43,46,44,46,43,43,43,41,42,43,40,40,41,35,37,36,36,34,35,31,27,,,,,,,,,,,,,,,,,,,,,,,,,,,,,,,,,,,,,,,,,,,,,,,,,,,,,,,,,,,,,,,,,,,,,,,,,,,,,,,,,,,,,,,,,,,,,,,,,,,,,,,,,,,,,,,,,,,,,,,,,,,,,,,,,,,,,,,,,,,,,,,,,,,,,,,,,,,,,,,,,,,,,,,,,,,,,,,,,,,,,,,,,,,,,,,,
2,20,21,21,21,20,20,20,20,20,21,20,21,21,21,23,24,24,25,26,26,31,31,34,34,33,34,36,38,38,39,41,41,41,41,43,42,41,43,44,43,46,46,46,45,43,48,43,48,46,46,43,44,43,45,45,43,45,43,43,43,40,40,38,36,,,,,,,,,,,,,,,,,,,,,,,,,,,,,,,,,,,,,,,,,,,,,,,,,,,,,,,,,,,,,,,,,,,,,,,,,,,,,,,,,,,,,,,,,,,,,,,,,,,,,,,,,,,,,,,,,,,,,,,,,,,,,,,,,,,,,,,,,,,,,,,,,,,,,,,,,,,,,,,,,,,,,,,,,,,,,,,,,,,,,,,,,,,,,,,,
3,34,41,38,36,35,33,36,36,38,36,31,31,29,31,29,31,29,29,23,21,21,20,20,20,20,20,20,21,21,20,20,20,20,21,21,21,21,20,21,20,20,20,21,21,21,23,24,24,25,27,27,27,31,33,31,33,36,34,34,34,38,36,38,38,,,,,,,,,,,,,,,,,,,,,,,,,,,,,,,,,,,,,,,,,,,,,,,,,,,,,,,,,,,,,,,,,,,,,,,,,,,,,,,,,,,,,,,,,,,,,,,,,,,,,,,,,,,,,,,,,,,,,,,,,,,,,,,,,,,,,,,,,,,,,,,,,,,,,,,,,,,,,,,,,,,,,,,,,,,,,,,,,,,,,,,,,,,,,,,,
4,43,41,45,45,46,49,48,51,48,45,46,48,46,46,49,48,48,48,48,48,48,45,48,48,48,46,49,46,44,43,45,39,45,43,43,42,39,39,38,40,38,35,31,33,36,33,32,34,30,24,20,21,21,21,21,21,20,21,21,21,20,21,20,20,,,,,,,,,,,,,,,,,,,,,,,,,,,,,,,,,,,,,,,,,,,,,,,,,,,,,,,,,,,,,,,,,,,,,,,,,,,,,,,,,,,,,,,,,,,,,,,,,,,,,,,,,,,,,,,,,,,,,,,,,,,,,,,,,,,,,,,,,,,,,,,,,,,,,,,,,,,,,,,,,,,,,,,,,,,,,,,,,,,,,,,,,,,,,,,,
5,27,29,31,31,33,33,35,38,40,42,41,44,43,43,43,46,45,48,47,46,48,51,49,48,49,45,51,43,49,46,48,46,48,50,50,46,48,48,47,51,46,49,46,48,44,46,48,45,48,46,46,48,48,46,46,48,46,46,45,43,43,38,36,34,,,,,,,,,,,,,,,,,,,,,,,,,,,,,,,,,,,,,,,,,,,,,,,,,,,,,,,,,,,,,,,,,,,,,,,,,,,,,,,,,,,,,,,,,,,,,,,,,,,,,,,,,,,,,,,,,,,,,,,,,,,,,,,,,,,,,,,,,,,,,,,,,,,,,,,,,,,,,,,,,,,,,,,,,,,,,,,,,,,,,,,,,,,,,,,,
6,20,21,20,21,20,21,21,21,21,20,21,21,22,21,20,20,22,21,21,20,20,20,21,20,23,25,24,27,27,31,29,31,33,37,36,38,36,36,39,43,45,43,43,43,46,43,48,48,45,49,48,49,51,46,51,48,46,48,46,46,43,41,42,40,,,,,,,,,,,,,,,,,,,,,,,,,,,,,,,,,,,,,,,,,,,,,,,,,,,,,,,,,,,,,,,,,,,,,,,,,,,,,,,,,,,,,,,,,,,,,,,,,,,,,,,,,,,,,,,,,,,,,,,,,,,,,,,,,,,,,,,,,,,,,,,,,,,,,,,,,,,,,,,,,,,,,,,,,,,,,,,,,,,,,,,,,,,,,,,,
7,40,43,42,46,42,45,45,51,46,41,43,41,44,41,38,39,36,38,36,36,32,31,31,31,31,29,30,31,25,21,20,21,22,21,20,21,21,21,21,20,22,21,20,20,21,20,20,20,20,21,21,21,20,20,21,22,23,24,24,25,26,26,27,29,,,,,,,,,,,,,,,,,,,,,,,,,,,,,,,,,,,,,,,,,,,,,,,,,,,,,,,,,,,,,,,,,,,,,,,,,,,,,,,,,,,,,,,,,,,,,,,,,,,,,,,,,,,,,,,,,,,,,,,,,,,,,,,,,,,,,,,,,,,,,,,,,,,,,,,,,,,,,,,,,,,,,,,,,,,,,,,,,,,,,,,,,,,,,,,,
8,47,49,46,47,51,49,51,52,49,54,54,54,50,50,54,49,52,51,48,47,44,46,46,51,42,44,39,41,44,40,40,37,35,34,35,33,33,34,30,26,22,22,22,22,22,22,22,22,22,22,22,22,22,22,22,22,22,22,22,22,22,22,22,22,,,,,,,,,,,,,,,,,,,,,,,,,,,,,,,,,,,,,,,,,,,,,,,,,,,,,,,,,,,,,,,,,,,,,,,,,,,,,,,,,,,,,,,,,,,,,,,,,,,,,,,,,,,,,,,,,,,,,,,,,,,,,,,,,,,,,,,,,,,,,,,,,,,,,,,,,,,,,,,,,,,,,,,,,,,,,,,,,,,,,,,,,,,,,,,,
9,40,41,44,46,45,49,48,52,53,54,53,51,51,55,53,52,52,51,55,52,52,54,54,52,54,52,57,49,51,54,51,55,54,49,49,54,54,53,52,52,51,52,52,54,55,52,49,51,54,49,47,49,47,46,47,44,41,40,38,38,38,37,32,30,,,,,,,,,,,,,,,,,,,,,,,,,,,,,,,,,,,,,,,,,,,,,,,,,,,,,,,,,,,,,,,,,,,,,,,,,,,,,,,,,,,,,,,,,,,,,,,,,,,,,,,,,,,,,,,,,,,,,,,,,,,,,,,,,,,,,,,,,,,,,,,,,,,,,,,,,,,,,,,,,,,,,,,,,,,,,,,,,,,,,,,,,,,,,,,,
10,22,22,22,22,22,22,22,22,22,22,22,22,22,23,25,26,26,27,29,28,31,35,38,37,40,38,40,40,40,47,47,47,49,49,49,49,52,51,54,57,54,51,52,52,49,52,51,54,52,54,55,52,53,51,55,51,54,52,54,48,48,47,46,43,,,,,,,,,,,,,,,,,,,,,,,,,,,,,,,,,,,,,,,,,,,,,,,,,,,,,,,,,,,,,,,,,,,,,,,,,,,,,,,,,,,,,,,,,,,,,,,,,,,,,,,,,,,,,,,,,,,,,,,,,,,,,,,,,,,,,,,,,,,,,,,,,,,,,,,,,,,,,,,,,,,,,,,,,,,,,,,,,,,,,,,,,,,,,,,,
11,41,47,41,40,44,42,39,42,44,38,39,35,35,35,35,33,33,31,27,22,22,22,22,22,22,22,22,22,23,22,22,22,22,22,22,22,22,22,22,22,22,22,22,22,24,26,26,27,29,30,31,33,37,37,37,38,40,40,45,44,44,40,41,38,,,,,,,,,,,,,,,,,,,,,,,,,,,,,,,,,,,,,,,,,,,,,,,,,,,,,,,,,,,,,,,,,,,,,,,,,,,,,,,,,,,,,,,,,,,,,,,,,,,,,,,,,,,,,,,,,,,,,,,,,,,,,,,,,,,,,,,,,,,,,,,,,,,,,,,,,,,,,,,,,,,,,,,,,,,,,,,,,,,,,,,,,,,,,,,,
12,46,49,51,56,57,54,54,59,57,51,55,57,55,54,56,56,54,57,55,55,55,57,52,52,59,59,54,54,53,52,52,49,49,48,49,47,44,47,47,44,42,44,37,37,37,37,36,35,35,28,22,22,22,22,22,22,22,22,22,22,22,22,22,22,,,,,,,,,,,,,,,,,,,,,,,,,,,,,,,,,,,,,,,,,,,,,,,,,,,,,,,,,,,,,,,,,,,,,,,,,,,,,,,,,,,,,,,,,,,,,,,,,,,,,,,,,,,,,,,,,,,,,,,,,,,,,,,,,,,,,,,,,,,,,,,,,,,,,,,,,,,,,,,,,,,,,,,,,,,,,,,,,,,,,,,,,,,,,,,,
13,31,37,34,36,37,37,39,39,42,46,47,47,47,46,46,48,50,49,51,53,52,53,49,52,51,51,52,51,51,53,51,49,56,50,51,51,51,51,49,54,51,51,51,51,52,52,51,52,51,54,49,52,53,51,52,53,51,53,54,48,45,44,40,41,,,,,,,,,,,,,,,,,,,,,,,,,,,,,,,,,,,,,,,,,,,,,,,,,,,,,,,,,,,,,,,,,,,,,,,,,,,,,,,,,,,,,,,,,,,,,,,,,,,,,,,,,,,,,,,,,,,,,,,,,,,,,,,,,,,,,,,,,,,,,,,,,,,,,,,,,,,,,,,,,,,,,,,,,,,,,,,,,,,,,,,,,,,,,,,,
14,22,22,22,22,22,22,22,22,22,22,22,22,22,22,22,22,22,22,22,22,22,22,22,22,26,26,26,28,28,30,31,35,39,37,37,38,40,39,41,42,42,49,45,49,46,47,48,49,49,52,52,54,52,51,49,49,49,49,49,48,47,44,45,40,,,,,,,,,,,,,,,,,,,,,,,,,,,,,,,,,,,,,,,,,,,,,,,,,,,,,,,,,,,,,,,,,,,,,,,,,,,,,,,,,,,,,,,,,,,,,,,,,,,,,,,,,,,,,,,,,,,,,,,,,,,,,,,,,,,,,,,,,,,,,,,,,,,,,,,,,,,,,,,,,,,,,,,,,,,,,,,,,,,,,,,,,,,,,,,,
15,42,46,45,44,51,49,51,49,51,47,45,47,48,44,42,42,42,39,40,42,35,36,35,35,33,32,33,33,27,22,22,22,22,22,22,22,23,22,23,22,22,22,22,22,22,22,22,22,22,22,22,22,22,22,22,24,25,27,28,29,27,29,31,32,,,,,,,,,,,,,,,,,,,,,,,,,,,,,,,,,,,,,,,,,,,,,,,,,,,,,,,,,,,,,,,,,,,,,,,,,,,,,,,,,,,,,,,,,,,,,,,,,,,,,,,,,,,,,,,,,,,,,,,,,,,,,,,,,,,,,,,,,,,,,,,,,,,,,,,,,,,,,,,,,,,,,,,,,,,,,,,,,,,,,,,,,,,,,,,,
16,42,44,44,47,49,52,49,50,52,52,52,52,55,52,50,53,51,52,49,49,46,46,46,46,42,41,40,39,37,39,38,36,31,33,32,34,34,34,30,26,23,22,22,23,23,23,23,22,23,23,22,23,22,23,23,23,22,22,23,23,23,23,23,22,,,,,,,,,,,,,,,,,,,,,,,,,,,,,,,,,,,,,,,,,,,,,,,,,,,,,,,,,,,,,,,,,,,,,,,,,,,,,,,,,,,,,,,,,,,,,,,,,,,,,,,,,,,,,,,,,,,,,,,,,,,,,,,,,,,,,,,,,,,,,,,,,,,,,,,,,,,,,,,,,,,,,,,,,,,,,,,,,,,,,,,,,,,,,,,,
17,41,45,44,49,44,47,49,53,50,56,52,53,55,50,56,53,53,55,57,53,57,54,54,52,54,53,56,54,55,55,56,56,53,54,53,55,57,54,50,52,50,54,53,52,55,55,54,53,56,50,53,47,49,49,46,46,41,44,42,42,41,41,34,31,,,,,,,,,,,,,,,,,,,,,,,,,,,,,,,,,,,,,,,,,,,,,,,,,,,,,,,,,,,,,,,,,,,,,,,,,,,,,,,,,,,,,,,,,,,,,,,,,,,,,,,,,,,,,,,,,,,,,,,,,,,,,,,,,,,,,,,,,,,,,,,,,,,,,,,,,,,,,,,,,,,,,,,,,,,,,,,,,,,,,,,,,,,,,,,,
18,22,23,23,23,23,23,23,23,23,23,23,23,23,23,25,27,27,29,29,31,34,37,39,41,39,41,41,44,47,52,47,52,49,50,49,47,47,52,50,53,53,53,52,53,52,53,55,52,53,53,53,55,55,55,53,56,54,52,49,47,47,44,46,41,,,,,,,,,,,,,,,,,,,,,,,,,,,,,,,,,,,,,,,,,,,,,,,,,,,,,,,,,,,,,,,,,,,,,,,,,,,,,,,,,,,,,,,,,,,,,,,,,,,,,,,,,,,,,,,,,,,,,,,,,,,,,,,,,,,,,,,,,,,,,,,,,,,,,,,,,,,,,,,,,,,,,,,,,,,,,,,,,,,,,,,,,,,,,,,,
19,44,50,47,52,45,46,44,47,45,47,42,36,37,37,38,38,36,36,27,23,23,23,23,23,23,23,23,23,23,23,23,23,23,23,23,23,23,23,23,23,23,23,23,24,24,26,29,27,27,31,32,34,39,43,41,43,46,44,46,44,47,49,44,44,,,,,,,,,,,,,,,,,,,,,,,,,,,,,,,,,,,,,,,,,,,,,,,,,,,,,,,,,,,,,,,,,,,,,,,,,,,,,,,,,,,,,,,,,,,,,,,,,,,,,,,,,,,,,,,,,,,,,,,,,,,,,,,,,,,,,,,,,,,,,,,,,,,,,,,,,,,,,,,,,,,,,,,,,,,,,,,,,,,,,,,,,,,,,,,,
20,42,44,47,44,44,49,52,54,49,49,52,52,55,50,52,52,54,49,53,50,49,50,53,53,52,47,52,55,49,47,46,46,46,44,44,41,38,41,40,41,41,36,36,32,35,33,34,33,31,27,23,23,22,22,23,23,23,23,23,23,23,22,23,22,,,,,,,,,,,,,,,,,,,,,,,,,,,,,,,,,,,,,,,,,,,,,,,,,,,,,,,,,,,,,,,,,,,,,,,,,,,,,,,,,,,,,,,,,,,,,,,,,,,,,,,,,,,,,,,,,,,,,,,,,,,,,,,,,,,,,,,,,,,,,,,,,,,,,,,,,,,,,,,,,,,,,,,,,,,,,,,,,,,,,,,,,,,,,,,,
21,31,34,34,36,38,38,41,41,44,41,47,49,47,48,47,52,46,50,56,53,52,53,52,52,53,52,50,50,50,52,53,54,50,52,52,52,52,50,53,52,55,54,50,50,53,52,50,52,50,51,50,53,51,49,51,53,53,49,47,49,47,43,41,37,,,,,,,,,,,,,,,,,,,,,,,,,,,,,,,,,,,,,,,,,,,,,,,,,,,,,,,,,,,,,,,,,,,,,,,,,,,,,,,,,,,,,,,,,,,,,,,,,,,,,,,,,,,,,,,,,,,,,,,,,,,,,,,,,,,,,,,,,,,,,,,,,,,,,,,,,,,,,,,,,,,,,,,,,,,,,,,,,,,,,,,,,,,,,,,,
22,23,22,22,23,23,23,23,23,23,23,23,22,23,23,23,23,23,23,23,23,23,23,23,22,25,27,27,29,29,32,32,36,36,38,39,41,38,41,43,44,44,49,47,49,46,47,52,49,56,54,55,56,53,49,51,56,53,50,50,53,47,46,43,41,,,,,,,,,,,,,,,,,,,,,,,,,,,,,,,,,,,,,,,,,,,,,,,,,,,,,,,,,,,,,,,,,,,,,,,,,,,,,,,,,,,,,,,,,,,,,,,,,,,,,,,,,,,,,,,,,,,,,,,,,,,,,,,,,,,,,,,,,,,,,,,,,,,,,,,,,,,,,,,,,,,,,,,,,,,,,,,,,,,,,,,,,,,,,,,,
23,41,46,46,46,46,52,51,48,48,47,46,46,44,43,42,39,39,39,38,38,36,33,33,32,32,34,34,31,27,23,23,23,23,23,23,23,23,22,23,22,23,23,22,23,22,23,23,23,23,23,23,22,22,23,23,25,25,25,27,27,27,27,30,29,,,,,,,,,,,,,,,,,,,,,,,,,,,,,,,,,,,,,,,,,,,,,,,,,,,,,,,,,,,,,,,,,,,,,,,,,,,,,,,,,,,,,,,,,,,,,,,,,,,,,,,,,,,,,,,,,,,,,,,,,,,,,,,,,,,,,,,,,,,,,,,,,,,,,,,,,,,,,,,,,,,,,,,,,,,,,,,,,,,,,,,,,,,,,,,,
24,47,47,50,50,50,50,52,52,50,53,53,50,52,53,55,53,52,53,53,48,50,45,49,50,47,49,45,42,43,42,39,41,37,37,37,37,35,39,35,29,24,25,24,24,24,24,24,24,25,24,24,24,24,24,25,24,24,24,24,24,24,24,24,23,,,,,,,,,,,,,,,,,,,,,,,,,,,,,,,,,,,,,,,,,,,,,,,,,,,,,,,,,,,,,,,,,,,,,,,,,,,,,,,,,,,,,,,,,,,,,,,,,,,,,,,,,,,,,,,,,,,,,,,,,,,,,,,,,,,,,,,,,,,,,,,,,,,,,,,,,,,,,,,,,,,,,,,,,,,,,,,,,,,,,,,,,,,,,,,,
25,38,43,40,45,44,44,48,50,52,52,50,52,53,52,52,55,52,52,51,50,51,50,52,53,53,52,52,50,49,52,52,55,50,53,52,50,53,52,53,50,52,52,53,54,52,47,52,53,50,49,48,46,47,45,45,42,42,39,38,39,37,37,33,32,,,,,,,,,,,,,,,,,,,,,,,,,,,,,,,,,,,,,,,,,,,,,,,,,,,,,,,,,,,,,,,,,,,,,,,,,,,,,,,,,,,,,,,,,,,,,,,,,,,,,,,,,,,,,,,,,,,,,,,,,,,,,,,,,,,,,,,,,,,,,,,,,,,,,,,,,,,,,,,,,,,,,,,,,,,,,,,,,,,,,,,,,,,,,,,,
26,24,24,24,24,24,24,24,24,24,24,24,24,24,24,28,26,28,30,31,32,34,37,37,40,40,40,40,44,45,44,45,47,49,48,49,47,53,49,53,50,55,53,52,52,52,52,52,54,51,52,50,55,55,54,52,50,49,50,50,48,50,47,44,44,,,,,,,,,,,,,,,,,,,,,,,,,,,,,,,,,,,,,,,,,,,,,,,,,,,,,,,,,,,,,,,,,,,,,,,,,,,,,,,,,,,,,,,,,,,,,,,,,,,,,,,,,,,,,,,,,,,,,,,,,,,,,,,,,,,,,,,,,,,,,,,,,,,,,,,,,,,,,,,,,,,,,,,,,,,,,,,,,,,,,,,,,,,,,,,,
27,38,42,42,42,40,40,39,42,40,42,37,35,34,34,34,35,35,33,26,24,24,24,24,24,24,24,24,24,24,24,23,24,24,24,24,24,24,24,24,24,24,24,24,24,24,26,28,28,30,31,32,32,35,37,39,38,39,39,39,43,44,39,39,40,,,,,,,,,,,,,,,,,,,,,,,,,,,,,,,,,,,,,,,,,,,,,,,,,,,,,,,,,,,,,,,,,,,,,,,,,,,,,,,,,,,,,,,,,,,,,,,,,,,,,,,,,,,,,,,,,,,,,,,,,,,,,,,,,,,,,,,,,,,,,,,,,,,,,,,,,,,,,,,,,,,,,,,,,,,,,,,,,,,,,,,,,,,,,,,,
28,43,47,46,49,51,48,50,50,50,47,50,50,53,49,55,55,50,53,52,53,51,55,52,50,52,51,52,50,49,49,46,47,45,46,42,42,40,41,40,40,42,37,36,34,33,37,40,33,33,28,24,24,24,24,24,24,24,24,24,24,24,24,24,24,,,,,,,,,,,,,,,,,,,,,,,,,,,,,,,,,,,,,,,,,,,,,,,,,,,,,,,,,,,,,,,,,,,,,,,,,,,,,,,,,,,,,,,,,,,,,,,,,,,,,,,,,,,,,,,,,,,,,,,,,,,,,,,,,,,,,,,,,,,,,,,,,,,,,,,,,,,,,,,,,,,,,,,,,,,,,,,,,,,,,,,,,,,,,,,,
29,31,35,34,35,37,38,37,43,44,47,45,48,46,47,45,47,49,50,53,53,51,51,52,52,55,50,52,53,53,53,53,55,52,50,52,55,55,53,52,52,55,50,50,55,52,55,53,50,53,52,47,50,50,50,52,51,48,50,48,45,45,42,42,38,,,,,,,,,,,,,,,,,,,,,,,,,,,,,,,,,,,,,,,,,,,,,,,,,,,,,,,,,,,,,,,,,,,,,,,,,,,,,,,,,,,,,,,,,,,,,,,,,,,,,,,,,,,,,,,,,,,,,,,,,,,,,,,,,,,,,,,,,,,,,,,,,,,,,,,,,,,,,,,,,,,,,,,,,,,,,,,,,,,,,,,,,,,,,,,,
30,24,24,23,24,24,24,24,24,24,23,24,24,24,24,24,24,24,24,24,24,24,24,24,24,26,27,28,29,30,31,32,35,37,37,37,39,40,42,44,43,45,47,49,47,48,47,49,49,51,51,53,50,53,52,53,53,50,49,49,47,47,48,48,42,,,,,,,,,,,,,,,,,,,,,,,,,,,,,,,,,,,,,,,,,,,,,,,,,,,,,,,,,,,,,,,,,,,,,,,,,,,,,,,,,,,,,,,,,,,,,,,,,,,,,,,,,,,,,,,,,,,,,,,,,,,,,,,,,,,,,,,,,,,,,,,,,,,,,,,,,,,,,,,,,,,,,,,,,,,,,,,,,,,,,,,,,,,,,,,,
31,44,44,46,50,48,47,55,50,45,50,47,47,45,44,41,39,40,39,40,39,37,35,33,34,33,32,33,33,28,24,24,24,24,24,24,24,24,24,24,24,24,24,24,24,24,24,24,24,24,24,24,24,24,24,24,26,26,26,28,28,30,30,32,33,,,,,,,,,,,,,,,,,,,,,,,,,,,,,,,,,,,,,,,,,,,,,,,,,,,,,,,,,,,,,,,,,,,,,,,,,,,,,,,,,,,,,,,,,,,,,,,,,,,,,,,,,,,,,,,,,,,,,,,,,,,,,,,,,,,,,,,,,,,,,,,,,,,,,,,,,,,,,,,,,,,,,,,,,,,,,,,,,,,,,,,,,,,,,,,,
32,48,47,50,52,51,52,54,56,56,54,54,54,54,57,54,49,54,50,54,48,54,47,52,53,47,45,44,42,43,43,43,41,38,38,38,38,38,36,34,29,25,25,25,25,25,27,25,25,25,25,25,25,25,25,25,25,25,25,25,25,25,25,25,25,,,,,,,,,,,,,,,,,,,,,,,,,,,,,,,,,,,,,,,,,,,,,,,,,,,,,,,,,,,,,,,,,,,,,,,,,,,,,,,,,,,,,,,,,,,,,,,,,,,,,,,,,,,,,,,,,,,,,,,,,,,,,,,,,,,,,,,,,,,,,,,,,,,,,,,,,,,,,,,,,,,,,,,,,,,,,,,,,,,,,,,,,,,,,,,,
33,40,42,45,47,47,47,49,50,54,50,54,52,54,55,55,54,54,54,52,54,54,54,50,55,54,56,54,53,53,54,54,52,52,52,52,53,54,54,54,56,52,52,52,56,52,55,50,55,54,52,50,49,47,47,50,44,45,42,41,45,39,40,34,32,,,,,,,,,,,,,,,,,,,,,,,,,,,,,,,,,,,,,,,,,,,,,,,,,,,,,,,,,,,,,,,,,,,,,,,,,,,,,,,,,,,,,,,,,,,,,,,,,,,,,,,,,,,,,,,,,,,,,,,,,,,,,,,,,,,,,,,,,,,,,,,,,,,,,,,,,,,,,,,,,,,,,,,,,,,,,,,,,,,,,,,,,,,,,,,,
34,25,25,25,25,25,25,27,25,25,25,25,25,25,27,29,29,31,31,33,34,35,36,41,42,41,41,41,45,45,48,49,50,51,51,49,51,51,54,56,54,55,55,59,58,54,56,57,57,54,54,56,52,53,54,55,52,54,52,51,52,49,49,47,48,,,,,,,,,,,,,,,,,,,,,,,,,,,,,,,,,,,,,,,,,,,,,,,,,,,,,,,,,,,,,,,,,,,,,,,,,,,,,,,,,,,,,,,,,,,,,,,,,,,,,,,,,,,,,,,,,,,,,,,,,,,,,,,,,,,,,,,,,,,,,,,,,,,,,,,,,,,,,,,,,,,,,,,,,,,,,,,,,,,,,,,,,,,,,,,,
35,43,44,44,43,43,42,43,42,41,43,40,36,36,36,34,38,36,34,29,25,25,25,25,25,25,25,25,25,25,25,25,25,25,25,25,25,25,25,25,25,25,25,27,25,26,28,29,29,30,31,33,34,39,40,40,41,40,42,42,43,43,43,43,41,,,,,,,,,,,,,,,,,,,,,,,,,,,,,,,,,,,,,,,,,,,,,,,,,,,,,,,,,,,,,,,,,,,,,,,,,,,,,,,,,,,,,,,,,,,,,,,,,,,,,,,,,,,,,,,,,,,,,,,,,,,,,,,,,,,,,,,,,,,,,,,,,,,,,,,,,,,,,,,,,,,,,,,,,,,,,,,,,,,,,,,,,,,,,,,,
36,45,47,50,50,51,56,54,55,54,51,52,53,51,52,54,54,52,56,53,54,57,51,57,52,54,51,54,54,54,49,49,49,47,46,45,44,43,42,43,42,43,42,39,35,35,36,36,36,36,29,25,25,25,25,25,25,25,25,25,25,25,25,25,25,,,,,,,,,,,,,,,,,,,,,,,,,,,,,,,,,,,,,,,,,,,,,,,,,,,,,,,,,,,,,,,,,,,,,,,,,,,,,,,,,,,,,,,,,,,,,,,,,,,,,,,,,,,,,,,,,,,,,,,,,,,,,,,,,,,,,,,,,,,,,,,,,,,,,,,,,,,,,,,,,,,,,,,,,,,,,,,,,,,,,,,,,,,,,,,,
37,34,38,36,38,42,41,42,43,45,49,50,50,49,52,54,47,52,52,57,54,58,54,54,54,56,54,56,56,54,54,55,55,55,52,56,56,55,54,57,58,54,54,54,56,54,59,52,57,56,55,53,52,54,52,54,54,52,51,54,49,49,45,42,40,,,,,,,,,,,,,,,,,,,,,,,,,,,,,,,,,,,,,,,,,,,,,,,,,,,,,,,,,,,,,,,,,,,,,,,,,,,,,,,,,,,,,,,,,,,,,,,,,,,,,,,,,,,,,,,,,,,,,,,,,,,,,,,,,,,,,,,,,,,,,,,,,,,,,,,,,,,,,,,,,,,,,,,,,,,,,,,,,,,,,,,,,,,,,,,,
38,25,25,25,25,25,25,25,25,25,25,25,25,25,25,25,25,25,25,25,25,25,25,25,25,27,28,28,29,29,32,32,36,38,40,38,42,42,41,43,47,47,49,47,49,51,49,51,55,54,51,56,54,52,54,53,50,51,52,50,47,51,49,47,44,,,,,,,,,,,,,,,,,,,,,,,,,,,,,,,,,,,,,,,,,,,,,,,,,,,,,,,,,,,,,,,,,,,,,,,,,,,,,,,,,,,,,,,,,,,,,,,,,,,,,,,,,,,,,,,,,,,,,,,,,,,,,,,,,,,,,,,,,,,,,,,,,,,,,,,,,,,,,,,,,,,,,,,,,,,,,,,,,,,,,,,,,,,,,,,,
39,46,47,51,51,49,51,50,52,49,51,47,50,49,49,43,44,43,43,43,41,38,38,38,36,36,36,36,38,30,25,25,25,26,25,25,25,25,25,25,25,25,25,25,27,25,25,25,25,25,25,25,25,25,25,25,27,28,29,29,30,32,34,34,34,,,,,,,,,,,,,,,,,,,,,,,,,,,,,,,,,,,,,,,,,,,,,,,,,,,,,,,,,,,,,,,,,,,,,,,,,,,,,,,,,,,,,,,,,,,,,,,,,,,,,,,,,,,,,,,,,,,,,,,,,,,,,,,,,,,,,,,,,,,,,,,,,,,,,,,,,,,,,,,,,,,,,,,,,,,,,,,,,,,,,,,,,,,,,,,,
40,45,49,47,47,52,53,49,52,50,57,52,52,51,50,50,52,52,54,51,52,46,49,47,46,44,48,42,45,42,46,42,40,36,35,37,39,37,37,35,29,25,25,24,26,26,25,26,25,24,24,26,25,25,25,25,24,26,24,24,25,25,24,24,24,,,,,,,,,,,,,,,,,,,,,,,,,,,,,,,,,,,,,,,,,,,,,,,,,,,,,,,,,,,,,,,,,,,,,,,,,,,,,,,,,,,,,,,,,,,,,,,,,,,,,,,,,,,,,,,,,,,,,,,,,,,,,,,,,,,,,,,,,,,,,,,,,,,,,,,,,,,,,,,,,,,,,,,,,,,,,,,,,,,,,,,,,,,,,,,,
41,39,42,42,44,44,45,49,52,51,54,52,54,54,52,57,52,54,51,55,51,54,52,54,54,49,51,50,50,52,54,51,49,52,54,52,50,52,53,52,53,51,52,55,54,52,54,52,50,53,51,49,47,45,47,48,45,44,39,39,41,40,37,35,30,,,,,,,,,,,,,,,,,,,,,,,,,,,,,,,,,,,,,,,,,,,,,,,,,,,,,,,,,,,,,,,,,,,,,,,,,,,,,,,,,,,,,,,,,,,,,,,,,,,,,,,,,,,,,,,,,,,,,,,,,,,,,,,,,,,,,,,,,,,,,,,,,,,,,,,,,,,,,,,,,,,,,,,,,,,,,,,,,,,,,,,,,,,,,,,,
42,24,24,25,25,24,25,25,26,25,25,25,24,24,26,28,30,30,30,31,33,35,36,39,40,40,46,40,42,46,49,47,51,47,49,51,49,54,52,54,55,54,56,49,54,54,53,54,53,52,53,52,54,51,55,50,53,51,52,54,49,47,47,47,47,,,,,,,,,,,,,,,,,,,,,,,,,,,,,,,,,,,,,,,,,,,,,,,,,,,,,,,,,,,,,,,,,,,,,,,,,,,,,,,,,,,,,,,,,,,,,,,,,,,,,,,,,,,,,,,,,,,,,,,,,,,,,,,,,,,,,,,,,,,,,,,,,,,,,,,,,,,,,,,,,,,,,,,,,,,,,,,,,,,,,,,,,,,,,,,,
43,40,46,45,42,40,41,44,42,41,42,37,37,37,37,35,35,37,33,28,26,24,25,25,24,24,25,26,25,25,24,24,25,25,24,25,26,26,25,25,24,25,25,25,25,26,28,29,28,30,30,32,33,37,39,39,41,40,40,41,42,44,42,44,40,,,,,,,,,,,,,,,,,,,,,,,,,,,,,,,,,,,,,,,,,,,,,,,,,,,,,,,,,,,,,,,,,,,,,,,,,,,,,,,,,,,,,,,,,,,,,,,,,,,,,,,,,,,,,,,,,,,,,,,,,,,,,,,,,,,,,,,,,,,,,,,,,,,,,,,,,,,,,,,,,,,,,,,,,,,,,,,,,,,,,,,,,,,,,,,,
44,42,44,47,49,49,47,50,51,51,52,55,50,52,52,55,58,55,49,52,51,55,54,51,52,52,49,54,51,51,50,46,46,51,47,42,42,42,42,41,40,41,39,35,35,33,35,33,34,35,28,24,24,24,24,25,24,24,26,24,24,24,24,24,24,,,,,,,,,,,,,,,,,,,,,,,,,,,,,,,,,,,,,,,,,,,,,,,,,,,,,,,,,,,,,,,,,,,,,,,,,,,,,,,,,,,,,,,,,,,,,,,,,,,,,,,,,,,,,,,,,,,,,,,,,,,,,,,,,,,,,,,,,,,,,,,,,,,,,,,,,,,,,,,,,,,,,,,,,,,,,,,,,,,,,,,,,,,,,,,,
45,33,35,35,37,38,39,41,45,45,44,47,47,47,47,50,48,49,52,55,53,52,52,53,52,53,51,55,54,53,54,49,52,52,52,53,52,51,54,51,54,51,51,52,51,54,52,52,51,52,52,52,52,51,52,52,53,53,50,50,45,46,44,42,39,,,,,,,,,,,,,,,,,,,,,,,,,,,,,,,,,,,,,,,,,,,,,,,,,,,,,,,,,,,,,,,,,,,,,,,,,,,,,,,,,,,,,,,,,,,,,,,,,,,,,,,,,,,,,,,,,,,,,,,,,,,,,,,,,,,,,,,,,,,,,,,,,,,,,,,,,,,,,,,,,,,,,,,,,,,,,,,,,,,,,,,,,,,,,,,,
46,24,24,24,24,25,25,25,25,25,25,24,25,25,24,26,24,26,25,26,24,25,25,25,25,28,28,30,30,30,33,37,35,39,40,39,44,44,44,47,47,49,51,49,49,51,46,52,53,54,57,54,55,55,55,52,53,55,54,54,51,50,45,47,45,,,,,,,,,,,,,,,,,,,,,,,,,,,,,,,,,,,,,,,,,,,,,,,,,,,,,,,,,,,,,,,,,,,,,,,,,,,,,,,,,,,,,,,,,,,,,,,,,,,,,,,,,,,,,,,,,,,,,,,,,,,,,,,,,,,,,,,,,,,,,,,,,,,,,,,,,,,,,,,,,,,,,,,,,,,,,,,,,,,,,,,,,,,,,,,,
47,44,51,52,53,51,50,51,54,50,47,51,49,49,45,47,44,44,45,44,44,39,35,37,39,39,35,37,34,30,25,26,25,26,26,26,25,25,25,25,25,26,25,25,24,24,24,25,24,25,24,24,25,24,26,26,26,28,28,32,30,32,33,35,35,,,,,,,,,,,,,,,,,,,,,,,,,,,,,,,,,,,,,,,,,,,,,,,,,,,,,,,,,,,,,,,,,,,,,,,,,,,,,,,,,,,,,,,,,,,,,,,,,,,,,,,,,,,,,,,,,,,,,,,,,,,,,,,,,,,,,,,,,,,,,,,,,,,,,,,,,,,,,,,,,,,,,,,,,,,,,,,,,,,,,,,,,,,,,,,,
48,48,53,51,51,51,51,54,49,56,56,56,51,56,51,54,53,52,53,56,51,50,51,50,53,49,45,45,43,47,48,45,41,39,41,42,38,39,36,36,29,25,25,25,24,25,25,25,25,25,24,24,24,24,24,25,24,25,24,25,24,25,25,24,23,,,,,,,,,,,,,,,,,,,,,,,,,,,,,,,,,,,,,,,,,,,,,,,,,,,,,,,,,,,,,,,,,,,,,,,,,,,,,,,,,,,,,,,,,,,,,,,,,,,,,,,,,,,,,,,,,,,,,,,,,,,,,,,,,,,,,,,,,,,,,,,,,,,,,,,,,,,,,,,,,,,,,,,,,,,,,,,,,,,,,,,,,,,,,,,,
49,42,43,46,45,48,48,50,53,56,54,51,54,53,52,53,51,53,51,56,54,53,51,51,54,53,56,54,54,54,54,57,54,54,54,56,53,57,54,53,51,56,53,53,54,53,56,53,53,53,51,53,46,46,51,46,46,43,45,43,41,38,40,36,33,,,,,,,,,,,,,,,,,,,,,,,,,,,,,,,,,,,,,,,,,,,,,,,,,,,,,,,,,,,,,,,,,,,,,,,,,,,,,,,,,,,,,,,,,,,,,,,,,,,,,,,,,,,,,,,,,,,,,,,,,,,,,,,,,,,,,,,,,,,,,,,,,,,,,,,,,,,,,,,,,,,,,,,,,,,,,,,,,,,,,,,,,,,,,,,,
50,24,24,24,24,24,24,25,25,24,24,25,24,24,25,27,29,30,29,31,31,34,36,38,38,38,40,40,41,43,45,46,50,48,48,48,49,49,53,51,59,56,54,56,53,56,51,56,51,51,54,51,53,54,53,53,54,53,48,54,49,48,48,46,41,,,,,,,,,,,,,,,,,,,,,,,,,,,,,,,,,,,,,,,,,,,,,,,,,,,,,,,,,,,,,,,,,,,,,,,,,,,,,,,,,,,,,,,,,,,,,,,,,,,,,,,,,,,,,,,,,,,,,,,,,,,,,,,,,,,,,,,,,,,,,,,,,,,,,,,,,,,,,,,,,,,,,,,,,,,,,,,,,,,,,,,,,,,,,,,,
51,44,43,46,45,41,43,40,40,43,40,36,38,36,34,36,38,38,34,29,25,24,25,24,25,24,25,24,25,25,24,24,24,25,24,24,24,25,24,25,25,24,24,24,25,25,27,28,29,30,31,32,34,36,38,38,41,42,41,40,42,41,43,43,43,,,,,,,,,,,,,,,,,,,,,,,,,,,,,,,,,,,,,,,,,,,,,,,,,,,,,,,,,,,,,,,,,,,,,,,,,,,,,,,,,,,,,,,,,,,,,,,,,,,,,,,,,,,,,,,,,,,,,,,,,,,,,,,,,,,,,,,,,,,,,,,,,,,,,,,,,,,,,,,,,,,,,,,,,,,,,,,,,,,,,,,,,,,,,,,,
52,43,44,51,46,49,49,53,51,50,52,51,52,50,51,51,53,54,54,50,51,53,53,50,53,50,53,54,51,51,51,48,46,46,45,45,41,41,39,38,38,40,38,34,35,33,35,34,33,31,27,25,24,24,24,25,24,24,24,24,24,25,24,24,24,,,,,,,,,,,,,,,,,,,,,,,,,,,,,,,,,,,,,,,,,,,,,,,,,,,,,,,,,,,,,,,,,,,,,,,,,,,,,,,,,,,,,,,,,,,,,,,,,,,,,,,,,,,,,,,,,,,,,,,,,,,,,,,,,,,,,,,,,,,,,,,,,,,,,,,,,,,,,,,,,,,,,,,,,,,,,,,,,,,,,,,,,,,,,,,,
53,33,36,38,38,43,43,41,46,48,48,48,48,51,46,50,52,51,49,56,54,53,53,57,51,51,51,57,53,54,54,54,54,56,53,51,54,54,53,53,56,54,54,55,51,56,53,53,51,54,54,53,53,51,52,51,53,52,51,54,51,48,45,46,41,,,,,,,,,,,,,,,,,,,,,,,,,,,,,,,,,,,,,,,,,,,,,,,,,,,,,,,,,,,,,,,,,,,,,,,,,,,,,,,,,,,,,,,,,,,,,,,,,,,,,,,,,,,,,,,,,,,,,,,,,,,,,,,,,,,,,,,,,,,,,,,,,,,,,,,,,,,,,,,,,,,,,,,,,,,,,,,,,,,,,,,,,,,,,,,,
54,24,24,24,25,24,24,24,24,25,24,24,24,24,24,24,24,24,24,25,24,25,24,25,24,27,27,29,31,29,34,33,39,38,41,43,38,40,40,41,45,46,48,46,50,45,48,48,51,53,53,50,51,53,48,49,47,51,46,49,48,48,45,46,42,,,,,,,,,,,,,,,,,,,,,,,,,,,,,,,,,,,,,,,,,,,,,,,,,,,,,,,,,,,,,,,,,,,,,,,,,,,,,,,,,,,,,,,,,,,,,,,,,,,,,,,,,,,,,,,,,,,,,,,,,,,,,,,,,,,,,,,,,,,,,,,,,,,,,,,,,,,,,,,,,,,,,,,,,,,,,,,,,,,,,,,,,,,,,,,,
55,48,51,46,50,53,53,53,51,50,48,50,48,48,48,46,43,46,45,43,43,38,36,36,36,36,36,38,35,31,25,25,25,25,25,25,25,25,24,25,24,25,25,24,25,24,25,24,24,25,25,25,25,24,25,25,27,27,29,32,31,31,30,33,38,,,,,,,,,,,,,,,,,,,,,,,,,,,,,,,,,,,,,,,,,,,,,,,,,,,,,,,,,,,,,,,,,,,,,,,,,,,,,,,,,,,,,,,,,,,,,,,,,,,,,,,,,,,,,,,,,,,,,,,,,,,,,,,,,,,,,,,,,,,,,,,,,,,,,,,,,,,,,,,,,,,,,,,,,,,,,,,,,,,,,,,,,,,,,,,,
56,40,46,47,45,48,48,47,47,50,47,51,52,50,50,50,48,52,52,47,47,47,43,47,45,43,42,40,38,40,40,41,36,33,33,34,33,35,34,33,27,25,24,24,25,24,24,24,25,24,24,24,24,24,24,25,24,24,24,24,24,24,24,24,24,,,,,,,,,,,,,,,,,,,,,,,,,,,,,,,,,,,,,,,,,,,,,,,,,,,,,,,,,,,,,,,,,,,,,,,,,,,,,,,,,,,,,,,,,,,,,,,,,,,,,,,,,,,,,,,,,,,,,,,,,,,,,,,,,,,,,,,,,,,,,,,,,,,,,,,,,,,,,,,,,,,,,,,,,,,,,,,,,,,,,,,,,,,,,,,,
57,40,43,43,49,45,48,48,52,50,53,53,52,55,52,53,52,52,51,52,52,50,52,53,52,53,52,50,53,52,55,53,52,53,53,53,52,52,53,50,53,53,52,50,52,51,55,49,55,50,56,50,48,47,50,45,42,44,43,39,42,39,35,36,31,,,,,,,,,,,,,,,,,,,,,,,,,,,,,,,,,,,,,,,,,,,,,,,,,,,,,,,,,,,,,,,,,,,,,,,,,,,,,,,,,,,,,,,,,,,,,,,,,,,,,,,,,,,,,,,,,,,,,,,,,,,,,,,,,,,,,,,,,,,,,,,,,,,,,,,,,,,,,,,,,,,,,,,,,,,,,,,,,,,,,,,,,,,,,,,,
58,24,24,24,24,24,24,24,24,24,24,24,24,24,24,27,27,29,28,31,31,33,35,35,38,38,37,37,43,42,43,44,45,45,47,47,45,48,48,49,52,49,49,50,48,55,50,50,50,50,50,49,50,50,53,50,50,50,50,50,47,48,45,44,42,,,,,,,,,,,,,,,,,,,,,,,,,,,,,,,,,,,,,,,,,,,,,,,,,,,,,,,,,,,,,,,,,,,,,,,,,,,,,,,,,,,,,,,,,,,,,,,,,,,,,,,,,,,,,,,,,,,,,,,,,,,,,,,,,,,,,,,,,,,,,,,,,,,,,,,,,,,,,,,,,,,,,,,,,,,,,,,,,,,,,,,,,,,,,,,,
59,40,40,42,40,39,38,38,40,38,39,35,35,33,33,33,35,33,31,26,24,24,24,24,24,24,24,24,24,25,24,24,24,24,24,24,24,24,24,24,24,24,24,24,24,26,26,28,28,28,30,31,31,34,39,35,36,37,40,40,40,40,40,40,40,,,,,,,,,,,,,,,,,,,,,,,,,,,,,,,,,,,,,,,,,,,,,,,,,,,,,,,,,,,,,,,,,,,,,,,,,,,,,,,,,,,,,,,,,,,,,,,,,,,,,,,,,,,,,,,,,,,,,,,,,,,,,,,,,,,,,,,,,,,,,,,,,,,,,,,,,,,,,,,,,,,,,,,,,,,,,,,,,,,,,,,,,,,,,,,,
60,42,43,45,47,45,49,50,48,49,48,49,50,48,49,50,47,52,49,50,48,50,50,50,48,48,50,48,48,47,48,48,45,45,45,45,39,38,40,38,40,40,37,35,33,33,35,34,33,33,29,24,24,24,24,24,24,24,24,24,24,24,24,24,24,,,,,,,,,,,,,,,,,,,,,,,,,,,,,,,,,,,,,,,,,,,,,,,,,,,,,,,,,,,,,,,,,,,,,,,,,,,,,,,,,,,,,,,,,,,,,,,,,,,,,,,,,,,,,,,,,,,,,,,,,,,,,,,,,,,,,,,,,,,,,,,,,,,,,,,,,,,,,,,,,,,,,,,,,,,,,,,,,,,,,,,,,,,,,,,,
61,29,31,32,34,35,33,35,40,39,40,42,42,43,44,42,42,44,44,47,45,44,47,47,47,50,45,45,43,44,47,47,45,45,45,45,48,44,44,44,45,47,45,45,48,45,44,47,47,45,44,43,44,45,47,45,45,45,45,43,43,44,38,38,35,,,,,,,,,,,,,,,,,,,,,,,,,,,,,,,,,,,,,,,,,,,,,,,,,,,,,,,,,,,,,,,,,,,,,,,,,,,,,,,,,,,,,,,,,,,,,,,,,,,,,,,,,,,,,,,,,,,,,,,,,,,,,,,,,,,,,,,,,,,,,,,,,,,,,,,,,,,,,,,,,,,,,,,,,,,,,,,,,,,,,,,,,,,,,,,,
62,24,24,24,24,24,24,24,24,24,24,24,24,24,24,24,24,24,24,24,24,24,24,24,24,26,26,27,28,29,31,31,33,36,33,36,37,36,40,40,40,40,41,45,40,44,44,45,43,45,47,45,45,45,45,45,44,47,45,44,43,44,45,43,42,,,,,,,,,,,,,,,,,,,,,,,,,,,,,,,,,,,,,,,,,,,,,,,,,,,,,,,,,,,,,,,,,,,,,,,,,,,,,,,,,,,,,,,,,,,,,,,,,,,,,,,,,,,,,,,,,,,,,,,,,,,,,,,,,,,,,,,,,,,,,,,,,,,,,,,,,,,,,,,,,,,,,,,,,,,,,,,,,,,,,,,,,,,,,,,,
63,43,45,45,45,47,47,45,45,42,43,43,45,43,43,40,38,39,39,37,40,36,35,33,31,33,33,33,32,28,24,24,24,24,24,24,24,24,24,24,24,24,24,24,24,24,24,24,24,24,24,24,24,24,24,24,26,26,26,27,28,29,29,31,33,,,,,,,,,,,,,,,,,,,,,,,,,,,,,,,,,,,,,,,,,,,,,,,,,,,,,,,,,,,,,,,,,,,,,,,,,,,,,,,,,,,,,,,,,,,,,,,,,,,,,,,,,,,,,,,,,,,,,,,,,,,,,,,,,,,,,,,,,,,,,,,,,,,,,,,,,,,,,,,,,,,,,,,,,,,,,,,,,,,,,,,,,,,,,,,,
,,,,,,,,,,,,,,,,,,,,,,,,,,,,,,,,,,,,,,,,,,,,,,,,,,,,,,,,,,,,,,,,,,,,,,,,,,,,,,,,,,,,,,,,,,,,,,,,,,,,,,,,,,,,,,,,,,,,,,,,,,,,,,,,,,,,,,,,,,,,,,,,,,,,,,,,,,,,,,,,,,,,,,,,,,,,,,,,,,,,,,,,,,,,,,,,,,,,,,,,,,,,,,,,,,,,,,,,,,,,,,,,,,,,,,,,,,,,,,,,,,,,,,,,,,,,,,,,
value,0,1,2,3,4,5,6,7,8,9,10,11,12,13,14,15,16,17,18,19,20,21,22,23,24,25,26,27,28,29,30,31,32,33,34,35,36,37,38,39,40,41,42,43,44,45,46,47,48,49,50,51,52,53,54,55,56,57,58,59,60,61,62,63,64,65,66,67,68,69,70,71,72,73,74,75,76,77,78,79,80,81,82,83,84,85,86,87,88,89,90,91,92,93,94,95,96,97,98,99,100,101,102,103,104,105,106,107,108,109,110,111,112,113,114,115,116,117,118,119,120,121,122,123,124,125,126,127,128,129,130,131,132,133,134,135,136,137,138,139,140,141,142,143,144,145,146,147,148,149,150,151,152,153,154,155,156,157,158,159,160,161,162,163,164,165,166,167,168,169,170,171,172,173,174,175,176,177,178,179,180,181,182,183,184,185,186,187,188,189,190,191,192,193,194,195,196,197,198,199,200,201,202,203,204,205,206,207,208,209,210,211,212,213,214,215,216,217,218,219,220,221,222,223,224,225,226,227,228,229,230,231,232,233,234,235,236,237,238,239,240,241,242,243,244,245,246,247,248,249,250,251,252,253,254,255
count,0,0,0,0,0,0,0,0,0,0,0,0,0,0,0,0,0,0,0,0,59,64,152,117,375,254,55,48,35,50,33,60,31,70,56,66,74,62,92,74,100,97,97,132,109,132,111,144,115,155,161,170,232,170,176,79,54,25,4,6,0,0,0,0,0,0,0,0,0,0,0,0,0,0,0,0,0,0,0,0,0,0,0,0,0,0,0,0,0,0,0,0,0,0,0,0,0,0,0,0,0,0,0,0,0,0,0,0,0,0,0,0,0,0,0,0,0,0,0,0,0,0,0,0,0,0,0,0,0,0,0,0,0,0,0,0,0,0,0,0,0,0,0,0,0,0,0,0,0,0,0,0,0,0,0,0,0,0,0,0,0,0,0,0,0,0,0,0,0,0,0,0,0,0,0,0,0,0,0,0,0,0,0,0,0,0,0,0,0,0,0,0,0,0,0,0,0,0,0,0,0,0,0,0,0,0,0,0,0,0,0,0,0,0,0,0,0,0,0,0,0,0,0,0,0,0,0,0,0,0,0,0,0,0,0,0,0,0,0,0,0,0,0,0,0,0,0,0,0,0,0,0,0,0,0,0
,,,,,,,,,,,,,,,,,,,,,,,,,,,,,,,,,,,,,,,,,,,,,,,,,,,,,,,,,,,,,,,,,,,,,,,,,,,,,,,,,,,,,,,,,,,,,,,,,,,,,,,,,,,,,,,,,,,,,,,,,,,,,,,,,,,,,,,,,,,,,,,,,,,,,,,,,,,,,,,,,,,,,,,,,,,,,,,,,,,,,,,,,,,,,,,,,,,,,,,,,,,,,,,,,,,,,,,,,,,,,,,,,,,,,,,,,,,,,,,,,,,,,,,,,,,,,,,,
4,,,,,,,,,,,,,,,,,,,,,,,,,,,,,,,,,,,,,,,,,,,,,,,,,,,,,,,,,,,,,,,,,,,,,,,,,,,,,,,,,,,,,,,,,,,,,,,,,,,,,,,,,,,,,,,,,,,,,,,,,,,,,,,,,,,,,,,,,,,,,,,,,,,,,,,,,,,,,,,,,,,,,,,,,,,,,,,,,,,,,,,,,,,,,,,,,,,,,,,,,,,,,,,,,,,,,,,,,,,,,,,,,,,,,,,,,,,,,,,,,,,,,,,,,,,,,,,,
,0,1,2,3,4,5,6,7,8,9,10,11,12,13,14,15,16,17,18,19,20,21,22,23,24,25,26,27,28,29,30,31,32,33,34,35,36,37,38,39,40,41,42,43,44,45,46,47,48,49,50,51,52,53,54,55,56,57,58,59,60,61,62,63,,,,,,,,,,,,,,,,,,,,,,,,,,,,,,,,,,,,,,,,,,,,,,,,,,,,,,,,,,,,,,,,,,,,,,,,,,,,,,,,,,,,,,,,,,,,,,,,,,,,,,,,,,,,,,,,,,,,,,,,,,,,,,,,,,,,,,,,,,,,,,,,,,,,,,,,,,,,,,,,,,,,,,,,,,,,,,,,,,,,,,,,,,,,,,,,
0,39,38,44,41,41,41,43,41,40,41,43,41,44,43,43,43,43,43,43,38,39,38,40,38,38,36,36,36,33,33,34,31,29,29,30,31,31,27,23,20,21,20,20,20,21,20,21,20,20,20,20,20,20,20,21,20,20,21,20,20,21,20,20,21,,,,,,,,,,,,,,,,,,,,,,,,,,,,,,,,,,,,,,,,,,,,,,,,,,,,,,,,,,,,,,,,,,,,,,,,,,,,,,,,,,,,,,,,,,,,,,,,,,,,,,,,,,,,,,,,,,,,,,,,,,,,,,,,,,,,,,,,,,,,,,,,,,,,,,,,,,,,,,,,,,,,,,,,,,,,,,,,,,,,,,,,,,,,,,,,
1,36,39,38,38,45,44,44,41,41,42,46,43,44,49,41,44,43,41,43,42,45,41,44,43,45,43,44,43,43,46,43,44,41,48,46,44,43,43,43,43,43,41,42,43,45,45,46,43,43,41,39,40,41,41,38,38,34,38,36,36,36,33,29,25,,,,,,,,,,,,,,,,,,,,,,,,,,,,,,,,,,,,,,,,,,,,,,,,,,,,,,,,,,,,,,,,,,,,,,,,,,,,,,,,,,,,,,,,,,,,,,,,,,,,,,,,,,,,,,,,,,,,,,,,,,,,,,,,,,,,,,,,,,,,,,,,,,,,,,,,,,,,,,,,,,,,,,,,,,,,,,,,,,,,,,,,,,,,,,,,
2,21,21,21,21,21,21,20,20,21,20,20,21,21,22,24,25,26,27,27,27,33,34,34,34,34,34,38,39,39,40,42,40,41,43,43,41,43,42,45,43,45,46,46,46,43,48,45,48,44,45,43,45,41,45,44,44,44,43,41,43,41,41,38,38,,,,,,,,,,,,,,,,,,,,,,,,,,,,,,,,,,,,,,,,,,,,,,,,,,,,,,,,,,,,,,,,,,,,,,,,,,,,,,,,,,,,,,,,,,,,,,,,,,,,,,,,,,,,,,,,,,,,,,,,,,,,,,,,,,,,,,,,,,,,,,,,,,,,,,,,,,,,,,,,,,,,,,,,,,,,,,,,,,,,,,,,,,,,,,,,
3,36,38,36,36,35,34,35,36,38,32,29,32,29,29,29,32,28,24,21,21,20,21,20,21,20,20,21,21,20,20,20,21,20,21,20,21,21,21,20,20,20,21,21,21,24,24,25,25,27,26,29,32,34,36,31,33,36,36,38,37,38,38,39,36,,,,,,,,,,,,,,,,,,,,,,,,,,,,,,,,,,,,,,,,,,,,,,,,,,,,,,,,,,,,,,,,,,,,,,,,,,,,,,,,,,,,,,,,,,,,,,,,,,,,,,,,,,,,,,,,,,,,,,,,,,,,,,,,,,,,,,,,,,,,,,,,,,,,,,,,,,,,,,,,,,,,,,,,,,,,,,,,,,,,,,,,,,,,,,,,
4,43,41,46,45,46,48,49,53,47,46,49,48,45,47,49,48,47,46,46,47,46,46,48,48,48,47,48,45,45,41,45,41,44,41,41,41,40,41,38,40,34,33,31,34,36,33,31,31,24,21,20,21,21,20,21,21,21,21,20,21,20,21,20,20,,,,,,,,,,,,,,,,,,,,,,,,,,,,,,,,,,,,,,,,,,,,,,,,,,,,,,,,,,,,,,,,,,,,,,,,,,,,,,,,,,,,,,,,,,,,,,,,,,,,,,,,,,,,,,,,,,,,,,,,,,,,,,,,,,,,,,,,,,,,,,,,,,,,,,,,,,,,,,,,,,,,,,,,,,,,,,,,,,,,,,,,,,,,,,,,
5,29,29,33,33,33,35,36,38,43,43,42,43,41,43,43,46,46,48,48,48,46,49,49,46,46,46,49,44,48,48,46,48,48,49,48,43,45,48,46,49,46,50,46,49,45,49,51,44,48,48,48,48,48,48,48,48,46,47,44,43,41,36,34,34,,,,,,,,,,,,,,,,,,,,,,,,,,,,,,,,,,,,,,,,,,,,,,,,,,,,,,,,,,,,,,,,,,,,,,,,,,,,,,,,,,,,,,,,,,,,,,,,,,,,,,,,,,,,,,,,,,,,,,,,,,,,,,,,,,,,,,,,,,,,,,,,,,,,,,,,,,,,,,,,,,,,,,,,,,,,,,,,,,,,,,,,,,,,,,,,
6,20,21,21,21,20,21,21,21,21,21,20,20,21,21,21,21,21,20,20,21,22,21,22,24,25,27,27,29,26,31,33,34,32,36,36,38,38,38,41,45,46,43,43,43,45,43,46,50,45,48,49,51,51,46,50,50,46,48,48,45,45,42,42,39,,,,,,,,,,,,,,,,,,,,,,,,,,,,,,,,,,,,,,,,,,,,,,,,,,,,,,,,,,,,,,,,,,,,,,,,,,,,,,,,,,,,,,,,,,,,,,,,,,,,,,,,,,,,,,,,,,,,,,,,,,,,,,,,,,,,,,,,,,,,,,,,,,,,,,,,,,,,,,,,,,,,,,,,,,,,,,,,,,,,,,,,,,,,,,,,
7,40,41,42,45,29,45,46,46,43,43,43,43,41,38,36,38,38,36,34,34,29,31,31,32,31,29,29,25,22,21,21,21,21,21,20,21,21,20,21,20,20,20,21,21,21,21,20,20,20,20,21,21,20,20,22,23,24,24,26,26,27,29,29,29,,,,,,,,,,,,,,,,,,,,,,,,,,,,,,,,,,,,,,,,,,,,,,,,,,,,,,,,,,,,,,,,,,,,,,,,,,,,,,,,,,,,,,,,,,,,,,,,,,,,,,,,,,,,,,,,,,,,,,,,,,,,,,,,,,,,,,,,,,,,,,,,,,,,,,,,,,,,,,,,,,,,,,,,,,,,,,,,,,,,,,,,,,,,,,,,
8,47,49,47,51,51,52,54,52,51,51,54,53,49,51,54,52,50,47,47,47,46,45,46,45,42,44,38,42,44,40,38,33,33,34,33,35,33,31,25,22,22,22,22,22,22,22,22,22,22,22,22,22,22,22,22,22,22,22,22,22,22,22,22,22,,,,,,,,,,,,,,,,,,,,,,,,,,,,,,,,,,,,,,,,,,,,,,,,,,,,,,,,,,,,,,,,,,,,,,,,,,,,,,,,,,,,,,,,,,,,,,,,,,,,,,,,,,,,,,,,,,,,,,,,,,,,,,,,,,,,,,,,,,,,,,,,,,,,,,,,,,,,,,,,,,,,,,,,,,,,,,,,,,,,,,,,,,,,,,,,
9,40,41,44,48,45,51,51,52,52,51,54,51,52,54,54,53,54,54,55,52,51,53,54,51,52,52,56,51,49,56,49,55,54,49,50,51,53,54,54,52,53,52,50,57,54,50,49,51,49,47,46,48,48,46,44,40,39,39,37,39,39,35,30,30,,,,,,,,,,,,,,,,,,,,,,,,,,,,,,,,,,,,,,,,,,,,,,,,,,,,,,,,,,,,,,,,,,,,,,,,,,,,,,,,,,,,,,,,,,,,,,,,,,,,,,,,,,,,,,,,,,,,,,,,,,,,,,,,,,,,,,,,,,,,,,,,,,,,,,,,,,,,,,,,,,,,,,,,,,,,,,,,,,,,,,,,,,,,,,,,
10,22,22,22,22,22,22,22,22,22,22,22,22,22,24,26,26,26,29,29,30,35,38,40,38,39,37,42,42,42,48,46,47,50,49,48,49,51,54,53,56,54,52,54,53,51,53,54,54,52,54,57,52,53,49,54,51,54,53,51,49,50,47,46,42,,,,,,,,,,,,,,,,,,,,,,,,,,,,,,,,,,,,,,,,,,,,,,,,,,,,,,,,,,,,,,,,,,,,,,,,,,,,,,,,,,,,,,,,,,,,,,,,,,,,,,,,,,,,,,,,,,,,,,,,,,,,,,,,,,,,,,,,,,,,,,,,,,,,,,,,,,,,,,,,,,,,,,,,,,,,,,,,,,,,,,,,,,,,,,,,
11,42,45,40,40,44,44,39,42,42,36,36,35,35,35,37,35,30,26,22,22,22,24,22,22,22,22,22,22,22,22,22,22,22,22,22,22,22,22,22,22,22,22,22,22,26,26,28,28,30,31,32,38,40,38,39,39,40,40,44,44,45,42,42,40,,,,,,,,,,,,,,,,,,,,,,,,,,,,,,,,,,,,,,,,,,,,,,,,,,,,,,,,,,,,,,,,,,,,,,,,,,,,,,,,,,,,,,,,,,,,,,,,,,,,,,,,,,,,,,,,,,,,,,,,,,,,,,,,,,,,,,,,,,,,,,,,,,,,,,,,,,,,,,,,,,,,,,,,,,,,,,,,,,,,,,,,,,,,,,,,
12,46,49,51,54,56,56,56,60,56,51,54,55,53,56,57,54,52,58,55,57,55,57,54,54,60,57,56,54,52,52,51,49,52,45,49,44,44,47,45,42,39,38,35,35,35,35,37,34,28,22,22,22,22,22,22,22,22,22,22,24,22,22,22,22,,,,,,,,,,,,,,,,,,,,,,,,,,,,,,,,,,,,,,,,,,,,,,,,,,,,,,,,,,,,,,,,,,,,,,,,,,,,,,,,,,,,,,,,,,,,,,,,,,,,,,,,,,,,,,,,,,,,,,,,,,,,,,,,,,,,,,,,,,,,,,,,,,,,,,,,,,,,,,,,,,,,,,,,,,,,,,,,,,,,,,,,,,,,,,,,
13,33,36,35,37,37,40,40,40,43,49,47,46,47,47,46,49,52,52,51,52,54,51,51,51,51,53,53,49,53,52,53,49,54,50,51,51,50,52,52,52,51,52,54,50,52,49,51,51,51,52,49,52,52,52,52,54,51,52,50,46,44,44,39,40,,,,,,,,,,,,,,,,,,,,,,,,,,,,,,,,,,,,,,,,,,,,,,,,,,,,,,,,,,,,,,,,,,,,,,,,,,,,,,,,,,,,,,,,,,,,,,,,,,,,,,,,,,,,,,,,,,,,,,,,,,,,,,,,,,,,,,,,,,,,,,,,,,,,,,,,,,,,,,,,,,,,,,,,,,,,,,,,,,,,,,,,,,,,,,,,
14,22,22,22,22,22,22,22,22,22,22,22,22,22,22,22,22,22,22,22,22,22,22,22,24,26,26,27,29,29,31,35,35,38,35,38,39,42,40,44,42,45,47,42,49,45,49,50,49,51,51,54,54,52,49,49,52,49,50,48,46,47,44,45,40,,,,,,,,,,,,,,,,,,,,,,,,,,,,,,,,,,,,,,,,,,,,,,,,,,,,,,,,,,,,,,,,,,,,,,,,,,,,,,,,,,,,,,,,,,,,,,,,,,,,,,,,,,,,,,,,,,,,,,,,,,,,,,,,,,,,,,,,,,,,,,,,,,,,,,,,,,,,,,,,,,,,,,,,,,,,,,,,,,,,,,,,,,,,,,,,
15,41,44,44,46,51,49,49,49,49,46,42,48,45,42,39,42,42,39,40,38,33,35,34,33,35,33,31,28,24,22,22,22,22,22,22,22,22,22,22,22,22,22,22,22,22,22,22,22,22,22,22,22,22,22,24,26,26,27,28,29,27,33,35,31,,,,,,,,,,,,,,,,,,,,,,,,,,,,,,,,,,,,,,,,,,,,,,,,,,,,,,,,,,,,,,,,,,,,,,,,,,,,,,,,,,,,,,,,,,,,,,,,,,,,,,,,,,,,,,,,,,,,,,,,,,,,,,,,,,,,,,,,,,,,,,,,,,,,,,,,,,,,,,,,,,,,,,,,,,,,,,,,,,,,,,,,,,,,,,,,
16,45,46,43,47,47,52,47,50,50,52,52,52,53,52,50,53,53,49,44,46,46,46,46,42,41,38,39,39,37,39,36,33,31,32,33,33,33,29,25,23,23,22,23,23,23,22,23,23,23,23,22,23,22,22,23,23,22,23,23,22,22,23,22,23,,,,,,,,,,,,,,,,,,,,,,,,,,,,,,,,,,,,,,,,,,,,,,,,,,,,,,,,,,,,,,,,,,,,,,,,,,,,,,,,,,,,,,,,,,,,,,,,,,,,,,,,,,,,,,,,,,,,,,,,,,,,,,,,,,,,,,,,,,,,,,,,,,,,,,,,,,,,,,,,,,,,,,,,,,,,,,,,,,,,,,,,,,,,,,,,
17,41,44,45,50,44,49,52,53,53,56,53,53,56,52,55,53,54,55,56,52,55,55,53,53,53,53,53,56,56,56,56,56,55,55,55,53,56,54,52,52,52,55,56,53,53,55,55,52,53,50,53,49,49,49,41,44,39,45,42,40,41,38,31,31,,,,,,,,,,,,,,,,,,,,,,,,,,,,,,,,,,,,,,,,,,,,,,,,,,,,,,,,,,,,,,,,,,,,,,,,,,,,,,,,,,,,,,,,,,,,,,,,,,,,,,,,,,,,,,,,,,,,,,,,,,,,,,,,,,,,,,,,,,,,,,,,,,,,,,,,,,,,,,,,,,,,,,,,,,,,,,,,,,,,,,,,,,,,,,,,
18,23,23,23,22,23,23,23,23,23,22,22,23,23,27,27,29,27,29,31,33,38,37,41,42,39,41,44,45,46,52,50,53,52,52,50,47,49,54,53,52,52,54,53,52,56,53,57,52,53,53,51,54,55,54,55,53,55,53,50,48,49,46,47,41,,,,,,,,,,,,,,,,,,,,,,,,,,,,,,,,,,,,,,,,,,,,,,,,,,,,,,,,,,,,,,,,,,,,,,,,,,,,,,,,,,,,,,,,,,,,,,,,,,,,,,,,,,,,,,,,,,,,,,,,,,,,,,,,,,,,,,,,,,,,,,,,,,,,,,,,,,,,,,,,,,,,,,,,,,,,,,,,,,,,,,,,,,,,,,,,
19,42,47,44,47,42,46,44,44,44,44,39,36,36,36,38,38,36,29,23,23,23,23,23,23,22,23,23,23,23,23,23,22,23,23,22,23,23,23,22,23,23,23,23,24,27,27,29,29,30,31,34,41,41,43,41,44,46,47,49,46,49,47,45,44,,,,,,,,,,,,,,,,,,,,,,,,,,,,,,,,,,,,,,,,,,,,,,,,,,,,,,,,,,,,,,,,,,,,,,,,,,,,,,,,,,,,,,,,,,,,,,,,,,,,,,,,,,,,,,,,,,,,,,,,,,,,,,,,,,,,,,,,,,,,,,,,,,,,,,,,,,,,,,,,,,,,,,,,,,,,,,,,,,,,,,,,,,,,,,,,
20,43,43,47,44,47,47,52,55,48,52,50,53,51,50,50,53,53,49,52,50,50,52,53,53,52,49,50,50,47,44,46,46,46,44,41,39,38,41,39,41,36,32,36,32,36,32,33,31,27,23,23,23,22,23,23,23,23,23,22,23,22,22,22,22,,,,,,,,,,,,,,,,,,,,,,,,,,,,,,,,,,,,,,,,,,,,,,,,,,,,,,,,,,,,,,,,,,,,,,,,,,,,,,,,,,,,,,,,,,,,,,,,,,,,,,,,,,,,,,,,,,,,,,,,,,,,,,,,,,,,,,,,,,,,,,,,,,,,,,,,,,,,,,,,,,,,,,,,,,,,,,,,,,,,,,,,,,,,,,,,
21,32,34,34,39,36,39,42,44,44,44,47,47,47,47,48,53,49,51,56,54,52,53,52,52,53,51,50,52,52,53,52,55,50,52,52,53,53,52,50,52,53,52,50,49,51,50,50,52,50,50,50,53,50,49,50,52,52,47,45,46,46,44,42,38,,,,,,,,,,,,,,,,,,,,,,,,,,,,,,,,,,,,,,,,,,,,,,,,,,,,,,,,,,,,,,,,,,,,,,,,,,,,,,,,,,,,,,,,,,,,,,,,,,,,,,,,,,,,,,,,,,,,,,,,,,,,,,,,,,,,,,,,,,,,,,,,,,,,,,,,,,,,,,,,,,,,,,,,,,,,,,,,,,,,,,,,,,,,,,,,
22,22,22,23,23,23,22,23,22,23,23,22,22,23,23,23,23,22,23,22,23,23,23,24,25,27,27,27,29,29,32,36,39,36,37,39,40,41,42,44,46,46,49,46,47,47,46,52,50,53,52,56,55,54,50,50,55,53,50,50,50,48,45,42,42,,,,,,,,,,,,,,,,,,,,,,,,,,,,,,,,,,,,,,,,,,,,,,,,,,,,,,,,,,,,,,,,,,,,,,,,,,,,,,,,,,,,,,,,,,,,,,,,,,,,,,,,,,,,,,,,,,,,,,,,,,,,,,,,,,,,,,,,,,,,,,,,,,,,,,,,,,,,,,,,,,,,,,,,,,,,,,,,,,,,,,,,,,,,,,,,
23,41,44,47,44,46,50,48,47,46,47,44,47,43,41,39,39,38,37,39,34,34,32,33,33,31,33,32,25,24,22,22,22,22,23,22,22,22,22,23,22,22,22,23,23,22,23,22,23,22,22,23,22,23,23,25,25,25,25,27,27,27,30,32,31,,,,,,,,,,,,,,,,,,,,,,,,,,,,,,,,,,,,,,,,,,,,,,,,,,,,,,,,,,,,,,,,,,,,,,,,,,,,,,,,,,,,,,,,,,,,,,,,,,,,,,,,,,,,,,,,,,,,,,,,,,,,,,,,,,,,,,,,,,,,,,,,,,,,,,,,,,,,,,,,,,,,,,,,,,,,,,,,,,,,,,,,,,,,,,,,
24,48,47,50,49,52,50,52,50,50,52,53,50,52,52,53,55,53,50,53,47,50,47,48,48,44,46,45,42,42,41,37,39,37,35,37,35,35,36,28,25,24,24,24,24,24,24,24,25,24,24,24,24,25,24,24,24,24,24,24,24,24,24,24,24,,,,,,,,,,,,,,,,,,,,,,,,,,,,,,,,,,,,,,,,,,,,,,,,,,,,,,,,,,,,,,,,,,,,,,,,,,,,,,,,,,,,,,,,,,,,,,,,,,,,,,,,,,,,,,,,,,,,,,,,,,,,,,,,,,,,,,,,,,,,,,,,,,,,,,,,,,,,,,,,,,,,,,,,,,,,,,,,,,,,,,,,,,,,,,,,
25,39,44,40,44,43,46,52,50,49,53,52,50,52,50,53,53,50,52,50,50,52,53,53,53,52,52,51,51,47,52,52,53,51,53,52,50,50,52,53,50,52,49,53,54,52,47,53,53,50,47,45,44,47,47,43,40,40,40,39,40,37,35,32,33,,,,,,,,,,,,,,,,,,,,,,,,,,,,,,,,,,,,,,,,,,,,,,,,,,,,,,,,,,,,,,,,,,,,,,,,,,,,,,,,,,,,,,,,,,,,,,,,,,,,,,,,,,,,,,,,,,,,,,,,,,,,,,,,,,,,,,,,,,,,,,,,,,,,,,,,,,,,,,,,,,,,,,,,,,,,,,,,,,,,,,,,,,,,,,,,
26,24,24,24,24,24,24,23,24,23,24,23,24,25,26,28,28,29,31,32,33,37,39,39,40,40,42,42,45,44,44,47,47,49,48,48,47,56,52,56,52,52,53,52,50,53,53,53,56,52,50,50,55,53,52,52,50,47,52,50,49,48,47,44,45,,,,,,,,,,,,,,,,,,,,,,,,,,,,,,,,,,,,,,,,,,,,,,,,,,,,,,,,,,,,,,,,,,,,,,,,,,,,,,,,,,,,,,,,,,,,,,,,,,,,,,,,,,,,,,,,,,,,,,,,,,,,,,,,,,,,,,,,,,,,,,,,,,,,,,,,,,,,,,,,,,,,,,,,,,,,,,,,,,,,,,,,,,,,,,,,
27,39,42,40,40,39,40,38,44,40,39,37,34,35,35,35,36,33,28,24,24,23,25,24,24,24,24,24,24,24,24,24,24,23,24,24,24,24,25,24,24,23,24,24,25,26,26,28,28,31,30,33,35,39,40,39,40,39,40,42,42,45,42,41,40,,,,,,,,,,,,,,,,,,,,,,,,,,,,,,,,,,,,,,,,,,,,,,,,,,,,,,,,,,,,,,,,,,,,,,,,,,,,,,,,,,,,,,,,,,,,,,,,,,,,,,,,,,,,,,,,,,,,,,,,,,,,,,,,,,,,,,,,,,,,,,,,,,,,,,,,,,,,,,,,,,,,,,,,,,,,,,,,,,,,,,,,,,,,,,,,
28,42,46,46,49,50,49,50,51,52,48,49,50,53,49,53,55,52,53,53,53,49,53,52,50,50,50,51,50,49,49,46,47,45,42,42,40,40,42,40,42,38,33,35,34,33,35,39,31,28,24,24,24,24,23,23,24,24,24,23,24,24,24,23,24,,,,,,,,,,,,,,,,,,,,,,,,,,,,,,,,,,,,,,,,,,,,,,,,,,,,,,,,,,,,,,,,,,,,,,,,,,,,,,,,,,,,,,,,,,,,,,,,,,,,,,,,,,,,,,,,,,,,,,,,,,,,,,,,,,,,,,,,,,,,,,,,,,,,,,,,,,,,,,,,,,,,,,,,,,,,,,,,,,,,,,,,,,,,,,,,
29,33,33,35,37,37,40,40,45,44,49,47,50,45,46,45,50,49,50,53,53,51,49,50,53,55,50,52,53,53,52,53,53,52,53,53,55,53,53,52,53,55,52,49,54,53,52,52,52,54,52,50,52,49,50,52,52,48,50,49,44,44,42,40,38,,,,,,,,,,,,,,,,,,,,,,,,,,,,,,,,,,,,,,,,,,,,,,,,,,,,,,,,,,,,,,,,,,,,,,,,,,,,,,,,,,,,,,,,,,,,,,,,,,,,,,,,,,,,,,,,,,,,,,,,,,,,,,,,,,,,,,,,,,,,,,,,,,,,,,,,,,,,,,,,,,,,,,,,,,,,,,,,,,,,,,,,,,,,,,,,
30,24,24,24,24,24,24,24,24,24,24,24,24,24,24,24,24,24,24,24,23,24,24,25,26,26,28,28,30,31,32,35,37,37,37,37,40,40,42,44,45,47,47,47,45,48,47,50,52,53,53,53,50,52,52,53,56,52,49,49,48,47,47,47,42,,,,,,,,,,,,,,,,,,,,,,,,,,,,,,,,,,,,,,,,,,,,,,,,,,,,,,,,,,,,,,,,,,,,,,,,,,,,,,,,,,,,,,,,,,,,,,,,,,,,,,,,,,,,,,,,,,,,,,,,,,,,,,,,,,,,,,,,,,,,,,,,,,,,,,,,,,,,,,,,,,,,,,,,,,,,,,,,,,,,,,,,,,,,,,,,
31,42,42,45,49,48,45,49,49,42,47,46,47,44,43,40,39,40,40,40,35,34,33,34,33,35,32,33,28,25,24,24,24,24,24,24,24,23,24,24,24,24,24,24,24,23,24,24,24,24,24,24,24,24,23,26,27,26,28,28,28,30,33,34,34,,,,,,,,,,,,,,,,,,,,,,,,,,,,,,,,,,,,,,,,,,,,,,,,,,,,,,,,,,,,,,,,,,,,,,,,,,,,,,,,,,,,,,,,,,,,,,,,,,,,,,,,,,,,,,,,,,,,,,,,,,,,,,,,,,,,,,,,,,,,,,,,,,,,,,,,,,,,,,,,,,,,,,,,,,,,,,,,,,,,,,,,,,,,,,,,
32,48,45,50,50,50,52,52,56,56,56,56,56,54,56,54,49,53,49,54,48,52,47,52,49,47,44,43,42,43,43,42,39,36,38,38,38,40,33,29,25,25,25,25,26,25,25,25,25,25,25,25,25,25,25,25,25,25,25,25,25,25,25,25,25,,,,,,,,,,,,,,,,,,,,,,,,,,,,,,,,,,,,,,,,,,,,,,,,,,,,,,,,,,,,,,,,,,,,,,,,,,,,,,,,,,,,,,,,,,,,,,,,,,,,,,,,,,,,,,,,,,,,,,,,,,,,,,,,,,,,,,,,,,,,,,,,,,,,,,,,,,,,,,,,,,,,,,,,,,,,,,,,,,,,,,,,,,,,,,,,
33,40,40,45,47,47,49,54,51,53,52,54,51,55,54,54,54,54,54,50,54,56,56,51,55,54,57,54,53,55,54,51,52,52,52,54,54,52,54,53,56,54,53,52,54,52,57,52,55,53,51,50,49,51,47,47,43,45,40,41,43,39,38,34,32,,,,,,,,,,,,,,,,,,,,,,,,,,,,,,,,,,,,,,,,,,,,,,,,,,,,,,,,,,,,,,,,,,,,,,,,,,,,,,,,,,,,,,,,,,,,,,,,,,,,,,,,,,,,,,,,,,,,,,,,,,,,,,,,,,,,,,,,,,,,,,,,,,,,,,,,,,,,,,,,,,,,,,,,,,,,,,,,,,,,,,,,,,,,,,,,
34,25,25,25,25,25,27,25,25,25,25,25,25,25,29,31,30,31,32,34,34,38,38,42,43,41,42,44,45,45,49,50,52,51,51,47,51,52,54,57,52,54,56,58,59,54,57,57,56,54,54,54,54,54,54,56,52,56,54,52,52,50,49,47,49,,,,,,,,,,,,,,,,,,,,,,,,,,,,,,,,,,,,,,,,,,,,,,,,,,,,,,,,,,,,,,,,,,,,,,,,,,,,,,,,,,,,,,,,,,,,,,,,,,,,,,,,,,,,,,,,,,,,,,,,,,,,,,,,,,,,,,,,,,,,,,,,,,,,,,,,,,,,,,,,,,,,,,,,,,,,,,,,,,,,,,,,,,,,,,,,
35,43,42,43,42,42,43,42,43,40,39,36,35,36,35,34,38,35,29,25,25,25,25,25,25,25,25,25,27,25,25,25,27,25,25,25,25,25,25,25,25,25,25,25,25,28,29,31,31,31,31,33,38,41,40,41,40,40,43,43,45,43,45,43,43,,,,,,,,,,,,,,,,,,,,,,,,,,,,,,,,,,,,,,,,,,,,,,,,,,,,,,,,,,,,,,,,,,,,,,,,,,,,,,,,,,,,,,,,,,,,,,,,,,,,,,,,,,,,,,,,,,,,,,,,,,,,,,,,,,,,,,,,,,,,,,,,,,,,,,,,,,,,,,,,,,,,,,,,,,,,,,,,,,,,,,,,,,,,,,,,
36,47,47,49,49,52,54,54,54,54,51,51,54,51,52,54,54,51,54,56,54,54,52,56,52,55,52,54,51,52,48,51,49,47,44,44,43,43,43,43,43,40,38,38,36,36,36,36,34,30,25,25,25,25,25,25,25,25,25,25,25,25,25,25,25,,,,,,,,,,,,,,,,,,,,,,,,,,,,,,,,,,,,,,,,,,,,,,,,,,,,,,,,,,,,,,,,,,,,,,,,,,,,,,,,,,,,,,,,,,,,,,,,,,,,,,,,,,,,,,,,,,,,,,,,,,,,,,,,,,,,,,,,,,,,,,,,,,,,,,,,,,,,,,,,,,,,,,,,,,,,,,,,,,,,,,,,,,,,,,,,
37,36,38,38,40,43,42,45,45,47,50,50,50,48,52,55,49,52,54,57,55,57,53,54,56,53,54,56,55,55,54,54,55,56,54,56,54,53,57,56,56,54,54,54,54,54,57,52,54,56,54,55,52,54,51,56,52,52,49,52,47,45,45,41,42,,,,,,,,,,,,,,,,,,,,,,,,,,,,,,,,,,,,,,,,,,,,,,,,,,,,,,,,,,,,,,,,,,,,,,,,,,,,,,,,,,,,,,,,,,,,,,,,,,,,,,,,,,,,,,,,,,,,,,,,,,,,,,,,,,,,,,,,,,,,,,,,,,,,,,,,,,,,,,,,,,,,,,,,,,,,,,,,,,,,,,,,,,,,,,,,
38,25,25,25,25,25,25,25,25,25,25,25,25,25,25,25,25,25,25,25,25,25,25,26,27,29,29,29,31,32,32,36,38,38,40,39,42,44,42,46,47,49,49,47,49,49,49,53,55,55,52,56,52,53,54,52,50,52,54,51,48,50,49,47,44,,,,,,,,,,,,,,,,,,,,,,,,,,,,,,,,,,,,,,,,,,,,,,,,,,,,,,,,,,,,,,,,,,,,,,,,,,,,,,,,,,,,,,,,,,,,,,,,,,,,,,,,,,,,,,,,,,,,,,,,,,,,,,,,,,,,,,,,,,,,,,,,,,,,,,,,,,,,,,,,,,,,,,,,,,,,,,,,,,,,,,,,,,,,,,,,
39,45,45,49,49,50,54,49,52,49,49,47,49,45,47,42,43,42,43,43,38,36,36,38,36,36,38,35,31,27,25,25,25,25,25,25,25,25,25,25,25,25,25,25,27,25,25,25,25,25,25,25,25,25,25,27,29,29,29,30,31,32,36,36,34,,,,,,,,,,,,,,,,,,,,,,,,,,,,,,,,,,,,,,,,,,,,,,,,,,,,,,,,,,,,,,,,,,,,,,,,,,,,,,,,,,,,,,,,,,,,,,,,,,,,,,,,,,,,,,,,,,,,,,,,,,,,,,,,,,,,,,,,,,,,,,,,,,,,,,,,,,,,,,,,,,,,,,,,,,,,,,,,,,,,,,,,,,,,,,,,
40,46,49,49,47,50,54,48,51,49,52,52,55,51,52,51,52,54,52,50,52,47,49,47,44,44,46,42,44,42,45,39,38,37,35,38,39,37,34,28,25,25,25,24,26,26,24,25,26,24,25,25,26,25,25,24,24,26,24,24,24,25,24,24,24,,,,,,,,,,,,,,,,,,,,,,,,,,,,,,,,,,,,,,,,,,,,,,,,,,,,,,,,,,,,,,,,,,,,,,,,,,,,,,,,,,,,,,,,,,,,,,,,,,,,,,,,,,,,,,,,,,,,,,,,,,,,,,,,,,,,,,,,,,,,,,,,,,,,,,,,,,,,,,,,,,,,,,,,,,,,,,,,,,,,,,,,,,,,,,,,
41,39,39,44,44,46,46,50,52,50,54,51,52,52,52,55,53,55,49,54,50,52,57,55,55,49,52,50,50,54,55,52,54,54,52,54,50,54,52,55,52,52,53,54,53,51,55,52,50,51,48,47,45,45,47,45,44,42,39,39,41,39,35,32,31,,,,,,,,,,,,,,,,,,,,,,,,,,,,,,,,,,,,,,,,,,,,,,,,,,,,,,,,,,,,,,,,,,,,,,,,,,,,,,,,,,,,,,,,,,,,,,,,,,,,,,,,,,,,,,,,,,,,,,,,,,,,,,,,,,,,,,,,,,,,,,,,,,,,,,,,,,,,,,,,,,,,,,,,,,,,,,,,,,,,,,,,,,,,,,,,
42,24,25,24,24,24,26,24,25,25,24,24,25,26,28,28,31,31,32,33,35,39,39,40,41,41,46,44,44,45,50,48,49,47,50,51,49,54,54,53,55,52,57,50,52,54,54,53,54,52,52,54,54,52,52,49,53,49,51,52,49,47,49,46,47,,,,,,,,,,,,,,,,,,,,,,,,,,,,,,,,,,,,,,,,,,,,,,,,,,,,,,,,,,,,,,,,,,,,,,,,,,,,,,,,,,,,,,,,,,,,,,,,,,,,,,,,,,,,,,,,,,,,,,,,,,,,,,,,,,,,,,,,,,,,,,,,,,,,,,,,,,,,,,,,,,,,,,,,,,,,,,,,,,,,,,,,,,,,,,,,
43,42,44,44,42,41,40,42,44,40,38,36,36,35,35,35,36,34,28,25,25,24,26,25,25,25,25,25,26,24,25,25,24,24,25,24,25,25,25,24,24,24,25,24,25,27,28,30,30,30,32,34,37,39,40,38,41,40,41,44,44,42,44,45,42,,,,,,,,,,,,,,,,,,,,,,,,,,,,,,,,,,,,,,,,,,,,,,,,,,,,,,,,,,,,,,,,,,,,,,,,,,,,,,,,,,,,,,,,,,,,,,,,,,,,,,,,,,,,,,,,,,,,,,,,,,,,,,,,,,,,,,,,,,,,,,,,,,,,,,,,,,,,,,,,,,,,,,,,,,,,,,,,,,,,,,,,,,,,,,,,
44,42,44,49,50,49,47,51,52,52,51,55,52,51,51,55,60,53,50,52,49,54,54,54,52,52,52,53,51,49,49,46,47,50,45,42,40,39,40,40,41,37,35,34,35,33,35,33,32,29,26,24,24,25,24,24,24,25,25,24,26,24,24,24,24,,,,,,,,,,,,,,,,,,,,,,,,,,,,,,,,,,,,,,,,,,,,,,,,,,,,,,,,,,,,,,,,,,,,,,,,,,,,,,,,,,,,,,,,,,,,,,,,,,,,,,,,,,,,,,,,,,,,,,,,,,,,,,,,,,,,,,,,,,,,,,,,,,,,,,,,,,,,,,,,,,,,,,,,,,,,,,,,,,,,,,,,,,,,,,,,
45,34,35,36,37,39,39,44,45,45,46,46,49,48,49,52,50,51,52,57,55,54,52,54,54,53,50,52,53,53,52,51,52,52,55,52,53,52,52,51,55,49,52,52,49,54,49,52,51,52,54,54,52,52,52,51,51,50,52,47,44,42,44,40,39,,,,,,,,,,,,,,,,,,,,,,,,,,,,,,,,,,,,,,,,,,,,,,,,,,,,,,,,,,,,,,,,,,,,,,,,,,,,,,,,,,,,,,,,,,,,,,,,,,,,,,,,,,,,,,,,,,,,,,,,,,,,,,,,,,,,,,,,,,,,,,,,,,,,,,,,,,,,,,,,,,,,,,,,,,,,,,,,,,,,,,,,,,,,,,,,
46,25,24,24,24,25,24,24,24,25,24,24,26,25,25,25,25,25,25,25,25,26,25,26,28,28,29,30,32,31,34,41,37,39,41,39,44,45,44,49,47,51,49,49,49,52,47,52,55,54,52,55,57,54,54,50,54,55,57,52,52,50,45,46,46,,,,,,,,,,,,,,,,,,,,,,,,,,,,,,,,,,,,,,,,,,,,,,,,,,,,,,,,,,,,,,,,,,,,,,,,,,,,,,,,,,,,,,,,,,,,,,,,,,,,,,,,,,,,,,,,,,,,,,,,,,,,,,,,,,,,,,,,,,,,,,,,,,,,,,,,,,,,,,,,,,,,,,,,,,,,,,,,,,,,,,,,,,,,,,,,
47,44,49,51,52,49,50,50,52,46,46,51,49,49,45,44,44,44,44,42,40,37,35,37,39,37,35,35,29,26,24,24,25,24,24,24,25,24,24,24,24,24,24,24,26,24,25,25,24,24,25,24,25,24,24,28,28,28,28,31,32,32,37,37,35,,,,,,,,,,,,,,,,,,,,,,,,,,,,,,,,,,,,,,,,,,,,,,,,,,,,,,,,,,,,,,,,,,,,,,,,,,,,,,,,,,,,,,,,,,,,,,,,,,,,,,,,,,,,,,,,,,,,,,,,,,,,,,,,,,,,,,,,,,,,,,,,,,,,,,,,,,,,,,,,,,,,,,,,,,,,,,,,,,,,,,,,,,,,,,,,
48,48,53,50,50,51,53,53,48,52,53,56,51,59,51,55,53,55,53,54,50,52,51,48,48,48,41,46,43,48,48,41,39,38,41,41,40,38,34,29,25,25,25,24,25,25,25,25,25,25,25,25,25,24,25,24,24,24,24,24,23,24,24,24,24,,,,,,,,,,,,,,,,,,,,,,,,,,,,,,,,,,,,,,,,,,,,,,,,,,,,,,,,,,,,,,,,,,,,,,,,,,,,,,,,,,,,,,,,,,,,,,,,,,,,,,,,,,,,,,,,,,,,,,,,,,,,,,,,,,,,,,,,,,,,,,,,,,,,,,,,,,,,,,,,,,,,,,,,,,,,,,,,,,,,,,,,,,,,,,,,
49,41,43,46,45,45,50,52,53,56,54,51,51,53,53,53,50,53,50,54,54,54,51,53,54,56,55,56,53,54,54,57,56,54,56,57,53,56,56,54,53,56,52,51,51,51,54,53,51,53,51,51,45,48,50,42,43,42,43,43,40,40,35,34,33,,,,,,,,,,,,,,,,,,,,,,,,,,,,,,,,,,,,,,,,,,,,,,,,,,,,,,,,,,,,,,,,,,,,,,,,,,,,,,,,,,,,,,,,,,,,,,,,,,,,,,,,,,,,,,,,,,,,,,,,,,,,,,,,,,,,,,,,,,,,,,,,,,,,,,,,,,,,,,,,,,,,,,,,,,,,,,,,,,,,,,,,,,,,,,,,
50,24,25,24,24,24,24,24,24,25,23,24,25,24,27,29,29,30,29,32,32,38,38,39,40,38,40,43,43,46,45,47,50,50,48,47,48,48,56,51,57,53,54,56,53,57,51,56,53,53,54,51,53,53,51,51,56,53,49,50,50,48,48,45,41,,,,,,,,,,,,,,,,,,,,,,,,,,,,,,,,,,,,,,,,,,,,,,,,,,,,,,,,,,,,,,,,,,,,,,,,,,,,,,,,,,,,,,,,,,,,,,,,,,,,,,,,,,,,,,,,,,,,,,,,,,,,,,,,,,,,,,,,,,,,,,,,,,,,,,,,,,,,,,,,,,,,,,,,,,,,,,,,,,,,,,,,,,,,,,,,
51,41,44,43,42,41,43,40,40,43,36,36,37,36,34,35,36,34,29,25,24,24,25,24,24,24,24,25,24,24,25,25,24,24,25,24,25,25,25,24,24,24,24,24,25,27,28,29,31,31,32,34,36,38,37,38,40,42,43,42,43,45,44,45,43,,,,,,,,,,,,,,,,,,,,,,,,,,,,,,,,,,,,,,,,,,,,,,,,,,,,,,,,,,,,,,,,,,,,,,,,,,,,,,,,,,,,,,,,,,,,,,,,,,,,,,,,,,,,,,,,,,,,,,,,,,,,,,,,,,,,,,,,,,,,,,,,,,,,,,,,,,,,,,,,,,,,,,,,,,,,,,,,,,,,,,,,,,,,,,,,
52,43,44,50,46,48,51,53,51,51,51,53,53,50,51,50,51,54,53,51,51,54,51,50,53,51,51,53,50,48,46,47,46,46,42,43,39,43,39,38,38,36,35,33,34,34,36,33,31,29,24,24,24,24,24,24,25,24,24,24,25,24,24,24,24,,,,,,,,,,,,,,,,,,,,,,,,,,,,,,,,,,,,,,,,,,,,,,,,,,,,,,,,,,,,,,,,,,,,,,,,,,,,,,,,,,,,,,,,,,,,,,,,,,,,,,,,,,,,,,,,,,,,,,,,,,,,,,,,,,,,,,,,,,,,,,,,,,,,,,,,,,,,,,,,,,,,,,,,,,,,,,,,,,,,,,,,,,,,,,,,
53,36,35,40,40,45,45,43,45,48,50,48,51,52,48,50,53,54,48,57,54,53,54,57,53,51,51,56,51,56,55,54,53,54,53,53,56,54,53,53,57,54,56,54,51,54,53,54,53,54,54,54,56,51,53,51,56,51,50,53,51,45,45,46,41,,,,,,,,,,,,,,,,,,,,,,,,,,,,,,,,,,,,,,,,,,,,,,,,,,,,,,,,,,,,,,,,,,,,,,,,,,,,,,,,,,,,,,,,,,,,,,,,,,,,,,,,,,,,,,,,,,,,,,,,,,,,,,,,,,,,,,,,,,,,,,,,,,,,,,,,,,,,,,,,,,,,,,,,,,,,,,,,,,,,,,,,,,,,,,,,
54,24,24,24,24,24,24,24,24,25,24,24,25,24,25,24,24,25,25,24,24,25,24,25,27,27,27,29,31,29,35,38,42,38,41,45,38,41,43,43,48,48,48,46,49,45,48,48,51,53,53,51,53,52,49,50,48,51,48,50,48,50,46,45,41,,,,,,,,,,,,,,,,,,,,,,,,,,,,,,,,,,,,,,,,,,,,,,,,,,,,,,,,,,,,,,,,,,,,,,,,,,,,,,,,,,,,,,,,,,,,,,,,,,,,,,,,,,,,,,,,,,,,,,,,,,,,,,,,,,,,,,,,,,,,,,,,,,,,,,,,,,,,,,,,,,,,,,,,,,,,,,,,,,,,,,,,,,,,,,,,
55,46,51,46,51,54,53,51,51,47,48,51,48,46,46,46,45,45,43,43,40,35,36,36,37,36,38,34,29,26,24,25,25,25,24,25,24,24,25,24,24,25,24,24,25,24,25,24,23,24,24,25,24,24,25,27,28,29,29,31,32,31,34,35,38,,,,,,,,,,,,,,,,,,,,,,,,,,,,,,,,,,,,,,,,,,,,,,,,,,,,,,,,,,,,,,,,,,,,,,,,,,,,,,,,,,,,,,,,,,,,,,,,,,,,,,,,,,,,,,,,,,,,,,,,,,,,,,,,,,,,,,,,,,,,,,,,,,,,,,,,,,,,,,,,,,,,,,,,,,,,,,,,,,,,,,,,,,,,,,,,
56,41,45,45,45,49,48,49,47,49,48,55,50,50,51,49,48,52,50,47,45,46,43,47,42,41,41,40,38,40,40,38,33,33,31,34,33,33,33,26,24,24,24,24,24,24,24,25,25,24,24,24,24,24,24,24,24,24,24,24,24,24,24,24,24,,,,,,,,,,,,,,,,,,,,,,,,,,,,,,,,,,,,,,,,,,,,,,,,,,,,,,,,,,,,,,,,,,,,,,,,,,,,,,,,,,,,,,,,,,,,,,,,,,,,,,,,,,,,,,,,,,,,,,,,,,,,,,,,,,,,,,,,,,,,,,,,,,,,,,,,,,,,,,,,,,,,,,,,,,,,,,,,,,,,,,,,,,,,,,,,
57,40,42,44,49,45,49,50,50,52,53,52,50,51,52,52,52,52,52,50,50,50,52,53,55,50,53,50,53,52,53,53,50,52,53,50,53,50,55,55,53,52,53,49,52,50,53,50,53,50,53,50,50,48,50,44,42,42,42,40,42,38,35,33,31,,,,,,,,,,,,,,,,,,,,,,,,,,,,,,,,,,,,,,,,,,,,,,,,,,,,,,,,,,,,,,,,,,,,,,,,,,,,,,,,,,,,,,,,,,,,,,,,,,,,,,,,,,,,,,,,,,,,,,,,,,,,,,,,,,,,,,,,,,,,,,,,,,,,,,,,,,,,,,,,,,,,,,,,,,,,,,,,,,,,,,,,,,,,,,,,
58,24,24,24,25,24,24,24,24,24,24,24,24,24,26,27,28,29,29,31,31,35,38,37,39,38,37,41,43,43,40,45,45,47,46,48,45,52,51,50,51,49,49,49,50,55,49,52,49,50,48,50,52,49,52,52,50,51,50,48,48,47,42,43,42,,,,,,,,,,,,,,,,,,,,,,,,,,,,,,,,,,,,,,,,,,,,,,,,,,,,,,,,,,,,,,,,,,,,,,,,,,,,,,,,,,,,,,,,,,,,,,,,,,,,,,,,,,,,,,,,,,,,,,,,,,,,,,,,,,,,,,,,,,,,,,,,,,,,,,,,,,,,,,,,,,,,,,,,,,,,,,,,,,,,,,,,,,,,,,,,
59,40,38,40,40,38,40,39,40,38,35,33,35,33,33,34,35,32,26,24,24,24,25,24,24,24,24,24,24,24,24,24,24,24,24,24,24,24,24,24,24,24,24,24,24,26,26,28,28,29,29,31,35,37,39,36,37,37,40,42,40,42,42,40,39,,,,,,,,,,,,,,,,,,,,,,,,,,,,,,,,,,,,,,,,,,,,,,,,,,,,,,,,,,,,,,,,,,,,,,,,,,,,,,,,,,,,,,,,,,,,,,,,,,,,,,,,,,,,,,,,,,,,,,,,,,,,,,,,,,,,,,,,,,,,,,,,,,,,,,,,,,,,,,,,,,,,,,,,,,,,,,,,,,,,,,,,,,,,,,,,
60,42,43,45,47,45,49,50,48,49,48,49,50,48,49,50,47,52,49,50,48,50,50,50,48,48,50,48,48,47,48,48,45,45,45,45,39,38,40,38,40,40,37,35,33,33,35,34,33,33,29,24,24,24,24,24,24,24,24,24,24,24,24,24,24,,,,,,,,,,,,,,,,,,,,,,,,,,,,,,,,,,,,,,,,,,,,,,,,,,,,,,,,,,,,,,,,,,,,,,,,,,,,,,,,,,,,,,,,,,,,,,,,,,,,,,,,,,,,,,,,,,,,,,,,,,,,,,,,,,,,,,,,,,,,,,,,,,,,,,,,,,,,,,,,,,,,,,,,,,,,,,,,,,,,,,,,,,,,,,,,
61,30,31,33,35,37,36,36,40,42,42,42,42,42,42,42,43,47,45,49,45,45,45,47,47,47,45,45,44,45,47,45,47,44,45,45,47,45,45,43,47,47,44,45,48,47,43,47,47,45,43,44,45,45,46,47,45,45,47,42,42,40,38,37,34,,,,,,,,,,,,,,,,,,,,,,,,,,,,,,,,,,,,,,,,,,,,,,,,,,,,,,,,,,,,,,,,,,,,,,,,,,,,,,,,,,,,,,,,,,,,,,,,,,,,,,,,,,,,,,,,,,,,,,,,,,,,,,,,,,,,,,,,,,,,,,,,,,,,,,,,,,,,,,,,,,,,,,,,,,,,,,,,,,,,,,,,,,,,,,,,
62,24,24,24,24,24,24,24,24,24,24,24,24,24,24,24,24,24,24,24,24,24,24,25,26,26,27,28,28,30,31,33,36,37,35,37,37,38,40,41,40,43,42,44,40,44,45,47,42,44,45,47,44,47,45,44,45,45,45,45,43,45,44,43,42,,,,,,,,,,,,,,,,,,,,,,,,,,,,,,,,,,,,,,,,,,,,,,,,,,,,,,,,,,,,,,,,,,,,,,,,,,,,,,,,,,,,,,,,,,,,,,,,,,,,,,,,,,,,,,,,,,,,,,,,,,,,,,,,,,,,,,,,,,,,,,,,,,,,,,,,,,,,,,,,,,,,,,,,,,,,,,,,,,,,,,,,,,,,,,,,
63,45,47,45,47,47,47,47,42,40,44,44,45,42,40,38,38,39,38,37,36,34,34,33,32,32,33,33,27,25,24,24,24,24,24,24,24,24,24,24,23,24,24,24,24,24,24,24,24,24,24,24,24,24,24,26,26,26,27,28,29,30,31,31,33,,,,,,,,,,,,,,,,,,,,,,,,,,,,,,,,,,,,,,,,,,,,,,,,,,,,,,,,,,,,,,,,,,,,,,,,,,,,,,,,,,,,,,,,,,,,,,,,,,,,,,,,,,,,,,,,,,,,,,,,,,,,,,,,,,,,,,,,,,,,,,,,,,,,,,,,,,,,,,,,,,,,,,,,,,,,,,,,,,,,,,,,,,,,,,,,
,,,,,,,,,,,,,,,,,,,,,,,,,,,,,,,,,,,,,,,,,,,,,,,,,,,,,,,,,,,,,,,,,,,,,,,,,,,,,,,,,,,,,,,,,,,,,,,,,,,,,,,,,,,,,,,,,,,,,,,,,,,,,,,,,,,,,,,,,,,,,,,,,,,,,,,,,,,,,,,,,,,,,,,,,,,,,,,,,,,,,,,,,,,,,,,,,,,,,,,,,,,,,,,,,,,,,,,,,,,,,,,,,,,,,,,,,,,,,,,,,,,,,,,,,,,,,,,,
value,0,1,2,3,4,5,6,7,8,9,10,11,12,13,14,15,16,17,18,19,20,21,22,23,24,25,26,27,28,29,30,31,32,33,34,35,36,37,38,39,40,41,42,43,44,45,46,47,48,49,50,51,52,53,54,55,56,57,58,59,60,61,62,63,64,65,66,67,68,69,70,71,72,73,74,75,76,77,78,79,80,81,82,83,84,85,86,87,88,89,90,91,92,93,94,95,96,97,98,99,100,101,102,103,104,105,106,107,108,109,110,111,112,113,114,115,116,117,118,119,120,121,122,123,124,125,126,127,128,129,130,131,132,133,134,135,136,137,138,139,140,141,142,143,144,145,146,147,148,149,150,151,152,153,154,155,156,157,158,159,160,161,162,163,164,165,166,167,168,169,170,171,172,173,174,175,176,177,178,179,180,181,182,183,184,185,186,187,188,189,190,191,192,193,194,195,196,197,198,199,200,201,202,203,204,205,206,207,208,209,210,211,212,213,214,215,216,217,218,219,220,221,222,223,224,225,226,227,228,229,230,231,232,233,234,235,236,237,238,239,240,241,242,243,244,245,246,247,248,249,250,251,252,253,254,255
count,0,0,0,0,0,0,0,0,0,0,0,0,0,0,0,0,0,0,0,0,57,68,176,99,384,244,51,42,39,63,22,57,39,68,57,70,73,49,97,80,110,85,116,114,118,142,104,133,110,157,179,140,238,183,161,67,69,28,2,2,3,0,0,0,0,0,0,0,0,0,0,0,0,0,0,0,0,0,0,0,0,0,0,0,0,0,0,0,0,0,0,0,0,0,0,0,0,0,0,0,0,0,0,0,0,0,0,0,0,0,0,0,0,0,0,0,0,0,0,0,0,0,0,0,0,0,0,0,0,0,0,0,0,0,0,0,0,0,0,0,0,0,0,0,0,0,0,0,0,0,0,0,0,0,0,0,0,0,0,0,0,0,0,0,0,0,0,0,0,0,0,0,0,0,0,0,0,0,0,0,0,0,0,0,0,0,0,0,0,0,0,0,0,0,0,0,0,0,0,0,0,0,0,0,0,0,0,0,0,0,0,0,0,0,0,0,0,0,0,0,0,0,0,0,0,0,0,0,0,0,0,0,0,0,0,0,0,0,0,0,0,0,0,0,0,0,0,0,0,0,0,0,0,0,0,0
,,,,,,,,,,,,,,,,,,,,,,,,,,,,,,,,,,,,,,,,,,,,,,,,,,,,,,,,,,,,,,,,,,,,,,,,,,,,,,,,,,,,,,,,,,,,,,,,,,,,,,,,,,,,,,,,,,,,,,,,,,,,,,,,,,,,,,,,,,,,,,,,,,,,,,,,,,,,,,,,,,,,,,,,,,,,,,,,,,,,,,,,,,,,,,,,,,,,,,,,,,,,,,,,,,,,,,,,,,,,,,,,,,,,,,,,,,,,,,,,,,,,,,,,,,,,,,,,
5,,,,,,,,,,,,,,,,,,,,,,,,,,,,,,,,,,,,,,,,,,,,,,,,,,,,,,,,,,,,,,,,,,,,,,,,,,,,,,,,,,,,,,,,,,,,,,,,,,,,,,,,,,,,,,,,,,,,,,,,,,,,,,,,,,,,,,,,,,,,,,,,,,,,,,,,,,,,,,,,,,,,,,,,,,,,,,,,,,,,,,,,,,,,,,,,,,,,,,,,,,,,,,,,,,,,,,,,,,,,,,,,,,,,,,,,,,,,,,,,,,,,,,,,,,,,,,,,
,0,1,2,3,4,5,6,7,8,9,10,11,12,13,14,15,16,17,18,19,20,21,22,23,24,25,26,27,28,29,30,31,32,33,34,35,36,37,38,39,40,41,42,43,44,45,46,47,48,49,50,51,52,53,54,55,56,57,58,59,60,61,62,63,,,,,,,,,,,,,,,,,,,,,,,,,,,,,,,,,,,,,,,,,,,,,,,,,,,,,,,,,,,,,,,,,,,,,,,,,,,,,,,,,,,,,,,,,,,,,,,,,,,,,,,,,,,,,,,,,,,,,,,,,,,,,,,,,,,,,,,,,,,,,,,,,,,,,,,,,,,,,,,,,,,,,,,,,,,,,,,,,,,,,,,,,,,,,,,,
0,38,38,44,41,43,41,43,40,40,41,43,40,43,43,42,43,41,43,44,39,38,38,38,36,36,36,36,36,34,29,31,30,29,29,29,30,29,23,20,20,20,20,20,21,20,21,20,20,21,21,20,20,20,21,20,20,21,20,20,21,20,20,20,20,,,,,,,,,,,,,,,,,,,,,,,,,,,,,,,,,,,,,,,,,,,,,,,,,,,,,,,,,,,,,,,,,,,,,,,,,,,,,,,,,,,,,,,,,,,,,,,,,,,,,,,,,,,,,,,,,,,,,,,,,,,,,,,,,,,,,,,,,,,,,,,,,,,,,,,,,,,,,,,,,,,,,,,,,,,,,,,,,,,,,,,,,,,,,,,,
1,38,39,38,37,45,46,44,41,43,44,46,41,46,49,41,46,45,41,43,43,43,41,41,43,43,43,45,42,43,45,44,43,43,48,46,43,41,40,43,43,41,41,43,43,46,43,46,43,40,41,39,43,41,39,36,38,34,38,36,34,32,29,27,27,,,,,,,,,,,,,,,,,,,,,,,,,,,,,,,,,,,,,,,,,,,,,,,,,,,,,,,,,,,,,,,,,,,,,,,,,,,,,,,,,,,,,,,,,,,,,,,,,,,,,,,,,,,,,,,,,,,,,,,,,,,,,,,,,,,,,,,,,,,,,,,,,,,,,,,,,,,,,,,,,,,,,,,,,,,,,,,,,,,,,,,,,,,,,,,,
2,20,20,20,21,20,20,20,20,20,21,20,21,23,23,24,25,26,27,27,30,36,33,34,34,33,36,39,40,40,43,43,41,41,43,43,46,43,44,43,43,43,46,48,46,43,46,45,49,43,46,43,43,41,45,45,41,44,43,43,43,41,39,38,36,,,,,,,,,,,,,,,,,,,,,,,,,,,,,,,,,,,,,,,,,,,,,,,,,,,,,,,,,,,,,,,,,,,,,,,,,,,,,,,,,,,,,,,,,,,,,,,,,,,,,,,,,,,,,,,,,,,,,,,,,,,,,,,,,,,,,,,,,,,,,,,,,,,,,,,,,,,,,,,,,,,,,,,,,,,,,,,,,,,,,,,,,,,,,,,,
3,36,38,35,33,33,34,34,35,34,30,29,29,29,29,29,29,24,21,20,20,21,20,20,21,21,20,20,21,20,20,20,21,20,21,20,20,20,20,21,20,21,21,22,23,23,25,25,26,29,29,33,34,33,38,33,35,38,36,39,39,39,39,38,36,,,,,,,,,,,,,,,,,,,,,,,,,,,,,,,,,,,,,,,,,,,,,,,,,,,,,,,,,,,,,,,,,,,,,,,,,,,,,,,,,,,,,,,,,,,,,,,,,,,,,,,,,,,,,,,,,,,,,,,,,,,,,,,,,,,,,,,,,,,,,,,,,,,,,,,,,,,,,,,,,,,,,,,,,,,,,,,,,,,,,,,,,,,,,,,,
4,44,41,46,46,46,48,48,51,46,48,48,48,47,46,48,48,48,46,47,48,49,46,48,48,49,47,46,45,42,41,46,40,44,39,39,39,41,39,38,36,31,33,29,32,34,33,31,27,20,20,20,21,21,20,21,21,20,20,20,21,21,20,20,20,,,,,,,,,,,,,,,,,,,,,,,,,,,,,,,,,,,,,,,,,,,,,,,,,,,,,,,,,,,,,,,,,,,,,,,,,,,,,,,,,,,,,,,,,,,,,,,,,,,,,,,,,,,,,,,,,,,,,,,,,,,,,,,,,,,,,,,,,,,,,,,,,,,,,,,,,,,,,,,,,,,,,,,,,,,,,,,,,,,,,,,,,,,,,,,,
5,27,29,33,33,34,34,38,41,43,43,41,43,40,44,44,45,47,46,48,47,46,50,48,46,48,45,51,45,48,48,46,46,46,49,48,43,45,50,48,48,46,48,45,48,44,48,46,45,46,46,48,47,48,50,46,48,46,46,41,41,41,39,36,33,,,,,,,,,,,,,,,,,,,,,,,,,,,,,,,,,,,,,,,,,,,,,,,,,,,,,,,,,,,,,,,,,,,,,,,,,,,,,,,,,,,,,,,,,,,,,,,,,,,,,,,,,,,,,,,,,,,,,,,,,,,,,,,,,,,,,,,,,,,,,,,,,,,,,,,,,,,,,,,,,,,,,,,,,,,,,,,,,,,,,,,,,,,,,,,,
6,21,21,21,20,20,20,20,21,21,20,21,21,20,21,21,21,20,20,21,21,21,21,23,23,25,27,27,29,29,34,35,34,33,38,36,40,38,38,43,44,45,45,43,44,44,45,48,48,46,47,48,51,53,46,49,50,45,48,47,46,46,39,41,39,,,,,,,,,,,,,,,,,,,,,,,,,,,,,,,,,,,,,,,,,,,,,,,,,,,,,,,,,,,,,,,,,,,,,,,,,,,,,,,,,,,,,,,,,,,,,,,,,,,,,,,,,,,,,,,,,,,,,,,,,,,,,,,,,,,,,,,,,,,,,,,,,,,,,,,,,,,,,,,,,,,,,,,,,,,,,,,,,,,,,,,,,,,,,,,,
7,40,43,41,45,42,46,43,45,45,42,43,41,39,36,36,39,36,36,33,31,29,31,31,31,31,27,24,22,21,21,20,21,20,20,20,21,20,21,22,21,20,21,20,21,21,20,21,20,21,21,21,20,20,23,23,24,25,26,27,27,31,31,29,29,,,,,,,,,,,,,,,,,,,,,,,,,,,,,,,,,,,,,,,,,,,,,,,,,,,,,,,,,,,,,,,,,,,,,,,,,,,,,,,,,,,,,,,,,,,,,,,,,,,,,,,,,,,,,,,,,,,,,,,,,,,,,,,,,,,,,,,,,,,,,,,,,,,,,,,,,,,,,,,,,,,,,,,,,,,,,,,,,,,,,,,,,,,,,,,,
8,46,46,47,50,49,52,54,51,49,51,54,51,49,50,52,52,49,47,44,46,45,44,42,44,40,44,38,42,42,37,33,33,33,35,35,33,33,26,22,22,22,22,22,22,22,22,22,22,22,22,22,22,22,22,22,22,22,22,22,22,22,22,22,22,,,,,,,,,,,,,,,,,,,,,,,,,,,,,,,,,,,,,,,,,,,,,,,,,,,,,,,,,,,,,,,,,,,,,,,,,,,,,,,,,,,,,,,,,,,,,,,,,,,,,,,,,,,,,,,,,,,,,,,,,,,,,,,,,,,,,,,,,,,,,,,,,,,,,,,,,,,,,,,,,,,,,,,,,,,,,,,,,,,,,,,,,,,,,,,,
9,40,40,46,47,47,51,51,53,52,52,52,50,52,52,51,51,53,56,55,51,52,52,52,52,52,52,55,51,51,51,52,55,54,49,49,51,52,54,52,53,52,52,51,56,54,51,50,49,49,46,46,47,47,42,42,39,40,39,37,36,35,31,29,29,,,,,,,,,,,,,,,,,,,,,,,,,,,,,,,,,,,,,,,,,,,,,,,,,,,,,,,,,,,,,,,,,,,,,,,,,,,,,,,,,,,,,,,,,,,,,,,,,,,,,,,,,,,,,,,,,,,,,,,,,,,,,,,,,,,,,,,,,,,,,,,,,,,,,,,,,,,,,,,,,,,,,,,,,,,,,,,,,,,,,,,,,,,,,,,,
10,22,22,22,22,22,22,22,22,22,22,22,24,24,25,26,28,28,29,31,35,35,37,37,38,39,40,44,44,46,50,47,47,47,47,48,51,54,54,54,56,52,52,54,54,54,51,54,55,52,54,55,52,53,50,54,51,54,52,52,48,49,49,47,44,,,,,,,,,,,,,,,,,,,,,,,,,,,,,,,,,,,,,,,,,,,,,,,,,,,,,,,,,,,,,,,,,,,,,,,,,,,,,,,,,,,,,,,,,,,,,,,,,,,,,,,,,,,,,,,,,,,,,,,,,,,,,,,,,,,,,,,,,,,,,,,,,,,,,,,,,,,,,,,,,,,,,,,,,,,,,,,,,,,,,,,,,,,,,,,,
11,42,42,37,39,41,44,40,42,38,33,35,34,35,36,35,32,26,22,22,22,22,22,22,22,22,22,22,23,22,22,22,22,22,22,22,22,22,22,22,22,22,22,22,25,26,27,29,30,30,33,37,40,40,40,39,42,42,41,47,47,44,42,42,40,,,,,,,,,,,,,,,,,,,,,,,,,,,,,,,,,,,,,,,,,,,,,,,,,,,,,,,,,,,,,,,,,,,,,,,,,,,,,,,,,,,,,,,,,,,,,,,,,,,,,,,,,,,,,,,,,,,,,,,,,,,,,,,,,,,,,,,,,,,,,,,,,,,,,,,,,,,,,,,,,,,,,,,,,,,,,,,,,,,,,,,,,,,,,,,,
12,44,51,50,54,56,54,53,61,56,51,55,56,56,56,56,54,53,56,54,56,54,54,52,51,59,57,54,52,51,51,51,51,48,44,47,44,43,46,46,40,35,36,37,37,37,37,36,27,22,22,22,22,22,22,22,22,22,24,22,22,22,22,22,22,,,,,,,,,,,,,,,,,,,,,,,,,,,,,,,,,,,,,,,,,,,,,,,,,,,,,,,,,,,,,,,,,,,,,,,,,,,,,,,,,,,,,,,,,,,,,,,,,,,,,,,,,,,,,,,,,,,,,,,,,,,,,,,,,,,,,,,,,,,,,,,,,,,,,,,,,,,,,,,,,,,,,,,,,,,,,,,,,,,,,,,,,,,,,,,,
13,33,35,35,38,39,41,42,44,44,49,46,46,46,48,49,52,52,49,49,51,52,53,49,52,54,52,53,52,52,54,52,51,52,50,51,51,49,53,52,53,52,51,49,52,53,53,51,51,50,52,49,51,54,51,54,54,52,51,49,45,42,44,40,38,,,,,,,,,,,,,,,,,,,,,,,,,,,,,,,,,,,,,,,,,,,,,,,,,,,,,,,,,,,,,,,,,,,,,,,,,,,,,,,,,,,,,,,,,,,,,,,,,,,,,,,,,,,,,,,,,,,,,,,,,,,,,,,,,,,,,,,,,,,,,,,,,,,,,,,,,,,,,,,,,,,,,,,,,,,,,,,,,,,,,,,,,,,,,,,,
14,22,22,22,22,22,22,22,22,22,22,22,22,22,22,22,22,22,22,22,22,22,24,24,26,26,26,28,30,31,33,37,37,40,37,40,39,42,42,46,44,44,49,44,51,46,51,50,51,52,49,54,54,51,49,49,49,49,51,49,49,48,42,44,40,,,,,,,,,,,,,,,,,,,,,,,,,,,,,,,,,,,,,,,,,,,,,,,,,,,,,,,,,,,,,,,,,,,,,,,,,,,,,,,,,,,,,,,,,,,,,,,,,,,,,,,,,,,,,,,,,,,,,,,,,,,,,,,,,,,,,,,,,,,,,,,,,,,,,,,,,,,,,,,,,,,,,,,,,,,,,,,,,,,,,,,,,,,,,,,,
15,42,47,45,46,51,48,49,47,48,46,45,44,42,42,41,42,40,39,37,36,33,35,34,33,35,30,26,22,22,22,22,22,22,22,22,22,22,22,22,22,22,22,22,22,22,22,22,22,22,22,22,22,22,25,26,26,27,28,28,31,31,33,33,33,,,,,,,,,,,,,,,,,,,,,,,,,,,,,,,,,,,,,,,,,,,,,,,,,,,,,,,,,,,,,,,,,,,,,,,,,,,,,,,,,,,,,,,,,,,,,,,,,,,,,,,,,,,,,,,,,,,,,,,,,,,,,,,,,,,,,,,,,,,,,,,,,,,,,,,,,,,,,,,,,,,,,,,,,,,,,,,,,,,,,,,,,,,,,,,,
16,45,44,44,47,49,53,49,49,50,50,53,50,53,52,49,52,50,49,44,47,46,46,43,40,38,38,39,39,37,34,32,33,31,32,33,34,32,25,23,22,23,23,22,23,22,22,23,23,23,23,23,23,23,23,23,23,23,22,22,23,22,22,22,22,,,,,,,,,,,,,,,,,,,,,,,,,,,,,,,,,,,,,,,,,,,,,,,,,,,,,,,,,,,,,,,,,,,,,,,,,,,,,,,,,,,,,,,,,,,,,,,,,,,,,,,,,,,,,,,,,,,,,,,,,,,,,,,,,,,,,,,,,,,,,,,,,,,,,,,,,,,,,,,,,,,,,,,,,,,,,,,,,,,,,,,,,,,,,,,,
17,40,44,44,49,47,51,51,55,53,56,52,53,56,52,57,55,53,53,55,53,56,56,52,52,53,52,56,56,56,56,57,56,55,54,53,53,57,52,52,52,52,53,55,51,53,53,53,50,50,49,53,49,49,47,43,43,41,44,41,41,36,34,30,30,,,,,,,,,,,,,,,,,,,,,,,,,,,,,,,,,,,,,,,,,,,,,,,,,,,,,,,,,,,,,,,,,,,,,,,,,,,,,,,,,,,,,,,,,,,,,,,,,,,,,,,,,,,,,,,,,,,,,,,,,,,,,,,,,,,,,,,,,,,,,,,,,,,,,,,,,,,,,,,,,,,,,,,,,,,,,,,,,,,,,,,,,,,,,,,,
18,22,23,23,22,22,23,23,22,23,23,22,23,26,27,27,29,27,31,33,38,38,39,40,43,41,44,44,44,50,53,49,52,49,49,47,52,50,53,53,53,53,55,52,52,53,53,57,52,53,52,53,52,55,54,56,53,55,52,49,49,46,44,47,41,,,,,,,,,,,,,,,,,,,,,,,,,,,,,,,,,,,,,,,,,,,,,,,,,,,,,,,,,,,,,,,,,,,,,,,,,,,,,,,,,,,,,,,,,,,,,,,,,,,,,,,,,,,,,,,,,,,,,,,,,,,,,,,,,,,,,,,,,,,,,,,,,,,,,,,,,,,,,,,,,,,,,,,,,,,,,,,,,,,,,,,,,,,,,,,,
19,44,46,44,46,43,46,43,43,41,41,39,36,37,38,38,36,29,23,23,22,23,23,23,23,23,23,22,23,23,23,23,23,23,23,23,23,22,22,23,23,23,24,23,25,27,27,31,31,32,34,41,43,44,44,42,44,49,49,49,49,49,50,44,44,,,,,,,,,,,,,,,,,,,,,,,,,,,,,,,,,,,,,,,,,,,,,,,,,,,,,,,,,,,,,,,,,,,,,,,,,,,,,,,,,,,,,,,,,,,,,,,,,,,,,,,,,,,,,,,,,,,,,,,,,,,,,,,,,,,,,,,,,,,,,,,,,,,,,,,,,,,,,,,,,,,,,,,,,,,,,,,,,,,,,,,,,,,,,,,,
20,41,43,47,44,47,47,52,55,47,50,52,52,53,50,52,52,52,49,52,50,52,49,52,52,51,49,47,49,46,44,44,47,43,43,41,39,39,42,38,38,34,34,34,33,36,33,33,27,23,23,23,22,22,23,23,23,22,23,23,23,23,22,22,22,,,,,,,,,,,,,,,,,,,,,,,,,,,,,,,,,,,,,,,,,,,,,,,,,,,,,,,,,,,,,,,,,,,,,,,,,,,,,,,,,,,,,,,,,,,,,,,,,,,,,,,,,,,,,,,,,,,,,,,,,,,,,,,,,,,,,,,,,,,,,,,,,,,,,,,,,,,,,,,,,,,,,,,,,,,,,,,,,,,,,,,,,,,,,,,,
21,32,34,36,39,38,41,41,44,46,44,47,47,47,50,49,56,50,53,57,55,53,51,50,50,50,50,52,52,53,53,53,55,50,50,51,52,52,52,52,50,53,52,49,50,52,52,52,52,49,50,50,53,52,50,49,52,52,46,46,43,47,44,41,37,,,,,,,,,,,,,,,,,,,,,,,,,,,,,,,,,,,,,,,,,,,,,,,,,,,,,,,,,,,,,,,,,,,,,,,,,,,,,,,,,,,,,,,,,,,,,,,,,,,,,,,,,,,,,,,,,,,,,,,,,,,,,,,,,,,,,,,,,,,,,,,,,,,,,,,,,,,,,,,,,,,,,,,,,,,,,,,,,,,,,,,,,,,,,,,,
22,22,23,22,23,22,22,22,22,23,23,23,23,22,23,22,22,22,23,22,23,23,23,25,25,27,27,29,30,31,37,37,38,36,38,41,42,42,43,47,47,47,49,48,47,47,50,52,53,55,55,56,56,55,51,49,56,53,49,49,53,49,47,43,42,,,,,,,,,,,,,,,,,,,,,,,,,,,,,,,,,,,,,,,,,,,,,,,,,,,,,,,,,,,,,,,,,,,,,,,,,,,,,,,,,,,,,,,,,,,,,,,,,,,,,,,,,,,,,,,,,,,,,,,,,,,,,,,,,,,,,,,,,,,,,,,,,,,,,,,,,,,,,,,,,,,,,,,,,,,,,,,,,,,,,,,,,,,,,,,,
23,41,44,46,46,49,50,49,45,46,46,46,43,39,38,39,38,38,38,36,32,34,32,32,31,31,33,27,23,23,22,22,22,22,23,22,22,23,23,23,23,22,22,22,22,22,22,23,22,22,23,23,23,22,25,26,25,27,27,27,29,31,31,32,31,,,,,,,,,,,,,,,,,,,,,,,,,,,,,,,,,,,,,,,,,,,,,,,,,,,,,,,,,,,,,,,,,,,,,,,,,,,,,,,,,,,,,,,,,,,,,,,,,,,,,,,,,,,,,,,,,,,,,,,,,,,,,,,,,,,,,,,,,,,,,,,,,,,,,,,,,,,,,,,,,,,,,,,,,,,,,,,,,,,,,,,,,,,,,,,,
24,48,47,52,50,50,50,52,50,49,51,55,50,51,53,53,55,51,49,50,48,50,47,47,47,43,47,44,42,42,38,35,39,37,35,38,37,33,28,24,24,24,24,24,24,24,24,24,24,25,24,24,24,24,24,24,23,24,23,23,24,24,24,24,24,,,,,,,,,,,,,,,,,,,,,,,,,,,,,,,,,,,,,,,,,,,,,,,,,,,,,,,,,,,,,,,,,,,,,,,,,,,,,,,,,,,,,,,,,,,,,,,,,,,,,,,,,,,,,,,,,,,,,,,,,,,,,,,,,,,,,,,,,,,,,,,,,,,,,,,,,,,,,,,,,,,,,,,,,,,,,,,,,,,,,,,,,,,,,,,,
25,38,44,39,45,47,49,52,50,47,53,52,53,50,51,55,53,52,52,50,50,51,50,53,52,53,50,52,52,47,52,50,50,50,52,52,50,53,52,52,51,50,50,50,56,52,47,55,50,48,47,45,45,46,42,41,41,40,39,39,37,35,31,30,32,,,,,,,,,,,,,,,,,,,,,,,,,,,,,,,,,,,,,,,,,,,,,,,,,,,,,,,,,,,,,,,,,,,,,,,,,,,,,,,,,,,,,,,,,,,,,,,,,,,,,,,,,,,,,,,,,,,,,,,,,,,,,,,,,,,,,,,,,,,,,,,,,,,,,,,,,,,,,,,,,,,,,,,,,,,,,,,,,,,,,,,,,,,,,,,,
26,24,24,23,24,24,24,24,23,23,24,24,24,27,28,30,28,30,31,33,37,37,38,39,42,42,44,44,47,48,48,45,47,47,49,48,49,57,50,55,52,53,55,53,50,53,53,53,53,50,50,50,53,53,55,53,50,47,50,52,48,47,47,44,42,,,,,,,,,,,,,,,,,,,,,,,,,,,,,,,,,,,,,,,,,,,,,,,,,,,,,,,,,,,,,,,,,,,,,,,,,,,,,,,,,,,,,,,,,,,,,,,,,,,,,,,,,,,,,,,,,,,,,,,,,,,,,,,,,,,,,,,,,,,,,,,,,,,,,,,,,,,,,,,,,,,,,,,,,,,,,,,,,,,,,,,,,,,,,,,,
27,37,39,39,40,37,39,37,41,35,35,33,34,35,34,35,33,28,24,24,23,24,24,24,24,24,24,23,24,24,24,24,24,24,24,24,24,24,24,24,24,24,24,24,28,26,26,30,29,32,33,37,37,39,39,40,40,42,41,41,47,45,42,40,39,,,,,,,,,,,,,,,,,,,,,,,,,,,,,,,,,,,,,,,,,,,,,,,,,,,,,,,,,,,,,,,,,,,,,,,,,,,,,,,,,,,,,,,,,,,,,,,,,,,,,,,,,,,,,,,,,,,,,,,,,,,,,,,,,,,,,,,,,,,,,,,,,,,,,,,,,,,,,,,,,,,,,,,,,,,,,,,,,,,,,,,,,,,,,,,,
28,42,46,47,47,52,47,48,52,52,50,50,49,56,48,53,53,50,53,50,52,52,52,53,50,50,52,50,47,47,47,47,48,45,40,40,42,39,41,40,39,35,33,35,34,32,35,37,28,24,24,24,24,24,23,24,24,24,24,24,24,24,24,23,23,,,,,,,,,,,,,,,,,,,,,,,,,,,,,,,,,,,,,,,,,,,,,,,,,,,,,,,,,,,,,,,,,,,,,,,,,,,,,,,,,,,,,,,,,,,,,,,,,,,,,,,,,,,,,,,,,,,,,,,,,,,,,,,,,,,,,,,,,,,,,,,,,,,,,,,,,,,,,,,,,,,,,,,,,,,,,,,,,,,,,,,,,,,,,,,,
29,33,34,36,38,37,43,40,47,47,49,47,49,47,48,47,50,50,50,52,53,50,53,49,52,55,50,53,55,53,53,55,56,50,52,53,53,55,53,50,52,53,52,49,53,52,53,55,50,55,52,48,52,50,50,52,50,50,47,47,42,43,43,42,37,,,,,,,,,,,,,,,,,,,,,,,,,,,,,,,,,,,,,,,,,,,,,,,,,,,,,,,,,,,,,,,,,,,,,,,,,,,,,,,,,,,,,,,,,,,,,,,,,,,,,,,,,,,,,,,,,,,,,,,,,,,,,,,,,,,,,,,,,,,,,,,,,,,,,,,,,,,,,,,,,,,,,,,,,,,,,,,,,,,,,,,,,,,,,,,,
30,24,24,24,23,24,24,24,24,24,23,24,24,24,24,23,24,23,24,24,7,24,24,26,27,28,28,30,31,33,35,37,39,37,39,37,40,42,44,45,45,47,46,47,47,49,50,50,52,53,52,52,50,53,50,52,53,50,50,50,47,47,47,45,42,,,,,,,,,,,,,,,,,,,,,,,,,,,,,,,,,,,,,,,,,,,,,,,,,,,,,,,,,,,,,,,,,,,,,,,,,,,,,,,,,,,,,,,,,,,,,,,,,,,,,,,,,,,,,,,,,,,,,,,,,,,,,,,,,,,,,,,,,,,,,,,,,,,,,,,,,,,,,,,,,,,,,,,,,,,,,,,,,,,,,,,,,,,,,,,,
31,42,45,45,50,47,45,50,47,44,47,47,44,40,40,40,39,40,39,37,34,34,33,33,33,35,31,28,25,24,24,24,24,24,24,24,24,24,24,24,24,24,24,24,24,24,23,24,24,24,24,24,24,24,26,26,28,28,30,30,28,33,35,34,33,,,,,,,,,,,,,,,,,,,,,,,,,,,,,,,,,,,,,,,,,,,,,,,,,,,,,,,,,,,,,,,,,,,,,,,,,,,,,,,,,,,,,,,,,,,,,,,,,,,,,,,,,,,,,,,,,,,,,,,,,,,,,,,,,,,,,,,,,,,,,,,,,,,,,,,,,,,,,,,,,,,,,,,,,,,,,,,,,,,,,,,,,,,,,,,,
32,48,47,49,52,52,54,52,55,54,54,56,52,54,55,52,49,50,49,49,49,54,47,51,47,45,44,44,43,43,40,40,40,38,36,38,39,38,29,25,25,25,25,25,25,25,25,25,25,25,25,25,25,25,26,25,25,27,25,25,25,25,25,25,25,,,,,,,,,,,,,,,,,,,,,,,,,,,,,,,,,,,,,,,,,,,,,,,,,,,,,,,,,,,,,,,,,,,,,,,,,,,,,,,,,,,,,,,,,,,,,,,,,,,,,,,,,,,,,,,,,,,,,,,,,,,,,,,,,,,,,,,,,,,,,,,,,,,,,,,,,,,,,,,,,,,,,,,,,,,,,,,,,,,,,,,,,,,,,,,,
33,42,42,45,47,52,54,50,52,54,52,53,51,54,54,54,54,54,54,50,54,55,54,50,54,54,58,55,54,54,53,54,51,55,52,54,54,52,54,51,56,54,55,49,55,52,54,52,52,49,48,49,49,49,46,45,43,43,40,42,43,35,36,33,32,,,,,,,,,,,,,,,,,,,,,,,,,,,,,,,,,,,,,,,,,,,,,,,,,,,,,,,,,,,,,,,,,,,,,,,,,,,,,,,,,,,,,,,,,,,,,,,,,,,,,,,,,,,,,,,,,,,,,,,,,,,,,,,,,,,,,,,,,,,,,,,,,,,,,,,,,,,,,,,,,,,,,,,,,,,,,,,,,,,,,,,,,,,,,,,,
34,25,25,25,25,25,25,25,25,25,25,25,27,27,31,30,30,32,34,36,39,39,38,41,43,41,44,44,47,49,51,49,52,52,51,51,52,54,56,57,53,54,54,57,58,54,57,57,55,56,55,54,53,52,54,54,51,54,54,52,52,50,47,47,47,,,,,,,,,,,,,,,,,,,,,,,,,,,,,,,,,,,,,,,,,,,,,,,,,,,,,,,,,,,,,,,,,,,,,,,,,,,,,,,,,,,,,,,,,,,,,,,,,,,,,,,,,,,,,,,,,,,,,,,,,,,,,,,,,,,,,,,,,,,,,,,,,,,,,,,,,,,,,,,,,,,,,,,,,,,,,,,,,,,,,,,,,,,,,,,,
35,43,42,41,41,42,44,42,42,36,36,38,34,36,36,35,35,29,25,25,25,25,25,25,25,25,25,25,25,25,25,25,25,25,25,25,25,25,25,25,25,25,25,27,29,29,29,31,32,32,34,38,40,41,42,42,42,42,45,45,46,45,45,43,43,,,,,,,,,,,,,,,,,,,,,,,,,,,,,,,,,,,,,,,,,,,,,,,,,,,,,,,,,,,,,,,,,,,,,,,,,,,,,,,,,,,,,,,,,,,,,,,,,,,,,,,,,,,,,,,,,,,,,,,,,,,,,,,,,,,,,,,,,,,,,,,,,,,,,,,,,,,,,,,,,,,,,,,,,,,,,,,,,,,,,,,,,,,,,,,,
36,49,47,47,51,54,52,53,52,54,50,52,54,54,54,57,54,50,54,54,54,57,52,58,52,54,52,52,49,52,48,50,49,45,42,42,42,43,42,43,39,36,36,38,36,36,36,34,31,25,25,25,25,25,25,25,25,25,25,25,25,25,25,25,25,,,,,,,,,,,,,,,,,,,,,,,,,,,,,,,,,,,,,,,,,,,,,,,,,,,,,,,,,,,,,,,,,,,,,,,,,,,,,,,,,,,,,,,,,,,,,,,,,,,,,,,,,,,,,,,,,,,,,,,,,,,,,,,,,,,,,,,,,,,,,,,,,,,,,,,,,,,,,,,,,,,,,,,,,,,,,,,,,,,,,,,,,,,,,,,,
37,36,38,37,40,45,45,45,47,49,52,50,50,49,54,54,52,55,54,57,54,58,52,53,54,57,57,56,56,54,56,56,55,56,52,56,54,56,57,56,56,53,54,54,56,53,57,53,52,57,54,52,54,56,52,57,54,52,50,52,47,47,45,43,40,,,,,,,,,,,,,,,,,,,,,,,,,,,,,,,,,,,,,,,,,,,,,,,,,,,,,,,,,,,,,,,,,,,,,,,,,,,,,,,,,,,,,,,,,,,,,,,,,,,,,,,,,,,,,,,,,,,,,,,,,,,,,,,,,,,,,,,,,,,,,,,,,,,,,,,,,,,,,,,,,,,,,,,,,,,,,,,,,,,,,,,,,,,,,,,,
38,25,25,25,25,25,25,25,25,25,25,25,25,25,25,25,25,25,25,25,25,25,25,27,27,28,29,30,33,32,36,36,38,39,41,40,44,45,42,47,49,48,49,49,49,51,52,54,58,54,51,55,52,54,57,52,50,50,54,49,49,49,48,45,44,,,,,,,,,,,,,,,,,,,,,,,,,,,,,,,,,,,,,,,,,,,,,,,,,,,,,,,,,,,,,,,,,,,,,,,,,,,,,,,,,,,,,,,,,,,,,,,,,,,,,,,,,,,,,,,,,,,,,,,,,,,,,,,,,,,,,,,,,,,,,,,,,,,,,,,,,,,,,,,,,,,,,,,,,,,,,,,,,,,,,,,,,,,,,,,,
39,45,47,49,50,51,51,47,49,47,47,48,47,43,44,42,45,42,42,40,36,35,36,36,36,38,34,29,27,25,25,25,25,25,25,25,25,25,25,25,25,25,25,25,25,25,25,25,25,25,25,25,25,25,28,29,29,30,31,30,32,36,38,34,35,,,,,,,,,,,,,,,,,,,,,,,,,,,,,,,,,,,,,,,,,,,,,,,,,,,,,,,,,,,,,,,,,,,,,,,,,,,,,,,,,,,,,,,,,,,,,,,,,,,,,,,,,,,,,,,,,,,,,,,,,,,,,,,,,,,,,,,,,,,,,,,,,,,,,,,,,,,,,,,,,,,,,,,,,,,,,,,,,,,,,,,,,,,,,,,,
40,47,47,49,47,51,52,49,52,49,53,50,53,50,50,49,53,48,51,49,49,47,47,44,44,44,47,41,44,40,40,37,39,35,33,39,36,35,26,24,25,24,25,24,25,24,24,25,26,26,25,26,25,24,26,24,24,26,24,24,24,25,24,25,25,,,,,,,,,,,,,,,,,,,,,,,,,,,,,,,,,,,,,,,,,,,,,,,,,,,,,,,,,,,,,,,,,,,,,,,,,,,,,,,,,,,,,,,,,,,,,,,,,,,,,,,,,,,,,,,,,,,,,,,,,,,,,,,,,,,,,,,,,,,,,,,,,,,,,,,,,,,,,,,,,,,,,,,,,,,,,,,,,,,,,,,,,,,,,,,,
41,40,40,43,44,46,49,51,52,50,52,52,52,54,52,55,52,55,51,55,51,52,52,52,53,49,54,52,51,55,55,52,50,52,52,51,50,53,54,54,52,52,53,52,55,53,55,51,49,50,47,46,44,45,44,43,41,41,38,39,37,37,32,32,30,,,,,,,,,,,,,,,,,,,,,,,,,,,,,,,,,,,,,,,,,,,,,,,,,,,,,,,,,,,,,,,,,,,,,,,,,,,,,,,,,,,,,,,,,,,,,,,,,,,,,,,,,,,,,,,,,,,,,,,,,,,,,,,,,,,,,,,,,,,,,,,,,,,,,,,,,,,,,,,,,,,,,,,,,,,,,,,,,,,,,,,,,,,,,,,,
42,24,24,24,24,24,24,24,24,25,24,24,26,28,30,28,32,32,32,35,40,39,39,40,42,42,49,42,44,49,52,47,50,47,50,52,51,55,57,55,55,54,57,52,53,52,55,52,55,54,53,55,54,52,54,49,54,51,52,53,49,47,49,49,47,,,,,,,,,,,,,,,,,,,,,,,,,,,,,,,,,,,,,,,,,,,,,,,,,,,,,,,,,,,,,,,,,,,,,,,,,,,,,,,,,,,,,,,,,,,,,,,,,,,,,,,,,,,,,,,,,,,,,,,,,,,,,,,,,,,,,,,,,,,,,,,,,,,,,,,,,,,,,,,,,,,,,,,,,,,,,,,,,,,,,,,,,,,,,,,,
43,41,42,44,41,39,41,42,42,39,35,35,37,37,35,35,35,28,25,24,25,26,24,25,25,26,24,24,25,25,24,24,24,24,26,24,26,24,24,25,25,25,25,25,26,28,28,30,30,32,33,37,38,41,41,39,42,42,44,44,44,45,44,46,40,,,,,,,,,,,,,,,,,,,,,,,,,,,,,,,,,,,,,,,,,,,,,,,,,,,,,,,,,,,,,,,,,,,,,,,,,,,,,,,,,,,,,,,,,,,,,,,,,,,,,,,,,,,,,,,,,,,,,,,,,,,,,,,,,,,,,,,,,,,,,,,,,,,,,,,,,,,,,,,,,,,,,,,,,,,,,,,,,,,,,,,,,,,,,,,,
44,42,45,47,49,49,46,50,52,51,52,52,50,53,51,55,58,55,49,50,52,55,55,54,51,52,52,52,49,47,47,45,47,45,44,41,39,41,42,40,37,34,36,33,35,33,34,31,28,24,24,24,24,24,24,24,24,24,24,24,24,24,24,24,24,,,,,,,,,,,,,,,,,,,,,,,,,,,,,,,,,,,,,,,,,,,,,,,,,,,,,,,,,,,,,,,,,,,,,,,,,,,,,,,,,,,,,,,,,,,,,,,,,,,,,,,,,,,,,,,,,,,,,,,,,,,,,,,,,,,,,,,,,,,,,,,,,,,,,,,,,,,,,,,,,,,,,,,,,,,,,,,,,,,,,,,,,,,,,,,,
45,35,35,37,37,41,42,46,47,47,46,47,49,46,48,52,51,51,54,58,54,54,51,51,54,53,49,54,54,52,54,49,54,53,54,52,55,52,52,50,55,49,50,53,50,53,53,51,52,50,53,52,52,52,51,52,52,52,49,46,42,42,45,41,37,,,,,,,,,,,,,,,,,,,,,,,,,,,,,,,,,,,,,,,,,,,,,,,,,,,,,,,,,,,,,,,,,,,,,,,,,,,,,,,,,,,,,,,,,,,,,,,,,,,,,,,,,,,,,,,,,,,,,,,,,,,,,,,,,,,,,,,,,,,,,,,,,,,,,,,,,,,,,,,,,,,,,,,,,,,,,,,,,,,,,,,,,,,,,,,,
46,24,24,24,25,24,24,24,24,25,24,24,25,24,26,24,25,24,24,24,24,26,26,27,30,28,30,33,33,33,37,42,38,40,42,40,46,46,46,50,47,49,51,49,47,52,50,52,57,55,54,55,55,57,54,52,54,57,57,52,51,50,44,46,46,,,,,,,,,,,,,,,,,,,,,,,,,,,,,,,,,,,,,,,,,,,,,,,,,,,,,,,,,,,,,,,,,,,,,,,,,,,,,,,,,,,,,,,,,,,,,,,,,,,,,,,,,,,,,,,,,,,,,,,,,,,,,,,,,,,,,,,,,,,,,,,,,,,,,,,,,,,,,,,,,,,,,,,,,,,,,,,,,,,,,,,,,,,,,,,,
47,45,50,49,54,49,49,50,52,47,47,49,47,47,42,46,43,42,44,39,37,35,34,37,37,37,34,30,26,25,25,24,24,24,25,24,24,26,26,24,24,25,26,25,24,25,24,26,24,24,24,25,24,24,28,28,30,30,30,32,33,37,37,37,35,,,,,,,,,,,,,,,,,,,,,,,,,,,,,,,,,,,,,,,,,,,,,,,,,,,,,,,,,,,,,,,,,,,,,,,,,,,,,,,,,,,,,,,,,,,,,,,,,,,,,,,,,,,,,,,,,,,,,,,,,,,,,,,,,,,,,,,,,,,,,,,,,,,,,,,,,,,,,,,,,,,,,,,,,,,,,,,,,,,,,,,,,,,,,,,,
48,48,53,49,51,52,53,56,50,53,54,56,51,56,50,53,53,50,52,53,51,53,48,46,47,45,41,46,43,46,43,39,38,38,38,41,40,36,27,24,25,24,24,24,24,25,25,24,25,25,25,25,23,24,25,24,24,25,24,24,24,24,24,23,25,,,,,,,,,,,,,,,,,,,,,,,,,,,,,,,,,,,,,,,,,,,,,,,,,,,,,,,,,,,,,,,,,,,,,,,,,,,,,,,,,,,,,,,,,,,,,,,,,,,,,,,,,,,,,,,,,,,,,,,,,,,,,,,,,,,,,,,,,,,,,,,,,,,,,,,,,,,,,,,,,,,,,,,,,,,,,,,,,,,,,,,,,,,,,,,,
49,43,43,43,46,48,50,53,53,56,53,51,53,53,53,53,51,51,53,56,54,53,53,51,54,53,56,57,54,57,53,58,57,54,54,56,56,56,53,54,52,56,56,51,54,53,53,53,53,51,51,51,47,46,48,43,43,43,41,42,39,36,34,32,33,,,,,,,,,,,,,,,,,,,,,,,,,,,,,,,,,,,,,,,,,,,,,,,,,,,,,,,,,,,,,,,,,,,,,,,,,,,,,,,,,,,,,,,,,,,,,,,,,,,,,,,,,,,,,,,,,,,,,,,,,,,,,,,,,,,,,,,,,,,,,,,,,,,,,,,,,,,,,,,,,,,,,,,,,,,,,,,,,,,,,,,,,,,,,,,,
50,24,24,23,24,23,24,24,24,23,24,24,24,27,27,27,29,31,31,32,36,38,40,39,40,40,43,45,43,48,46,46,51,48,47,48,51,53,51,51,56,54,56,54,51,54,53,57,50,53,53,53,54,54,53,53,53,54,50,52,50,48,46,46,43,,,,,,,,,,,,,,,,,,,,,,,,,,,,,,,,,,,,,,,,,,,,,,,,,,,,,,,,,,,,,,,,,,,,,,,,,,,,,,,,,,,,,,,,,,,,,,,,,,,,,,,,,,,,,,,,,,,,,,,,,,,,,,,,,,,,,,,,,,,,,,,,,,,,,,,,,,,,,,,,,,,,,,,,,,,,,,,,,,,,,,,,,,,,,,,,
51,43,40,43,43,38,43,39,38,40,34,34,36,36,35,35,35,29,25,25,24,25,24,24,24,25,24,24,24,24,24,25,25,24,25,24,25,24,25,25,25,25,25,25,27,27,29,31,32,32,34,37,41,39,38,40,41,45,43,42,46,43,46,43,41,,,,,,,,,,,,,,,,,,,,,,,,,,,,,,,,,,,,,,,,,,,,,,,,,,,,,,,,,,,,,,,,,,,,,,,,,,,,,,,,,,,,,,,,,,,,,,,,,,,,,,,,,,,,,,,,,,,,,,,,,,,,,,,,,,,,,,,,,,,,,,,,,,,,,,,,,,,,,,,,,,,,,,,,,,,,,,,,,,,,,,,,,,,,,,,,
52,41,44,50,45,50,51,52,50,50,51,51,53,48,53,48,53,54,54,50,51,53,51,51,51,48,51,50,48,46,48,48,48,43,41,40,39,42,41,38,35,32,36,33,34,34,33,31,27,24,24,24,24,25,24,25,24,24,24,25,24,24,24,24,23,,,,,,,,,,,,,,,,,,,,,,,,,,,,,,,,,,,,,,,,,,,,,,,,,,,,,,,,,,,,,,,,,,,,,,,,,,,,,,,,,,,,,,,,,,,,,,,,,,,,,,,,,,,,,,,,,,,,,,,,,,,,,,,,,,,,,,,,,,,,,,,,,,,,,,,,,,,,,,,,,,,,,,,,,,,,,,,,,,,,,,,,,,,,,,,,
53,35,36,40,40,46,45,45,46,50,50,50,50,50,48,50,51,53,50,56,53,53,53,54,53,53,53,56,51,54,56,54,54,56,53,51,54,57,51,54,56,54,56,56,53,53,54,53,51,56,54,54,53,53,53,53,53,53,51,53,50,43,45,45,40,,,,,,,,,,,,,,,,,,,,,,,,,,,,,,,,,,,,,,,,,,,,,,,,,,,,,,,,,,,,,,,,,,,,,,,,,,,,,,,,,,,,,,,,,,,,,,,,,,,,,,,,,,,,,,,,,,,,,,,,,,,,,,,,,,,,,,,,,,,,,,,,,,,,,,,,,,,,,,,,,,,,,,,,,,,,,,,,,,,,,,,,,,,,,,,,
54,24,24,24,24,24,24,24,24,25,24,24,24,24,25,24,24,23,24,25,24,25,24,27,27,29,28,31,33,31,38,38,42,38,43,43,41,41,43,45,50,48,48,46,50,46,50,50,51,51,53,50,53,53,48,48,46,51,48,49,48,48,46,45,43,,,,,,,,,,,,,,,,,,,,,,,,,,,,,,,,,,,,,,,,,,,,,,,,,,,,,,,,,,,,,,,,,,,,,,,,,,,,,,,,,,,,,,,,,,,,,,,,,,,,,,,,,,,,,,,,,,,,,,,,,,,,,,,,,,,,,,,,,,,,,,,,,,,,,,,,,,,,,,,,,,,,,,,,,,,,,,,,,,,,,,,,,,,,,,,,
55,48,51,47,51,54,53,51,50,48,48,50,46,45,45,42,44,46,46,40,38,34,34,36,35,35,36,29,25,25,24,25,24,25,24,24,24,24,25,24,25,24,24,24,24,24,24,25,24,24,24,25,24,24,27,29,29,29,31,34,34,34,36,36,38,,,,,,,,,,,,,,,,,,,,,,,,,,,,,,,,,,,,,,,,,,,,,,,,,,,,,,,,,,,,,,,,,,,,,,,,,,,,,,,,,,,,,,,,,,,,,,,,,,,,,,,,,,,,,,,,,,,,,,,,,,,,,,,,,,,,,,,,,,,,,,,,,,,,,,,,,,,,,,,,,,,,,,,,,,,,,,,,,,,,,,,,,,,,,,,,
56,42,47,45,45,48,49,48,47,50,47,53,51,49,50,50,49,50,50,44,47,47,42,42,40,40,41,38,38,40,37,36,35,33,33,35,33,31,27,24,24,24,24,24,24,24,24,24,24,24,25,24,24,24,25,24,24,24,24,24,24,24,24,24,24,,,,,,,,,,,,,,,,,,,,,,,,,,,,,,,,,,,,,,,,,,,,,,,,,,,,,,,,,,,,,,,,,,,,,,,,,,,,,,,,,,,,,,,,,,,,,,,,,,,,,,,,,,,,,,,,,,,,,,,,,,,,,,,,,,,,,,,,,,,,,,,,,,,,,,,,,,,,,,,,,,,,,,,,,,,,,,,,,,,,,,,,,,,,,,,,
57,40,42,43,48,47,48,50,52,53,53,52,55,52,53,52,52,52,53,50,53,52,52,52,52,53,53,52,53,53,53,52,50,53,50,50,53,51,53,51,53,53,53,49,50,50,52,50,54,47,53,50,50,48,47,42,40,42,42,40,41,36,31,31,31,,,,,,,,,,,,,,,,,,,,,,,,,,,,,,,,,,,,,,,,,,,,,,,,,,,,,,,,,,,,,,,,,,,,,,,,,,,,,,,,,,,,,,,,,,,,,,,,,,,,,,,,,,,,,,,,,,,,,,,,,,,,,,,,,,,,,,,,,,,,,,,,,,,,,,,,,,,,,,,,,,,,,,,,,,,,,,,,,,,,,,,,,,,,,,,,
58,24,24,24,24,24,24,24,24,24,24,24,24,26,28,28,28,29,30,33,33,37,37,36,39,38,40,42,45,47,44,45,45,47,47,47,45,52,52,50,50,49,52,51,49,55,50,52,49,50,50,52,50,51,56,49,50,50,50,50,45,47,44,44,40,,,,,,,,,,,,,,,,,,,,,,,,,,,,,,,,,,,,,,,,,,,,,,,,,,,,,,,,,,,,,,,,,,,,,,,,,,,,,,,,,,,,,,,,,,,,,,,,,,,,,,,,,,,,,,,,,,,,,,,,,,,,,,,,,,,,,,,,,,,,,,,,,,,,,,,,,,,,,,,,,,,,,,,,,,,,,,,,,,,,,,,,,,,,,,,,
59,41,37,39,37,38,38,40,38,35,33,31,35,33,35,33,34,28,24,24,24,24,24,24,24,24,24,24,24,24,24,24,24,24,24,24,24,24,24,24,24,24,24,24,27,27,28,28,29,31,31,35,37,37,40,35,38,39,42,42,43,42,43,39,40,,,,,,,,,,,,,,,,,,,,,,,,,,,,,,,,,,,,,,,,,,,,,,,,,,,,,,,,,,,,,,,,,,,,,,,,,,,,,,,,,,,,,,,,,,,,,,,,,,,,,,,,,,,,,,,,,,,,,,,,,,,,,,,,,,,,,,,,,,,,,,,,,,,,,,,,,,,,,,,,,,,,,,,,,,,,,,,,,,,,,,,,,,,,,,,,
60,42,43,45,47,45,49,50,48,49,48,49,50,48,49,50,47,52,49,50,48,50,50,50,48,48,50,48,48,47,48,48,45,45,45,45,39,38,40,38,40,40,37,35,33,33,35,34,33,33,29,24,24,24,24,24,24,24,24,24,24,24,24,24,24,,,,,,,,,,,,,,,,,,,,,,,,,,,,,,,,,,,,,,,,,,,,,,,,,,,,,,,,,,,,,,,,,,,,,,,,,,,,,,,,,,,,,,,,,,,,,,,,,,,,,,,,,,,,,,,,,,,,,,,,,,,,,,,,,,,,,,,,,,,,,,,,,,,,,,,,,,,,,,,,,,,,,,,,,,,,,,,,,,,,,,,,,,,,,,,,
61,31,31,33,33,36,37,37,42,42,42,41,40,42,44,42,44,47,44,49,45,45,45,47,46,47,44,47,45,44,47,47,47,43,45,45,48,45,45,44,47,47,44,45,47,45,42,47,45,45,45,43,43,45,46,47,45,45,45,42,40,40,38,37,34,,,,,,,,,,,,,,,,,,,,,,,,,,,,,,,,,,,,,,,,,,,,,,,,,,,,,,,,,,,,,,,,,,,,,,,,,,,,,,,,,,,,,,,,,,,,,,,,,,,,,,,,,,,,,,,,,,,,,,,,,,,,,,,,,,,,,,,,,,,,,,,,,,,,,,,,,,,,,,,,,,,,,,,,,,,,,,,,,,,,,,,,,,,,,,,,
62,24,24,24,24,24,24,24,24,24,24,24,24,24,24,24,24,24,24,24,24,24,24,26,27,27,27,30,30,31,34,35,35,37,36,37,38,39,40,43,42,43,42,45,40,45,45,49,44,47,46,47,45,47,45,45,44,45,47,46,43,45,43,44,40,,,,,,,,,,,,,,,,,,,,,,,,,,,,,,,,,,,,,,,,,,,,,,,,,,,,,,,,,,,,,,,,,,,,,,,,,,,,,,,,,,,,,,,,,,,,,,,,,,,,,,,,,,,,,,,,,,,,,,,,,,,,,,,,,,,,,,,,,,,,,,,,,,,,,,,,,,,,,,,,,,,,,,,,,,,,,,,,,,,,,,,,,,,,,,,,
63,43,47,45,45,48,45,45,42,39,43,43,42,40,38,39,37,40,38,35,34,33,33,31,33,31,32,27,24,24,24,24,24,24,24,23,24,24,24,24,24,24,24,24,24,24,24,24,24,24,24,24,24,24,26,27,28,26,29,29,29,32,33,33,33,,,,,,,,,,,,,,,,,,,,,,,,,,,,,,,,,,,,,,,,,,,,,,,,,,,,,,,,,,,,,,,,,,,,,,,,,,,,,,,,,,,,,,,,,,,,,,,,,,,,,,,,,,,,,,,,,,,,,,,,,,,,,,,,,,,,,,,,,,,,,,,,,,,,,,,,,,,,,,,,,,,,,,,,,,,,,,,,,,,,,,,,,,,,,,,,
,,,,,,,,,,,,,,,,,,,,,,,,,,,,,,,,,,,,,,,,,,,,,,,,,,,,,,,,,,,,,,,,,,,,,,,,,,,,,,,,,,,,,,,,,,,,,,,,,,,,,,,,,,,,,,,,,,,,,,,,,,,,,,,,,,,,,,,,,,,,,,,,,,,,,,,,,,,,,,,,,,,,,,,,,,,,,,,,,,,,,,,,,,,,,,,,,,,,,,,,,,,,,,,,,,,,,,,,,,,,,,,,,,,,,,,,,,,,,,,,,,,,,,,,,,,,,,,,
value,0,1,2,3,4,5,6,7,8,9,10,11,12,13,14,15,16,17,18,19,20,21,22,23,24,25,26,27,28,29,30,31,32,33,34,35,36,37,38,39,40,41,42,43,44,45,46,47,48,49,50,51,52,53,54,55,56,57,58,59,60,61,62,63,64,65,66,67,68,69,70,71,72,73,74,75,76,77,78,79,80,81,82,83,84,85,86,87,88,89,90,91,92,93,94,95,96,97,98,99,100,101,102,103,104,105,106,107,108,109,110,111,112,113,114,115,116,117,118,119,120,121,122,123,124,125,126,127,128,129,130,131,132,133,134,135,136,137,138,139,140,141,142,143,144,145,146,147,148,149,150,151,152,153,154,155,156,157,158,159,160,161,162,163,164,165,166,167,168,169,170,171,172,173,174,175,176,177,178,179,180,181,182,183,184,185,186,187,188,189,190,191,192,193,194,195,196,197,198,199,200,201,202,203,204,205,206,207,208,209,210,211,212,213,214,215,216,217,218,219,220,221,222,223,224,225,226,227,228,229,230,231,232,233,234,235,236,237,238,239,240,241,242,243,244,245,246,247,248,249,250,251,252,253,254,255
count,0,0,0,0,0,0,0,1,0,0,0,0,0,0,0,0,0,0,0,0,72,53,178,110,402,212,45,54,36,53,36,53,35,82,58,67,71,71,84,82,97,89,110,123,107,116,114,167,102,152,193,131,235,187,142,69,65,32,8,1,0,1,0,0,0,0,0,0,0,0,0,0,0,0,0,0,0,0,0,0,0,0,0,0,0,0,0,0,0,0,0,0,0,0,0,0,0,0,0,0,0,0,0,0,0,0,0,0,0,0,0,0,0,0,0,0,0,0,0,0,0,0,0,0,0,0,0,0,0,0,0,0,0,0,0,0,0,0,0,0,0,0,0,0,0,0,0,0,0,0,0,0,0,0,0,0,0,0,0,0,0,0,0,0,0,0,0,0,0,0,0,0,0,0,0,0,0,0,0,0,0,0,0,0,0,0,0,0,0,0,0,0,0,0,0,0,0,0,0,0,0,0,0,0,0,0,0,0,0,0,0,0,0,0,0,0,0,0,0,0,0,0,0,0,0,0,0,0,0,0,0,0,0,0,0,0,0,0,0,0,0,0,0,0,0,0,0,0,0,0,0,0,0,0,0,0
,,,,,,,,,,,,,,,,,,,,,,,,,,,,,,,,,,,,,,,,,,,,,,,,,,,,,,,,,,,,,,,,,,,,,,,,,,,,,,,,,,,,,,,,,,,,,,,,,,,,,,,,,,,,,,,,,,,,,,,,,,,,,,,,,,,,,,,,,,,,,,,,,,,,,,,,,,,,,,,,,,,,,,,,,,,,,,,,,,,,,,,,,,,,,,,,,,,,,,,,,,,,,,,,,,,,,,,,,,,,,,,,,,,,,,,,,,,,,,,,,,,,,,,,,,,,,,,,
6,,,,,,,,,,,,,,,,,,,,,,,,,,,,,,,,,,,,,,,,,,,,,,,,,,,,,,,,,,,,,,,,,,,,,,,,,,,,,,,,,,,,,,,,,,,,,,,,,,,,,,,,,,,,,,,,,,,,,,,,,,,,,,,,,,,,,,,,,,,,,,,,,,,,,,,,,,,,,,,,,,,,,,,,,,,,,,,,,,,,,,,,,,,,,,,,,,,,,,,,,,,,,,,,,,,,,,,,,,,,,,,,,,,,,,,,,,,,,,,,,,,,,,,,,,,,,,,,
,0,1,2,3,4,5,6,7,8,9,10,11,12,13,14,15,16,17,18,19,20,21,22,23,24,25,26,27,28,29,30,31,32,33,34,35,36,37,38,39,40,41,42,43,44,45,46,47,48,49,50,51,52,53,54,55,56,57,58,59,60,61,62,63,,,,,,,,,,,,,,,,,,,,,,,,,,,,,,,,,,,,,,,,,,,,,,,,,,,,,,,,,,,,,,,,,,,,,,,,,,,,,,,,,,,,,,,,,,,,,,,,,,,,,,,,,,,,,,,,,,,,,,,,,,,,,,,,,,,,,,,,,,,,,,,,,,,,,,,,,,,,,,,,,,,,,,,,,,,,,,,,,,,,,,,,,,,,,,,,
0,37,38,43,41,44,41,41,41,39,43,43,43,45,43,43,43,41,43,42,39,38,38,36,35,38,35,36,36,31,27,31,29,29,29,29,27,24,21,21,20,20,21,20,20,21,20,20,20,21,21,20,20,20,21,20,20,20,20,20,20,20,20,21,22,,,,,,,,,,,,,,,,,,,,,,,,,,,,,,,,,,,,,,,,,,,,,,,,,,,,,,,,,,,,,,,,,,,,,,,,,,,,,,,,,,,,,,,,,,,,,,,,,,,,,,,,,,,,,,,,,,,,,,,,,,,,,,,,,,,,,,,,,,,,,,,,,,,,,,,,,,,,,,,,,,,,,,,,,,,,,,,,,,,,,,,,,,,,,,,,
1,36,38,39,39,45,45,44,43,43,45,45,43,45,46,43,45,44,40,43,45,45,41,43,43,43,43,45,43,44,46,43,45,41,48,46,41,41,41,45,44,41,43,43,42,44,45,44,43,41,41,38,41,40,38,35,38,34,37,36,31,30,29,29,27,,,,,,,,,,,,,,,,,,,,,,,,,,,,,,,,,,,,,,,,,,,,,,,,,,,,,,,,,,,,,,,,,,,,,,,,,,,,,,,,,,,,,,,,,,,,,,,,,,,,,,,,,,,,,,,,,,,,,,,,,,,,,,,,,,,,,,,,,,,,,,,,,,,,,,,,,,,,,,,,,,,,,,,,,,,,,,,,,,,,,,,,,,,,,,,,
2,20,20,20,21,21,20,20,20,21,21,20,23,25,23,25,27,27,29,32,31,36,34,34,38,36,38,39,41,40,41,43,41,41,43,45,44,45,44,44,43,45,46,46,45,43,46,45,48,43,45,43,44,43,46,43,43,46,43,43,41,41,40,38,36,,,,,,,,,,,,,,,,,,,,,,,,,,,,,,,,,,,,,,,,,,,,,,,,,,,,,,,,,,,,,,,,,,,,,,,,,,,,,,,,,,,,,,,,,,,,,,,,,,,,,,,,,,,,,,,,,,,,,,,,,,,,,,,,,,,,,,,,,,,,,,,,,,,,,,,,,,,,,,,,,,,,,,,,,,,,,,,,,,,,,,,,,,,,,,,,
3,34,36,34,32,33,33,35,32,32,31,27,31,29,29,27,23,21,21,20,20,21,21,21,20,21,21,21,20,20,20,20,20,20,21,21,20,21,20,20,20,20,21,23,23,25,25,27,25,29,32,32,34,33,36,34,34,38,36,40,39,39,38,40,35,,,,,,,,,,,,,,,,,,,,,,,,,,,,,,,,,,,,,,,,,,,,,,,,,,,,,,,,,,,,,,,,,,,,,,,,,,,,,,,,,,,,,,,,,,,,,,,,,,,,,,,,,,,,,,,,,,,,,,,,,,,,,,,,,,,,,,,,,,,,,,,,,,,,,,,,,,,,,,,,,,,,,,,,,,,,,,,,,,,,,,,,,,,,,,,,
4,43,41,45,45,46,50,48,51,47,46,48,48,46,46,51,50,46,46,46,49,48,45,48,48,49,46,46,43,41,41,43,39,40,38,38,40,40,40,36,35,32,33,29,33,34,31,25,22,21,20,21,21,21,20,20,21,21,21,20,21,20,20,20,20,,,,,,,,,,,,,,,,,,,,,,,,,,,,,,,,,,,,,,,,,,,,,,,,,,,,,,,,,,,,,,,,,,,,,,,,,,,,,,,,,,,,,,,,,,,,,,,,,,,,,,,,,,,,,,,,,,,,,,,,,,,,,,,,,,,,,,,,,,,,,,,,,,,,,,,,,,,,,,,,,,,,,,,,,,,,,,,,,,,,,,,,,,,,,,,,
5,29,29,33,34,36,38,40,41,45,41,43,43,41,45,48,48,48,48,47,48,46,48,48,45,48,46,51,44,49,44,48,30,45,51,49,43,46,48,49,51,46,50,46,46,45,48,47,44,48,45,46,48,48,48,46,48,43,44,41,40,41,38,34,31,,,,,,,,,,,,,,,,,,,,,,,,,,,,,,,,,,,,,,,,,,,,,,,,,,,,,,,,,,,,,,,,,,,,,,,,,,,,,,,,,,,,,,,,,,,,,,,,,,,,,,,,,,,,,,,,,,,,,,,,,,,,,,,,,,,,,,,,,,,,,,,,,,,,,,,,,,,,,,,,,,,,,,,,,,,,,,,,,,,,,,,,,,,,,,,,
6,20,20,20,21,20,21,21,21,20,20,21,20,21,20,20,20,21,21,21,21,21,24,23,25,27,27,27,31,33,36,35,34,34,40,38,41,38,40,43,45,46,43,44,43,48,46,50,49,46,48,50,50,53,45,49,49,46,46,46,46,46,40,41,40,,,,,,,,,,,,,,,,,,,,,,,,,,,,,,,,,,,,,,,,,,,,,,,,,,,,,,,,,,,,,,,,,,,,,,,,,,,,,,,,,,,,,,,,,,,,,,,,,,,,,,,,,,,,,,,,,,,,,,,,,,,,,,,,,,,,,,,,,,,,,,,,,,,,,,,,,,,,,,,,,,,,,,,,,,,,,,,,,,,,,,,,,,,,,,,,
7,40,41,41,46,41,43,43,45,45,43,41,38,36,37,36,38,36,33,30,31,29,29,31,31,29,25,21,21,21,20,21,21,21,20,20,20,21,20,21,21,21,22,20,20,21,21,20,20,21,21,21,21,22,24,23,25,25,26,28,29,32,31,29,30,,,,,,,,,,,,,,,,,,,,,,,,,,,,,,,,,,,,,,,,,,,,,,,,,,,,,,,,,,,,,,,,,,,,,,,,,,,,,,,,,,,,,,,,,,,,,,,,,,,,,,,,,,,,,,,,,,,,,,,,,,,,,,,,,,,,,,,,,,,,,,,,,,,,,,,,,,,,,,,,,,,,,,,,,,,,,,,,,,,,,,,,,,,,,,,,
8,46,47,47,49,51,53,53,51,49,52,53,51,49,52,53,49,49,46,45,45,46,42,41,42,42,42,39,40,39,33,33,33,33,33,33,31,26,22,22,22,22,22,22,22,22,22,22,22,22,22,22,22,22,22,22,22,22,22,22,22,22,22,22,24,,,,,,,,,,,,,,,,,,,,,,,,,,,,,,,,,,,,,,,,,,,,,,,,,,,,,,,,,,,,,,,,,,,,,,,,,,,,,,,,,,,,,,,,,,,,,,,,,,,,,,,,,,,,,,,,,,,,,,,,,,,,,,,,,,,,,,,,,,,,,,,,,,,,,,,,,,,,,,,,,,,,,,,,,,,,,,,,,,,,,,,,,,,,,,,,
9,39,41,45,49,48,52,52,52,52,51,51,51,51,52,51,51,53,53,55,54,52,53,53,52,52,51,54,51,49,55,49,56,52,49,51,52,52,54,52,53,52,53,50,54,52,52,46,47,49,47,46,49,42,42,40,39,38,39,37,33,32,31,29,30,,,,,,,,,,,,,,,,,,,,,,,,,,,,,,,,,,,,,,,,,,,,,,,,,,,,,,,,,,,,,,,,,,,,,,,,,,,,,,,,,,,,,,,,,,,,,,,,,,,,,,,,,,,,,,,,,,,,,,,,,,,,,,,,,,,,,,,,,,,,,,,,,,,,,,,,,,,,,,,,,,,,,,,,,,,,,,,,,,,,,,,,,,,,,,,,
10,20,22,22,22,22,22,22,22,22,22,22,26,26,26,28,29,29,32,35,37,37,38,39,39,41,40,45,47,46,51,47,49,49,47,51,52,56,54,54,55,56,51,54,54,52,51,51,55,53,52,55,51,51,49,54,51,52,51,52,47,48,46,44,42,,,,,,,,,,,,,,,,,,,,,,,,,,,,,,,,,,,,,,,,,,,,,,,,,,,,,,,,,,,,,,,,,,,,,,,,,,,,,,,,,,,,,,,,,,,,,,,,,,,,,,,,,,,,,,,,,,,,,,,,,,,,,,,,,,,,,,,,,,,,,,,,,,,,,,,,,,,,,,,,,,,,,,,,,,,,,,,,,,,,,,,,,,,,,,,,
11,40,41,37,38,42,41,39,39,37,35,35,35,35,35,33,26,22,22,22,22,22,22,22,22,22,22,22,22,22,22,22,22,22,22,22,22,22,22,22,22,22,22,24,26,28,29,31,30,33,38,39,41,39,39,39,42,42,42,49,49,46,42,40,38,,,,,,,,,,,,,,,,,,,,,,,,,,,,,,,,,,,,,,,,,,,,,,,,,,,,,,,,,,,,,,,,,,,,,,,,,,,,,,,,,,,,,,,,,,,,,,,,,,,,,,,,,,,,,,,,,,,,,,,,,,,,,,,,,,,,,,,,,,,,,,,,,,,,,,,,,,,,,,,,,,,,,,,,,,,,,,,,,,,,,,,,,,,,,,,,
12,46,51,51,54,57,54,54,59,56,50,54,55,54,57,56,54,54,57,54,53,54,54,52,52,57,56,53,49,51,52,51,49,47,42,47,45,42,45,42,37,35,39,38,35,37,35,27,23,22,22,22,22,22,22,22,22,22,22,22,22,22,22,22,22,,,,,,,,,,,,,,,,,,,,,,,,,,,,,,,,,,,,,,,,,,,,,,,,,,,,,,,,,,,,,,,,,,,,,,,,,,,,,,,,,,,,,,,,,,,,,,,,,,,,,,,,,,,,,,,,,,,,,,,,,,,,,,,,,,,,,,,,,,,,,,,,,,,,,,,,,,,,,,,,,,,,,,,,,,,,,,,,,,,,,,,,,,,,,,,,
13,35,37,35,39,40,42,42,45,45,46,46,46,47,47,49,53,54,52,51,52,54,53,51,51,51,52,54,49,51,52,52,51,54,50,51,50,49,52,51,51,52,53,49,49,52,55,51,52,54,54,50,52,54,51,54,55,51,49,47,45,44,44,39,37,,,,,,,,,,,,,,,,,,,,,,,,,,,,,,,,,,,,,,,,,,,,,,,,,,,,,,,,,,,,,,,,,,,,,,,,,,,,,,,,,,,,,,,,,,,,,,,,,,,,,,,,,,,,,,,,,,,,,,,,,,,,,,,,,,,,,,,,,,,,,,,,,,,,,,,,,,,,,,,,,,,,,,,,,,,,,,,,,,,,,,,,,,,,,,,,
14,22,22,22,22,22,22,22,22,22,22,22,22,22,22,22,22,22,22,22,22,22,26,26,26,28,28,29,32,35,35,37,38,40,37,40,42,45,42,46,43,45,47,44,49,46,49,53,49,51,53,54,54,51,51,48,51,49,49,47,47,46,44,44,41,,,,,,,,,,,,,,,,,,,,,,,,,,,,,,,,,,,,,,,,,,,,,,,,,,,,,,,,,,,,,,,,,,,,,,,,,,,,,,,,,,,,,,,,,,,,,,,,,,,,,,,,,,,,,,,,,,,,,,,,,,,,,,,,,,,,,,,,,,,,,,,,,,,,,,,,,,,,,,,,,,,,,,,,,,,,,,,,,,,,,,,,,,,,,,,,
15,42,45,44,46,51,49,44,46,49,48,42,42,40,42,40,42,40,35,35,35,33,35,33,33,33,26,22,22,22,22,22,22,22,22,22,22,22,22,23,22,22,22,22,22,22,22,22,22,22,22,22,22,24,26,26,27,28,29,30,35,33,34,33,35,,,,,,,,,,,,,,,,,,,,,,,,,,,,,,,,,,,,,,,,,,,,,,,,,,,,,,,,,,,,,,,,,,,,,,,,,,,,,,,,,,,,,,,,,,,,,,,,,,,,,,,,,,,,,,,,,,,,,,,,,,,,,,,,,,,,,,,,,,,,,,,,,,,,,,,,,,,,,,,,,,,,,,,,,,,,,,,,,,,,,,,,,,,,,,,,
16,42,44,44,49,47,50,49,49,52,49,52,50,55,52,49,49,48,46,44,49,46,44,41,40,38,39,40,38,34,34,32,32,31,32,32,31,27,23,22,23,22,23,22,23,23,22,22,22,23,23,22,22,23,23,23,23,23,22,23,22,22,22,23,24,,,,,,,,,,,,,,,,,,,,,,,,,,,,,,,,,,,,,,,,,,,,,,,,,,,,,,,,,,,,,,,,,,,,,,,,,,,,,,,,,,,,,,,,,,,,,,,,,,,,,,,,,,,,,,,,,,,,,,,,,,,,,,,,,,,,,,,,,,,,,,,,,,,,,,,,,,,,,,,,,,,,,,,,,,,,,,,,,,,,,,,,,,,,,,,,
17,41,44,46,52,49,52,52,53,53,57,52,53,55,53,55,53,50,54,56,55,56,56,52,52,52,53,55,57,55,53,56,57,53,53,53,53,59,53,53,50,51,55,56,53,52,55,53,47,50,48,52,46,46,46,40,44,39,44,41,36,34,34,30,30,,,,,,,,,,,,,,,,,,,,,,,,,,,,,,,,,,,,,,,,,,,,,,,,,,,,,,,,,,,,,,,,,,,,,,,,,,,,,,,,,,,,,,,,,,,,,,,,,,,,,,,,,,,,,,,,,,,,,,,,,,,,,,,,,,,,,,,,,,,,,,,,,,,,,,,,,,,,,,,,,,,,,,,,,,,,,,,,,,,,,,,,,,,,,,,,
18,22,22,23,22,23,22,22,22,23,23,23,25,27,29,29,30,29,32,36,39,39,39,41,43,42,46,44,47,49,52,51,52,51,49,49,52,52,53,53,52,56,55,53,53,53,50,57,52,52,53,54,55,56,55,54,54,56,50,47,49,47,44,47,40,,,,,,,,,,,,,,,,,,,,,,,,,,,,,,,,,,,,,,,,,,,,,,,,,,,,,,,,,,,,,,,,,,,,,,,,,,,,,,,,,,,,,,,,,,,,,,,,,,,,,,,,,,,,,,,,,,,,,,,,,,,,,,,,,,,,,,,,,,,,,,,,,,,,,,,,,,,,,,,,,,,,,,,,,,,,,,,,,,,,,,,,,,,,,,,,
19,39,44,43,45,43,46,43,41,36,40,38,36,36,36,34,27,23,23,23,22,23,23,23,22,23,23,23,23,23,23,23,23,23,23,23,22,23,23,22,23,23,23,25,27,29,30,32,32,36,39,43,44,43,44,43,47,50,49,50,50,52,49,44,43,,,,,,,,,,,,,,,,,,,,,,,,,,,,,,,,,,,,,,,,,,,,,,,,,,,,,,,,,,,,,,,,,,,,,,,,,,,,,,,,,,,,,,,,,,,,,,,,,,,,,,,,,,,,,,,,,,,,,,,,,,,,,,,,,,,,,,,,,,,,,,,,,,,,,,,,,,,,,,,,,,,,,,,,,,,,,,,,,,,,,,,,,,,,,,,,
20,42,44,47,44,46,49,50,53,47,50,52,53,53,52,52,53,53,49,52,49,49,52,54,53,52,49,49,47,46,46,44,45,41,41,41,39,38,41,36,36,32,32,36,33,36,32,27,23,23,22,23,23,23,22,22,22,22,22,22,23,22,22,22,22,,,,,,,,,,,,,,,,,,,,,,,,,,,,,,,,,,,,,,,,,,,,,,,,,,,,,,,,,,,,,,,,,,,,,,,,,,,,,,,,,,,,,,,,,,,,,,,,,,,,,,,,,,,,,,,,,,,,,,,,,,,,,,,,,,,,,,,,,,,,,,,,,,,,,,,,,,,,,,,,,,,,,,,,,,,,,,,,,,,,,,,,,,,,,,,,
21,34,36,36,41,40,42,43,46,46,45,46,46,47,50,52,55,49,52,56,56,50,52,52,52,53,52,51,50,51,53,54,53,49,53,52,54,51,53,52,50,54,52,49,52,52,50,52,52,52,50,50,52,50,49,50,53,52,46,44,44,46,44,40,34,,,,,,,,,,,,,,,,,,,,,,,,,,,,,,,,,,,,,,,,,,,,,,,,,,,,,,,,,,,,,,,,,,,,,,,,,,,,,,,,,,,,,,,,,,,,,,,,,,,,,,,,,,,,,,,,,,,,,,,,,,,,,,,,,,,,,,,,,,,,,,,,,,,,,,,,,,,,,,,,,,,,,,,,,,,,,,,,,,,,,,,,,,,,,,,,
22,22,22,22,23,23,23,23,22,22,22,22,23,23,23,22,22,23,23,23,23,22,26,25,27,29,29,30,32,36,39,36,38,37,39,41,43,43,47,46,47,46,49,47,49,52,51,54,50,53,56,55,56,53,51,50,59,55,52,50,52,49,47,43,41,,,,,,,,,,,,,,,,,,,,,,,,,,,,,,,,,,,,,,,,,,,,,,,,,,,,,,,,,,,,,,,,,,,,,,,,,,,,,,,,,,,,,,,,,,,,,,,,,,,,,,,,,,,,,,,,,,,,,,,,,,,,,,,,,,,,,,,,,,,,,,,,,,,,,,,,,,,,,,,,,,,,,,,,,,,,,,,,,,,,,,,,,,,,,,,,
23,41,43,47,46,47,49,44,44,46,46,44,41,38,39,41,39,38,34,33,31,33,32,33,31,31,27,24,23,23,22,23,23,23,23,22,22,23,22,23,23,23,23,22,22,22,22,23,22,23,23,22,23,24,25,27,27,27,27,29,31,32,34,33,31,,,,,,,,,,,,,,,,,,,,,,,,,,,,,,,,,,,,,,,,,,,,,,,,,,,,,,,,,,,,,,,,,,,,,,,,,,,,,,,,,,,,,,,,,,,,,,,,,,,,,,,,,,,,,,,,,,,,,,,,,,,,,,,,,,,,,,,,,,,,,,,,,,,,,,,,,,,,,,,,,,,,,,,,,,,,,,,,,,,,,,,,,,,,,,,,
24,47,47,51,49,49,50,52,52,50,53,52,50,50,53,53,53,49,47,50,48,50,44,45,45,44,46,47,42,37,35,35,37,37,35,37,35,28,25,24,24,24,24,24,24,25,24,24,24,25,24,24,23,24,24,24,24,24,24,24,24,23,24,24,26,,,,,,,,,,,,,,,,,,,,,,,,,,,,,,,,,,,,,,,,,,,,,,,,,,,,,,,,,,,,,,,,,,,,,,,,,,,,,,,,,,,,,,,,,,,,,,,,,,,,,,,,,,,,,,,,,,,,,,,,,,,,,,,,,,,,,,,,,,,,,,,,,,,,,,,,,,,,,,,,,,,,,,,,,,,,,,,,,,,,,,,,,,,,,,,,
25,39,42,40,45,47,50,52,50,50,50,50,50,52,50,53,55,52,50,50,51,50,52,52,52,52,50,50,50,48,53,50,54,49,52,50,50,52,50,52,52,50,50,52,56,50,47,50,47,47,44,45,45,44,42,39,39,39,39,37,35,33,33,31,31,,,,,,,,,,,,,,,,,,,,,,,,,,,,,,,,,,,,,,,,,,,,,,,,,,,,,,,,,,,,,,,,,,,,,,,,,,,,,,,,,,,,,,,,,,,,,,,,,,,,,,,,,,,,,,,,,,,,,,,,,,,,,,,,,,,,,,,,,,,,,,,,,,,,,,,,,,,,,,,,,,,,,,,,,,,,,,,,,,,,,,,,,,,,,,,,
26,23,24,24,23,24,24,23,24,24,24,24,26,28,28,31,29,31,33,37,37,39,40,39,42,42,45,45,47,49,49,48,49,49,48,50,50,56,52,54,52,54,53,52,52,52,53,53,55,50,50,49,53,50,55,53,50,48,50,50,49,49,47,44,44,,,,,,,,,,,,,,,,,,,,,,,,,,,,,,,,,,,,,,,,,,,,,,,,,,,,,,,,,,,,,,,,,,,,,,,,,,,,,,,,,,,,,,,,,,,,,,,,,,,,,,,,,,,,,,,,,,,,,,,,,,,,,,,,,,,,,,,,,,,,,,,,,,,,,,,,,,,,,,,,,,,,,,,,,,,,,,,,,,,,,,,,,,,,,,,,
27,37,37,38,37,37,39,37,39,35,37,35,35,35,34,32,28,24,24,24,24,24,24,24,24,24,25,24,24,24,24,24,24,24,24,24,24,24,23,23,24,23,24,26,28,28,28,30,30,32,37,39,37,37,39,41,40,41,42,45,47,45,42,40,39,,,,,,,,,,,,,,,,,,,,,,,,,,,,,,,,,,,,,,,,,,,,,,,,,,,,,,,,,,,,,,,,,,,,,,,,,,,,,,,,,,,,,,,,,,,,,,,,,,,,,,,,,,,,,,,,,,,,,,,,,,,,,,,,,,,,,,,,,,,,,,,,,,,,,,,,,,,,,,,,,,,,,,,,,,,,,,,,,,,,,,,,,,,,,,,,
28,42,47,45,49,50,47,49,50,50,47,50,49,55,49,55,53,50,53,52,53,52,52,52,50,50,49,48,47,45,48,47,45,42,40,41,42,40,40,37,37,35,34,35,33,32,34,30,24,25,24,24,24,24,23,24,24,24,24,23,24,24,23,24,24,,,,,,,,,,,,,,,,,,,,,,,,,,,,,,,,,,,,,,,,,,,,,,,,,,,,,,,,,,,,,,,,,,,,,,,,,,,,,,,,,,,,,,,,,,,,,,,,,,,,,,,,,,,,,,,,,,,,,,,,,,,,,,,,,,,,,,,,,,,,,,,,,,,,,,,,,,,,,,,,,,,,,,,,,,,,,,,,,,,,,,,,,,,,,,,,
29,34,35,37,39,39,44,42,47,47,48,47,49,45,50,48,53,52,52,53,52,50,50,50,50,55,52,52,53,53,53,53,55,50,50,52,53,53,52,52,52,56,52,47,53,52,55,53,52,53,52,48,50,50,50,50,50,48,47,44,44,42,42,40,35,,,,,,,,,,,,,,,,,,,,,,,,,,,,,,,,,,,,,,,,,,,,,,,,,,,,,,,,,,,,,,,,,,,,,,,,,,,,,,,,,,,,,,,,,,,,,,,,,,,,,,,,,,,,,,,,,,,,,,,,,,,,,,,,,,,,,,,,,,,,,,,,,,,,,,,,,,,,,,,,,,,,,,,,,,,,,,,,,,,,,,,,,,,,,,,,
30,23,24,23,23,24,24,24,24,24,24,24,24,24,24,23,24,25,24,24,24,24,26,28,28,30,30,30,32,37,37,37,39,39,41,40,44,44,47,47,46,47,46,49,47,50,52,55,52,52,50,53,50,50,50,53,55,51,49,50,47,47,47,46,42,,,,,,,,,,,,,,,,,,,,,,,,,,,,,,,,,,,,,,,,,,,,,,,,,,,,,,,,,,,,,,,,,,,,,,,,,,,,,,,,,,,,,,,,,,,,,,,,,,,,,,,,,,,,,,,,,,,,,,,,,,,,,,,,,,,,,,,,,,,,,,,,,,,,,,,,,,,,,,,,,,,,,,,,,,,,,,,,,,,,,,,,,,,,,,,,
31,44,45,46,50,49,45,47,47,45,47,44,43,37,40,40,40,39,35,33,33,33,34,33,34,32,27,24,24,24,24,24,24,24,24,24,24,24,23,24,24,24,24,23,24,23,24,24,24,24,24,23,24,26,25,26,28,28,30,30,32,37,35,35,35,,,,,,,,,,,,,,,,,,,,,,,,,,,,,,,,,,,,,,,,,,,,,,,,,,,,,,,,,,,,,,,,,,,,,,,,,,,,,,,,,,,,,,,,,,,,,,,,,,,,,,,,,,,,,,,,,,,,,,,,,,,,,,,,,,,,,,,,,,,,,,,,,,,,,,,,,,,,,,,,,,,,,,,,,,,,,,,,,,,,,,,,,,,,,,,,
32,48,47,49,51,51,52,54,54,56,54,56,55,52,57,54,47,50,47,52,47,54,45,49,45,45,44,45,41,41,36,38,38,37,36,38,35,30,25,25,25,25,25,25,25,25,25,25,25,25,25,25,25,25,27,25,25,25,25,25,25,25,25,25,27,,,,,,,,,,,,,,,,,,,,,,,,,,,,,,,,,,,,,,,,,,,,,,,,,,,,,,,,,,,,,,,,,,,,,,,,,,,,,,,,,,,,,,,,,,,,,,,,,,,,,,,,,,,,,,,,,,,,,,,,,,,,,,,,,,,,,,,,,,,,,,,,,,,,,,,,,,,,,,,,,,,,,,,,,,,,,,,,,,,,,,,,,,,,,,,,
33,41,41,47,51,50,52,52,50,54,52,52,52,54,54,56,53,52,54,51,56,57,56,52,54,52,56,52,54,56,54,54,52,54,52,54,53,55,54,54,56,54,52,51,54,54,57,50,50,49,49,49,47,45,43,45,41,43,40,41,38,34,35,33,32,,,,,,,,,,,,,,,,,,,,,,,,,,,,,,,,,,,,,,,,,,,,,,,,,,,,,,,,,,,,,,,,,,,,,,,,,,,,,,,,,,,,,,,,,,,,,,,,,,,,,,,,,,,,,,,,,,,,,,,,,,,,,,,,,,,,,,,,,,,,,,,,,,,,,,,,,,,,,,,,,,,,,,,,,,,,,,,,,,,,,,,,,,,,,,,,
34,25,25,25,25,25,25,25,25,25,25,25,28,30,31,31,32,33,34,41,41,40,38,41,44,43,45,45,48,49,51,50,51,52,49,51,54,56,55,56,52,56,55,59,59,55,56,57,56,54,54,54,54,51,52,54,51,56,54,52,52,49,49,47,47,,,,,,,,,,,,,,,,,,,,,,,,,,,,,,,,,,,,,,,,,,,,,,,,,,,,,,,,,,,,,,,,,,,,,,,,,,,,,,,,,,,,,,,,,,,,,,,,,,,,,,,,,,,,,,,,,,,,,,,,,,,,,,,,,,,,,,,,,,,,,,,,,,,,,,,,,,,,,,,,,,,,,,,,,,,,,,,,,,,,,,,,,,,,,,,,
35,38,40,40,40,43,43,43,40,34,36,36,36,35,38,32,29,25,25,25,25,25,25,25,25,25,25,25,25,25,25,25,25,25,25,25,25,25,25,25,25,25,25,27,29,29,31,31,31,32,36,40,41,42,41,42,42,42,47,47,48,45,45,44,43,,,,,,,,,,,,,,,,,,,,,,,,,,,,,,,,,,,,,,,,,,,,,,,,,,,,,,,,,,,,,,,,,,,,,,,,,,,,,,,,,,,,,,,,,,,,,,,,,,,,,,,,,,,,,,,,,,,,,,,,,,,,,,,,,,,,,,,,,,,,,,,,,,,,,,,,,,,,,,,,,,,,,,,,,,,,,,,,,,,,,,,,,,,,,,,,
36,45,49,50,51,52,54,54,54,52,50,51,54,53,53,56,54,51,55,52,53,54,52,57,52,55,51,50,48,50,49,49,47,45,40,43,43,43,42,42,37,37,37,38,36,36,36,29,25,25,25,25,25,25,25,25,25,25,25,25,25,25,25,25,25,,,,,,,,,,,,,,,,,,,,,,,,,,,,,,,,,,,,,,,,,,,,,,,,,,,,,,,,,,,,,,,,,,,,,,,,,,,,,,,,,,,,,,,,,,,,,,,,,,,,,,,,,,,,,,,,,,,,,,,,,,,,,,,,,,,,,,,,,,,,,,,,,,,,,,,,,,,,,,,,,,,,,,,,,,,,,,,,,,,,,,,,,,,,,,,,
37,36,40,40,42,45,45,47,49,51,52,50,49,49,52,57,52,56,52,57,54,54,54,54,56,56,56,57,54,56,53,54,56,55,54,56,55,55,56,57,57,53,54,55,56,54,57,54,54,57,54,54,54,54,50,56,54,50,48,50,47,49,45,40,38,,,,,,,,,,,,,,,,,,,,,,,,,,,,,,,,,,,,,,,,,,,,,,,,,,,,,,,,,,,,,,,,,,,,,,,,,,,,,,,,,,,,,,,,,,,,,,,,,,,,,,,,,,,,,,,,,,,,,,,,,,,,,,,,,,,,,,,,,,,,,,,,,,,,,,,,,,,,,,,,,,,,,,,,,,,,,,,,,,,,,,,,,,,,,,,,
38,25,25,25,25,25,25,25,25,25,25,25,25,25,25,24,25,25,25,25,25,25,27,29,29,29,31,31,33,36,38,38,39,40,42,41,45,45,45,47,49,49,49,50,49,53,52,56,59,54,51,58,54,53,54,54,52,52,54,50,47,50,49,46,44,,,,,,,,,,,,,,,,,,,,,,,,,,,,,,,,,,,,,,,,,,,,,,,,,,,,,,,,,,,,,,,,,,,,,,,,,,,,,,,,,,,,,,,,,,,,,,,,,,,,,,,,,,,,,,,,,,,,,,,,,,,,,,,,,,,,,,,,,,,,,,,,,,,,,,,,,,,,,,,,,,,,,,,,,,,,,,,,,,,,,,,,,,,,,,,,
39,44,47,50,49,49,50,45,47,49,47,45,46,41,43,42,44,42,40,36,34,34,36,38,36,36,29,27,25,25,25,25,25,25,25,25,25,25,25,25,25,25,25,25,26,25,25,25,25,25,25,25,25,27,27,29,31,32,31,32,36,36,38,36,36,,,,,,,,,,,,,,,,,,,,,,,,,,,,,,,,,,,,,,,,,,,,,,,,,,,,,,,,,,,,,,,,,,,,,,,,,,,,,,,,,,,,,,,,,,,,,,,,,,,,,,,,,,,,,,,,,,,,,,,,,,,,,,,,,,,,,,,,,,,,,,,,,,,,,,,,,,,,,,,,,,,,,,,,,,,,,,,,,,,,,,,,,,,,,,,,
40,46,50,49,47,49,52,50,51,49,55,52,54,52,52,51,51,49,49,48,49,47,46,42,42,42,46,42,44,37,39,36,37,35,35,37,35,28,25,24,25,24,25,24,25,25,25,24,24,25,25,25,25,24,26,25,25,25,24,24,25,24,24,25,26,,,,,,,,,,,,,,,,,,,,,,,,,,,,,,,,,,,,,,,,,,,,,,,,,,,,,,,,,,,,,,,,,,,,,,,,,,,,,,,,,,,,,,,,,,,,,,,,,,,,,,,,,,,,,,,,,,,,,,,,,,,,,,,,,,,,,,,,,,,,,,,,,,,,,,,,,,,,,,,,,,,,,,,,,,,,,,,,,,,,,,,,,,,,,,,,
41,39,42,44,47,47,49,52,52,52,55,52,52,54,52,57,53,52,50,52,49,54,55,54,51,49,52,49,51,54,52,52,52,54,52,52,49,55,52,54,52,52,51,54,51,51,54,51,46,46,46,45,46,42,42,41,40,40,39,38,37,35,32,32,30,,,,,,,,,,,,,,,,,,,,,,,,,,,,,,,,,,,,,,,,,,,,,,,,,,,,,,,,,,,,,,,,,,,,,,,,,,,,,,,,,,,,,,,,,,,,,,,,,,,,,,,,,,,,,,,,,,,,,,,,,,,,,,,,,,,,,,,,,,,,,,,,,,,,,,,,,,,,,,,,,,,,,,,,,,,,,,,,,,,,,,,,,,,,,,,,
42,24,24,24,24,25,24,24,26,25,24,25,28,29,30,30,32,32,35,39,42,41,38,39,42,44,49,44,46,49,52,47,49,47,49,54,52,57,57,54,54,54,55,49,53,54,54,54,55,53,52,54,54,52,55,50,52,50,50,52,50,47,47,45,47,,,,,,,,,,,,,,,,,,,,,,,,,,,,,,,,,,,,,,,,,,,,,,,,,,,,,,,,,,,,,,,,,,,,,,,,,,,,,,,,,,,,,,,,,,,,,,,,,,,,,,,,,,,,,,,,,,,,,,,,,,,,,,,,,,,,,,,,,,,,,,,,,,,,,,,,,,,,,,,,,,,,,,,,,,,,,,,,,,,,,,,,,,,,,,,,
43,39,40,42,39,39,41,44,39,35,35,35,35,35,37,33,28,25,24,24,24,25,25,24,24,25,26,25,24,24,24,25,24,25,25,25,24,26,24,24,24,24,26,26,28,28,29,32,32,35,37,39,39,39,40,42,43,44,44,45,46,45,44,44,41,,,,,,,,,,,,,,,,,,,,,,,,,,,,,,,,,,,,,,,,,,,,,,,,,,,,,,,,,,,,,,,,,,,,,,,,,,,,,,,,,,,,,,,,,,,,,,,,,,,,,,,,,,,,,,,,,,,,,,,,,,,,,,,,,,,,,,,,,,,,,,,,,,,,,,,,,,,,,,,,,,,,,,,,,,,,,,,,,,,,,,,,,,,,,,,,
44,41,46,46,47,49,46,50,52,51,52,54,50,52,52,55,58,52,49,51,52,52,55,53,52,50,49,49,46,46,49,46,45,44,41,39,40,41,40,38,36,35,37,34,35,34,33,28,26,25,24,25,24,25,24,24,24,24,24,24,25,24,24,24,24,,,,,,,,,,,,,,,,,,,,,,,,,,,,,,,,,,,,,,,,,,,,,,,,,,,,,,,,,,,,,,,,,,,,,,,,,,,,,,,,,,,,,,,,,,,,,,,,,,,,,,,,,,,,,,,,,,,,,,,,,,,,,,,,,,,,,,,,,,,,,,,,,,,,,,,,,,,,,,,,,,,,,,,,,,,,,,,,,,,,,,,,,,,,,,,,
45,35,35,37,39,44,44,46,47,47,47,47,49,48,51,54,52,52,54,58,56,54,52,52,54,54,49,54,57,54,52,51,52,51,55,52,54,52,52,52,54,50,50,52,51,54,52,52,52,51,55,54,52,52,52,52,52,51,49,46,44,42,44,39,35,,,,,,,,,,,,,,,,,,,,,,,,,,,,,,,,,,,,,,,,,,,,,,,,,,,,,,,,,,,,,,,,,,,,,,,,,,,,,,,,,,,,,,,,,,,,,,,,,,,,,,,,,,,,,,,,,,,,,,,,,,,,,,,,,,,,,,,,,,,,,,,,,,,,,,,,,,,,,,,,,,,,,,,,,,,,,,,,,,,,,,,,,,,,,,,,
46,24,24,24,24,24,26,24,24,24,25,24,25,25,25,24,24,26,24,24,25,25,28,28,30,30,30,33,34,36,39,41,39,40,43,41,48,46,49,52,50,50,50,52,48,54,49,52,55,55,55,54,57,55,54,51,55,55,55,53,51,50,44,46,45,,,,,,,,,,,,,,,,,,,,,,,,,,,,,,,,,,,,,,,,,,,,,,,,,,,,,,,,,,,,,,,,,,,,,,,,,,,,,,,,,,,,,,,,,,,,,,,,,,,,,,,,,,,,,,,,,,,,,,,,,,,,,,,,,,,,,,,,,,,,,,,,,,,,,,,,,,,,,,,,,,,,,,,,,,,,,,,,,,,,,,,,,,,,,,,,
47,46,50,51,52,49,49,48,51,47,46,49,45,44,43,44,45,42,42,37,35,37,35,37,37,37,30,26,25,25,26,25,25,24,24,25,25,26,24,25,25,25,26,24,25,24,25,25,24,26,26,24,26,28,28,30,31,32,30,33,35,37,39,38,37,,,,,,,,,,,,,,,,,,,,,,,,,,,,,,,,,,,,,,,,,,,,,,,,,,,,,,,,,,,,,,,,,,,,,,,,,,,,,,,,,,,,,,,,,,,,,,,,,,,,,,,,,,,,,,,,,,,,,,,,,,,,,,,,,,,,,,,,,,,,,,,,,,,,,,,,,,,,,,,,,,,,,,,,,,,,,,,,,,,,,,,,,,,,,,,,
48,49,54,49,50,52,51,54,50,54,53,54,54,57,54,54,51,50,49,51,50,53,47,45,47,46,42,45,44,41,40,38,38,38,40,40,36,27,25,25,25,25,24,24,24,25,24,24,25,25,25,25,24,24,25,25,25,25,24,24,24,24,24,25,26,,,,,,,,,,,,,,,,,,,,,,,,,,,,,,,,,,,,,,,,,,,,,,,,,,,,,,,,,,,,,,,,,,,,,,,,,,,,,,,,,,,,,,,,,,,,,,,,,,,,,,,,,,,,,,,,,,,,,,,,,,,,,,,,,,,,,,,,,,,,,,,,,,,,,,,,,,,,,,,,,,,,,,,,,,,,,,,,,,,,,,,,,,,,,,,,
49,42,42,46,48,50,50,51,53,56,56,51,50,54,51,54,51,51,50,54,54,52,51,51,54,56,57,54,54,55,54,60,56,54,56,57,54,57,54,54,51,54,51,54,53,53,54,51,51,48,50,50,46,43,45,40,43,41,43,41,36,34,34,34,33,,,,,,,,,,,,,,,,,,,,,,,,,,,,,,,,,,,,,,,,,,,,,,,,,,,,,,,,,,,,,,,,,,,,,,,,,,,,,,,,,,,,,,,,,,,,,,,,,,,,,,,,,,,,,,,,,,,,,,,,,,,,,,,,,,,,,,,,,,,,,,,,,,,,,,,,,,,,,,,,,,,,,,,,,,,,,,,,,,,,,,,,,,,,,,,,
50,23,24,24,23,25,24,24,24,24,24,24,26,27,29,29,29,31,31,38,39,40,38,40,41,41,43,45,46,48,46,48,51,49,49,50,54,54,54,51,57,54,57,53,53,56,51,54,51,51,54,53,54,53,53,51,53,53,48,51,51,48,47,43,42,,,,,,,,,,,,,,,,,,,,,,,,,,,,,,,,,,,,,,,,,,,,,,,,,,,,,,,,,,,,,,,,,,,,,,,,,,,,,,,,,,,,,,,,,,,,,,,,,,,,,,,,,,,,,,,,,,,,,,,,,,,,,,,,,,,,,,,,,,,,,,,,,,,,,,,,,,,,,,,,,,,,,,,,,,,,,,,,,,,,,,,,,,,,,,,,
51,43,40,40,40,39,43,39,37,36,35,35,36,35,34,33,29,25,25,25,23,24,24,24,24,25,24,25,24,24,24,24,25,25,24,24,24,25,24,24,24,24,25,27,27,29,29,31,33,34,38,39,41,40,38,41,43,45,45,45,46,45,46,43,41,,,,,,,,,,,,,,,,,,,,,,,,,,,,,,,,,,,,,,,,,,,,,,,,,,,,,,,,,,,,,,,,,,,,,,,,,,,,,,,,,,,,,,,,,,,,,,,,,,,,,,,,,,,,,,,,,,,,,,,,,,,,,,,,,,,,,,,,,,,,,,,,,,,,,,,,,,,,,,,,,,,,,,,,,,,,,,,,,,,,,,,,,,,,,,,,
52,44,45,49,46,50,48,53,50,49,50,54,51,50,51,48,51,54,51,49,50,51,51,48,50,49,50,48,45,46,47,48,45,41,38,41,40,42,39,36,33,33,35,33,34,35,32,27,24,25,24,25,24,24,24,24,24,24,24,24,25,24,23,23,24,,,,,,,,,,,,,,,,,,,,,,,,,,,,,,,,,,,,,,,,,,,,,,,,,,,,,,,,,,,,,,,,,,,,,,,,,,,,,,,,,,,,,,,,,,,,,,,,,,,,,,,,,,,,,,,,,,,,,,,,,,,,,,,,,,,,,,,,,,,,,,,,,,,,,,,,,,,,,,,,,,,,,,,,,,,,,,,,,,,,,,,,,,,,,,,,
53,36,36,40,42,46,45,46,48,50,51,50,51,51,48,54,53,53,51,57,53,51,54,56,51,51,53,55,50,54,54,53,51,56,53,51,56,56,51,54,56,54,57,54,51,54,54,53,51,54,54,53,54,51,53,54,53,53,48,49,48,45,45,44,38,,,,,,,,,,,,,,,,,,,,,,,,,,,,,,,,,,,,,,,,,,,,,,,,,,,,,,,,,,,,,,,,,,,,,,,,,,,,,,,,,,,,,,,,,,,,,,,,,,,,,,,,,,,,,,,,,,,,,,,,,,,,,,,,,,,,,,,,,,,,,,,,,,,,,,,,,,,,,,,,,,,,,,,,,,,,,,,,,,,,,,,,,,,,,,,,
54,24,24,24,25,23,24,24,23,24,24,25,24,25,24,24,24,24,24,25,24,24,27,29,29,29,29,31,33,34,43,40,43,38,43,48,43,43,43,45,49,48,50,46,49,46,51,51,53,53,51,51,51,50,48,48,48,51,48,48,46,51,45,46,42,,,,,,,,,,,,,,,,,,,,,,,,,,,,,,,,,,,,,,,,,,,,,,,,,,,,,,,,,,,,,,,,,,,,,,,,,,,,,,,,,,,,,,,,,,,,,,,,,,,,,,,,,,,,,,,,,,,,,,,,,,,,,,,,,,,,,,,,,,,,,,,,,,,,,,,,,,,,,,,,,,,,,,,,,,,,,,,,,,,,,,,,,,,,,,,,
55,46,50,48,50,53,50,48,46,48,48,48,45,43,43,43,39,45,42,38,36,34,36,36,36,36,29,25,25,25,25,25,25,25,24,25,24,25,25,25,24,24,25,24,25,24,24,25,24,25,24,24,26,27,27,29,29,31,32,34,36,36,38,38,39,,,,,,,,,,,,,,,,,,,,,,,,,,,,,,,,,,,,,,,,,,,,,,,,,,,,,,,,,,,,,,,,,,,,,,,,,,,,,,,,,,,,,,,,,,,,,,,,,,,,,,,,,,,,,,,,,,,,,,,,,,,,,,,,,,,,,,,,,,,,,,,,,,,,,,,,,,,,,,,,,,,,,,,,,,,,,,,,,,,,,,,,,,,,,,,,
56,40,45,47,45,48,49,49,45,50,47,50,52,50,50,50,48,47,45,44,47,47,40,40,38,38,40,39,37,37,35,35,33,31,33,33,31,27,24,24,24,24,24,24,24,24,24,24,24,24,24,24,24,24,25,24,24,24,24,24,24,24,24,24,26,,,,,,,,,,,,,,,,,,,,,,,,,,,,,,,,,,,,,,,,,,,,,,,,,,,,,,,,,,,,,,,,,,,,,,,,,,,,,,,,,,,,,,,,,,,,,,,,,,,,,,,,,,,,,,,,,,,,,,,,,,,,,,,,,,,,,,,,,,,,,,,,,,,,,,,,,,,,,,,,,,,,,,,,,,,,,,,,,,,,,,,,,,,,,,,,
57,40,43,45,50,50,49,52,50,50,53,52,52,53,52,53,55,50,53,50,52,52,53,52,52,51,55,50,55,50,53,52,52,53,52,50,53,52,54,53,54,53,50,50,52,50,52,48,52,48,52,49,50,44,47,42,39,40,40,40,38,33,31,33,31,,,,,,,,,,,,,,,,,,,,,,,,,,,,,,,,,,,,,,,,,,,,,,,,,,,,,,,,,,,,,,,,,,,,,,,,,,,,,,,,,,,,,,,,,,,,,,,,,,,,,,,,,,,,,,,,,,,,,,,,,,,,,,,,,,,,,,,,,,,,,,,,,,,,,,,,,,,,,,,,,,,,,,,,,,,,,,,,,,,,,,,,,,,,,,,,
58,24,24,24,24,24,24,24,24,24,24,24,26,28,28,28,29,31,32,37,37,38,37,37,40,40,40,40,45,45,45,47,44,47,48,49,47,53,50,49,49,50,50,51,48,54,49,50,49,49,49,50,52,49,53,50,48,50,50,48,45,45,44,44,42,,,,,,,,,,,,,,,,,,,,,,,,,,,,,,,,,,,,,,,,,,,,,,,,,,,,,,,,,,,,,,,,,,,,,,,,,,,,,,,,,,,,,,,,,,,,,,,,,,,,,,,,,,,,,,,,,,,,,,,,,,,,,,,,,,,,,,,,,,,,,,,,,,,,,,,,,,,,,,,,,,,,,,,,,,,,,,,,,,,,,,,,,,,,,,,,
59,38,35,38,36,38,40,38,35,33,33,33,36,33,33,33,26,24,24,24,24,24,24,24,24,24,24,24,24,24,24,24,24,24,24,24,24,24,24,24,24,24,24,26,27,27,28,28,29,31,35,38,37,37,40,38,40,40,43,44,44,45,42,40,40,,,,,,,,,,,,,,,,,,,,,,,,,,,,,,,,,,,,,,,,,,,,,,,,,,,,,,,,,,,,,,,,,,,,,,,,,,,,,,,,,,,,,,,,,,,,,,,,,,,,,,,,,,,,,,,,,,,,,,,,,,,,,,,,,,,,,,,,,,,,,,,,,,,,,,,,,,,,,,,,,,,,,,,,,,,,,,,,,,,,,,,,,,,,,,,,
60,42,43,45,47,45,49,50,48,49,48,49,50,48,49,50,47,52,49,50,48,50,50,50,48,48,50,48,48,47,48,48,45,45,45,45,39,38,40,38,40,40,37,35,33,33,35,34,33,33,29,24,24,24,24,24,24,24,24,24,24,24,24,24,24,,,,,,,,,,,,,,,,,,,,,,,,,,,,,,,,,,,,,,,,,,,,,,,,,,,,,,,,,,,,,,,,,,,,,,,,,,,,,,,,,,,,,,,,,,,,,,,,,,,,,,,,,,,,,,,,,,,,,,,,,,,,,,,,,,,,,,,,,,,,,,,,,,,,,,,,,,,,,,,,,,,,,,,,,,,,,,,,,,,,,,,,,,,,,,,,
61,32,32,33,36,38,37,38,42,43,42,40,42,44,45,45,43,47,45,47,45,45,45,46,47,47,44,45,46,44,45,46,45,45,44,45,50,43,45,43,47,47,45,43,47,47,42,47,47,45,45,43,43,45,45,47,45,45,43,40,40,40,38,37,33,,,,,,,,,,,,,,,,,,,,,,,,,,,,,,,,,,,,,,,,,,,,,,,,,,,,,,,,,,,,,,,,,,,,,,,,,,,,,,,,,,,,,,,,,,,,,,,,,,,,,,,,,,,,,,,,,,,,,,,,,,,,,,,,,,,,,,,,,,,,,,,,,,,,,,,,,,,,,,,,,,,,,,,,,,,,,,,,,,,,,,,,,,,,,,,,
62,24,24,24,24,24,24,24,24,24,24,24,24,24,24,24,24,24,24,24,24,24,27,26,27,27,28,30,31,38,37,35,36,38,35,39,40,40,42,43,42,42,42,45,40,46,45,47,44,45,47,47,45,47,45,45,45,45,45,45,44,45,44,43,40,,,,,,,,,,,,,,,,,,,,,,,,,,,,,,,,,,,,,,,,,,,,,,,,,,,,,,,,,,,,,,,,,,,,,,,,,,,,,,,,,,,,,,,,,,,,,,,,,,,,,,,,,,,,,,,,,,,,,,,,,,,,,,,,,,,,,,,,,,,,,,,,,,,,,,,,,,,,,,,,,,,,,,,,,,,,,,,,,,,,,,,,,,,,,,,,
63,44,45,45,47,47,45,44,42,40,43,44,42,40,38,38,38,38,35,33,33,33,33,33,33,31,27,25,24,24,25,24,24,24,24,24,24,24,24,24,24,24,25,24,24,24,24,24,24,24,24,24,24,26,26,27,28,28,29,29,33,35,33,35,31,,,,,,,,,,,,,,,,,,,,,,,,,,,,,,,,,,,,,,,,,,,,,,,,,,,,,,,,,,,,,,,,,,,,,,,,,,,,,,,,,,,,,,,,,,,,,,,,,,,,,,,,,,,,,,,,,,,,,,,,,,,,,,,,,,,,,,,,,,,,,,,,,,,,,,,,,,,,,,,,,,,,,,,,,,,,,,,,,,,,,,,,,,,,,,,,
,,,,,,,,,,,,,,,,,,,,,,,,,,,,,,,,,,,,,,,,,,,,,,,,,,,,,,,,,,,,,,,,,,,,,,,,,,,,,,,,,,,,,,,,,,,,,,,,,,,,,,,,,,,,,,,,,,,,,,,,,,,,,,,,,,,,,,,,,,,,,,,,,,,,,,,,,,,,,,,,,,,,,,,,,,,,,,,,,,,,,,,,,,,,,,,,,,,,,,,,,,,,,,,,,,,,,,,,,,,,,,,,,,,,,,,,,,,,,,,,,,,,,,,,,,,,,,,,
value,0,1,2,3,4,5,6,7,8,9,10,11,12,13,14,15,16,17,18,19,20,21,22,23,24,25,26,27,28,29,30,31,32,33,34,35,36,37,38,39,40,41,42,43,44,45,46,47,48,49,50,51,52,53,54,55,56,57,58,59,60,61,62,63,64,65,66,67,68,69,70,71,72,73,74,75,76,77,78,79,80,81,82,83,84,85,86,87,88,89,90,91,92,93,94,95,96,97,98,99,100,101,102,103,104,105,106,107,108,109,110,111,112,113,114,115,116,117,118,119,120,121,122,123,124,125,126,127,128,129,130,131,132,133,134,135,136,137,138,139,140,141,142,143,144,145,146,147,148,149,150,151,152,153,154,155,156,157,158,159,160,161,162,163,164,165,166,167,168,169,170,171,172,173,174,175,176,177,178,179,180,181,182,183,184,185,186,187,188,189,190,191,192,193,194,195,196,197,198,199,200,201,202,203,204,205,206,207,208,209,210,211,212,213,214,215,216,217,218,219,220,221,222,223,224,225,226,227,228,229,230,231,232,233,234,235,236,237,238,239,240,241,242,243,244,245,246,247,248,249,250,251,252,253,254,255
count,0,0,0,0,0,0,0,0,0,0,0,0,0,0,0,0,0,0,0,0,67,59,181,108,368,243,48,48,36,61,32,51,48,75,47,82,72,71,87,83,111,92,90,107,102,159,122,133,98,169,193,145,231,134,175,66,59,33,3,6,1,0,0,0,0,0,0,0,0,0,0,0,0,0,0,0,0,0,0,0,0,0,0,0,0,0,0,0,0,0,0,0,0,0,0,0,0,0,0,0,0,0,0,0,0,0,0,0,0,0,0,0,0,0,0,0,0,0,0,0,0,0,0,0,0,0,0,0,0,0,0,0,0,0,0,0,0,0,0,0,0,0,0,0,0,0,0,0,0,0,0,0,0,0,0,0,0,0,0,0,0,0,0,0,0,0,0,0,0,0,0,0,0,0,0,0,0,0,0,0,0,0,0,0,0,0,0,0,0,0,0,0,0,0,0,0,0,0,0,0,0,0,0,0,0,0,0,0,0,0,0,0,0,0,0,0,0,0,0,0,0,0,0,0,0,0,0,0,0,0,0,0,0,0,0,0,0,0,0,0,0,0,0,0,0,0,0,0,0,0,0,0,0,0,0,0
,,,,,,,,,,,,,,,,,,,,,,,,,,,,,,,,,,,,,,,,,,,,,,,,,,,,,,,,,,,,,,,,,,,,,,,,,,,,,,,,,,,,,,,,,,,,,,,,,,,,,,,,,,,,,,,,,,,,,,,,,,,,,,,,,,,,,,,,,,,,,,,,,,,,,,,,,,,,,,,,,,,,,,,,,,,,,,,,,,,,,,,,,,,,,,,,,,,,,,,,,,,,,,,,,,,,,,,,,,,,,,,,,,,,,,,,,,,,,,,,,,,,,,,,,,,,,,,,
7,,,,,,,,,,,,,,,,,,,,,,,,,,,,,,,,,,,,,,,,,,,,,,,,,,,,,,,,,,,,,,,,,,,,,,,,,,,,,,,,,,,,,,,,,,,,,,,,,,,,,,,,,,,,,,,,,,,,,,,,,,,,,,,,,,,,,,,,,,,,,,,,,,,,,,,,,,,,,,,,,,,,,,,,,,,,,,,,,,,,,,,,,,,,,,,,,,,,,,,,,,,,,,,,,,,,,,,,,,,,,,,,,,,,,,,,,,,,,,,,,,,,,,,,,,,,,,,,
,0,1,2,3,4,5,6,7,8,9,10,11,12,13,14,15,16,17,18,19,20,21,22,23,24,25,26,27,28,29,30,31,32,33,34,35,36,37,38,39,40,41,42,43,44,45,46,47,48,49,50,51,52,53,54,55,56,57,58,59,60,61,62,63,,,,,,,,,,,,,,,,,,,,,,,,,,,,,,,,,,,,,,,,,,,,,,,,,,,,,,,,,,,,,,,,,,,,,,,,,,,,,,,,,,,,,,,,,,,,,,,,,,,,,,,,,,,,,,,,,,,,,,,,,,,,,,,,,,,,,,,,,,,,,,,,,,,,,,,,,,,,,,,,,,,,,,,,,,,,,,,,,,,,,,,,,,,,,,,,
0,38,37,44,41,43,43,41,41,39,44,43,41,43,44,43,43,40,43,43,38,38,36,36,34,36,36,36,34,29,29,31,29,30,29,27,23,21,20,20,20,20,20,20,20,21,20,20,20,20,20,20,20,21,20,21,20,20,20,20,20,20,20,22,22,,,,,,,,,,,,,,,,,,,,,,,,,,,,,,,,,,,,,,,,,,,,,,,,,,,,,,,,,,,,,,,,,,,,,,,,,,,,,,,,,,,,,,,,,,,,,,,,,,,,,,,,,,,,,,,,,,,,,,,,,,,,,,,,,,,,,,,,,,,,,,,,,,,,,,,,,,,,,,,,,,,,,,,,,,,,,,,,,,,,,,,,,,,,,,,,
1,38,40,38,41,45,44,45,41,43,43,46,44,45,48,40,45,43,41,43,43,44,41,41,41,43,43,43,43,43,45,43,43,41,46,45,43,41,40,43,44,42,43,43,43,46,43,44,39,40,41,41,39,38,36,36,38,33,38,33,29,31,30,27,27,,,,,,,,,,,,,,,,,,,,,,,,,,,,,,,,,,,,,,,,,,,,,,,,,,,,,,,,,,,,,,,,,,,,,,,,,,,,,,,,,,,,,,,,,,,,,,,,,,,,,,,,,,,,,,,,,,,,,,,,,,,,,,,,,,,,,,,,,,,,,,,,,,,,,,,,,,,,,,,,,,,,,,,,,,,,,,,,,,,,,,,,,,,,,,,,
2,20,20,20,20,21,21,20,20,21,21,22,25,24,25,26,27,29,31,34,32,34,34,36,36,36,38,41,41,41,43,43,43,42,45,44,46,45,43,44,43,44,46,46,44,43,46,44,48,45,46,43,43,41,45,45,43,43,43,43,43,39,39,37,37,,,,,,,,,,,,,,,,,,,,,,,,,,,,,,,,,,,,,,,,,,,,,,,,,,,,,,,,,,,,,,,,,,,,,,,,,,,,,,,,,,,,,,,,,,,,,,,,,,,,,,,,,,,,,,,,,,,,,,,,,,,,,,,,,,,,,,,,,,,,,,,,,,,,,,,,,,,,,,,,,,,,,,,,,,,,,,,,,,,,,,,,,,,,,,,,
3,31,33,34,33,33,32,31,31,31,29,29,31,29,29,24,21,21,20,21,20,20,20,20,21,20,20,20,20,21,20,20,20,20,21,20,20,21,20,20,20,21,24,24,25,25,27,27,27,32,32,35,34,36,38,34,38,41,38,41,39,40,38,38,36,,,,,,,,,,,,,,,,,,,,,,,,,,,,,,,,,,,,,,,,,,,,,,,,,,,,,,,,,,,,,,,,,,,,,,,,,,,,,,,,,,,,,,,,,,,,,,,,,,,,,,,,,,,,,,,,,,,,,,,,,,,,,,,,,,,,,,,,,,,,,,,,,,,,,,,,,,,,,,,,,,,,,,,,,,,,,,,,,,,,,,,,,,,,,,,,
4,43,41,46,46,48,48,49,49,46,46,48,48,48,48,50,48,45,49,46,48,48,46,49,49,46,45,45,43,41,40,43,36,40,39,39,40,40,36,34,33,31,31,29,33,32,25,22,21,21,20,20,21,21,21,21,21,21,21,20,20,21,21,20,21,,,,,,,,,,,,,,,,,,,,,,,,,,,,,,,,,,,,,,,,,,,,,,,,,,,,,,,,,,,,,,,,,,,,,,,,,,,,,,,,,,,,,,,,,,,,,,,,,,,,,,,,,,,,,,,,,,,,,,,,,,,,,,,,,,,,,,,,,,,,,,,,,,,,,,,,,,,,,,,,,,,,,,,,,,,,,,,,,,,,,,,,,,,,,,,,
5,29,31,34,35,38,38,41,42,43,43,41,45,43,46,48,48,49,48,46,47,48,50,46,46,46,48,51,43,48,44,48,48,48,49,48,43,46,50,46,48,47,48,44,48,45,46,46,44,49,46,48,49,49,48,48,46,43,43,41,39,41,38,32,31,,,,,,,,,,,,,,,,,,,,,,,,,,,,,,,,,,,,,,,,,,,,,,,,,,,,,,,,,,,,,,,,,,,,,,,,,,,,,,,,,,,,,,,,,,,,,,,,,,,,,,,,,,,,,,,,,,,,,,,,,,,,,,,,,,,,,,,,,,,,,,,,,,,,,,,,,,,,,,,,,,,,,,,,,,,,,,,,,,,,,,,,,,,,,,,,
6,20,21,21,21,20,21,22,20,21,20,21,21,20,20,21,21,21,21,21,21,23,25,25,25,26,29,28,34,34,38,34,36,34,39,40,43,40,40,43,44,46,43,43,44,49,49,49,50,45,48,48,49,51,48,48,48,45,48,49,46,45,43,42,40,,,,,,,,,,,,,,,,,,,,,,,,,,,,,,,,,,,,,,,,,,,,,,,,,,,,,,,,,,,,,,,,,,,,,,,,,,,,,,,,,,,,,,,,,,,,,,,,,,,,,,,,,,,,,,,,,,,,,,,,,,,,,,,,,,,,,,,,,,,,,,,,,,,,,,,,,,,,,,,,,,,,,,,,,,,,,,,,,,,,,,,,,,,,,,,,
7,40,43,43,45,40,41,41,43,43,41,39,36,36,38,37,38,33,31,30,31,29,31,30,29,25,21,20,21,21,20,21,21,21,21,20,21,20,20,21,20,20,21,20,20,21,20,21,21,21,21,21,22,23,25,24,25,27,27,31,31,31,32,29,31,,,,,,,,,,,,,,,,,,,,,,,,,,,,,,,,,,,,,,,,,,,,,,,,,,,,,,,,,,,,,,,,,,,,,,,,,,,,,,,,,,,,,,,,,,,,,,,,,,,,,,,,,,,,,,,,,,,,,,,,,,,,,,,,,,,,,,,,,,,,,,,,,,,,,,,,,,,,,,,,,,,,,,,,,,,,,,,,,,,,,,,,,,,,,,,,
8,45,47,47,49,51,52,51,55,49,52,54,52,48,51,52,49,45,47,46,47,42,41,40,44,40,42,38,37,35,33,34,34,33,34,33,26,23,22,22,22,22,22,22,22,22,22,22,22,22,22,22,22,22,22,22,22,22,22,22,22,22,22,24,24,,,,,,,,,,,,,,,,,,,,,,,,,,,,,,,,,,,,,,,,,,,,,,,,,,,,,,,,,,,,,,,,,,,,,,,,,,,,,,,,,,,,,,,,,,,,,,,,,,,,,,,,,,,,,,,,,,,,,,,,,,,,,,,,,,,,,,,,,,,,,,,,,,,,,,,,,,,,,,,,,,,,,,,,,,,,,,,,,,,,,,,,,,,,,,,,
9,40,41,49,51,49,52,52,52,53,52,51,52,49,53,51,52,52,54,54,52,52,54,54,51,54,54,54,50,51,52,51,56,54,49,49,52,52,56,51,52,52,51,50,56,52,49,46,47,47,44,44,45,42,40,39,39,38,38,33,33,32,30,29,29,,,,,,,,,,,,,,,,,,,,,,,,,,,,,,,,,,,,,,,,,,,,,,,,,,,,,,,,,,,,,,,,,,,,,,,,,,,,,,,,,,,,,,,,,,,,,,,,,,,,,,,,,,,,,,,,,,,,,,,,,,,,,,,,,,,,,,,,,,,,,,,,,,,,,,,,,,,,,,,,,,,,,,,,,,,,,,,,,,,,,,,,,,,,,,,,
10,22,22,22,22,22,22,22,22,22,22,25,26,26,27,28,28,30,33,37,37,37,39,40,40,44,42,46,46,47,49,49,47,51,51,52,55,55,54,54,54,54,51,54,52,52,52,51,55,55,53,57,54,53,51,53,51,52,52,52,49,49,47,46,44,,,,,,,,,,,,,,,,,,,,,,,,,,,,,,,,,,,,,,,,,,,,,,,,,,,,,,,,,,,,,,,,,,,,,,,,,,,,,,,,,,,,,,,,,,,,,,,,,,,,,,,,,,,,,,,,,,,,,,,,,,,,,,,,,,,,,,,,,,,,,,,,,,,,,,,,,,,,,,,,,,,,,,,,,,,,,,,,,,,,,,,,,,,,,,,,
11,39,39,37,37,42,42,35,35,35,33,35,33,35,33,27,22,22,22,22,22,22,22,22,22,22,22,22,22,22,22,22,22,22,22,22,22,22,22,22,22,22,25,27,29,28,30,31,33,38,39,39,41,42,40,40,44,44,44,49,49,44,44,41,41,,,,,,,,,,,,,,,,,,,,,,,,,,,,,,,,,,,,,,,,,,,,,,,,,,,,,,,,,,,,,,,,,,,,,,,,,,,,,,,,,,,,,,,,,,,,,,,,,,,,,,,,,,,,,,,,,,,,,,,,,,,,,,,,,,,,,,,,,,,,,,,,,,,,,,,,,,,,,,,,,,,,,,,,,,,,,,,,,,,,,,,,,,,,,,,,
12,44,52,51,56,55,54,54,59,57,51,55,56,54,54,56,56,54,57,54,54,52,54,52,54,57,55,51,49,51,51,51,47,44,42,48,44,44,43,40,37,35,37,35,35,33,28,23,22,22,22,22,22,22,22,22,22,22,22,22,22,22,22,22,22,,,,,,,,,,,,,,,,,,,,,,,,,,,,,,,,,,,,,,,,,,,,,,,,,,,,,,,,,,,,,,,,,,,,,,,,,,,,,,,,,,,,,,,,,,,,,,,,,,,,,,,,,,,,,,,,,,,,,,,,,,,,,,,,,,,,,,,,,,,,,,,,,,,,,,,,,,,,,,,,,,,,,,,,,,,,,,,,,,,,,,,,,,,,,,,,
13,33,38,37,39,42,44,44,44,44,49,47,46,49,47,50,51,54,52,51,52,51,52,51,52,49,52,55,51,51,54,51,51,53,52,53,49,49,50,51,54,52,53,51,52,54,52,51,52,51,54,49,51,55,51,52,52,49,48,49,45,44,42,36,36,,,,,,,,,,,,,,,,,,,,,,,,,,,,,,,,,,,,,,,,,,,,,,,,,,,,,,,,,,,,,,,,,,,,,,,,,,,,,,,,,,,,,,,,,,,,,,,,,,,,,,,,,,,,,,,,,,,,,,,,,,,,,,,,,,,,,,,,,,,,,,,,,,,,,,,,,,,,,,,,,,,,,,,,,,,,,,,,,,,,,,,,,,,,,,,,
14,22,22,22,22,22,22,22,22,22,22,22,22,22,22,22,22,22,22,22,22,25,26,27,26,28,29,30,35,37,37,37,37,40,37,42,42,48,46,47,44,44,47,44,52,47,55,52,49,52,52,54,54,53,49,49,49,49,49,49,49,46,42,46,42,,,,,,,,,,,,,,,,,,,,,,,,,,,,,,,,,,,,,,,,,,,,,,,,,,,,,,,,,,,,,,,,,,,,,,,,,,,,,,,,,,,,,,,,,,,,,,,,,,,,,,,,,,,,,,,,,,,,,,,,,,,,,,,,,,,,,,,,,,,,,,,,,,,,,,,,,,,,,,,,,,,,,,,,,,,,,,,,,,,,,,,,,,,,,,,,
15,44,45,44,46,47,45,47,46,49,46,40,42,39,42,40,41,38,33,35,35,33,35,33,33,28,22,22,22,22,22,22,22,22,22,22,22,22,22,22,22,22,22,22,22,22,22,22,22,22,22,22,24,27,28,27,28,28,30,34,37,35,35,35,33,,,,,,,,,,,,,,,,,,,,,,,,,,,,,,,,,,,,,,,,,,,,,,,,,,,,,,,,,,,,,,,,,,,,,,,,,,,,,,,,,,,,,,,,,,,,,,,,,,,,,,,,,,,,,,,,,,,,,,,,,,,,,,,,,,,,,,,,,,,,,,,,,,,,,,,,,,,,,,,,,,,,,,,,,,,,,,,,,,,,,,,,,,,,,,,,
16,45,44,44,47,49,52,49,50,50,52,52,51,53,53,50,49,46,47,44,47,43,43,39,38,38,38,39,36,32,33,32,34,32,33,31,26,24,22,22,23,23,22,23,23,22,22,23,23,23,23,23,23,23,23,22,23,22,23,23,22,22,23,24,25,,,,,,,,,,,,,,,,,,,,,,,,,,,,,,,,,,,,,,,,,,,,,,,,,,,,,,,,,,,,,,,,,,,,,,,,,,,,,,,,,,,,,,,,,,,,,,,,,,,,,,,,,,,,,,,,,,,,,,,,,,,,,,,,,,,,,,,,,,,,,,,,,,,,,,,,,,,,,,,,,,,,,,,,,,,,,,,,,,,,,,,,,,,,,,,,
17,40,44,46,52,48,52,53,53,52,56,52,53,56,52,57,53,52,53,56,54,57,56,53,52,53,55,57,55,56,53,57,58,53,53,53,54,55,53,52,51,53,56,55,53,53,52,52,47,50,47,52,46,44,44,40,42,39,43,38,36,33,34,29,31,,,,,,,,,,,,,,,,,,,,,,,,,,,,,,,,,,,,,,,,,,,,,,,,,,,,,,,,,,,,,,,,,,,,,,,,,,,,,,,,,,,,,,,,,,,,,,,,,,,,,,,,,,,,,,,,,,,,,,,,,,,,,,,,,,,,,,,,,,,,,,,,,,,,,,,,,,,,,,,,,,,,,,,,,,,,,,,,,,,,,,,,,,,,,,,,
18,22,23,23,22,22,22,23,23,23,23,26,27,27,29,30,30,30,36,38,39,41,41,41,44,43,46,46,49,52,53,50,50,50,50,52,52,52,50,52,52,55,55,53,52,52,53,57,50,52,55,53,56,57,53,55,53,55,50,50,49,47,44,49,41,,,,,,,,,,,,,,,,,,,,,,,,,,,,,,,,,,,,,,,,,,,,,,,,,,,,,,,,,,,,,,,,,,,,,,,,,,,,,,,,,,,,,,,,,,,,,,,,,,,,,,,,,,,,,,,,,,,,,,,,,,,,,,,,,,,,,,,,,,,,,,,,,,,,,,,,,,,,,,,,,,,,,,,,,,,,,,,,,,,,,,,,,,,,,,,,
19,41,41,41,47,41,44,39,38,36,39,38,34,37,36,27,23,23,23,23,23,23,23,22,23,23,22,22,23,23,23,23,22,22,23,23,23,23,23,23,23,24,26,29,30,31,30,33,34,38,41,43,41,44,47,44,47,53,50,52,50,50,49,44,46,,,,,,,,,,,,,,,,,,,,,,,,,,,,,,,,,,,,,,,,,,,,,,,,,,,,,,,,,,,,,,,,,,,,,,,,,,,,,,,,,,,,,,,,,,,,,,,,,,,,,,,,,,,,,,,,,,,,,,,,,,,,,,,,,,,,,,,,,,,,,,,,,,,,,,,,,,,,,,,,,,,,,,,,,,,,,,,,,,,,,,,,,,,,,,,,
20,41,44,47,44,47,49,50,53,50,52,53,53,52,52,50,53,53,50,52,50,50,50,52,53,50,46,46,47,47,46,43,44,40,39,41,39,39,36,33,34,32,33,36,33,33,26,23,22,23,22,23,22,23,23,23,23,23,23,23,22,23,23,23,23,,,,,,,,,,,,,,,,,,,,,,,,,,,,,,,,,,,,,,,,,,,,,,,,,,,,,,,,,,,,,,,,,,,,,,,,,,,,,,,,,,,,,,,,,,,,,,,,,,,,,,,,,,,,,,,,,,,,,,,,,,,,,,,,,,,,,,,,,,,,,,,,,,,,,,,,,,,,,,,,,,,,,,,,,,,,,,,,,,,,,,,,,,,,,,,,
21,33,36,36,41,41,44,46,49,46,46,47,47,49,50,52,57,48,52,55,53,52,53,50,52,52,52,52,52,52,53,52,56,52,53,52,53,52,53,52,51,53,52,49,50,52,50,50,50,52,50,50,52,52,49,52,53,50,46,42,44,47,42,37,34,,,,,,,,,,,,,,,,,,,,,,,,,,,,,,,,,,,,,,,,,,,,,,,,,,,,,,,,,,,,,,,,,,,,,,,,,,,,,,,,,,,,,,,,,,,,,,,,,,,,,,,,,,,,,,,,,,,,,,,,,,,,,,,,,,,,,,,,,,,,,,,,,,,,,,,,,,,,,,,,,,,,,,,,,,,,,,,,,,,,,,,,,,,,,,,,
22,22,23,23,23,23,22,23,22,23,23,23,23,23,23,23,23,23,23,22,23,24,26,27,29,29,31,31,34,36,39,37,40,38,41,44,45,46,47,46,47,47,49,49,50,52,50,55,52,56,55,55,55,52,50,50,57,53,50,50,52,47,46,41,42,,,,,,,,,,,,,,,,,,,,,,,,,,,,,,,,,,,,,,,,,,,,,,,,,,,,,,,,,,,,,,,,,,,,,,,,,,,,,,,,,,,,,,,,,,,,,,,,,,,,,,,,,,,,,,,,,,,,,,,,,,,,,,,,,,,,,,,,,,,,,,,,,,,,,,,,,,,,,,,,,,,,,,,,,,,,,,,,,,,,,,,,,,,,,,,,
23,41,45,46,44,46,49,46,44,44,42,40,39,38,39,41,39,34,34,32,32,33,32,33,31,27,23,23,22,23,23,23,22,23,23,23,22,23,22,23,23,22,22,23,22,23,22,22,23,23,23,23,25,25,26,27,27,29,29,30,34,34,33,32,31,,,,,,,,,,,,,,,,,,,,,,,,,,,,,,,,,,,,,,,,,,,,,,,,,,,,,,,,,,,,,,,,,,,,,,,,,,,,,,,,,,,,,,,,,,,,,,,,,,,,,,,,,,,,,,,,,,,,,,,,,,,,,,,,,,,,,,,,,,,,,,,,,,,,,,,,,,,,,,,,,,,,,,,,,,,,,,,,,,,,,,,,,,,,,,,,
24,47,47,51,49,50,50,53,53,50,52,53,52,52,53,52,52,47,49,49,47,48,43,44,45,42,47,44,38,37,35,35,40,37,35,35,28,26,23,24,24,24,25,24,24,24,24,25,25,24,24,24,23,24,25,23,24,24,24,24,24,24,24,26,26,,,,,,,,,,,,,,,,,,,,,,,,,,,,,,,,,,,,,,,,,,,,,,,,,,,,,,,,,,,,,,,,,,,,,,,,,,,,,,,,,,,,,,,,,,,,,,,,,,,,,,,,,,,,,,,,,,,,,,,,,,,,,,,,,,,,,,,,,,,,,,,,,,,,,,,,,,,,,,,,,,,,,,,,,,,,,,,,,,,,,,,,,,,,,,,,
25,39,44,42,48,47,49,53,51,48,50,52,51,52,50,53,55,52,50,52,50,52,52,52,52,50,50,53,52,49,50,50,53,50,52,53,52,53,50,52,50,52,50,53,56,52,45,50,47,46,45,45,42,41,39,39,40,39,37,35,35,32,32,31,32,,,,,,,,,,,,,,,,,,,,,,,,,,,,,,,,,,,,,,,,,,,,,,,,,,,,,,,,,,,,,,,,,,,,,,,,,,,,,,,,,,,,,,,,,,,,,,,,,,,,,,,,,,,,,,,,,,,,,,,,,,,,,,,,,,,,,,,,,,,,,,,,,,,,,,,,,,,,,,,,,,,,,,,,,,,,,,,,,,,,,,,,,,,,,,,,
26,23,24,24,24,24,24,24,24,24,24,26,26,28,28,32,29,33,37,38,39,38,39,39,44,44,46,45,49,49,47,47,47,50,50,53,50,58,53,56,53,53,53,53,51,50,53,50,52,52,53,52,55,52,56,55,52,47,52,51,48,47,47,46,44,,,,,,,,,,,,,,,,,,,,,,,,,,,,,,,,,,,,,,,,,,,,,,,,,,,,,,,,,,,,,,,,,,,,,,,,,,,,,,,,,,,,,,,,,,,,,,,,,,,,,,,,,,,,,,,,,,,,,,,,,,,,,,,,,,,,,,,,,,,,,,,,,,,,,,,,,,,,,,,,,,,,,,,,,,,,,,,,,,,,,,,,,,,,,,,,
27,35,37,37,37,37,38,35,37,34,37,35,35,35,31,28,24,24,24,24,24,23,24,24,24,24,24,23,24,24,24,24,23,24,24,24,24,24,24,24,24,24,26,28,28,28,28,31,32,35,37,40,38,39,40,43,42,42,44,43,47,47,42,40,40,,,,,,,,,,,,,,,,,,,,,,,,,,,,,,,,,,,,,,,,,,,,,,,,,,,,,,,,,,,,,,,,,,,,,,,,,,,,,,,,,,,,,,,,,,,,,,,,,,,,,,,,,,,,,,,,,,,,,,,,,,,,,,,,,,,,,,,,,,,,,,,,,,,,,,,,,,,,,,,,,,,,,,,,,,,,,,,,,,,,,,,,,,,,,,,,
28,42,47,46,49,50,48,48,50,50,49,49,50,53,49,52,55,50,55,53,52,49,53,50,50,50,47,47,44,47,47,44,44,40,39,40,42,39,37,35,37,34,34,33,35,31,28,26,23,24,24,24,24,24,24,24,24,24,24,24,24,24,24,23,24,,,,,,,,,,,,,,,,,,,,,,,,,,,,,,,,,,,,,,,,,,,,,,,,,,,,,,,,,,,,,,,,,,,,,,,,,,,,,,,,,,,,,,,,,,,,,,,,,,,,,,,,,,,,,,,,,,,,,,,,,,,,,,,,,,,,,,,,,,,,,,,,,,,,,,,,,,,,,,,,,,,,,,,,,,,,,,,,,,,,,,,,,,,,,,,,
29,33,35,37,40,40,44,44,47,47,47,45,49,47,52,50,52,50,53,52,54,52,52,50,53,53,50,52,53,55,52,51,53,50,52,52,55,55,52,51,53,56,52,50,55,53,52,53,52,55,52,50,49,50,49,52,53,47,45,44,42,44,40,39,35,,,,,,,,,,,,,,,,,,,,,,,,,,,,,,,,,,,,,,,,,,,,,,,,,,,,,,,,,,,,,,,,,,,,,,,,,,,,,,,,,,,,,,,,,,,,,,,,,,,,,,,,,,,,,,,,,,,,,,,,,,,,,,,,,,,,,,,,,,,,,,,,,,,,,,,,,,,,,,,,,,,,,,,,,,,,,,,,,,,,,,,,,,,,,,,,
30,24,23,24,24,24,23,24,24,24,24,24,24,24,24,24,24,24,24,24,24,26,26,28,28,28,30,31,35,39,37,37,37,40,40,40,44,45,49,47,45,46,47,50,47,52,52,53,50,53,52,55,50,52,51,53,52,52,49,50,49,49,49,45,44,,,,,,,,,,,,,,,,,,,,,,,,,,,,,,,,,,,,,,,,,,,,,,,,,,,,,,,,,,,,,,,,,,,,,,,,,,,,,,,,,,,,,,,,,,,,,,,,,,,,,,,,,,,,,,,,,,,,,,,,,,,,,,,,,,,,,,,,,,,,,,,,,,,,,,,,,,,,,,,,,,,,,,,,,,,,,,,,,,,,,,,,,,,,,,,,
31,42,45,45,49,45,44,48,45,43,45,41,41,39,41,39,38,37,33,32,33,33,34,33,33,28,24,24,24,24,24,24,24,24,24,24,24,24,24,24,24,24,24,24,23,24,23,24,25,24,24,24,25,26,27,28,28,28,30,32,33,37,35,35,35,,,,,,,,,,,,,,,,,,,,,,,,,,,,,,,,,,,,,,,,,,,,,,,,,,,,,,,,,,,,,,,,,,,,,,,,,,,,,,,,,,,,,,,,,,,,,,,,,,,,,,,,,,,,,,,,,,,,,,,,,,,,,,,,,,,,,,,,,,,,,,,,,,,,,,,,,,,,,,,,,,,,,,,,,,,,,,,,,,,,,,,,,,,,,,,,
32,49,47,49,51,52,51,52,56,54,54,57,54,54,54,52,47,47,46,51,49,51,43,47,47,45,43,42,40,38,36,37,40,39,40,36,29,27,25,25,25,25,25,25,25,25,25,25,25,25,25,25,25,25,25,25,25,25,25,25,25,25,25,27,27,,,,,,,,,,,,,,,,,,,,,,,,,,,,,,,,,,,,,,,,,,,,,,,,,,,,,,,,,,,,,,,,,,,,,,,,,,,,,,,,,,,,,,,,,,,,,,,,,,,,,,,,,,,,,,,,,,,,,,,,,,,,,,,,,,,,,,,,,,,,,,,,,,,,,,,,,,,,,,,,,,,,,,,,,,,,,,,,,,,,,,,,,,,,,,,,
33,41,40,49,49,51,52,54,52,53,52,54,53,54,55,55,54,52,54,50,54,57,54,49,54,54,56,54,54,54,54,52,52,52,52,52,52,52,52,52,56,54,54,52,54,54,54,49,49,48,50,49,47,44,43,45,42,41,41,38,38,33,35,33,31,,,,,,,,,,,,,,,,,,,,,,,,,,,,,,,,,,,,,,,,,,,,,,,,,,,,,,,,,,,,,,,,,,,,,,,,,,,,,,,,,,,,,,,,,,,,,,,,,,,,,,,,,,,,,,,,,,,,,,,,,,,,,,,,,,,,,,,,,,,,,,,,,,,,,,,,,,,,,,,,,,,,,,,,,,,,,,,,,,,,,,,,,,,,,,,,
34,25,25,25,25,25,25,25,25,25,25,28,30,30,32,33,33,34,38,43,42,40,39,43,45,45,47,47,49,50,50,49,48,52,52,52,55,54,56,56,53,56,56,59,57,56,57,57,56,54,54,55,52,52,52,54,52,55,54,50,52,49,47,45,47,,,,,,,,,,,,,,,,,,,,,,,,,,,,,,,,,,,,,,,,,,,,,,,,,,,,,,,,,,,,,,,,,,,,,,,,,,,,,,,,,,,,,,,,,,,,,,,,,,,,,,,,,,,,,,,,,,,,,,,,,,,,,,,,,,,,,,,,,,,,,,,,,,,,,,,,,,,,,,,,,,,,,,,,,,,,,,,,,,,,,,,,,,,,,,,,
35,40,38,40,40,43,42,38,38,34,35,35,35,36,34,29,26,25,25,25,25,25,25,25,25,25,25,23,26,25,25,25,25,25,25,25,25,25,25,25,25,25,27,29,29,29,33,32,33,36,38,38,42,43,44,45,43,45,47,47,50,45,45,43,42,,,,,,,,,,,,,,,,,,,,,,,,,,,,,,,,,,,,,,,,,,,,,,,,,,,,,,,,,,,,,,,,,,,,,,,,,,,,,,,,,,,,,,,,,,,,,,,,,,,,,,,,,,,,,,,,,,,,,,,,,,,,,,,,,,,,,,,,,,,,,,,,,,,,,,,,,,,,,,,,,,,,,,,,,,,,,,,,,,,,,,,,,,,,,,,,
36,47,49,50,49,52,55,52,54,52,50,51,54,51,52,56,56,52,56,54,55,56,54,56,51,54,50,49,45,52,47,47,45,43,40,43,43,43,40,38,36,36,37,38,35,34,29,25,25,25,25,25,25,25,26,25,25,25,25,25,25,25,25,25,25,,,,,,,,,,,,,,,,,,,,,,,,,,,,,,,,,,,,,,,,,,,,,,,,,,,,,,,,,,,,,,,,,,,,,,,,,,,,,,,,,,,,,,,,,,,,,,,,,,,,,,,,,,,,,,,,,,,,,,,,,,,,,,,,,,,,,,,,,,,,,,,,,,,,,,,,,,,,,,,,,,,,,,,,,,,,,,,,,,,,,,,,,,,,,,,,
37,36,40,38,42,45,47,49,49,47,49,50,50,50,54,59,52,55,54,58,54,56,52,56,54,55,56,57,56,54,55,55,54,54,52,54,53,54,56,56,56,54,54,54,56,54,57,52,55,56,54,54,54,56,51,57,52,51,47,50,47,47,42,38,36,,,,,,,,,,,,,,,,,,,,,,,,,,,,,,,,,,,,,,,,,,,,,,,,,,,,,,,,,,,,,,,,,,,,,,,,,,,,,,,,,,,,,,,,,,,,,,,,,,,,,,,,,,,,,,,,,,,,,,,,,,,,,,,,,,,,,,,,,,,,,,,,,,,,,,,,,,,,,,,,,,,,,,,,,,,,,,,,,,,,,,,,,,,,,,,,
38,25,25,25,25,25,25,25,25,25,25,25,25,25,25,25,25,25,25,25,25,27,27,29,30,29,31,32,36,38,38,38,39,42,42,43,47,49,47,47,50,49,49,47,50,55,54,56,59,56,52,55,56,54,56,54,51,52,54,50,49,50,48,45,43,,,,,,,,,,,,,,,,,,,,,,,,,,,,,,,,,,,,,,,,,,,,,,,,,,,,,,,,,,,,,,,,,,,,,,,,,,,,,,,,,,,,,,,,,,,,,,,,,,,,,,,,,,,,,,,,,,,,,,,,,,,,,,,,,,,,,,,,,,,,,,,,,,,,,,,,,,,,,,,,,,,,,,,,,,,,,,,,,,,,,,,,,,,,,,,,
39,44,46,49,49,45,47,45,49,48,45,43,45,42,45,41,45,38,38,36,34,36,36,36,35,31,25,25,25,25,25,25,25,25,25,25,25,25,25,25,25,25,25,25,25,25,25,25,25,25,25,25,27,27,29,29,31,32,32,34,38,40,38,36,36,,,,,,,,,,,,,,,,,,,,,,,,,,,,,,,,,,,,,,,,,,,,,,,,,,,,,,,,,,,,,,,,,,,,,,,,,,,,,,,,,,,,,,,,,,,,,,,,,,,,,,,,,,,,,,,,,,,,,,,,,,,,,,,,,,,,,,,,,,,,,,,,,,,,,,,,,,,,,,,,,,,,,,,,,,,,,,,,,,,,,,,,,,,,,,,,
40,46,50,49,47,51,54,49,52,49,54,51,53,50,49,47,50,49,49,49,50,44,46,42,42,41,45,40,39,35,37,37,37,37,35,35,28,26,24,24,24,24,24,24,25,25,25,25,26,25,24,25,24,25,26,24,24,25,25,25,24,25,24,26,28,,,,,,,,,,,,,,,,,,,,,,,,,,,,,,,,,,,,,,,,,,,,,,,,,,,,,,,,,,,,,,,,,,,,,,,,,,,,,,,,,,,,,,,,,,,,,,,,,,,,,,,,,,,,,,,,,,,,,,,,,,,,,,,,,,,,,,,,,,,,,,,,,,,,,,,,,,,,,,,,,,,,,,,,,,,,,,,,,,,,,,,,,,,,,,,,
41,39,41,45,47,49,50,51,52,52,55,52,54,53,52,58,52,55,51,54,49,52,53,54,52,49,54,49,51,54,54,52,52,54,49,52,49,52,51,55,50,52,52,55,54,52,52,49,45,47,46,46,42,41,41,42,41,42,39,35,35,35,32,32,30,,,,,,,,,,,,,,,,,,,,,,,,,,,,,,,,,,,,,,,,,,,,,,,,,,,,,,,,,,,,,,,,,,,,,,,,,,,,,,,,,,,,,,,,,,,,,,,,,,,,,,,,,,,,,,,,,,,,,,,,,,,,,,,,,,,,,,,,,,,,,,,,,,,,,,,,,,,,,,,,,,,,,,,,,,,,,,,,,,,,,,,,,,,,,,,,
42,24,24,25,24,26,24,24,25,25,25,28,30,28,31,30,33,35,37,39,41,42,39,42,44,44,49,45,47,49,53,49,49,49,52,53,54,55,55,52,55,52,57,52,53,51,54,54,53,52,55,54,54,52,54,51,55,49,51,54,49,47,49,46,48,,,,,,,,,,,,,,,,,,,,,,,,,,,,,,,,,,,,,,,,,,,,,,,,,,,,,,,,,,,,,,,,,,,,,,,,,,,,,,,,,,,,,,,,,,,,,,,,,,,,,,,,,,,,,,,,,,,,,,,,,,,,,,,,,,,,,,,,,,,,,,,,,,,,,,,,,,,,,,,,,,,,,,,,,,,,,,,,,,,,,,,,,,,,,,,,
43,37,39,41,42,39,41,39,37,34,35,37,35,37,33,28,26,24,24,24,24,24,24,24,24,24,24,24,24,25,24,24,24,24,25,25,25,25,25,24,24,25,26,28,28,30,31,32,32,38,37,39,40,41,42,44,44,44,46,47,45,46,44,44,41,,,,,,,,,,,,,,,,,,,,,,,,,,,,,,,,,,,,,,,,,,,,,,,,,,,,,,,,,,,,,,,,,,,,,,,,,,,,,,,,,,,,,,,,,,,,,,,,,,,,,,,,,,,,,,,,,,,,,,,,,,,,,,,,,,,,,,,,,,,,,,,,,,,,,,,,,,,,,,,,,,,,,,,,,,,,,,,,,,,,,,,,,,,,,,,,
44,41,45,47,49,49,47,49,52,52,53,52,52,52,51,57,59,54,50,51,52,55,52,53,51,49,49,47,46,46,49,44,43,42,40,40,40,31,39,35,35,33,37,32,35,32,28,24,24,25,24,24,24,24,25,26,24,24,24,24,24,24,24,24,24,,,,,,,,,,,,,,,,,,,,,,,,,,,,,,,,,,,,,,,,,,,,,,,,,,,,,,,,,,,,,,,,,,,,,,,,,,,,,,,,,,,,,,,,,,,,,,,,,,,,,,,,,,,,,,,,,,,,,,,,,,,,,,,,,,,,,,,,,,,,,,,,,,,,,,,,,,,,,,,,,,,,,,,,,,,,,,,,,,,,,,,,,,,,,,,,
45,35,36,39,39,44,44,49,47,47,47,49,47,49,52,54,52,52,53,54,54,54,49,52,54,54,49,54,55,52,52,50,52,54,52,52,54,52,52,51,54,51,49,52,51,54,52,50,52,52,54,54,54,52,52,52,50,49,46,44,43,44,42,37,35,,,,,,,,,,,,,,,,,,,,,,,,,,,,,,,,,,,,,,,,,,,,,,,,,,,,,,,,,,,,,,,,,,,,,,,,,,,,,,,,,,,,,,,,,,,,,,,,,,,,,,,,,,,,,,,,,,,,,,,,,,,,,,,,,,,,,,,,,,,,,,,,,,,,,,,,,,,,,,,,,,,,,,,,,,,,,,,,,,,,,,,,,,,,,,,,
46,25,25,25,24,24,24,26,24,25,24,26,25,24,25,26,24,25,24,24,26,28,28,30,31,30,30,35,37,37,40,43,40,41,42,44,49,49,49,54,52,51,50,49,51,57,52,55,55,55,57,54,57,54,54,52,52,57,57,53,50,49,46,45,44,,,,,,,,,,,,,,,,,,,,,,,,,,,,,,,,,,,,,,,,,,,,,,,,,,,,,,,,,,,,,,,,,,,,,,,,,,,,,,,,,,,,,,,,,,,,,,,,,,,,,,,,,,,,,,,,,,,,,,,,,,,,,,,,,,,,,,,,,,,,,,,,,,,,,,,,,,,,,,,,,,,,,,,,,,,,,,,,,,,,,,,,,,,,,,,,
47,47,50,50,52,49,49,46,49,47,44,47,44,44,42,44,44,39,38,37,35,37,35,35,36,30,26,24,24,25,25,25,24,24,24,25,25,26,24,25,24,24,24,24,24,24,24,25,26,24,25,24,28,30,31,31,32,32,32,37,39,37,39,37,36,,,,,,,,,,,,,,,,,,,,,,,,,,,,,,,,,,,,,,,,,,,,,,,,,,,,,,,,,,,,,,,,,,,,,,,,,,,,,,,,,,,,,,,,,,,,,,,,,,,,,,,,,,,,,,,,,,,,,,,,,,,,,,,,,,,,,,,,,,,,,,,,,,,,,,,,,,,,,,,,,,,,,,,,,,,,,,,,,,,,,,,,,,,,,,,,
48,48,53,50,51,53,51,54,50,54,54,57,51,57,51,51,51,48,50,51,49,51,46,43,46,45,43,44,41,39,38,40,36,38,39,39,29,25,23,24,24,24,25,24,24,25,24,24,25,24,24,24,24,25,25,24,24,24,24,24,24,24,25,25,26,,,,,,,,,,,,,,,,,,,,,,,,,,,,,,,,,,,,,,,,,,,,,,,,,,,,,,,,,,,,,,,,,,,,,,,,,,,,,,,,,,,,,,,,,,,,,,,,,,,,,,,,,,,,,,,,,,,,,,,,,,,,,,,,,,,,,,,,,,,,,,,,,,,,,,,,,,,,,,,,,,,,,,,,,,,,,,,,,,,,,,,,,,,,,,,,
49,43,45,48,48,50,50,51,54,56,57,51,53,53,51,53,50,53,50,56,56,54,51,51,53,53,56,56,53,54,54,59,56,54,56,54,53,57,54,53,51,53,53,53,54,53,52,51,47,49,50,50,44,43,46,39,43,42,43,38,35,32,33,34,33,,,,,,,,,,,,,,,,,,,,,,,,,,,,,,,,,,,,,,,,,,,,,,,,,,,,,,,,,,,,,,,,,,,,,,,,,,,,,,,,,,,,,,,,,,,,,,,,,,,,,,,,,,,,,,,,,,,,,,,,,,,,,,,,,,,,,,,,,,,,,,,,,,,,,,,,,,,,,,,,,,,,,,,,,,,,,,,,,,,,,,,,,,,,,,,,
50,23,24,24,24,24,24,24,25,24,24,27,28,27,30,29,31,33,35,38,38,41,40,41,43,43,45,46,47,48,48,48,50,50,50,51,55,53,54,50,55,56,54,54,51,54,53,56,53,51,54,53,54,54,51,51,53,53,48,51,50,48,47,46,41,,,,,,,,,,,,,,,,,,,,,,,,,,,,,,,,,,,,,,,,,,,,,,,,,,,,,,,,,,,,,,,,,,,,,,,,,,,,,,,,,,,,,,,,,,,,,,,,,,,,,,,,,,,,,,,,,,,,,,,,,,,,,,,,,,,,,,,,,,,,,,,,,,,,,,,,,,,,,,,,,,,,,,,,,,,,,,,,,,,,,,,,,,,,,,,,
51,41,38,41,43,41,43,36,33,35,34,35,36,36,33,29,24,24,24,25,24,24,24,24,24,24,24,24,24,24,24,24,24,24,25,24,24,24,24,24,25,25,27,29,29,29,29,32,35,36,38,39,41,40,39,43,45,48,46,45,47,45,46,43,43,,,,,,,,,,,,,,,,,,,,,,,,,,,,,,,,,,,,,,,,,,,,,,,,,,,,,,,,,,,,,,,,,,,,,,,,,,,,,,,,,,,,,,,,,,,,,,,,,,,,,,,,,,,,,,,,,,,,,,,,,,,,,,,,,,,,,,,,,,,,,,,,,,,,,,,,,,,,,,,,,,,,,,,,,,,,,,,,,,,,,,,,,,,,,,,,
52,43,44,51,46,48,49,51,51,49,53,51,35,50,51,48,50,56,54,50,50,51,53,51,53,48,50,48,44,47,48,45,43,40,38,40,38,43,36,34,33,33,34,32,35,31,29,25,24,25,24,25,24,24,25,25,25,24,24,24,24,24,24,24,24,,,,,,,,,,,,,,,,,,,,,,,,,,,,,,,,,,,,,,,,,,,,,,,,,,,,,,,,,,,,,,,,,,,,,,,,,,,,,,,,,,,,,,,,,,,,,,,,,,,,,,,,,,,,,,,,,,,,,,,,,,,,,,,,,,,,,,,,,,,,,,,,,,,,,,,,,,,,,,,,,,,,,,,,,,,,,,,,,,,,,,,,,,,,,,,,
53,36,38,43,43,48,48,48,50,48,50,47,51,54,50,54,54,53,50,56,53,53,53,56,53,51,52,56,51,53,55,53,53,56,53,51,54,54,50,53,54,53,56,54,54,54,54,53,51,54,54,53,53,53,51,53,54,52,48,50,48,45,43,42,38,,,,,,,,,,,,,,,,,,,,,,,,,,,,,,,,,,,,,,,,,,,,,,,,,,,,,,,,,,,,,,,,,,,,,,,,,,,,,,,,,,,,,,,,,,,,,,,,,,,,,,,,,,,,,,,,,,,,,,,,,,,,,,,,,,,,,,,,,,,,,,,,,,,,,,,,,,,,,,,,,,,,,,,,,,,,,,,,,,,,,,,,,,,,,,,,
54,24,24,25,24,24,24,25,23,24,24,25,24,24,25,25,25,24,24,24,24,27,28,29,29,31,29,33,36,36,43,40,43,39,45,48,43,45,46,46,48,47,49,46,50,48,51,53,53,53,53,51,53,51,48,48,48,51,46,50,48,50,45,45,41,,,,,,,,,,,,,,,,,,,,,,,,,,,,,,,,,,,,,,,,,,,,,,,,,,,,,,,,,,,,,,,,,,,,,,,,,,,,,,,,,,,,,,,,,,,,,,,,,,,,,,,,,,,,,,,,,,,,,,,,,,,,,,,,,,,,,,,,,,,,,,,,,,,,,,,,,,,,,,,,,,,,,,,,,,,,,,,,,,,,,,,,,,,,,,,,
55,47,53,47,50,50,48,48,46,47,46,46,42,43,45,44,45,42,39,36,38,34,36,36,36,31,25,25,24,25,24,24,24,24,24,24,24,24,25,25,24,24,25,24,24,24,24,24,25,24,25,25,27,27,29,30,29,31,34,40,40,38,38,36,41,,,,,,,,,,,,,,,,,,,,,,,,,,,,,,,,,,,,,,,,,,,,,,,,,,,,,,,,,,,,,,,,,,,,,,,,,,,,,,,,,,,,,,,,,,,,,,,,,,,,,,,,,,,,,,,,,,,,,,,,,,,,,,,,,,,,,,,,,,,,,,,,,,,,,,,,,,,,,,,,,,,,,,,,,,,,,,,,,,,,,,,,,,,,,,,,
56,40,45,45,45,49,49,50,49,50,48,53,52,49,50,49,47,47,47,44,45,43,38,40,39,40,40,39,35,33,35,35,35,33,33,33,27,25,24,24,24,24,24,24,24,24,24,24,25,24,24,24,24,24,24,24,24,24,24,24,24,24,24,24,26,,,,,,,,,,,,,,,,,,,,,,,,,,,,,,,,,,,,,,,,,,,,,,,,,,,,,,,,,,,,,,,,,,,,,,,,,,,,,,,,,,,,,,,,,,,,,,,,,,,,,,,,,,,,,,,,,,,,,,,,,,,,,,,,,,,,,,,,,,,,,,,,,,,,,,,,,,,,,,,,,,,,,,,,,,,,,,,,,,,,,,,,,,,,,,,,
57,42,43,43,50,49,50,53,50,50,53,55,53,53,52,52,52,52,53,50,52,52,50,52,52,51,55,53,52,50,52,53,52,52,50,52,52,50,52,52,53,52,53,50,53,50,53,47,50,47,53,48,47,42,44,40,40,42,40,36,35,33,33,31,31,,,,,,,,,,,,,,,,,,,,,,,,,,,,,,,,,,,,,,,,,,,,,,,,,,,,,,,,,,,,,,,,,,,,,,,,,,,,,,,,,,,,,,,,,,,,,,,,,,,,,,,,,,,,,,,,,,,,,,,,,,,,,,,,,,,,,,,,,,,,,,,,,,,,,,,,,,,,,,,,,,,,,,,,,,,,,,,,,,,,,,,,,,,,,,,,
58,24,24,24,24,24,24,24,24,24,25,26,28,28,29,29,30,31,34,38,36,40,38,38,41,40,42,44,47,47,45,47,44,47,48,50,48,53,51,51,50,48,50,50,50,55,50,52,50,50,50,51,51,51,53,52,50,49,49,48,47,47,43,43,42,,,,,,,,,,,,,,,,,,,,,,,,,,,,,,,,,,,,,,,,,,,,,,,,,,,,,,,,,,,,,,,,,,,,,,,,,,,,,,,,,,,,,,,,,,,,,,,,,,,,,,,,,,,,,,,,,,,,,,,,,,,,,,,,,,,,,,,,,,,,,,,,,,,,,,,,,,,,,,,,,,,,,,,,,,,,,,,,,,,,,,,,,,,,,,,,
59,37,35,37,37,40,38,35,33,32,34,33,35,33,31,28,25,24,24,24,24,24,24,24,24,24,24,24,24,24,24,24,24,24,24,24,24,24,24,24,24,24,26,27,28,28,29,30,31,35,35,38,38,38,42,38,42,40,44,45,43,43,44,38,40,,,,,,,,,,,,,,,,,,,,,,,,,,,,,,,,,,,,,,,,,,,,,,,,,,,,,,,,,,,,,,,,,,,,,,,,,,,,,,,,,,,,,,,,,,,,,,,,,,,,,,,,,,,,,,,,,,,,,,,,,,,,,,,,,,,,,,,,,,,,,,,,,,,,,,,,,,,,,,,,,,,,,,,,,,,,,,,,,,,,,,,,,,,,,,,,
60,42,43,45,47,45,49,50,48,49,48,49,50,48,49,50,47,52,49,50,48,50,50,50,48,48,50,48,48,47,48,48,45,45,45,45,39,38,40,38,40,40,37,35,33,33,35,34,33,33,29,24,24,24,24,24,24,24,24,24,24,24,24,24,24,,,,,,,,,,,,,,,,,,,,,,,,,,,,,,,,,,,,,,,,,,,,,,,,,,,,,,,,,,,,,,,,,,,,,,,,,,,,,,,,,,,,,,,,,,,,,,,,,,,,,,,,,,,,,,,,,,,,,,,,,,,,,,,,,,,,,,,,,,,,,,,,,,,,,,,,,,,,,,,,,,,,,,,,,,,,,,,,,,,,,,,,,,,,,,,,
61,31,33,34,37,38,39,40,43,42,42,40,42,44,44,45,45,47,47,47,45,45,47,45,47,45,45,47,43,43,47,45,45,45,45,45,48,45,45,43,47,47,45,44,49,45,45,46,47,44,43,43,43,45,45,48,45,44,40,40,40,40,37,35,33,,,,,,,,,,,,,,,,,,,,,,,,,,,,,,,,,,,,,,,,,,,,,,,,,,,,,,,,,,,,,,,,,,,,,,,,,,,,,,,,,,,,,,,,,,,,,,,,,,,,,,,,,,,,,,,,,,,,,,,,,,,,,,,,,,,,,,,,,,,,,,,,,,,,,,,,,,,,,,,,,,,,,,,,,,,,,,,,,,,,,,,,,,,,,,,,
62,24,24,24,24,24,24,24,24,24,24,24,24,24,24,24,24,24,24,24,24,26,27,27,29,29,29,31,33,38,37,35,35,38,37,39,42,42,42,42,43,43,41,47,42,45,47,50,44,45,47,47,44,47,47,47,44,45,45,45,45,43,45,42,42,,,,,,,,,,,,,,,,,,,,,,,,,,,,,,,,,,,,,,,,,,,,,,,,,,,,,,,,,,,,,,,,,,,,,,,,,,,,,,,,,,,,,,,,,,,,,,,,,,,,,,,,,,,,,,,,,,,,,,,,,,,,,,,,,,,,,,,,,,,,,,,,,,,,,,,,,,,,,,,,,,,,,,,,,,,,,,,,,,,,,,,,,,,,,,,,
63,43,45,45,45,44,44,43,42,40,42,40,40,39,38,38,37,36,35,33,34,33,33,33,33,28,24,24,24,24,24,24,24,24,24,24,24,24,24,24,24,24,24,24,24,24,24,24,24,24,24,24,25,27,27,28,27,28,29,33,35,36,33,33,33,,,,,,,,,,,,,,,,,,,,,,,,,,,,,,,,,,,,,,,,,,,,,,,,,,,,,,,,,,,,,,,,,,,,,,,,,,,,,,,,,,,,,,,,,,,,,,,,,,,,,,,,,,,,,,,,,,,,,,,,,,,,,,,,,,,,,,,,,,,,,,,,,,,,,,,,,,,,,,,,,,,,,,,,,,,,,,,,,,,,,,,,,,,,,,,,
,,,,,,,,,,,,,,,,,,,,,,,,,,,,,,,,,,,,,,,,,,,,,,,,,,,,,,,,,,,,,,,,,,,,,,,,,,,,,,,,,,,,,,,,,,,,,,,,,,,,,,,,,,,,,,,,,,,,,,,,,,,,,,,,,,,,,,,,,,,,,,,,,,,,,,,,,,,,,,,,,,,,,,,,,,,,,,,,,,,,,,,,,,,,,,,,,,,,,,,,,,,,,,,,,,,,,,,,,,,,,,,,,,,,,,,,,,,,,,,,,,,,,,,,,,,,,,,,
value,0,1,2,3,4,5,6,7,8,9,10,11,12,13,14,15,16,17,18,19,20,21,22,23,24,25,26,27,28,29,30,31,32,33,34,35,36,37,38,39,40,41,42,43,44,45,46,47,48,49,50,51,52,53,54,55,56,57,58,59,60,61,62,63,64,65,66,67,68,69,70,71,72,73,74,75,76,77,78,79,80,81,82,83,84,85,86,87,88,89,90,91,92,93,94,95,96,97,98,99,100,101,102,103,104,105,106,107,108,109,110,111,112,113,114,115,116,117,118,119,120,121,122,123,124,125,126,127,128,129,130,131,132,133,134,135,136,137,138,139,140,141,142,143,144,145,146,147,148,149,150,151,152,153,154,155,156,157,158,159,160,161,162,163,164,165,166,167,168,169,170,171,172,173,174,175,176,177,178,179,180,181,182,183,184,185,186,187,188,189,190,191,192,193,194,195,196,197,198,199,200,201,202,203,204,205,206,207,208,209,210,211,212,213,214,215,216,217,218,219,220,221,222,223,224,225,226,227,228,229,230,231,232,233,234,235,236,237,238,239,240,241,242,243,244,245,246,247,248,249,250,251,252,253,254,255
count,0,0,0,0,0,0,0,0,0,0,0,0,0,0,0,0,0,0,0,0,67,57,165,111,401,222,46,44,48,59,33,54,41,88,51,86,65,71,95,79,98,85,83,131,124,126,94,151,99,171,182,122,260,158,155,70,63,31,4,6,0,0,0,0,0,0,0,0,0,0,0,0,0,0,0,0,0,0,0,0,0,0,0,0,0,0,0,0,0,0,0,0,0,0,0,0,0,0,0,0,0,0,0,0,0,0,0,0,0,0,0,0,0,0,0,0,0,0,0,0,0,0,0,0,0,0,0,0,0,0,0,0,0,0,0,0,0,0,0,0,0,0,0,0,0,0,0,0,0,0,0,0,0,0,0,0,0,0,0,0,0,0,0,0,0,0,0,0,0,0,0,0,0,0,0,0,0,0,0,0,0,0,0,0,0,0,0,0,0,0,0,0,0,0,0,0,0,0,0,0,0,0,0,0,0,0,0,0,0,0,0,0,0,0,0,0,0,0,0,0,0,0,0,0,0,0,0,0,0,0,0,0,0,0,0,0,0,0,0,0,0,0,0,0,0,0,0,0,0,0,0,0,0,0,0,0
,,,,,,,,,,,,,,,,,,,,,,,,,,,,,,,,,,,,,,,,,,,,,,,,,,,,,,,,,,,,,,,,,,,,,,,,,,,,,,,,,,,,,,,,,,,,,,,,,,,,,,,,,,,,,,,,,,,,,,,,,,,,,,,,,,,,,,,,,,,,,,,,,,,,,,,,,,,,,,,,,,,,,,,,,,,,,,,,,,,,,,,,,,,,,,,,,,,,,,,,,,,,,,,,,,,,,,,,,,,,,,,,,,,,,,,,,,,,,,,,,,,,,,,,,,,,,,,,
8,,,,,,,,,,,,,,,,,,,,,,,,,,,,,,,,,,,,,,,,,,,,,,,,,,,,,,,,,,,,,,,,,,,,,,,,,,,,,,,,,,,,,,,,,,,,,,,,,,,,,,,,,,,,,,,,,,,,,,,,,,,,,,,,,,,,,,,,,,,,,,,,,,,,,,,,,,,,,,,,,,,,,,,,,,,,,,,,,,,,,,,,,,,,,,,,,,,,,,,,,,,,,,,,,,,,,,,,,,,,,,,,,,,,,,,,,,,,,,,,,,,,,,,,,,,,,,,,
,0,1,2,3,4,5,6,7,8,9,10,11,12,13,14,15,16,17,18,19,20,21,22,23,24,25,26,27,28,29,30,31,32,33,34,35,36,37,38,39,40,41,42,43,44,45,46,47,48,49,50,51,52,53,54,55,56,57,58,59,60,61,62,63,,,,,,,,,,,,,,,,,,,,,,,,,,,,,,,,,,,,,,,,,,,,,,,,,,,,,,,,,,,,,,,,,,,,,,,,,,,,,,,,,,,,,,,,,,,,,,,,,,,,,,,,,,,,,,,,,,,,,,,,,,,,,,,,,,,,,,,,,,,,,,,,,,,,,,,,,,,,,,,,,,,,,,,,,,,,,,,,,,,,,,,,,,,,,,,,
0,38,37,44,43,43,41,43,41,41,41,43,41,43,43,39,41,40,43,43,37,36,34,34,34,38,36,33,31,29,27,31,31,30,29,24,21,21,21,20,22,20,21,20,20,20,21,20,21,20,20,20,20,20,21,21,20,20,20,20,21,21,22,23,23,,,,,,,,,,,,,,,,,,,,,,,,,,,,,,,,,,,,,,,,,,,,,,,,,,,,,,,,,,,,,,,,,,,,,,,,,,,,,,,,,,,,,,,,,,,,,,,,,,,,,,,,,,,,,,,,,,,,,,,,,,,,,,,,,,,,,,,,,,,,,,,,,,,,,,,,,,,,,,,,,,,,,,,,,,,,,,,,,,,,,,,,,,,,,,,,
1,36,40,40,40,43,46,45,41,42,43,45,44,46,48,41,45,43,41,44,43,44,41,43,43,43,43,45,42,44,46,43,44,41,48,46,43,43,40,43,45,41,41,41,43,44,43,43,41,40,43,38,38,36,36,35,37,34,34,31,29,31,29,29,27,,,,,,,,,,,,,,,,,,,,,,,,,,,,,,,,,,,,,,,,,,,,,,,,,,,,,,,,,,,,,,,,,,,,,,,,,,,,,,,,,,,,,,,,,,,,,,,,,,,,,,,,,,,,,,,,,,,,,,,,,,,,,,,,,,,,,,,,,,,,,,,,,,,,,,,,,,,,,,,,,,,,,,,,,,,,,,,,,,,,,,,,,,,,,,,,
2,20,20,20,20,21,20,20,20,21,23,23,25,25,25,26,29,31,33,34,31,36,34,38,38,37,39,41,43,40,42,43,43,43,45,46,46,44,46,43,43,46,46,46,45,43,46,44,50,46,46,43,46,43,46,45,43,45,41,43,43,41,39,36,36,,,,,,,,,,,,,,,,,,,,,,,,,,,,,,,,,,,,,,,,,,,,,,,,,,,,,,,,,,,,,,,,,,,,,,,,,,,,,,,,,,,,,,,,,,,,,,,,,,,,,,,,,,,,,,,,,,,,,,,,,,,,,,,,,,,,,,,,,,,,,,,,,,,,,,,,,,,,,,,,,,,,,,,,,,,,,,,,,,,,,,,,,,,,,,,,
3,31,34,33,33,34,32,30,29,32,31,27,30,29,25,18,21,21,20,20,20,21,21,21,21,20,20,21,20,20,20,20,20,20,20,21,20,21,20,20,21,22,24,24,25,27,27,27,29,33,34,34,36,36,38,36,38,41,38,40,39,40,36,40,38,,,,,,,,,,,,,,,,,,,,,,,,,,,,,,,,,,,,,,,,,,,,,,,,,,,,,,,,,,,,,,,,,,,,,,,,,,,,,,,,,,,,,,,,,,,,,,,,,,,,,,,,,,,,,,,,,,,,,,,,,,,,,,,,,,,,,,,,,,,,,,,,,,,,,,,,,,,,,,,,,,,,,,,,,,,,,,,,,,,,,,,,,,,,,,,,
4,43,41,46,46,46,49,48,51,45,45,48,48,45,47,48,48,48,47,48,48,48,46,48,46,46,44,45,43,43,39,43,36,38,38,40,41,36,34,31,34,32,31,29,31,27,21,21,21,20,20,20,20,20,21,21,20,20,20,20,21,20,21,21,20,,,,,,,,,,,,,,,,,,,,,,,,,,,,,,,,,,,,,,,,,,,,,,,,,,,,,,,,,,,,,,,,,,,,,,,,,,,,,,,,,,,,,,,,,,,,,,,,,,,,,,,,,,,,,,,,,,,,,,,,,,,,,,,,,,,,,,,,,,,,,,,,,,,,,,,,,,,,,,,,,,,,,,,,,,,,,,,,,,,,,,,,,,,,,,,,
5,29,32,36,38,38,39,41,41,45,44,43,44,45,48,49,48,50,48,48,46,48,48,48,46,46,46,53,46,48,44,46,47,46,51,48,45,45,49,48,49,48,48,46,46,45,46,46,44,50,46,48,48,49,49,47,48,41,41,40,40,38,35,31,31,,,,,,,,,,,,,,,,,,,,,,,,,,,,,,,,,,,,,,,,,,,,,,,,,,,,,,,,,,,,,,,,,,,,,,,,,,,,,,,,,,,,,,,,,,,,,,,,,,,,,,,,,,,,,,,,,,,,,,,,,,,,,,,,,,,,,,,,,,,,,,,,,,,,,,,,,,,,,,,,,,,,,,,,,,,,,,,,,,,,,,,,,,,,,,,,
6,20,21,21,21,20,21,20,21,20,20,21,21,20,21,20,20,21,21,22,24,25,25,25,27,27,29,31,36,34,38,36,36,36,41,39,41,41,41,43,46,46,43,46,44,51,46,48,49,46,48,49,50,51,46,49,49,46,48,46,45,44,41,41,39,,,,,,,,,,,,,,,,,,,,,,,,,,,,,,,,,,,,,,,,,,,,,,,,,,,,,,,,,,,,,,,,,,,,,,,,,,,,,,,,,,,,,,,,,,,,,,,,,,,,,,,,,,,,,,,,,,,,,,,,,,,,,,,,,,,,,,,,,,,,,,,,,,,,,,,,,,,,,,,,,,,,,,,,,,,,,,,,,,,,,,,,,,,,,,,,
7,40,43,41,42,38,41,41,43,43,40,36,36,36,37,36,35,31,30,28,29,29,29,30,27,22,21,21,21,20,20,21,20,20,21,20,21,21,20,21,20,21,21,20,21,20,22,20,20,21,21,22,24,24,25,25,27,26,31,33,33,32,31,29,32,,,,,,,,,,,,,,,,,,,,,,,,,,,,,,,,,,,,,,,,,,,,,,,,,,,,,,,,,,,,,,,,,,,,,,,,,,,,,,,,,,,,,,,,,,,,,,,,,,,,,,,,,,,,,,,,,,,,,,,,,,,,,,,,,,,,,,,,,,,,,,,,,,,,,,,,,,,,,,,,,,,,,,,,,,,,,,,,,,,,,,,,,,,,,,,,
8,45,47,47,49,51,51,52,51,50,52,53,52,47,51,49,46,46,46,44,42,42,39,40,42,40,42,35,35,35,34,33,33,33,33,27,22,22,22,22,22,22,22,22,22,22,22,22,22,22,22,22,22,22,22,22,22,22,22,22,22,22,24,24,26,,,,,,,,,,,,,,,,,,,,,,,,,,,,,,,,,,,,,,,,,,,,,,,,,,,,,,,,,,,,,,,,,,,,,,,,,,,,,,,,,,,,,,,,,,,,,,,,,,,,,,,,,,,,,,,,,,,,,,,,,,,,,,,,,,,,,,,,,,,,,,,,,,,,,,,,,,,,,,,,,,,,,,,,,,,,,,,,,,,,,,,,,,,,,,,,
9,39,42,48,51,49,53,51,51,52,51,52,49,49,53,52,54,51,54,56,52,52,54,52,51,53,52,53,50,51,52,51,56,54,49,49,54,54,54,52,53,49,49,51,55,51,49,44,46,48,44,44,46,42,39,41,39,38,35,33,33,33,30,28,30,,,,,,,,,,,,,,,,,,,,,,,,,,,,,,,,,,,,,,,,,,,,,,,,,,,,,,,,,,,,,,,,,,,,,,,,,,,,,,,,,,,,,,,,,,,,,,,,,,,,,,,,,,,,,,,,,,,,,,,,,,,,,,,,,,,,,,,,,,,,,,,,,,,,,,,,,,,,,,,,,,,,,,,,,,,,,,,,,,,,,,,,,,,,,,,,
10,22,22,22,22,22,22,22,22,22,24,26,26,27,28,29,30,34,35,39,37,38,40,42,41,46,42,46,49,47,50,45,49,51,51,54,53,57,53,52,55,56,50,52,55,52,52,53,54,54,52,55,52,51,49,55,51,52,52,52,49,49,47,46,44,,,,,,,,,,,,,,,,,,,,,,,,,,,,,,,,,,,,,,,,,,,,,,,,,,,,,,,,,,,,,,,,,,,,,,,,,,,,,,,,,,,,,,,,,,,,,,,,,,,,,,,,,,,,,,,,,,,,,,,,,,,,,,,,,,,,,,,,,,,,,,,,,,,,,,,,,,,,,,,,,,,,,,,,,,,,,,,,,,,,,,,,,,,,,,,,
11,37,39,37,37,42,40,33,35,35,33,35,35,35,29,22,22,22,22,22,22,22,22,22,22,22,22,22,22,22,22,22,22,22,22,22,22,22,22,22,24,26,26,26,29,30,31,32,35,39,40,39,42,44,42,42,44,45,42,49,49,46,42,42,41,,,,,,,,,,,,,,,,,,,,,,,,,,,,,,,,,,,,,,,,,,,,,,,,,,,,,,,,,,,,,,,,,,,,,,,,,,,,,,,,,,,,,,,,,,,,,,,,,,,,,,,,,,,,,,,,,,,,,,,,,,,,,,,,,,,,,,,,,,,,,,,,,,,,,,,,,,,,,,,,,,,,,,,,,,,,,,,,,,,,,,,,,,,,,,,,
12,46,49,51,54,56,56,54,60,55,50,54,55,55,54,54,56,55,57,54,54,54,55,53,52,56,54,52,49,49,49,49,44,44,42,47,42,42,38,36,37,35,37,36,35,28,22,22,22,22,22,22,22,22,22,22,22,22,22,22,22,22,22,22,22,,,,,,,,,,,,,,,,,,,,,,,,,,,,,,,,,,,,,,,,,,,,,,,,,,,,,,,,,,,,,,,,,,,,,,,,,,,,,,,,,,,,,,,,,,,,,,,,,,,,,,,,,,,,,,,,,,,,,,,,,,,,,,,,,,,,,,,,,,,,,,,,,,,,,,,,,,,,,,,,,,,,,,,,,,,,,,,,,,,,,,,,,,,,,,,,
13,35,37,38,40,42,42,44,44,44,47,48,48,49,50,49,52,54,51,50,52,51,54,49,52,52,52,54,51,51,53,51,51,52,49,51,51,49,51,51,52,52,52,53,50,54,51,52,51,53,52,49,52,54,49,52,51,46,47,47,45,42,40,37,35,,,,,,,,,,,,,,,,,,,,,,,,,,,,,,,,,,,,,,,,,,,,,,,,,,,,,,,,,,,,,,,,,,,,,,,,,,,,,,,,,,,,,,,,,,,,,,,,,,,,,,,,,,,,,,,,,,,,,,,,,,,,,,,,,,,,,,,,,,,,,,,,,,,,,,,,,,,,,,,,,,,,,,,,,,,,,,,,,,,,,,,,,,,,,,,,
14,22,22,22,22,22,22,22,22,22,22,22,22,22,22,22,22,22,22,22,24,25,28,26,27,29,29,33,38,37,37,38,37,42,40,42,44,47,45,47,44,44,49,46,54,49,54,52,49,51,51,54,52,52,51,51,49,49,49,49,47,46,42,42,40,,,,,,,,,,,,,,,,,,,,,,,,,,,,,,,,,,,,,,,,,,,,,,,,,,,,,,,,,,,,,,,,,,,,,,,,,,,,,,,,,,,,,,,,,,,,,,,,,,,,,,,,,,,,,,,,,,,,,,,,,,,,,,,,,,,,,,,,,,,,,,,,,,,,,,,,,,,,,,,,,,,,,,,,,,,,,,,,,,,,,,,,,,,,,,,,
15,42,46,44,42,47,44,45,46,47,44,39,41,40,42,40,41,36,33,33,35,32,35,33,28,24,22,22,22,22,22,22,22,22,23,22,22,22,22,22,22,22,22,22,22,22,22,22,22,22,22,24,26,27,27,28,29,30,34,35,39,34,35,35,33,,,,,,,,,,,,,,,,,,,,,,,,,,,,,,,,,,,,,,,,,,,,,,,,,,,,,,,,,,,,,,,,,,,,,,,,,,,,,,,,,,,,,,,,,,,,,,,,,,,,,,,,,,,,,,,,,,,,,,,,,,,,,,,,,,,,,,,,,,,,,,,,,,,,,,,,,,,,,,,,,,,,,,,,,,,,,,,,,,,,,,,,,,,,,,,,
16,44,44,43,47,47,52,46,50,50,50,52,52,50,52,45,47,46,47,46,44,43,39,39,39,38,39,37,33,31,32,32,34,31,31,27,23,23,23,22,23,23,23,22,23,22,23,23,23,23,23,22,23,22,23,23,23,23,22,22,23,22,25,25,25,,,,,,,,,,,,,,,,,,,,,,,,,,,,,,,,,,,,,,,,,,,,,,,,,,,,,,,,,,,,,,,,,,,,,,,,,,,,,,,,,,,,,,,,,,,,,,,,,,,,,,,,,,,,,,,,,,,,,,,,,,,,,,,,,,,,,,,,,,,,,,,,,,,,,,,,,,,,,,,,,,,,,,,,,,,,,,,,,,,,,,,,,,,,,,,,
17,43,44,47,53,49,50,53,55,53,56,52,52,56,52,56,52,52,55,57,55,56,57,52,50,52,53,56,56,57,55,59,56,53,54,53,53,56,52,53,50,50,56,56,53,53,52,50,46,49,50,49,44,44,41,41,42,39,39,34,36,34,34,31,30,,,,,,,,,,,,,,,,,,,,,,,,,,,,,,,,,,,,,,,,,,,,,,,,,,,,,,,,,,,,,,,,,,,,,,,,,,,,,,,,,,,,,,,,,,,,,,,,,,,,,,,,,,,,,,,,,,,,,,,,,,,,,,,,,,,,,,,,,,,,,,,,,,,,,,,,,,,,,,,,,,,,,,,,,,,,,,,,,,,,,,,,,,,,,,,,
18,22,22,23,22,22,22,23,23,23,25,25,27,29,29,31,32,33,38,38,40,39,42,43,47,44,47,49,49,50,55,49,53,54,52,50,50,52,53,53,53,54,54,52,53,53,52,57,52,53,55,52,53,59,55,54,53,55,52,49,49,49,44,47,41,,,,,,,,,,,,,,,,,,,,,,,,,,,,,,,,,,,,,,,,,,,,,,,,,,,,,,,,,,,,,,,,,,,,,,,,,,,,,,,,,,,,,,,,,,,,,,,,,,,,,,,,,,,,,,,,,,,,,,,,,,,,,,,,,,,,,,,,,,,,,,,,,,,,,,,,,,,,,,,,,,,,,,,,,,,,,,,,,,,,,,,,,,,,,,,,
19,39,41,42,46,43,42,38,36,36,37,39,35,36,30,24,23,23,22,23,23,23,23,22,23,23,23,23,23,23,22,22,23,23,22,23,23,23,23,23,23,26,27,29,29,32,31,34,39,41,41,44,46,44,47,44,50,55,53,50,50,50,47,47,46,,,,,,,,,,,,,,,,,,,,,,,,,,,,,,,,,,,,,,,,,,,,,,,,,,,,,,,,,,,,,,,,,,,,,,,,,,,,,,,,,,,,,,,,,,,,,,,,,,,,,,,,,,,,,,,,,,,,,,,,,,,,,,,,,,,,,,,,,,,,,,,,,,,,,,,,,,,,,,,,,,,,,,,,,,,,,,,,,,,,,,,,,,,,,,,,
20,42,43,46,45,47,49,50,55,46,50,52,52,50,52,52,53,53,49,52,50,54,53,53,52,50,44,46,46,47,44,42,41,38,39,41,39,37,34,33,34,34,32,36,31,29,23,23,23,23,23,23,23,22,22,23,22,22,22,23,23,23,23,23,22,,,,,,,,,,,,,,,,,,,,,,,,,,,,,,,,,,,,,,,,,,,,,,,,,,,,,,,,,,,,,,,,,,,,,,,,,,,,,,,,,,,,,,,,,,,,,,,,,,,,,,,,,,,,,,,,,,,,,,,,,,,,,,,,,,,,,,,,,,,,,,,,,,,,,,,,,,,,,,,,,,,,,,,,,,,,,,,,,,,,,,,,,,,,,,,,
21,34,37,36,44,42,45,44,46,45,45,47,50,50,55,52,56,49,52,56,53,52,52,50,52,52,50,52,52,50,53,52,55,50,50,52,53,52,54,52,50,53,50,49,50,52,50,52,50,50,52,49,52,50,49,50,49,47,44,43,44,46,40,36,33,,,,,,,,,,,,,,,,,,,,,,,,,,,,,,,,,,,,,,,,,,,,,,,,,,,,,,,,,,,,,,,,,,,,,,,,,,,,,,,,,,,,,,,,,,,,,,,,,,,,,,,,,,,,,,,,,,,,,,,,,,,,,,,,,,,,,,,,,,,,,,,,,,,,,,,,,,,,,,,,,,,,,,,,,,,,,,,,,,,,,,,,,,,,,,,,
22,22,22,22,23,22,23,22,22,23,23,23,23,22,23,23,23,22,23,22,25,25,29,27,29,29,31,34,37,37,39,38,41,40,41,45,45,46,47,46,47,47,50,50,50,52,52,53,52,54,56,55,56,53,52,49,56,53,50,50,50,47,46,42,44,,,,,,,,,,,,,,,,,,,,,,,,,,,,,,,,,,,,,,,,,,,,,,,,,,,,,,,,,,,,,,,,,,,,,,,,,,,,,,,,,,,,,,,,,,,,,,,,,,,,,,,,,,,,,,,,,,,,,,,,,,,,,,,,,,,,,,,,,,,,,,,,,,,,,,,,,,,,,,,,,,,,,,,,,,,,,,,,,,,,,,,,,,,,,,,,
23,41,44,46,44,46,46,46,44,44,41,39,39,38,38,39,36,33,32,32,31,33,32,32,27,24,23,23,22,23,23,22,22,22,23,23,22,23,23,23,22,23,22,22,22,22,23,22,22,23,23,25,25,25,27,27,27,29,31,33,34,33,32,34,32,,,,,,,,,,,,,,,,,,,,,,,,,,,,,,,,,,,,,,,,,,,,,,,,,,,,,,,,,,,,,,,,,,,,,,,,,,,,,,,,,,,,,,,,,,,,,,,,,,,,,,,,,,,,,,,,,,,,,,,,,,,,,,,,,,,,,,,,,,,,,,,,,,,,,,,,,,,,,,,,,,,,,,,,,,,,,,,,,,,,,,,,,,,,,,,,
24,45,47,50,49,52,49,52,52,49,52,53,50,52,53,52,50,47,47,49,47,46,41,44,44,44,47,42,37,35,35,35,38,37,34,28,24,24,24,24,25,24,24,24,24,24,24,24,25,24,24,24,24,24,24,25,24,24,24,24,24,24,26,28,28,,,,,,,,,,,,,,,,,,,,,,,,,,,,,,,,,,,,,,,,,,,,,,,,,,,,,,,,,,,,,,,,,,,,,,,,,,,,,,,,,,,,,,,,,,,,,,,,,,,,,,,,,,,,,,,,,,,,,,,,,,,,,,,,,,,,,,,,,,,,,,,,,,,,,,,,,,,,,,,,,,,,,,,,,,,,,,,,,,,,,,,,,,,,,,,,
25,40,42,42,50,49,49,52,51,48,53,50,50,53,50,54,55,53,52,50,53,52,52,53,53,53,50,53,52,48,52,52,53,50,53,52,50,52,49,52,51,51,50,52,55,50,46,49,45,47,46,44,42,41,39,39,40,40,37,33,33,32,32,31,32,,,,,,,,,,,,,,,,,,,,,,,,,,,,,,,,,,,,,,,,,,,,,,,,,,,,,,,,,,,,,,,,,,,,,,,,,,,,,,,,,,,,,,,,,,,,,,,,,,,,,,,,,,,,,,,,,,,,,,,,,,,,,,,,,,,,,,,,,,,,,,,,,,,,,,,,,,,,,,,,,,,,,,,,,,,,,,,,,,,,,,,,,,,,,,,,
26,23,24,24,23,24,24,24,24,24,27,27,28,30,30,32,30,34,39,40,40,39,40,42,45,46,47,47,49,49,46,45,48,52,52,53,51,56,52,53,52,56,53,53,50,50,53,52,53,52,50,49,54,53,56,52,50,47,50,52,49,48,47,43,42,,,,,,,,,,,,,,,,,,,,,,,,,,,,,,,,,,,,,,,,,,,,,,,,,,,,,,,,,,,,,,,,,,,,,,,,,,,,,,,,,,,,,,,,,,,,,,,,,,,,,,,,,,,,,,,,,,,,,,,,,,,,,,,,,,,,,,,,,,,,,,,,,,,,,,,,,,,,,,,,,,,,,,,,,,,,,,,,,,,,,,,,,,,,,,,,
27,35,37,38,38,38,35,32,35,34,37,35,33,34,28,24,25,24,24,24,24,24,24,24,23,24,24,24,24,23,23,23,24,24,23,24,24,24,24,24,24,26,27,28,28,28,28,32,34,37,39,40,38,40,42,44,42,44,45,44,48,45,42,41,40,,,,,,,,,,,,,,,,,,,,,,,,,,,,,,,,,,,,,,,,,,,,,,,,,,,,,,,,,,,,,,,,,,,,,,,,,,,,,,,,,,,,,,,,,,,,,,,,,,,,,,,,,,,,,,,,,,,,,,,,,,,,,,,,,,,,,,,,,,,,,,,,,,,,,,,,,,,,,,,,,,,,,,,,,,,,,,,,,,,,,,,,,,,,,,,,
28,43,47,45,49,49,47,48,50,49,49,50,50,53,48,53,55,49,55,52,52,50,53,50,48,47,47,47,47,46,47,42,42,40,39,39,42,38,35,34,37,35,34,35,33,28,25,24,24,24,23,24,24,24,24,23,24,24,24,24,24,24,24,24,24,,,,,,,,,,,,,,,,,,,,,,,,,,,,,,,,,,,,,,,,,,,,,,,,,,,,,,,,,,,,,,,,,,,,,,,,,,,,,,,,,,,,,,,,,,,,,,,,,,,,,,,,,,,,,,,,,,,,,,,,,,,,,,,,,,,,,,,,,,,,,,,,,,,,,,,,,,,,,,,,,,,,,,,,,,,,,,,,,,,,,,,,,,,,,,,,
29,35,36,38,40,41,44,44,48,47,47,45,52,50,53,49,52,52,52,53,55,52,51,51,52,55,49,50,55,53,52,53,56,51,52,53,55,56,55,52,50,55,52,49,55,53,52,52,52,55,51,50,50,50,50,51,49,42,45,42,42,42,39,38,35,,,,,,,,,,,,,,,,,,,,,,,,,,,,,,,,,,,,,,,,,,,,,,,,,,,,,,,,,,,,,,,,,,,,,,,,,,,,,,,,,,,,,,,,,,,,,,,,,,,,,,,,,,,,,,,,,,,,,,,,,,,,,,,,,,,,,,,,,,,,,,,,,,,,,,,,,,,,,,,,,,,,,,,,,,,,,,,,,,,,,,,,,,,,,,,,
30,23,24,24,24,24,24,23,24,24,24,24,24,23,24,24,24,24,24,24,26,26,27,28,30,30,31,33,37,39,39,38,39,42,42,42,44,45,50,47,45,49,47,52,49,55,50,55,52,53,50,53,50,53,52,52,55,52,50,50,47,48,48,45,42,,,,,,,,,,,,,,,,,,,,,,,,,,,,,,,,,,,,,,,,,,,,,,,,,,,,,,,,,,,,,,,,,,,,,,,,,,,,,,,,,,,,,,,,,,,,,,,,,,,,,,,,,,,,,,,,,,,,,,,,,,,,,,,,,,,,,,,,,,,,,,,,,,,,,,,,,,,,,,,,,,,,,,,,,,,,,,,,,,,,,,,,,,,,,,,,
31,42,45,47,48,44,42,47,48,42,42,40,41,39,42,40,37,35,33,33,33,34,34,32,29,25,24,24,24,24,24,24,23,24,24,24,24,24,24,24,24,24,24,23,24,24,24,24,24,24,24,25,26,28,28,28,30,30,33,35,33,37,37,37,36,,,,,,,,,,,,,,,,,,,,,,,,,,,,,,,,,,,,,,,,,,,,,,,,,,,,,,,,,,,,,,,,,,,,,,,,,,,,,,,,,,,,,,,,,,,,,,,,,,,,,,,,,,,,,,,,,,,,,,,,,,,,,,,,,,,,,,,,,,,,,,,,,,,,,,,,,,,,,,,,,,,,,,,,,,,,,,,,,,,,,,,,,,,,,,,,
32,48,45,50,51,52,51,54,57,55,54,57,57,54,54,50,45,49,47,52,45,49,42,47,45,47,43,40,36,38,36,38,40,38,36,30,25,25,25,25,27,25,27,25,25,25,25,25,27,25,25,25,25,25,25,25,25,25,25,25,25,25,27,28,29,,,,,,,,,,,,,,,,,,,,,,,,,,,,,,,,,,,,,,,,,,,,,,,,,,,,,,,,,,,,,,,,,,,,,,,,,,,,,,,,,,,,,,,,,,,,,,,,,,,,,,,,,,,,,,,,,,,,,,,,,,,,,,,,,,,,,,,,,,,,,,,,,,,,,,,,,,,,,,,,,,,,,,,,,,,,,,,,,,,,,,,,,,,,,,,,
33,41,43,47,51,50,52,52,50,52,50,54,52,54,54,54,54,54,54,50,54,55,54,50,54,54,55,54,52,55,52,54,51,54,53,54,52,52,52,52,54,54,54,49,54,52,54,48,49,48,49,47,47,43,42,45,43,43,38,36,36,35,34,33,32,,,,,,,,,,,,,,,,,,,,,,,,,,,,,,,,,,,,,,,,,,,,,,,,,,,,,,,,,,,,,,,,,,,,,,,,,,,,,,,,,,,,,,,,,,,,,,,,,,,,,,,,,,,,,,,,,,,,,,,,,,,,,,,,,,,,,,,,,,,,,,,,,,,,,,,,,,,,,,,,,,,,,,,,,,,,,,,,,,,,,,,,,,,,,,,,
34,25,25,25,25,25,25,25,25,25,28,29,30,31,33,34,34,38,40,42,42,41,40,45,47,47,48,47,51,50,49,49,52,54,52,54,56,54,56,56,52,55,56,58,59,55,57,56,54,54,54,54,54,54,54,52,49,54,52,51,52,52,49,47,47,,,,,,,,,,,,,,,,,,,,,,,,,,,,,,,,,,,,,,,,,,,,,,,,,,,,,,,,,,,,,,,,,,,,,,,,,,,,,,,,,,,,,,,,,,,,,,,,,,,,,,,,,,,,,,,,,,,,,,,,,,,,,,,,,,,,,,,,,,,,,,,,,,,,,,,,,,,,,,,,,,,,,,,,,,,,,,,,,,,,,,,,,,,,,,,,
35,38,38,39,39,43,40,36,36,34,36,36,34,35,31,25,25,27,25,25,25,25,25,25,25,25,25,25,25,25,25,25,25,25,25,25,25,25,25,25,25,27,29,30,31,31,33,33,36,38,38,41,43,43,45,45,43,44,48,47,49,45,45,45,43,,,,,,,,,,,,,,,,,,,,,,,,,,,,,,,,,,,,,,,,,,,,,,,,,,,,,,,,,,,,,,,,,,,,,,,,,,,,,,,,,,,,,,,,,,,,,,,,,,,,,,,,,,,,,,,,,,,,,,,,,,,,,,,,,,,,,,,,,,,,,,,,,,,,,,,,,,,,,,,,,,,,,,,,,,,,,,,,,,,,,,,,,,,,,,,,
36,47,49,52,50,51,54,52,54,53,50,51,54,52,52,54,55,52,54,54,54,54,54,56,52,54,48,49,47,52,45,45,43,41,41,42,44,40,36,36,36,36,36,38,34,30,25,25,25,25,25,25,25,25,25,25,25,25,25,25,25,25,25,25,25,,,,,,,,,,,,,,,,,,,,,,,,,,,,,,,,,,,,,,,,,,,,,,,,,,,,,,,,,,,,,,,,,,,,,,,,,,,,,,,,,,,,,,,,,,,,,,,,,,,,,,,,,,,,,,,,,,,,,,,,,,,,,,,,,,,,,,,,,,,,,,,,,,,,,,,,,,,,,,,,,,,,,,,,,,,,,,,,,,,,,,,,,,,,,,,,
37,38,42,39,45,47,47,49,48,47,51,51,51,51,56,58,51,54,52,57,52,59,54,52,57,54,56,57,56,57,55,54,54,56,52,54,55,52,56,54,54,54,54,52,54,54,57,51,54,57,54,54,53,52,50,54,52,48,45,50,45,45,40,38,38,,,,,,,,,,,,,,,,,,,,,,,,,,,,,,,,,,,,,,,,,,,,,,,,,,,,,,,,,,,,,,,,,,,,,,,,,,,,,,,,,,,,,,,,,,,,,,,,,,,,,,,,,,,,,,,,,,,,,,,,,,,,,,,,,,,,,,,,,,,,,,,,,,,,,,,,,,,,,,,,,,,,,,,,,,,,,,,,,,,,,,,,,,,,,,,,
38,25,25,25,25,25,25,25,25,25,25,25,25,25,25,25,25,25,25,25,27,27,29,30,31,31,31,34,38,38,40,40,40,43,43,43,47,49,47,47,49,49,49,50,52,57,54,56,57,54,54,57,52,52,56,54,49,52,54,52,47,51,48,45,44,,,,,,,,,,,,,,,,,,,,,,,,,,,,,,,,,,,,,,,,,,,,,,,,,,,,,,,,,,,,,,,,,,,,,,,,,,,,,,,,,,,,,,,,,,,,,,,,,,,,,,,,,,,,,,,,,,,,,,,,,,,,,,,,,,,,,,,,,,,,,,,,,,,,,,,,,,,,,,,,,,,,,,,,,,,,,,,,,,,,,,,,,,,,,,,,
39,44,47,49,47,45,47,45,49,47,45,41,44,42,45,43,42,36,36,36,35,34,36,36,31,27,25,25,25,25,26,25,25,25,25,25,25,25,25,25,25,25,25,25,25,25,25,25,25,25,25,27,27,30,30,31,33,33,35,38,39,38,38,38,38,,,,,,,,,,,,,,,,,,,,,,,,,,,,,,,,,,,,,,,,,,,,,,,,,,,,,,,,,,,,,,,,,,,,,,,,,,,,,,,,,,,,,,,,,,,,,,,,,,,,,,,,,,,,,,,,,,,,,,,,,,,,,,,,,,,,,,,,,,,,,,,,,,,,,,,,,,,,,,,,,,,,,,,,,,,,,,,,,,,,,,,,,,,,,,,,
40,47,49,49,49,52,54,49,51,50,52,52,54,51,49,47,49,49,50,49,49,44,44,42,40,44,46,38,37,35,39,37,39,36,34,30,26,24,25,24,26,25,25,24,24,24,25,24,25,24,24,25,25,24,26,25,24,25,24,24,25,25,27,28,28,,,,,,,,,,,,,,,,,,,,,,,,,,,,,,,,,,,,,,,,,,,,,,,,,,,,,,,,,,,,,,,,,,,,,,,,,,,,,,,,,,,,,,,,,,,,,,,,,,,,,,,,,,,,,,,,,,,,,,,,,,,,,,,,,,,,,,,,,,,,,,,,,,,,,,,,,,,,,,,,,,,,,,,,,,,,,,,,,,,,,,,,,,,,,,,,
41,39,41,46,49,49,50,51,53,49,54,51,54,54,52,55,53,55,49,54,51,54,55,55,52,49,54,49,51,53,54,54,50,54,52,51,50,54,52,55,54,52,51,54,54,51,50,46,46,49,47,44,42,40,41,41,40,41,35,34,34,35,32,32,30,,,,,,,,,,,,,,,,,,,,,,,,,,,,,,,,,,,,,,,,,,,,,,,,,,,,,,,,,,,,,,,,,,,,,,,,,,,,,,,,,,,,,,,,,,,,,,,,,,,,,,,,,,,,,,,,,,,,,,,,,,,,,,,,,,,,,,,,,,,,,,,,,,,,,,,,,,,,,,,,,,,,,,,,,,,,,,,,,,,,,,,,,,,,,,,,
42,24,24,24,24,24,24,24,26,26,28,28,28,30,32,32,35,37,39,40,42,42,40,42,44,45,50,47,47,49,52,47,50,51,53,54,52,58,56,54,55,52,55,50,52,54,54,54,54,53,52,55,54,51,54,49,52,50,51,54,50,49,47,46,47,,,,,,,,,,,,,,,,,,,,,,,,,,,,,,,,,,,,,,,,,,,,,,,,,,,,,,,,,,,,,,,,,,,,,,,,,,,,,,,,,,,,,,,,,,,,,,,,,,,,,,,,,,,,,,,,,,,,,,,,,,,,,,,,,,,,,,,,,,,,,,,,,,,,,,,,,,,,,,,,,,,,,,,,,,,,,,,,,,,,,,,,,,,,,,,,
43,37,39,42,41,41,38,35,35,33,37,35,35,35,30,24,25,26,24,24,24,26,24,25,24,24,25,25,24,24,24,24,25,24,24,26,25,24,24,25,26,28,28,28,30,30,30,34,35,39,39,40,39,42,44,42,46,45,45,46,47,46,44,45,42,,,,,,,,,,,,,,,,,,,,,,,,,,,,,,,,,,,,,,,,,,,,,,,,,,,,,,,,,,,,,,,,,,,,,,,,,,,,,,,,,,,,,,,,,,,,,,,,,,,,,,,,,,,,,,,,,,,,,,,,,,,,,,,,,,,,,,,,,,,,,,,,,,,,,,,,,,,,,,,,,,,,,,,,,,,,,,,,,,,,,,,,,,,,,,,,
44,41,44,48,49,49,47,50,52,52,54,55,49,52,52,54,60,54,52,50,50,55,54,52,51,49,47,48,44,45,47,41,41,42,42,40,39,37,37,34,35,35,36,34,34,29,26,24,25,24,24,24,24,24,24,24,24,24,24,24,25,24,24,24,24,,,,,,,,,,,,,,,,,,,,,,,,,,,,,,,,,,,,,,,,,,,,,,,,,,,,,,,,,,,,,,,,,,,,,,,,,,,,,,,,,,,,,,,,,,,,,,,,,,,,,,,,,,,,,,,,,,,,,,,,,,,,,,,,,,,,,,,,,,,,,,,,,,,,,,,,,,,,,,,,,,,,,,,,,,,,,,,,,,,,,,,,,,,,,,,,
45,36,38,39,42,43,45,49,47,47,47,47,49,50,52,55,52,52,52,55,54,53,52,52,54,54,49,54,55,54,52,51,52,51,54,55,55,51,54,52,54,49,50,54,50,53,54,51,50,51,52,54,52,52,51,52,49,47,45,44,42,42,41,37,35,,,,,,,,,,,,,,,,,,,,,,,,,,,,,,,,,,,,,,,,,,,,,,,,,,,,,,,,,,,,,,,,,,,,,,,,,,,,,,,,,,,,,,,,,,,,,,,,,,,,,,,,,,,,,,,,,,,,,,,,,,,,,,,,,,,,,,,,,,,,,,,,,,,,,,,,,,,,,,,,,,,,,,,,,,,,,,,,,,,,,,,,,,,,,,,,
46,24,24,25,25,24,26,24,24,25,24,24,24,24,25,24,25,24,24,26,28,28,30,29,32,32,31,37,40,38,40,44,40,44,44,44,49,47,47,54,49,51,51,53,52,57,51,54,57,54,54,54,57,55,54,52,52,54,57,52,51,51,44,45,45,,,,,,,,,,,,,,,,,,,,,,,,,,,,,,,,,,,,,,,,,,,,,,,,,,,,,,,,,,,,,,,,,,,,,,,,,,,,,,,,,,,,,,,,,,,,,,,,,,,,,,,,,,,,,,,,,,,,,,,,,,,,,,,,,,,,,,,,,,,,,,,,,,,,,,,,,,,,,,,,,,,,,,,,,,,,,,,,,,,,,,,,,,,,,,,,
47,44,49,50,52,47,47,49,51,47,44,44,44,46,42,44,42,37,38,35,37,37,34,35,31,26,25,26,24,25,24,25,24,24,24,25,26,25,25,24,25,25,24,24,25,25,24,25,24,25,25,26,28,30,32,32,32,33,35,41,40,39,40,39,37,,,,,,,,,,,,,,,,,,,,,,,,,,,,,,,,,,,,,,,,,,,,,,,,,,,,,,,,,,,,,,,,,,,,,,,,,,,,,,,,,,,,,,,,,,,,,,,,,,,,,,,,,,,,,,,,,,,,,,,,,,,,,,,,,,,,,,,,,,,,,,,,,,,,,,,,,,,,,,,,,,,,,,,,,,,,,,,,,,,,,,,,,,,,,,,,
48,48,51,51,51,52,51,54,49,53,54,54,53,57,51,51,49,50,49,51,48,47,46,43,45,46,41,43,38,38,41,39,40,40,38,31,25,25,25,25,25,25,25,24,25,24,25,24,25,25,24,25,24,24,25,25,24,24,24,24,24,25,27,27,27,,,,,,,,,,,,,,,,,,,,,,,,,,,,,,,,,,,,,,,,,,,,,,,,,,,,,,,,,,,,,,,,,,,,,,,,,,,,,,,,,,,,,,,,,,,,,,,,,,,,,,,,,,,,,,,,,,,,,,,,,,,,,,,,,,,,,,,,,,,,,,,,,,,,,,,,,,,,,,,,,,,,,,,,,,,,,,,,,,,,,,,,,,,,,,,,
49,42,45,49,48,50,50,51,53,56,51,51,53,53,54,53,51,51,50,54,56,53,51,50,55,53,56,56,54,54,53,60,57,56,54,56,51,56,53,56,53,54,51,52,54,53,50,51,47,48,48,48,43,41,44,40,43,41,40,36,36,35,34,33,33,,,,,,,,,,,,,,,,,,,,,,,,,,,,,,,,,,,,,,,,,,,,,,,,,,,,,,,,,,,,,,,,,,,,,,,,,,,,,,,,,,,,,,,,,,,,,,,,,,,,,,,,,,,,,,,,,,,,,,,,,,,,,,,,,,,,,,,,,,,,,,,,,,,,,,,,,,,,,,,,,,,,,,,,,,,,,,,,,,,,,,,,,,,,,,,,
50,23,23,24,23,24,23,23,24,25,26,27,29,27,29,30,31,36,38,40,38,41,41,42,45,43,46,48,48,48,48,48,49,51,50,52,56,53,54,50,56,54,54,54,52,56,53,56,51,51,51,50,53,54,54,52,54,51,50,54,50,49,46,45,43,,,,,,,,,,,,,,,,,,,,,,,,,,,,,,,,,,,,,,,,,,,,,,,,,,,,,,,,,,,,,,,,,,,,,,,,,,,,,,,,,,,,,,,,,,,,,,,,,,,,,,,,,,,,,,,,,,,,,,,,,,,,,,,,,,,,,,,,,,,,,,,,,,,,,,,,,,,,,,,,,,,,,,,,,,,,,,,,,,,,,,,,,,,,,,,,
51,39,38,41,41,40,38,34,33,36,36,34,35,34,29,25,24,25,24,24,24,25,24,24,25,24,25,25,24,23,24,24,24,24,24,24,24,24,24,25,25,27,27,29,29,31,31,31,38,39,38,40,42,41,40,45,46,48,47,46,48,45,47,45,43,,,,,,,,,,,,,,,,,,,,,,,,,,,,,,,,,,,,,,,,,,,,,,,,,,,,,,,,,,,,,,,,,,,,,,,,,,,,,,,,,,,,,,,,,,,,,,,,,,,,,,,,,,,,,,,,,,,,,,,,,,,,,,,,,,,,,,,,,,,,,,,,,,,,,,,,,,,,,,,,,,,,,,,,,,,,,,,,,,,,,,,,,,,,,,,,
52,43,43,50,46,48,51,51,50,48,51,51,51,49,51,48,53,54,51,51,53,52,51,51,50,48,48,47,45,45,46,44,41,38,39,41,39,40,34,33,33,33,35,33,33,29,25,24,24,24,24,24,24,24,24,24,24,24,24,24,25,24,24,24,23,,,,,,,,,,,,,,,,,,,,,,,,,,,,,,,,,,,,,,,,,,,,,,,,,,,,,,,,,,,,,,,,,,,,,,,,,,,,,,,,,,,,,,,,,,,,,,,,,,,,,,,,,,,,,,,,,,,,,,,,,,,,,,,,,,,,,,,,,,,,,,,,,,,,,,,,,,,,,,,,,,,,,,,,,,,,,,,,,,,,,,,,,,,,,,,,
53,36,38,41,43,49,46,48,48,51,49,48,51,53,53,53,54,53,50,55,53,53,54,56,53,51,51,55,53,54,54,53,53,56,53,51,53,56,51,56,57,54,56,56,51,55,54,52,51,54,56,53,54,51,53,51,51,50,48,51,48,44,42,41,38,,,,,,,,,,,,,,,,,,,,,,,,,,,,,,,,,,,,,,,,,,,,,,,,,,,,,,,,,,,,,,,,,,,,,,,,,,,,,,,,,,,,,,,,,,,,,,,,,,,,,,,,,,,,,,,,,,,,,,,,,,,,,,,,,,,,,,,,,,,,,,,,,,,,,,,,,,,,,,,,,,,,,,,,,,,,,,,,,,,,,,,,,,,,,,,,
54,24,24,24,25,24,25,23,24,25,24,25,24,24,24,24,25,24,25,25,27,27,29,29,30,31,32,36,38,36,43,40,45,40,45,48,43,45,46,46,48,46,50,48,52,49,53,53,51,53,51,51,53,51,48,48,48,51,49,48,48,48,45,45,41,,,,,,,,,,,,,,,,,,,,,,,,,,,,,,,,,,,,,,,,,,,,,,,,,,,,,,,,,,,,,,,,,,,,,,,,,,,,,,,,,,,,,,,,,,,,,,,,,,,,,,,,,,,,,,,,,,,,,,,,,,,,,,,,,,,,,,,,,,,,,,,,,,,,,,,,,,,,,,,,,,,,,,,,,,,,,,,,,,,,,,,,,,,,,,,,
55,47,51,46,50,51,48,50,50,46,45,43,43,43,45,43,43,40,36,38,36,36,36,35,31,25,25,25,24,25,24,25,24,24,25,25,24,25,25,25,24,25,24,24,24,24,24,25,24,25,24,27,29,29,29,30,32,31,36,42,42,38,36,38,40,,,,,,,,,,,,,,,,,,,,,,,,,,,,,,,,,,,,,,,,,,,,,,,,,,,,,,,,,,,,,,,,,,,,,,,,,,,,,,,,,,,,,,,,,,,,,,,,,,,,,,,,,,,,,,,,,,,,,,,,,,,,,,,,,,,,,,,,,,,,,,,,,,,,,,,,,,,,,,,,,,,,,,,,,,,,,,,,,,,,,,,,,,,,,,,,
56,40,47,45,45,48,48,48,48,50,49,52,52,50,48,45,44,47,47,43,44,42,38,40,38,40,40,37,33,33,35,35,33,33,33,28,24,24,24,24,24,24,24,23,24,24,25,24,24,24,24,24,24,24,24,24,24,24,24,24,24,24,26,27,26,,,,,,,,,,,,,,,,,,,,,,,,,,,,,,,,,,,,,,,,,,,,,,,,,,,,,,,,,,,,,,,,,,,,,,,,,,,,,,,,,,,,,,,,,,,,,,,,,,,,,,,,,,,,,,,,,,,,,,,,,,,,,,,,,,,,,,,,,,,,,,,,,,,,,,,,,,,,,,,,,,,,,,,,,,,,,,,,,,,,,,,,,,,,,,,,
57,40,45,45,52,49,48,50,52,50,53,53,53,53,52,52,52,50,52,50,55,50,52,52,53,51,53,50,53,52,53,52,50,50,50,52,52,50,52,53,53,52,52,50,52,48,53,45,50,47,53,48,47,42,44,42,40,42,38,34,35,33,31,31,31,,,,,,,,,,,,,,,,,,,,,,,,,,,,,,,,,,,,,,,,,,,,,,,,,,,,,,,,,,,,,,,,,,,,,,,,,,,,,,,,,,,,,,,,,,,,,,,,,,,,,,,,,,,,,,,,,,,,,,,,,,,,,,,,,,,,,,,,,,,,,,,,,,,,,,,,,,,,,,,,,,,,,,,,,,,,,,,,,,,,,,,,,,,,,,,,
58,24,24,24,24,24,24,24,24,24,27,26,28,29,29,29,31,35,36,38,36,40,40,38,42,41,42,43,48,47,44,46,45,47,49,51,49,53,50,50,51,50,50,50,48,55,50,50,50,49,49,49,51,50,53,49,48,49,49,49,47,47,44,43,41,,,,,,,,,,,,,,,,,,,,,,,,,,,,,,,,,,,,,,,,,,,,,,,,,,,,,,,,,,,,,,,,,,,,,,,,,,,,,,,,,,,,,,,,,,,,,,,,,,,,,,,,,,,,,,,,,,,,,,,,,,,,,,,,,,,,,,,,,,,,,,,,,,,,,,,,,,,,,,,,,,,,,,,,,,,,,,,,,,,,,,,,,,,,,,,,
59,36,35,37,36,40,35,33,33,33,33,32,35,33,28,24,24,24,24,24,24,24,24,24,24,24,24,24,24,24,24,24,24,24,24,24,24,24,24,24,25,26,27,28,29,29,29,31,33,37,36,39,39,39,41,39,40,40,45,45,44,42,42,40,41,,,,,,,,,,,,,,,,,,,,,,,,,,,,,,,,,,,,,,,,,,,,,,,,,,,,,,,,,,,,,,,,,,,,,,,,,,,,,,,,,,,,,,,,,,,,,,,,,,,,,,,,,,,,,,,,,,,,,,,,,,,,,,,,,,,,,,,,,,,,,,,,,,,,,,,,,,,,,,,,,,,,,,,,,,,,,,,,,,,,,,,,,,,,,,,,
60,42,43,45,47,45,49,50,48,49,48,49,50,48,49,50,47,52,49,50,48,50,50,50,48,48,50,48,48,47,48,48,45,45,45,45,39,38,40,38,40,40,37,35,33,33,35,34,33,33,29,24,24,24,24,24,24,24,24,24,24,24,24,24,24,,,,,,,,,,,,,,,,,,,,,,,,,,,,,,,,,,,,,,,,,,,,,,,,,,,,,,,,,,,,,,,,,,,,,,,,,,,,,,,,,,,,,,,,,,,,,,,,,,,,,,,,,,,,,,,,,,,,,,,,,,,,,,,,,,,,,,,,,,,,,,,,,,,,,,,,,,,,,,,,,,,,,,,,,,,,,,,,,,,,,,,,,,,,,,,,
61,31,33,35,38,40,40,38,42,42,42,40,42,45,47,45,45,45,44,47,45,45,45,45,45,47,47,45,48,45,47,45,47,45,45,44,48,45,42,42,47,48,45,43,48,45,43,47,47,45,42,43,43,45,45,47,43,42,40,39,41,38,35,35,33,,,,,,,,,,,,,,,,,,,,,,,,,,,,,,,,,,,,,,,,,,,,,,,,,,,,,,,,,,,,,,,,,,,,,,,,,,,,,,,,,,,,,,,,,,,,,,,,,,,,,,,,,,,,,,,,,,,,,,,,,,,,,,,,,,,,,,,,,,,,,,,,,,,,,,,,,,,,,,,,,,,,,,,,,,,,,,,,,,,,,,,,,,,,,,,,
62,24,24,24,24,24,24,24,24,24,24,24,24,24,24,24,24,24,24,24,27,26,28,27,28,28,31,33,35,38,37,36,37,40,37,42,44,41,45,43,43,42,41,47,43,46,47,48,42,45,48,47,45,48,45,45,45,47,47,47,44,44,44,44,42,,,,,,,,,,,,,,,,,,,,,,,,,,,,,,,,,,,,,,,,,,,,,,,,,,,,,,,,,,,,,,,,,,,,,,,,,,,,,,,,,,,,,,,,,,,,,,,,,,,,,,,,,,,,,,,,,,,,,,,,,,,,,,,,,,,,,,,,,,,,,,,,,,,,,,,,,,,,,,,,,,,,,,,,,,,,,,,,,,,,,,,,,,,,,,,,
63,43,45,45,43,44,44,44,42,40,41,38,40,38,40,38,36,34,33,31,35,33,33,33,29,25,24,24,24,24,24,24,24,24,24,24,24,24,24,24,24,24,24,24,24,24,24,24,24,24,24,26,26,26,28,29,29,29,31,35,35,36,33,35,33,,,,,,,,,,,,,,,,,,,,,,,,,,,,,,,,,,,,,,,,,,,,,,,,,,,,,,,,,,,,,,,,,,,,,,,,,,,,,,,,,,,,,,,,,,,,,,,,,,,,,,,,,,,,,,,,,,,,,,,,,,,,,,,,,,,,,,,,,,,,,,,,,,,,,,,,,,,,,,,,,,,,,,,,,,,,,,,,,,,,,,,,,,,,,,,,
,,,,,,,,,,,,,,,,,,,,,,,,,,,,,,,,,,,,,,,,,,,,,,,,,,,,,,,,,,,,,,,,,,,,,,,,,,,,,,,,,,,,,,,,,,,,,,,,,,,,,,,,,,,,,,,,,,,,,,,,,,,,,,,,,,,,,,,,,,,,,,,,,,,,,,,,,,,,,,,,,,,,,,,,,,,,,,,,,,,,,,,,,,,,,,,,,,,,,,,,,,,,,,,,,,,,,,,,,,,,,,,,,,,,,,,,,,,,,,,,,,,,,,,,,,,,,,,,
value,0,1,2,3,4,5,6,7,8,9,10,11,12,13,14,15,16,17,18,19,20,21,22,23,24,25,26,27,28,29,30,31,32,33,34,35,36,37,38,39,40,41,42,43,44,45,46,47,48,49,50,51,52,53,54,55,56,57,58,59,60,61,62,63,64,65,66,67,68,69,70,71,72,73,74,75,76,77,78,79,80,81,82,83,84,85,86,87,88,89,90,91,92,93,94,95,96,97,98,99,100,101,102,103,104,105,106,107,108,109,110,111,112,113,114,115,116,117,118,119,120,121,122,123,124,125,126,127,128,129,130,131,132,133,134,135,136,137,138,139,140,141,142,143,144,145,146,147,148,149,150,151,152,153,154,155,156,157,158,159,160,161,162,163,164,165,166,167,168,169,170,171,172,173,174,175,176,177,178,179,180,181,182,183,184,185,186,187,188,189,190,191,192,193,194,195,196,197,198,199,200,201,202,203,204,205,206,207,208,209,210,211,212,213,214,215,216,217,218,219,220,221,222,223,224,225,226,227,228,229,230,231,232,233,234,235,236,237,238,239,240,241,242,243,244,245,246,247,248,249,250,251,252,253,254,255
count,0,0,0,0,0,0,0,0,0,0,0,0,0,0,0,0,0,0,1,0,67,53,174,106,379,234,42,55,42,60,38,59,39,80,63,79,81,54,95,73,100,95,117,102,111,135,107,142,119,165,174,143,235,136,176,69,60,26,3,4,3,0,0,0,0,0,0,0,0,0,0,0,0,0,0,0,0,0,0,0,0,0,0,0,0,0,0,0,0,0,0,0,0,0,0,0,0,0,0,0,0,0,0,0,0,0,0,0,0,0,0,0,0,0,0,0,0,0,0,0,0,0,0,0,0,0,0,0,0,0,0,0,0,0,0,0,0,0,0,0,0,0,0,0,0,0,0,0,0,0,0,0,0,0,0,0,0,0,0,0,0,0,0,0,0,0,0,0,0,0,0,0,0,0,0,0,0,0,0,0,0,0,0,0,0,0,0,0,0,0,0,0,0,0,0,0,0,0,0,0,0,0,0,0,0,0,0,0,0,0,0,0,0,0,0,0,0,0,0,0,0,0,0,0,0,0,0,0,0,0,0,0,0,0,0,0,0,0,0,0,0,0,0,0,0,0,0,0,0,0,0,0,0,0,0,0
,,,,,,,,,,,,,,,,,,,,,,,,,,,,,,,,,,,,,,,,,,,,,,,,,,,,,,,,,,,,,,,,,,,,,,,,,,,,,,,,,,,,,,,,,,,,,,,,,,,,,,,,,,,,,,,,,,,,,,,,,,,,,,,,,,,,,,,,,,,,,,,,,,,,,,,,,,,,,,,,,,,,,,,,,,,,,,,,,,,,,,,,,,,,,,,,,,,,,,,,,,,,,,,,,,,,,,,,,,,,,,,,,,,,,,,,,,,,,,,,,,,,,,,,,,,,,,,,
9,,,,,,,,,,,,,,,,,,,,,,,,,,,,,,,,,,,,,,,,,,,,,,,,,,,,,,,,,,,,,,,,,,,,,,,,,,,,,,,,,,,,,,,,,,,,,,,,,,,,,,,,,,,,,,,,,,,,,,,,,,,,,,,,,,,,,,,,,,,,,,,,,,,,,,,,,,,,,,,,,,,,,,,,,,,,,,,,,,,,,,,,,,,,,,,,,,,,,,,,,,,,,,,,,,,,,,,,,,,,,,,,,,,,,,,,,,,,,,,,,,,,,,,,,,,,,,,,
,0,1,2,3,4,5,6,7,8,9,10,11,12,13,14,15,16,17,18,19,20,21,22,23,24,25,26,27,28,29,30,31,32,33,34,35,36,37,38,39,40,41,42,43,44,45,46,47,48,49,50,51,52,53,54,55,56,57,58,59,60,61,62,63,,,,,,,,,,,,,,,,,,,,,,,,,,,,,,,,,,,,,,,,,,,,,,,,,,,,,,,,,,,,,,,,,,,,,,,,,,,,,,,,,,,,,,,,,,,,,,,,,,,,,,,,,,,,,,,,,,,,,,,,,,,,,,,,,,,,,,,,,,,,,,,,,,,,,,,,,,,,,,,,,,,,,,,,,,,,,,,,,,,,,,,,,,,,,,,,
0,38,36,43,41,43,41,40,41,40,43,43,41,43,41,39,41,39,43,41,36,36,35,36,34,36,31,31,31,31,29,31,30,29,25,21,20,20,20,20,20,20,20,21,21,20,20,20,20,20,20,21,21,20,20,20,20,20,20,20,21,22,23,23,23,,,,,,,,,,,,,,,,,,,,,,,,,,,,,,,,,,,,,,,,,,,,,,,,,,,,,,,,,,,,,,,,,,,,,,,,,,,,,,,,,,,,,,,,,,,,,,,,,,,,,,,,,,,,,,,,,,,,,,,,,,,,,,,,,,,,,,,,,,,,,,,,,,,,,,,,,,,,,,,,,,,,,,,,,,,,,,,,,,,,,,,,,,,,,,,,
1,38,40,41,40,44,44,44,41,41,43,46,43,46,48,40,45,45,41,41,43,45,40,43,43,43,43,44,44,43,45,43,43,41,48,46,43,44,41,43,43,43,41,42,43,44,41,43,40,40,39,36,38,38,36,34,38,33,32,31,30,29,30,27,27,,,,,,,,,,,,,,,,,,,,,,,,,,,,,,,,,,,,,,,,,,,,,,,,,,,,,,,,,,,,,,,,,,,,,,,,,,,,,,,,,,,,,,,,,,,,,,,,,,,,,,,,,,,,,,,,,,,,,,,,,,,,,,,,,,,,,,,,,,,,,,,,,,,,,,,,,,,,,,,,,,,,,,,,,,,,,,,,,,,,,,,,,,,,,,,,
2,20,20,20,20,21,21,20,21,22,23,23,25,26,25,27,31,32,33,35,34,36,36,36,38,38,39,43,43,43,43,43,43,45,44,46,46,43,44,41,43,46,46,46,44,43,46,43,48,45,46,43,46,43,45,43,41,45,43,43,43,41,39,39,36,,,,,,,,,,,,,,,,,,,,,,,,,,,,,,,,,,,,,,,,,,,,,,,,,,,,,,,,,,,,,,,,,,,,,,,,,,,,,,,,,,,,,,,,,,,,,,,,,,,,,,,,,,,,,,,,,,,,,,,,,,,,,,,,,,,,,,,,,,,,,,,,,,,,,,,,,,,,,,,,,,,,,,,,,,,,,,,,,,,,,,,,,,,,,,,,
3,32,35,33,33,31,29,29,30,32,29,27,31,25,21,20,21,20,20,20,20,20,20,20,21,20,20,21,21,21,20,20,21,20,20,21,20,21,21,21,22,23,25,25,25,27,27,29,31,36,34,36,35,35,39,38,39,41,38,41,39,40,36,39,38,,,,,,,,,,,,,,,,,,,,,,,,,,,,,,,,,,,,,,,,,,,,,,,,,,,,,,,,,,,,,,,,,,,,,,,,,,,,,,,,,,,,,,,,,,,,,,,,,,,,,,,,,,,,,,,,,,,,,,,,,,,,,,,,,,,,,,,,,,,,,,,,,,,,,,,,,,,,,,,,,,,,,,,,,,,,,,,,,,,,,,,,,,,,,,,,
4,43,41,44,45,46,48,48,50,46,46,46,46,46,48,50,48,46,46,48,48,48,46,48,46,46,43,45,45,41,38,41,35,40,39,40,38,33,33,31,32,32,31,30,29,22,21,21,21,20,20,20,21,21,20,21,20,21,20,21,20,20,21,20,20,,,,,,,,,,,,,,,,,,,,,,,,,,,,,,,,,,,,,,,,,,,,,,,,,,,,,,,,,,,,,,,,,,,,,,,,,,,,,,,,,,,,,,,,,,,,,,,,,,,,,,,,,,,,,,,,,,,,,,,,,,,,,,,,,,,,,,,,,,,,,,,,,,,,,,,,,,,,,,,,,,,,,,,,,,,,,,,,,,,,,,,,,,,,,,,,
5,31,31,36,38,38,40,40,43,45,43,44,48,46,48,49,46,48,47,46,47,47,48,48,46,48,46,52,44,48,46,46,48,46,49,49,43,47,51,48,47,46,50,45,48,46,48,47,43,48,48,46,49,49,49,46,45,40,42,41,40,38,34,31,30,,,,,,,,,,,,,,,,,,,,,,,,,,,,,,,,,,,,,,,,,,,,,,,,,,,,,,,,,,,,,,,,,,,,,,,,,,,,,,,,,,,,,,,,,,,,,,,,,,,,,,,,,,,,,,,,,,,,,,,,,,,,,,,,,,,,,,,,,,,,,,,,,,,,,,,,,,,,,,,,,,,,,,,,,,,,,,,,,,,,,,,,,,,,,,,,
6,20,21,21,21,20,21,20,21,21,20,21,22,21,21,20,20,21,22,22,24,25,26,27,29,27,32,34,36,36,38,36,36,38,41,41,43,42,41,44,45,46,45,46,46,50,46,51,50,46,48,50,50,51,46,49,48,46,47,46,46,44,41,41,39,,,,,,,,,,,,,,,,,,,,,,,,,,,,,,,,,,,,,,,,,,,,,,,,,,,,,,,,,,,,,,,,,,,,,,,,,,,,,,,,,,,,,,,,,,,,,,,,,,,,,,,,,,,,,,,,,,,,,,,,,,,,,,,,,,,,,,,,,,,,,,,,,,,,,,,,,,,,,,,,,,,,,,,,,,,,,,,,,,,,,,,,,,,,,,,,
7,40,43,40,43,38,41,43,44,41,38,36,36,36,38,34,34,31,30,29,31,29,31,27,23,21,21,21,20,20,20,20,21,20,20,20,20,21,20,21,20,20,21,20,20,21,20,20,20,21,22,23,23,25,26,25,26,29,32,34,33,33,33,31,34,,,,,,,,,,,,,,,,,,,,,,,,,,,,,,,,,,,,,,,,,,,,,,,,,,,,,,,,,,,,,,,,,,,,,,,,,,,,,,,,,,,,,,,,,,,,,,,,,,,,,,,,,,,,,,,,,,,,,,,,,,,,,,,,,,,,,,,,,,,,,,,,,,,,,,,,,,,,,,,,,,,,,,,,,,,,,,,,,,,,,,,,,,,,,,,,
8,46,49,48,51,51,51,52,52,49,52,52,49,47,48,49,46,46,45,43,42,41,39,40,42,40,40,35,33,35,35,34,34,35,29,22,22,22,22,22,22,22,22,22,22,22,22,22,22,22,22,22,22,22,22,22,21,22,22,22,22,24,24,24,26,,,,,,,,,,,,,,,,,,,,,,,,,,,,,,,,,,,,,,,,,,,,,,,,,,,,,,,,,,,,,,,,,,,,,,,,,,,,,,,,,,,,,,,,,,,,,,,,,,,,,,,,,,,,,,,,,,,,,,,,,,,,,,,,,,,,,,,,,,,,,,,,,,,,,,,,,,,,,,,,,,,,,,,,,,,,,,,,,,,,,,,,,,,,,,,,
9,42,44,49,52,49,52,52,51,52,51,52,51,49,52,52,51,53,54,54,50,52,54,54,51,55,54,56,51,49,52,49,57,53,49,49,52,52,56,52,52,52,51,51,55,51,47,44,45,47,46,40,44,42,39,40,41,37,33,33,31,33,31,28,30,,,,,,,,,,,,,,,,,,,,,,,,,,,,,,,,,,,,,,,,,,,,,,,,,,,,,,,,,,,,,,,,,,,,,,,,,,,,,,,,,,,,,,,,,,,,,,,,,,,,,,,,,,,,,,,,,,,,,,,,,,,,,,,,,,,,,,,,,,,,,,,,,,,,,,,,,,,,,,,,,,,,,,,,,,,,,,,,,,,,,,,,,,,,,,,,
10,22,22,22,22,22,22,22,22,22,24,26,28,28,29,29,33,35,37,37,39,37,42,42,44,47,44,49,47,46,49,49,50,54,52,54,54,57,55,52,55,56,51,54,54,51,52,54,55,54,54,57,52,52,51,54,50,52,53,52,49,48,47,46,44,,,,,,,,,,,,,,,,,,,,,,,,,,,,,,,,,,,,,,,,,,,,,,,,,,,,,,,,,,,,,,,,,,,,,,,,,,,,,,,,,,,,,,,,,,,,,,,,,,,,,,,,,,,,,,,,,,,,,,,,,,,,,,,,,,,,,,,,,,,,,,,,,,,,,,,,,,,,,,,,,,,,,,,,,,,,,,,,,,,,,,,,,,,,,,,,
11,37,39,37,37,38,37,33,35,35,33,35,36,30,24,22,22,22,22,22,22,22,22,22,22,22,22,22,22,22,22,22,22,22,22,22,22,22,22,22,24,26,27,28,29,31,31,35,37,41,40,41,42,44,42,44,45,47,44,49,47,44,42,42,42,,,,,,,,,,,,,,,,,,,,,,,,,,,,,,,,,,,,,,,,,,,,,,,,,,,,,,,,,,,,,,,,,,,,,,,,,,,,,,,,,,,,,,,,,,,,,,,,,,,,,,,,,,,,,,,,,,,,,,,,,,,,,,,,,,,,,,,,,,,,,,,,,,,,,,,,,,,,,,,,,,,,,,,,,,,,,,,,,,,,,,,,,,,,,,,,
12,45,51,51,54,55,54,54,60,56,51,54,56,55,56,55,56,54,59,53,54,54,54,52,52,56,54,51,49,49,49,46,45,44,42,47,42,37,37,37,37,35,38,37,31,24,22,22,22,22,22,22,22,22,22,22,22,22,22,22,22,22,22,22,22,,,,,,,,,,,,,,,,,,,,,,,,,,,,,,,,,,,,,,,,,,,,,,,,,,,,,,,,,,,,,,,,,,,,,,,,,,,,,,,,,,,,,,,,,,,,,,,,,,,,,,,,,,,,,,,,,,,,,,,,,,,,,,,,,,,,,,,,,,,,,,,,,,,,,,,,,,,,,,,,,,,,,,,,,,,,,,,,,,,,,,,,,,,,,,,,
13,37,39,37,42,44,44,46,45,44,48,49,49,51,51,49,53,51,52,52,52,52,51,51,52,52,54,54,49,53,52,51,50,54,49,52,51,49,51,51,53,52,51,52,51,53,52,51,52,54,54,48,52,54,49,50,49,46,47,49,44,41,40,35,35,,,,,,,,,,,,,,,,,,,,,,,,,,,,,,,,,,,,,,,,,,,,,,,,,,,,,,,,,,,,,,,,,,,,,,,,,,,,,,,,,,,,,,,,,,,,,,,,,,,,,,,,,,,,,,,,,,,,,,,,,,,,,,,,,,,,,,,,,,,,,,,,,,,,,,,,,,,,,,,,,,,,,,,,,,,,,,,,,,,,,,,,,,,,,,,,
14,22,22,22,22,22,22,22,22,22,22,22,22,22,22,22,22,22,22,24,26,26,28,28,28,30,31,37,39,38,37,39,39,44,42,44,45,47,45,49,44,45,49,47,57,49,51,52,49,51,51,54,52,54,49,47,49,49,48,47,47,47,42,44,40,,,,,,,,,,,,,,,,,,,,,,,,,,,,,,,,,,,,,,,,,,,,,,,,,,,,,,,,,,,,,,,,,,,,,,,,,,,,,,,,,,,,,,,,,,,,,,,,,,,,,,,,,,,,,,,,,,,,,,,,,,,,,,,,,,,,,,,,,,,,,,,,,,,,,,,,,,,,,,,,,,,,,,,,,,,,,,,,,,,,,,,,,,,,,,,,
15,42,46,42,44,44,45,45,46,44,42,39,42,40,42,37,37,35,33,35,35,32,35,31,24,22,22,22,22,22,22,22,22,22,22,22,22,22,22,22,22,22,22,22,22,22,22,22,22,22,24,26,26,26,28,29,30,31,36,36,37,35,37,35,36,,,,,,,,,,,,,,,,,,,,,,,,,,,,,,,,,,,,,,,,,,,,,,,,,,,,,,,,,,,,,,,,,,,,,,,,,,,,,,,,,,,,,,,,,,,,,,,,,,,,,,,,,,,,,,,,,,,,,,,,,,,,,,,,,,,,,,,,,,,,,,,,,,,,,,,,,,,,,,,,,,,,,,,,,,,,,,,,,,,,,,,,,,,,,,,,
16,43,44,47,47,47,52,49,49,49,52,52,50,50,50,46,47,44,47,42,43,41,39,41,39,39,34,34,33,30,33,33,33,31,27,23,23,23,23,23,22,23,22,23,23,22,22,22,23,23,22,23,23,22,23,22,22,22,22,23,23,24,25,25,25,,,,,,,,,,,,,,,,,,,,,,,,,,,,,,,,,,,,,,,,,,,,,,,,,,,,,,,,,,,,,,,,,,,,,,,,,,,,,,,,,,,,,,,,,,,,,,,,,,,,,,,,,,,,,,,,,,,,,,,,,,,,,,,,,,,,,,,,,,,,,,,,,,,,,,,,,,,,,,,,,,,,,,,,,,,,,,,,,,,,,,,,,,,,,,,,
17,43,46,49,54,49,50,53,56,53,56,53,52,56,53,56,53,53,53,56,53,57,55,52,52,53,52,53,55,54,55,57,56,55,53,53,52,56,54,52,50,50,53,53,53,53,49,50,49,50,48,47,42,43,43,39,43,38,38,34,36,34,34,31,30,,,,,,,,,,,,,,,,,,,,,,,,,,,,,,,,,,,,,,,,,,,,,,,,,,,,,,,,,,,,,,,,,,,,,,,,,,,,,,,,,,,,,,,,,,,,,,,,,,,,,,,,,,,,,,,,,,,,,,,,,,,,,,,,,,,,,,,,,,,,,,,,,,,,,,,,,,,,,,,,,,,,,,,,,,,,,,,,,,,,,,,,,,,,,,,,
18,22,22,23,23,23,22,23,23,25,25,27,27,29,31,31,36,34,39,39,41,41,41,44,47,45,49,49,49,52,52,49,52,55,53,52,50,50,52,53,52,55,53,53,50,52,52,56,53,54,52,50,52,56,53,56,53,55,52,47,49,49,44,47,42,,,,,,,,,,,,,,,,,,,,,,,,,,,,,,,,,,,,,,,,,,,,,,,,,,,,,,,,,,,,,,,,,,,,,,,,,,,,,,,,,,,,,,,,,,,,,,,,,,,,,,,,,,,,,,,,,,,,,,,,,,,,,,,,,,,,,,,,,,,,,,,,,,,,,,,,,,,,,,,,,,,,,,,,,,,,,,,,,,,,,,,,,,,,,,,,
19,38,43,41,46,41,39,36,38,36,38,38,36,31,24,23,23,23,22,23,23,22,23,22,23,22,22,23,23,23,23,23,23,23,23,22,23,22,23,23,25,27,29,30,31,32,32,38,41,44,43,44,44,46,50,46,50,55,52,51,50,50,49,46,46,,,,,,,,,,,,,,,,,,,,,,,,,,,,,,,,,,,,,,,,,,,,,,,,,,,,,,,,,,,,,,,,,,,,,,,,,,,,,,,,,,,,,,,,,,,,,,,,,,,,,,,,,,,,,,,,,,,,,,,,,,,,,,,,,,,,,,,,,,,,,,,,,,,,,,,,,,,,,,,,,,,,,,,,,,,,,,,,,,,,,,,,,,,,,,,,
20,41,46,46,46,47,49,50,53,47,49,52,55,53,52,53,53,52,49,50,49,50,52,53,49,49,44,46,47,44,43,40,42,40,39,41,36,34,34,33,34,33,32,36,29,24,23,23,22,22,23,23,22,23,23,23,22,22,22,23,23,22,22,22,22,,,,,,,,,,,,,,,,,,,,,,,,,,,,,,,,,,,,,,,,,,,,,,,,,,,,,,,,,,,,,,,,,,,,,,,,,,,,,,,,,,,,,,,,,,,,,,,,,,,,,,,,,,,,,,,,,,,,,,,,,,,,,,,,,,,,,,,,,,,,,,,,,,,,,,,,,,,,,,,,,,,,,,,,,,,,,,,,,,,,,,,,,,,,,,,,
21,34,37,39,43,44,44,46,46,47,45,49,52,52,55,53,55,50,53,57,54,53,52,50,50,50,50,49,50,50,55,53,55,52,52,52,53,52,52,52,50,54,52,50,52,52,51,51,49,52,51,50,52,52,49,49,49,46,44,43,43,42,41,36,34,,,,,,,,,,,,,,,,,,,,,,,,,,,,,,,,,,,,,,,,,,,,,,,,,,,,,,,,,,,,,,,,,,,,,,,,,,,,,,,,,,,,,,,,,,,,,,,,,,,,,,,,,,,,,,,,,,,,,,,,,,,,,,,,,,,,,,,,,,,,,,,,,,,,,,,,,,,,,,,,,,,,,,,,,,,,,,,,,,,,,,,,,,,,,,,,
22,23,23,23,23,22,23,23,22,22,22,23,23,22,23,22,23,22,23,23,27,25,29,29,29,29,33,36,38,38,41,39,41,41,43,47,49,46,47,47,47,47,52,52,53,50,52,56,51,55,56,55,56,55,49,50,56,53,50,50,52,47,46,43,42,,,,,,,,,,,,,,,,,,,,,,,,,,,,,,,,,,,,,,,,,,,,,,,,,,,,,,,,,,,,,,,,,,,,,,,,,,,,,,,,,,,,,,,,,,,,,,,,,,,,,,,,,,,,,,,,,,,,,,,,,,,,,,,,,,,,,,,,,,,,,,,,,,,,,,,,,,,,,,,,,,,,,,,,,,,,,,,,,,,,,,,,,,,,,,,,
23,41,46,44,43,43,46,46,43,41,41,39,39,37,39,37,34,32,31,34,30,33,33,30,24,23,23,23,22,23,23,22,22,22,23,22,22,23,22,23,22,22,23,23,22,23,23,22,23,23,25,25,25,25,27,29,27,30,33,34,36,33,36,34,34,,,,,,,,,,,,,,,,,,,,,,,,,,,,,,,,,,,,,,,,,,,,,,,,,,,,,,,,,,,,,,,,,,,,,,,,,,,,,,,,,,,,,,,,,,,,,,,,,,,,,,,,,,,,,,,,,,,,,,,,,,,,,,,,,,,,,,,,,,,,,,,,,,,,,,,,,,,,,,,,,,,,,,,,,,,,,,,,,,,,,,,,,,,,,,,,
24,47,47,50,48,50,51,53,52,49,52,53,52,50,53,50,50,48,47,47,45,46,41,45,44,44,44,40,35,36,35,35,39,37,31,25,24,24,24,24,24,24,24,24,24,24,24,24,24,24,24,24,24,24,24,24,24,24,24,24,24,26,26,28,26,,,,,,,,,,,,,,,,,,,,,,,,,,,,,,,,,,,,,,,,,,,,,,,,,,,,,,,,,,,,,,,,,,,,,,,,,,,,,,,,,,,,,,,,,,,,,,,,,,,,,,,,,,,,,,,,,,,,,,,,,,,,,,,,,,,,,,,,,,,,,,,,,,,,,,,,,,,,,,,,,,,,,,,,,,,,,,,,,,,,,,,,,,,,,,,,
25,40,45,45,49,48,50,53,50,50,52,51,50,50,50,55,53,50,52,52,50,52,52,52,53,55,52,51,52,47,53,52,53,48,50,52,49,55,50,52,50,50,50,52,55,48,44,48,46,45,43,42,40,40,39,39,40,38,33,33,34,32,31,32,33,,,,,,,,,,,,,,,,,,,,,,,,,,,,,,,,,,,,,,,,,,,,,,,,,,,,,,,,,,,,,,,,,,,,,,,,,,,,,,,,,,,,,,,,,,,,,,,,,,,,,,,,,,,,,,,,,,,,,,,,,,,,,,,,,,,,,,,,,,,,,,,,,,,,,,,,,,,,,,,,,,,,,,,,,,,,,,,,,,,,,,,,,,,,,,,,
26,23,23,24,24,24,24,24,24,25,28,28,28,30,28,32,33,37,39,39,39,39,42,42,46,45,48,47,48,49,47,46,48,52,53,55,50,57,52,55,50,53,53,52,52,50,55,51,56,53,52,49,56,53,53,53,50,47,50,52,48,49,47,45,44,,,,,,,,,,,,,,,,,,,,,,,,,,,,,,,,,,,,,,,,,,,,,,,,,,,,,,,,,,,,,,,,,,,,,,,,,,,,,,,,,,,,,,,,,,,,,,,,,,,,,,,,,,,,,,,,,,,,,,,,,,,,,,,,,,,,,,,,,,,,,,,,,,,,,,,,,,,,,,,,,,,,,,,,,,,,,,,,,,,,,,,,,,,,,,,,
27,33,37,39,40,35,35,32,37,34,35,33,35,30,25,24,24,24,24,24,24,23,24,23,24,23,24,24,24,24,24,24,24,24,24,24,24,24,24,24,26,26,28,30,30,31,30,34,37,38,39,40,39,40,42,44,44,44,46,45,47,45,41,42,42,,,,,,,,,,,,,,,,,,,,,,,,,,,,,,,,,,,,,,,,,,,,,,,,,,,,,,,,,,,,,,,,,,,,,,,,,,,,,,,,,,,,,,,,,,,,,,,,,,,,,,,,,,,,,,,,,,,,,,,,,,,,,,,,,,,,,,,,,,,,,,,,,,,,,,,,,,,,,,,,,,,,,,,,,,,,,,,,,,,,,,,,,,,,,,,,
28,42,46,47,50,51,48,47,50,50,47,49,50,53,50,56,55,49,52,50,53,50,56,52,47,47,47,47,47,44,44,42,42,40,39,40,38,35,35,34,35,35,35,35,30,25,24,25,23,24,24,24,24,24,24,24,24,24,23,24,24,24,24,24,24,,,,,,,,,,,,,,,,,,,,,,,,,,,,,,,,,,,,,,,,,,,,,,,,,,,,,,,,,,,,,,,,,,,,,,,,,,,,,,,,,,,,,,,,,,,,,,,,,,,,,,,,,,,,,,,,,,,,,,,,,,,,,,,,,,,,,,,,,,,,,,,,,,,,,,,,,,,,,,,,,,,,,,,,,,,,,,,,,,,,,,,,,,,,,,,,
29,36,37,40,40,44,45,44,48,47,49,48,53,52,53,50,52,49,50,52,53,52,52,52,53,55,51,52,53,53,53,55,53,51,50,52,56,56,52,50,52,55,53,49,54,52,55,55,52,53,52,50,50,48,50,48,47,44,44,44,41,42,38,35,34,,,,,,,,,,,,,,,,,,,,,,,,,,,,,,,,,,,,,,,,,,,,,,,,,,,,,,,,,,,,,,,,,,,,,,,,,,,,,,,,,,,,,,,,,,,,,,,,,,,,,,,,,,,,,,,,,,,,,,,,,,,,,,,,,,,,,,,,,,,,,,,,,,,,,,,,,,,,,,,,,,,,,,,,,,,,,,,,,,,,,,,,,,,,,,,,
30,24,24,24,24,23,24,24,24,23,23,24,24,23,24,23,23,24,24,25,26,26,28,30,32,30,32,37,39,40,38,38,39,42,44,43,46,47,49,47,46,47,49,52,49,53,52,52,50,52,53,53,50,53,50,53,53,52,47,50,47,47,47,47,42,,,,,,,,,,,,,,,,,,,,,,,,,,,,,,,,,,,,,,,,,,,,,,,,,,,,,,,,,,,,,,,,,,,,,,,,,,,,,,,,,,,,,,,,,,,,,,,,,,,,,,,,,,,,,,,,,,,,,,,,,,,,,,,,,,,,,,,,,,,,,,,,,,,,,,,,,,,,,,,,,,,,,,,,,,,,,,,,,,,,,,,,,,,,,,,,
31,44,44,43,47,43,43,47,46,40,42,40,40,37,40,37,34,34,33,34,32,32,33,30,26,24,24,24,24,24,24,23,24,24,24,23,23,24,23,24,24,24,24,24,24,24,24,23,24,24,25,26,26,28,28,29,30,32,35,37,35,37,37,35,37,,,,,,,,,,,,,,,,,,,,,,,,,,,,,,,,,,,,,,,,,,,,,,,,,,,,,,,,,,,,,,,,,,,,,,,,,,,,,,,,,,,,,,,,,,,,,,,,,,,,,,,,,,,,,,,,,,,,,,,,,,,,,,,,,,,,,,,,,,,,,,,,,,,,,,,,,,,,,,,,,,,,,,,,,,,,,,,,,,,,,,,,,,,,,,,,
32,48,45,52,52,49,51,54,56,56,54,56,54,52,52,50,45,49,47,49,45,49,43,47,45,45,41,38,36,38,38,38,40,38,32,26,25,25,25,25,25,25,25,25,25,25,25,25,25,25,25,25,25,25,26,25,25,25,25,25,25,27,27,27,30,,,,,,,,,,,,,,,,,,,,,,,,,,,,,,,,,,,,,,,,,,,,,,,,,,,,,,,,,,,,,,,,,,,,,,,,,,,,,,,,,,,,,,,,,,,,,,,,,,,,,,,,,,,,,,,,,,,,,,,,,,,,,,,,,,,,,,,,,,,,,,,,,,,,,,,,,,,,,,,,,,,,,,,,,,,,,,,,,,,,,,,,,,,,,,,,
33,43,45,49,50,51,51,54,51,54,52,53,52,54,54,54,54,54,55,51,54,56,54,50,54,52,55,55,56,54,54,54,51,52,53,52,54,54,54,54,55,54,52,51,54,50,50,49,49,49,47,45,43,42,42,43,42,40,36,36,38,33,34,33,32,,,,,,,,,,,,,,,,,,,,,,,,,,,,,,,,,,,,,,,,,,,,,,,,,,,,,,,,,,,,,,,,,,,,,,,,,,,,,,,,,,,,,,,,,,,,,,,,,,,,,,,,,,,,,,,,,,,,,,,,,,,,,,,,,,,,,,,,,,,,,,,,,,,,,,,,,,,,,,,,,,,,,,,,,,,,,,,,,,,,,,,,,,,,,,,,
34,25,25,25,25,25,25,25,25,27,28,29,31,31,34,34,38,42,42,43,42,40,40,45,49,47,49,49,50,48,49,49,51,54,54,54,54,54,55,56,54,56,54,60,58,56,57,56,56,54,55,54,54,52,56,55,52,56,54,51,52,51,47,47,47,,,,,,,,,,,,,,,,,,,,,,,,,,,,,,,,,,,,,,,,,,,,,,,,,,,,,,,,,,,,,,,,,,,,,,,,,,,,,,,,,,,,,,,,,,,,,,,,,,,,,,,,,,,,,,,,,,,,,,,,,,,,,,,,,,,,,,,,,,,,,,,,,,,,,,,,,,,,,,,,,,,,,,,,,,,,,,,,,,,,,,,,,,,,,,,,
35,38,40,40,39,38,38,36,36,36,36,36,35,32,25,25,25,25,25,25,25,25,25,25,25,25,25,25,25,25,25,25,25,25,25,25,25,25,25,25,26,27,29,30,31,32,33,36,38,38,40,42,43,43,45,45,45,47,48,47,47,45,45,45,43,,,,,,,,,,,,,,,,,,,,,,,,,,,,,,,,,,,,,,,,,,,,,,,,,,,,,,,,,,,,,,,,,,,,,,,,,,,,,,,,,,,,,,,,,,,,,,,,,,,,,,,,,,,,,,,,,,,,,,,,,,,,,,,,,,,,,,,,,,,,,,,,,,,,,,,,,,,,,,,,,,,,,,,,,,,,,,,,,,,,,,,,,,,,,,,,
36,47,51,49,52,52,56,53,54,55,50,52,54,52,52,56,55,52,54,55,55,55,54,56,48,51,47,49,47,50,45,43,42,42,40,43,41,38,38,38,36,38,38,38,32,27,25,25,25,25,25,25,25,25,25,25,25,25,25,25,25,25,25,25,25,,,,,,,,,,,,,,,,,,,,,,,,,,,,,,,,,,,,,,,,,,,,,,,,,,,,,,,,,,,,,,,,,,,,,,,,,,,,,,,,,,,,,,,,,,,,,,,,,,,,,,,,,,,,,,,,,,,,,,,,,,,,,,,,,,,,,,,,,,,,,,,,,,,,,,,,,,,,,,,,,,,,,,,,,,,,,,,,,,,,,,,,,,,,,,,,
37,38,42,42,45,49,47,50,48,49,52,54,53,54,56,58,51,54,54,56,52,59,52,52,22,56,55,56,57,54,54,55,56,56,52,56,55,54,56,54,57,54,55,54,56,54,57,52,54,54,56,54,53,54,51,54,50,49,47,51,45,45,41,38,36,,,,,,,,,,,,,,,,,,,,,,,,,,,,,,,,,,,,,,,,,,,,,,,,,,,,,,,,,,,,,,,,,,,,,,,,,,,,,,,,,,,,,,,,,,,,,,,,,,,,,,,,,,,,,,,,,,,,,,,,,,,,,,,,,,,,,,,,,,,,,,,,,,,,,,,,,,,,,,,,,,,,,,,,,,,,,,,,,,,,,,,,,,,,,,,,
38,25,25,25,25,25,25,25,25,25,25,25,25,25,25,25,25,25,25,25,27,29,29,31,32,31,34,36,40,38,38,40,42,44,45,45,50,50,48,49,50,50,50,49,54,57,52,56,59,54,51,57,54,52,54,53,52,52,52,49,48,49,50,46,43,,,,,,,,,,,,,,,,,,,,,,,,,,,,,,,,,,,,,,,,,,,,,,,,,,,,,,,,,,,,,,,,,,,,,,,,,,,,,,,,,,,,,,,,,,,,,,,,,,,,,,,,,,,,,,,,,,,,,,,,,,,,,,,,,,,,,,,,,,,,,,,,,,,,,,,,,,,,,,,,,,,,,,,,,,,,,,,,,,,,,,,,,,,,,,,,
39,46,47,47,47,45,48,45,47,44,43,40,44,41,45,40,39,36,36,36,34,36,36,33,27,25,25,25,25,25,25,25,25,25,25,25,25,25,25,25,25,25,25,25,25,25,25,25,25,25,27,29,27,29,31,31,33,34,38,38,40,38,41,38,38,,,,,,,,,,,,,,,,,,,,,,,,,,,,,,,,,,,,,,,,,,,,,,,,,,,,,,,,,,,,,,,,,,,,,,,,,,,,,,,,,,,,,,,,,,,,,,,,,,,,,,,,,,,,,,,,,,,,,,,,,,,,,,,,,,,,,,,,,,,,,,,,,,,,,,,,,,,,,,,,,,,,,,,,,,,,,,,,,,,,,,,,,,,,,,,,
40,47,49,49,47,51,52,47,52,49,52,52,55,50,47,47,49,47,50,47,47,42,44,42,43,41,41,36,37,35,37,36,37,35,30,26,24,24,24,24,24,24,25,25,26,25,24,24,24,25,24,25,26,25,25,25,24,25,24,24,25,28,28,28,28,,,,,,,,,,,,,,,,,,,,,,,,,,,,,,,,,,,,,,,,,,,,,,,,,,,,,,,,,,,,,,,,,,,,,,,,,,,,,,,,,,,,,,,,,,,,,,,,,,,,,,,,,,,,,,,,,,,,,,,,,,,,,,,,,,,,,,,,,,,,,,,,,,,,,,,,,,,,,,,,,,,,,,,,,,,,,,,,,,,,,,,,,,,,,,,,
41,42,42,47,49,49,47,50,52,51,54,52,54,53,51,57,53,53,50,52,49,55,52,53,54,51,52,50,49,54,54,49,52,52,52,52,49,52,53,54,53,52,52,54,54,49,49,49,46,47,45,41,41,39,41,42,42,39,34,32,35,34,32,31,30,,,,,,,,,,,,,,,,,,,,,,,,,,,,,,,,,,,,,,,,,,,,,,,,,,,,,,,,,,,,,,,,,,,,,,,,,,,,,,,,,,,,,,,,,,,,,,,,,,,,,,,,,,,,,,,,,,,,,,,,,,,,,,,,,,,,,,,,,,,,,,,,,,,,,,,,,,,,,,,,,,,,,,,,,,,,,,,,,,,,,,,,,,,,,,,,
42,24,24,24,25,24,24,24,25,26,28,30,30,30,32,32,39,39,40,40,44,41,42,44,44,46,54,47,48,49,51,47,52,49,55,55,54,57,57,54,54,52,58,52,52,54,54,54,55,51,55,55,52,52,55,49,54,49,51,52,49,47,49,47,49,,,,,,,,,,,,,,,,,,,,,,,,,,,,,,,,,,,,,,,,,,,,,,,,,,,,,,,,,,,,,,,,,,,,,,,,,,,,,,,,,,,,,,,,,,,,,,,,,,,,,,,,,,,,,,,,,,,,,,,,,,,,,,,,,,,,,,,,,,,,,,,,,,,,,,,,,,,,,,,,,,,,,,,,,,,,,,,,,,,,,,,,,,,,,,,,
43,37,39,40,40,37,37,35,36,35,35,35,35,31,26,25,25,25,24,24,25,24,24,24,25,24,24,25,24,25,24,24,25,24,25,24,24,24,26,26,26,28,30,28,30,32,33,36,39,39,39,40,41,44,45,45,47,49,47,47,47,46,44,46,42,,,,,,,,,,,,,,,,,,,,,,,,,,,,,,,,,,,,,,,,,,,,,,,,,,,,,,,,,,,,,,,,,,,,,,,,,,,,,,,,,,,,,,,,,,,,,,,,,,,,,,,,,,,,,,,,,,,,,,,,,,,,,,,,,,,,,,,,,,,,,,,,,,,,,,,,,,,,,,,,,,,,,,,,,,,,,,,,,,,,,,,,,,,,,,,,
44,42,44,47,49,49,46,49,51,52,54,54,50,52,51,57,57,52,51,50,51,54,55,52,49,47,46,46,45,45,44,41,39,42,42,41,38,36,36,34,35,33,35,33,32,26,26,24,24,24,24,25,24,24,24,24,24,25,24,25,25,24,24,24,24,,,,,,,,,,,,,,,,,,,,,,,,,,,,,,,,,,,,,,,,,,,,,,,,,,,,,,,,,,,,,,,,,,,,,,,,,,,,,,,,,,,,,,,,,,,,,,,,,,,,,,,,,,,,,,,,,,,,,,,,,,,,,,,,,,,,,,,,,,,,,,,,,,,,,,,,,,,,,,,,,,,,,,,,,,,,,,,,,,,,,,,,,,,,,,,,
45,37,37,39,40,46,45,49,47,49,48,49,52,52,53,55,51,51,54,55,55,52,51,52,52,54,51,52,52,52,52,49,52,52,55,52,54,52,53,54,55,50,51,52,50,52,52,51,51,51,54,54,53,52,51,49,50,47,46,44,41,42,39,35,35,,,,,,,,,,,,,,,,,,,,,,,,,,,,,,,,,,,,,,,,,,,,,,,,,,,,,,,,,,,,,,,,,,,,,,,,,,,,,,,,,,,,,,,,,,,,,,,,,,,,,,,,,,,,,,,,,,,,,,,,,,,,,,,,,,,,,,,,,,,,,,,,,,,,,,,,,,,,,,,,,,,,,,,,,,,,,,,,,,,,,,,,,,,,,,,,
46,24,24,25,24,24,24,24,24,24,25,24,25,24,25,25,24,25,25,26,28,30,30,31,32,32,34,41,41,39,40,44,41,44,46,44,49,50,49,52,49,49,50,52,52,55,50,55,57,54,55,52,56,55,54,54,54,57,55,52,52,51,44,45,44,,,,,,,,,,,,,,,,,,,,,,,,,,,,,,,,,,,,,,,,,,,,,,,,,,,,,,,,,,,,,,,,,,,,,,,,,,,,,,,,,,,,,,,,,,,,,,,,,,,,,,,,,,,,,,,,,,,,,,,,,,,,,,,,,,,,,,,,,,,,,,,,,,,,,,,,,,,,,,,,,,,,,,,,,,,,,,,,,,,,,,,,,,,,,,,,
47,46,49,49,51,44,46,49,49,45,42,45,44,46,44,42,38,38,37,37,35,37,34,32,26,26,24,25,24,26,25,25,25,24,25,24,24,26,24,24,24,24,25,24,24,25,25,24,24,26,26,28,28,30,32,32,33,35,37,40,40,40,40,38,39,,,,,,,,,,,,,,,,,,,,,,,,,,,,,,,,,,,,,,,,,,,,,,,,,,,,,,,,,,,,,,,,,,,,,,,,,,,,,,,,,,,,,,,,,,,,,,,,,,,,,,,,,,,,,,,,,,,,,,,,,,,,,,,,,,,,,,,,,,,,,,,,,,,,,,,,,,,,,,,,,,,,,,,,,,,,,,,,,,,,,,,,,,,,,,,,
48,46,51,48,49,51,50,54,50,53,54,56,53,54,50,51,49,49,48,51,46,48,45,43,46,46,40,40,38,39,41,39,38,38,31,25,24,24,23,25,24,25,24,25,24,25,24,24,24,24,24,25,25,24,24,25,24,24,24,24,24,27,27,27,29,,,,,,,,,,,,,,,,,,,,,,,,,,,,,,,,,,,,,,,,,,,,,,,,,,,,,,,,,,,,,,,,,,,,,,,,,,,,,,,,,,,,,,,,,,,,,,,,,,,,,,,,,,,,,,,,,,,,,,,,,,,,,,,,,,,,,,,,,,,,,,,,,,,,,,,,,,,,,,,,,,,,,,,,,,,,,,,,,,,,,,,,,,,,,,,,
49,45,46,49,50,50,50,51,54,57,54,51,54,51,53,53,51,51,51,56,56,54,51,51,53,54,56,55,56,53,53,59,56,53,56,56,53,56,56,54,54,54,53,53,51,51,49,49,50,48,48,46,41,41,43,41,43,40,37,35,36,33,34,33,33,,,,,,,,,,,,,,,,,,,,,,,,,,,,,,,,,,,,,,,,,,,,,,,,,,,,,,,,,,,,,,,,,,,,,,,,,,,,,,,,,,,,,,,,,,,,,,,,,,,,,,,,,,,,,,,,,,,,,,,,,,,,,,,,,,,,,,,,,,,,,,,,,,,,,,,,,,,,,,,,,,,,,,,,,,,,,,,,,,,,,,,,,,,,,,,,
50,23,24,24,24,24,25,24,25,26,26,28,29,29,31,31,35,38,38,40,40,40,41,43,45,45,47,46,46,50,46,48,53,51,53,53,54,54,53,49,56,56,54,56,52,56,53,56,51,51,54,51,54,54,52,51,51,53,50,53,51,49,47,47,43,,,,,,,,,,,,,,,,,,,,,,,,,,,,,,,,,,,,,,,,,,,,,,,,,,,,,,,,,,,,,,,,,,,,,,,,,,,,,,,,,,,,,,,,,,,,,,,,,,,,,,,,,,,,,,,,,,,,,,,,,,,,,,,,,,,,,,,,,,,,,,,,,,,,,,,,,,,,,,,,,,,,,,,,,,,,,,,,,,,,,,,,,,,,,,,,
51,40,38,41,41,38,38,33,34,35,34,34,36,31,25,24,24,24,24,24,25,23,24,24,24,24,24,24,24,25,24,24,24,24,25,24,24,24,25,25,25,27,27,29,30,31,32,36,40,39,40,41,41,41,39,45,47,51,46,46,47,45,45,45,43,,,,,,,,,,,,,,,,,,,,,,,,,,,,,,,,,,,,,,,,,,,,,,,,,,,,,,,,,,,,,,,,,,,,,,,,,,,,,,,,,,,,,,,,,,,,,,,,,,,,,,,,,,,,,,,,,,,,,,,,,,,,,,,,,,,,,,,,,,,,,,,,,,,,,,,,,,,,,,,,,,,,,,,,,,,,,,,,,,,,,,,,,,,,,,,,
52,43,45,50,45,49,48,51,50,50,51,50,51,50,53,48,51,54,51,50,51,51,51,50,51,47,48,47,46,46,43,41,40,38,39,40,38,38,34,33,33,33,35,34,31,26,25,24,24,24,24,24,24,24,24,24,24,24,24,24,24,24,24,24,24,,,,,,,,,,,,,,,,,,,,,,,,,,,,,,,,,,,,,,,,,,,,,,,,,,,,,,,,,,,,,,,,,,,,,,,,,,,,,,,,,,,,,,,,,,,,,,,,,,,,,,,,,,,,,,,,,,,,,,,,,,,,,,,,,,,,,,,,,,,,,,,,,,,,,,,,,,,,,,,,,,,,,,,,,,,,,,,,,,,,,,,,,,,,,,,,
53,38,40,45,44,50,48,47,48,49,50,48,53,56,51,53,53,52,51,56,53,54,53,56,52,53,51,56,52,53,54,53,53,54,53,53,54,56,51,54,54,54,56,56,53,54,53,54,53,53,56,54,54,51,53,50,50,48,48,51,48,42,41,41,38,,,,,,,,,,,,,,,,,,,,,,,,,,,,,,,,,,,,,,,,,,,,,,,,,,,,,,,,,,,,,,,,,,,,,,,,,,,,,,,,,,,,,,,,,,,,,,,,,,,,,,,,,,,,,,,,,,,,,,,,,,,,,,,,,,,,,,,,,,,,,,,,,,,,,,,,,,,,,,,,,,,,,,,,,,,,,,,,,,,,,,,,,,,,,,,,
54,24,24,24,25,24,24,23,23,24,24,24,25,24,25,24,24,24,24,27,29,29,29,32,31,32,33,38,39,37,43,42,44,43,47,50,45,46,45,46,48,48,50,50,53,51,51,51,53,51,52,53,51,51,49,48,46,50,47,49,48,48,46,46,42,,,,,,,,,,,,,,,,,,,,,,,,,,,,,,,,,,,,,,,,,,,,,,,,,,,,,,,,,,,,,,,,,,,,,,,,,,,,,,,,,,,,,,,,,,,,,,,,,,,,,,,,,,,,,,,,,,,,,,,,,,,,,,,,,,,,,,,,,,,,,,,,,,,,,,,,,,,,,,,,,,,,,,,,,,,,,,,,,,,,,,,,,,,,,,,,
55,48,50,45,47,50,50,49,48,43,45,45,43,43,46,41,39,38,38,36,36,34,36,33,27,25,25,25,24,24,25,24,24,25,24,24,24,24,25,24,24,24,25,24,25,24,25,25,24,25,26,27,29,29,31,32,32,34,39,43,42,38,38,38,42,,,,,,,,,,,,,,,,,,,,,,,,,,,,,,,,,,,,,,,,,,,,,,,,,,,,,,,,,,,,,,,,,,,,,,,,,,,,,,,,,,,,,,,,,,,,,,,,,,,,,,,,,,,,,,,,,,,,,,,,,,,,,,,,,,,,,,,,,,,,,,,,,,,,,,,,,,,,,,,,,,,,,,,,,,,,,,,,,,,,,,,,,,,,,,,,
56,40,47,45,44,48,49,49,47,50,48,51,52,50,49,45,44,47,45,42,43,42,36,40,38,39,38,33,33,33,35,36,33,33,29,25,24,24,24,24,24,24,24,24,24,24,24,24,24,24,24,24,24,24,24,24,24,24,24,24,24,26,26,26,26,,,,,,,,,,,,,,,,,,,,,,,,,,,,,,,,,,,,,,,,,,,,,,,,,,,,,,,,,,,,,,,,,,,,,,,,,,,,,,,,,,,,,,,,,,,,,,,,,,,,,,,,,,,,,,,,,,,,,,,,,,,,,,,,,,,,,,,,,,,,,,,,,,,,,,,,,,,,,,,,,,,,,,,,,,,,,,,,,,,,,,,,,,,,,,,,
57,42,45,47,50,47,47,52,52,50,53,52,55,53,52,52,53,49,52,50,52,52,55,52,53,50,54,50,53,51,52,51,51,53,52,52,52,50,52,50,52,53,50,50,53,48,50,45,50,47,52,45,45,42,44,40,40,38,37,33,36,33,31,33,31,,,,,,,,,,,,,,,,,,,,,,,,,,,,,,,,,,,,,,,,,,,,,,,,,,,,,,,,,,,,,,,,,,,,,,,,,,,,,,,,,,,,,,,,,,,,,,,,,,,,,,,,,,,,,,,,,,,,,,,,,,,,,,,,,,,,,,,,,,,,,,,,,,,,,,,,,,,,,,,,,,,,,,,,,,,,,,,,,,,,,,,,,,,,,,,,
58,24,24,24,24,24,24,24,24,26,26,27,28,29,31,29,33,37,36,39,38,38,40,40,43,42,42,46,47,47,43,47,45,50,50,50,47,53,49,50,50,48,50,50,48,53,48,50,50,50,50,49,52,50,54,48,50,50,52,49,46,45,43,45,42,,,,,,,,,,,,,,,,,,,,,,,,,,,,,,,,,,,,,,,,,,,,,,,,,,,,,,,,,,,,,,,,,,,,,,,,,,,,,,,,,,,,,,,,,,,,,,,,,,,,,,,,,,,,,,,,,,,,,,,,,,,,,,,,,,,,,,,,,,,,,,,,,,,,,,,,,,,,,,,,,,,,,,,,,,,,,,,,,,,,,,,,,,,,,,,,
59,35,35,37,37,35,35,33,33,33,33,31,35,28,25,24,24,24,24,24,24,24,24,23,24,24,24,24,24,24,24,24,24,24,24,24,24,24,24,24,25,27,27,28,27,31,31,33,35,38,37,40,40,40,40,40,42,42,47,45,42,44,42,42,42,,,,,,,,,,,,,,,,,,,,,,,,,,,,,,,,,,,,,,,,,,,,,,,,,,,,,,,,,,,,,,,,,,,,,,,,,,,,,,,,,,,,,,,,,,,,,,,,,,,,,,,,,,,,,,,,,,,,,,,,,,,,,,,,,,,,,,,,,,,,,,,,,,,,,,,,,,,,,,,,,,,,,,,,,,,,,,,,,,,,,,,,,,,,,,,,
60,42,43,45,47,45,49,50,48,49,48,49,50,48,49,50,47,52,49,50,48,50,50,50,48,48,50,48,48,47,48,48,45,45,45,45,39,38,40,38,40,40,37,35,33,33,35,34,33,33,29,24,24,24,24,24,24,24,24,24,24,24,24,24,24,,,,,,,,,,,,,,,,,,,,,,,,,,,,,,,,,,,,,,,,,,,,,,,,,,,,,,,,,,,,,,,,,,,,,,,,,,,,,,,,,,,,,,,,,,,,,,,,,,,,,,,,,,,,,,,,,,,,,,,,,,,,,,,,,,,,,,,,,,,,,,,,,,,,,,,,,,,,,,,,,,,,,,,,,,,,,,,,,,,,,,,,,,,,,,,,
61,33,35,37,38,40,41,40,44,42,42,42,43,47,47,45,47,47,45,47,44,44,47,45,47,47,45,47,47,44,47,45,47,46,44,46,48,45,45,43,47,47,47,43,47,45,43,47,47,45,45,43,44,47,45,45,42,40,42,38,40,39,35,33,31,,,,,,,,,,,,,,,,,,,,,,,,,,,,,,,,,,,,,,,,,,,,,,,,,,,,,,,,,,,,,,,,,,,,,,,,,,,,,,,,,,,,,,,,,,,,,,,,,,,,,,,,,,,,,,,,,,,,,,,,,,,,,,,,,,,,,,,,,,,,,,,,,,,,,,,,,,,,,,,,,,,,,,,,,,,,,,,,,,,,,,,,,,,,,,,,
62,24,24,24,24,24,24,24,24,24,24,24,24,24,24,24,24,24,24,26,27,28,28,28,29,28,33,35,36,40,37,36,38,40,38,42,44,42,42,45,42,42,42,47,42,47,45,49,44,44,49,47,44,48,45,43,44,46,45,45,43,45,45,43,40,,,,,,,,,,,,,,,,,,,,,,,,,,,,,,,,,,,,,,,,,,,,,,,,,,,,,,,,,,,,,,,,,,,,,,,,,,,,,,,,,,,,,,,,,,,,,,,,,,,,,,,,,,,,,,,,,,,,,,,,,,,,,,,,,,,,,,,,,,,,,,,,,,,,,,,,,,,,,,,,,,,,,,,,,,,,,,,,,,,,,,,,,,,,,,,,
63,43,45,44,44,44,44,44,40,37,40,39,38,39,38,36,34,33,33,33,33,33,33,28,26,24,24,24,24,24,24,24,24,24,24,24,24,7,24,24,24,24,24,24,24,24,24,24,24,25,26,27,27,27,29,30,29,31,33,35,35,35,36,36,35,,,,,,,,,,,,,,,,,,,,,,,,,,,,,,,,,,,,,,,,,,,,,,,,,,,,,,,,,,,,,,,,,,,,,,,,,,,,,,,,,,,,,,,,,,,,,,,,,,,,,,,,,,,,,,,,,,,,,,,,,,,,,,,,,,,,,,,,,,,,,,,,,,,,,,,,,,,,,,,,,,,,,,,,,,,,,,,,,,,,,,,,,,,,,,,,
,,,,,,,,,,,,,,,,,,,,,,,,,,,,,,,,,,,,,,,,,,,,,,,,,,,,,,,,,,,,,,,,,,,,,,,,,,,,,,,,,,,,,,,,,,,,,,,,,,,,,,,,,,,,,,,,,,,,,,,,,,,,,,,,,,,,,,,,,,,,,,,,,,,,,,,,,,,,,,,,,,,,,,,,,,,,,,,,,,,,,,,,,,,,,,,,,,,,,,,,,,,,,,,,,,,,,,,,,,,,,,,,,,,,,,,,,,,,,,,,,,,,,,,,,,,,,,,,
value,0,1,2,3,4,5,6,7,8,9,10,11,12,13,14,15,16,17,18,19,20,21,22,23,24,25,26,27,28,29,30,31,32,33,34,35,36,37,38,39,40,41,42,43,44,45,46,47,48,49,50,51,52,53,54,55,56,57,58,59,60,61,62,63,64,65,66,67,68,69,70,71,72,73,74,75,76,77,78,79,80,81,82,83,84,85,86,87,88,89,90,91,92,93,94,95,96,97,98,99,100,101,102,103,104,105,106,107,108,109,110,111,112,113,114,115,116,117,118,119,120,121,122,123,124,125,126,127,128,129,130,131,132,133,134,135,136,137,138,139,140,141,142,143,144,145,146,147,148,149,150,151,152,153,154,155,156,157,158,159,160,161,162,163,164,165,166,167,168,169,170,171,172,173,174,175,176,177,178,179,180,181,182,183,184,185,186,187,188,189,190,191,192,193,194,195,196,197,198,199,200,201,202,203,204,205,206,207,208,209,210,211,212,213,214,215,216,217,218,219,220,221,222,223,224,225,226,227,228,229,230,231,232,233,234,235,236,237,238,239,240,241,242,243,244,245,246,247,248,249,250,251,252,253,254,255
count,0,0,0,0,0,0,0,1,0,0,0,0,0,0,0,0,0,0,0,0,72,49,179,106,385,225,55,43,37,48,41,63,44,82,57,76,77,61,102,76,104,90,100,112,111,124,121,162,99,171,177,134,234,139,155,75,78,22,3,4,2,0,0,0,0,0,0,0,0,0,0,0,0,0,0,0,0,0,0,0,0,0,0,0,0,0,0,0,0,0,0,0,0,0,0,0,0,0,0,0,0,0,0,0,0,0,0,0,0,0,0,0,0,0,0,0,0,0,0,0,0,0,0,0,0,0,0,0,0,0,0,0,0,0,0,0,0,0,0,0,0,0,0,0,0,0,0,0,0,0,0,0,0,0,0,0,0,0,0,0,0,0,0,0,0,0,0,0,0,0,0,0,0,0,0,0,0,0,0,0,0,0,0,0,0,0,0,0,0,0,0,0,0,0,0,0,0,0,0,0,0,0,0,0,0,0,0,0,0,0,0,0,0,0,0,0,0,0,0,0,0,0,0,0,0,0,0,0,0,0,0,0,0,0,0,0,0,0,0,0,0,0,0,0,0,0,0,0,0,0,0,0,0,0,0,0
,,,,,,,,,,,,,,,,,,,,,,,,,,,,,,,,,,,,,,,,,,,,,,,,,,,,,,,,,,,,,,,,,,,,,,,,,,,,,,,,,,,,,,,,,,,,,,,,,,,,,,,,,,,,,,,,,,,,,,,,,,,,,,,,,,,,,,,,,,,,,,,,,,,,,,,,,,,,,,,,,,,,,,,,,,,,,,,,,,,,,,,,,,,,,,,,,,,,,,,,,,,,,,,,,,,,,,,,,,,,,,,,,,,,,,,,,,,,,,,,,,,,,,,,,,,,,,,,
10,,,,,,,,,,,,,,,,,,,,,,,,,,,,,,,,,,,,,,,,,,,,,,,,,,,,,,,,,,,,,,,,,,,,,,,,,,,,,,,,,,,,,,,,,,,,,,,,,,,,,,,,,,,,,,,,,,,,,,,,,,,,,,,,,,,,,,,,,,,,,,,,,,,,,,,,,,,,,,,,,,,,,,,,,,,,,,,,,,,,,,,,,,,,,,,,,,,,,,,,,,,,,,,,,,,,,,,,,,,,,,,,,,,,,,,,,,,,,,,,,,,,,,,,,,,,,,,,
,0,1,2,3,4,5,6,7,8,9,10,11,12,13,14,15,16,17,18,19,20,21,22,23,24,25,26,27,28,29,30,31,32,33,34,35,36,37,38,39,40,41,42,43,44,45,46,47,48,49,50,51,52,53,54,55,56,57,58,59,60,61,62,63,,,,,,,,,,,,,,,,,,,,,,,,,,,,,,,,,,,,,,,,,,,,,,,,,,,,,,,,,,,,,,,,,,,,,,,,,,,,,,,,,,,,,,,,,,,,,,,,,,,,,,,,,,,,,,,,,,,,,,,,,,,,,,,,,,,,,,,,,,,,,,,,,,,,,,,,,,,,,,,,,,,,,,,,,,,,,,,,,,,,,,,,,,,,,,,,
0,39,36,44,41,43,41,43,40,40,43,42,43,41,41,40,41,40,41,42,35,34,34,36,35,34,31,30,31,27,29,29,29,26,22,20,21,21,20,20,20,20,20,20,20,21,20,20,21,20,20,21,21,20,20,20,20,21,21,20,21,23,23,23,24,,,,,,,,,,,,,,,,,,,,,,,,,,,,,,,,,,,,,,,,,,,,,,,,,,,,,,,,,,,,,,,,,,,,,,,,,,,,,,,,,,,,,,,,,,,,,,,,,,,,,,,,,,,,,,,,,,,,,,,,,,,,,,,,,,,,,,,,,,,,,,,,,,,,,,,,,,,,,,,,,,,,,,,,,,,,,,,,,,,,,,,,,,,,,,,,
1,38,41,41,41,45,45,45,41,42,45,45,43,43,48,40,45,44,41,44,43,44,41,43,43,43,43,46,42,43,45,43,43,41,46,44,43,43,41,45,42,43,43,44,43,43,43,43,39,39,38,35,38,36,36,36,36,31,31,31,30,30,29,28,24,,,,,,,,,,,,,,,,,,,,,,,,,,,,,,,,,,,,,,,,,,,,,,,,,,,,,,,,,,,,,,,,,,,,,,,,,,,,,,,,,,,,,,,,,,,,,,,,,,,,,,,,,,,,,,,,,,,,,,,,,,,,,,,,,,,,,,,,,,,,,,,,,,,,,,,,,,,,,,,,,,,,,,,,,,,,,,,,,,,,,,,,,,,,,,,,
2,20,20,21,20,21,21,20,22,23,24,24,26,27,27,29,34,33,34,34,33,36,36,38,40,40,40,41,43,41,42,44,45,46,46,45,46,44,45,43,43,43,46,48,45,43,46,43,49,46,46,43,45,41,46,45,43,45,45,41,43,41,40,38,36,,,,,,,,,,,,,,,,,,,,,,,,,,,,,,,,,,,,,,,,,,,,,,,,,,,,,,,,,,,,,,,,,,,,,,,,,,,,,,,,,,,,,,,,,,,,,,,,,,,,,,,,,,,,,,,,,,,,,,,,,,,,,,,,,,,,,,,,,,,,,,,,,,,,,,,,,,,,,,,,,,,,,,,,,,,,,,,,,,,,,,,,,,,,,,,,
3,31,34,33,31,30,27,29,29,32,31,27,27,22,20,20,20,20,20,20,21,21,20,21,20,21,21,21,20,21,21,20,21,21,21,21,20,21,20,21,23,23,25,27,27,27,29,32,33,35,35,36,36,37,39,38,41,43,38,40,41,39,39,40,39,,,,,,,,,,,,,,,,,,,,,,,,,,,,,,,,,,,,,,,,,,,,,,,,,,,,,,,,,,,,,,,,,,,,,,,,,,,,,,,,,,,,,,,,,,,,,,,,,,,,,,,,,,,,,,,,,,,,,,,,,,,,,,,,,,,,,,,,,,,,,,,,,,,,,,,,,,,,,,,,,,,,,,,,,,,,,,,,,,,,,,,,,,,,,,,,
4,41,41,46,45,46,48,48,53,48,46,48,48,48,48,50,48,46,48,47,48,50,46,48,45,45,43,45,44,38,38,40,35,40,40,38,36,31,32,31,32,31,32,29,24,21,20,20,21,20,20,20,21,21,20,21,21,21,21,20,21,20,21,21,20,,,,,,,,,,,,,,,,,,,,,,,,,,,,,,,,,,,,,,,,,,,,,,,,,,,,,,,,,,,,,,,,,,,,,,,,,,,,,,,,,,,,,,,,,,,,,,,,,,,,,,,,,,,,,,,,,,,,,,,,,,,,,,,,,,,,,,,,,,,,,,,,,,,,,,,,,,,,,,,,,,,,,,,,,,,,,,,,,,,,,,,,,,,,,,,,
5,31,34,36,38,41,39,41,41,44,43,46,46,46,48,49,50,49,48,48,46,46,48,49,46,46,46,52,45,49,44,45,48,46,49,48,45,46,51,46,50,46,48,45,46,46,46,48,44,48,48,49,49,47,46,45,43,41,43,41,36,37,34,31,29,,,,,,,,,,,,,,,,,,,,,,,,,,,,,,,,,,,,,,,,,,,,,,,,,,,,,,,,,,,,,,,,,,,,,,,,,,,,,,,,,,,,,,,,,,,,,,,,,,,,,,,,,,,,,,,,,,,,,,,,,,,,,,,,,,,,,,,,,,,,,,,,,,,,,,,,,,,,,,,,,,,,,,,,,,,,,,,,,,,,,,,,,,,,,,,,
6,20,20,21,22,20,20,20,21,21,20,20,20,21,21,20,21,20,22,23,25,26,26,27,28,30,34,33,38,36,38,38,38,36,42,43,45,41,40,43,45,46,46,48,47,49,48,49,49,46,46,48,49,53,46,50,48,45,46,46,45,45,40,41,40,,,,,,,,,,,,,,,,,,,,,,,,,,,,,,,,,,,,,,,,,,,,,,,,,,,,,,,,,,,,,,,,,,,,,,,,,,,,,,,,,,,,,,,,,,,,,,,,,,,,,,,,,,,,,,,,,,,,,,,,,,,,,,,,,,,,,,,,,,,,,,,,,,,,,,,,,,,,,,,,,,,,,,,,,,,,,,,,,,,,,,,,,,,,,,,,
7,40,40,41,40,39,41,40,41,39,36,36,36,38,38,32,31,29,29,30,30,29,29,24,21,21,20,21,20,20,20,20,21,21,20,20,20,20,20,20,20,20,21,20,21,21,21,20,21,20,23,25,25,25,27,25,29,31,32,34,33,34,33,31,34,,,,,,,,,,,,,,,,,,,,,,,,,,,,,,,,,,,,,,,,,,,,,,,,,,,,,,,,,,,,,,,,,,,,,,,,,,,,,,,,,,,,,,,,,,,,,,,,,,,,,,,,,,,,,,,,,,,,,,,,,,,,,,,,,,,,,,,,,,,,,,,,,,,,,,,,,,,,,,,,,,,,,,,,,,,,,,,,,,,,,,,,,,,,,,,,
8,47,47,47,51,49,52,52,51,50,52,54,49,49,47,48,46,47,44,42,40,39,40,40,42,39,37,33,33,35,33,33,34,30,24,22,22,22,22,22,22,22,22,22,22,22,21,22,22,22,22,22,22,22,22,22,22,22,22,22,22,26,25,26,26,,,,,,,,,,,,,,,,,,,,,,,,,,,,,,,,,,,,,,,,,,,,,,,,,,,,,,,,,,,,,,,,,,,,,,,,,,,,,,,,,,,,,,,,,,,,,,,,,,,,,,,,,,,,,,,,,,,,,,,,,,,,,,,,,,,,,,,,,,,,,,,,,,,,,,,,,,,,,,,,,,,,,,,,,,,,,,,,,,,,,,,,,,,,,,,,
9,40,45,47,51,50,51,51,54,54,53,51,51,51,52,52,52,54,53,56,52,52,52,55,51,55,54,55,50,49,53,50,54,52,50,51,52,52,54,54,54,52,53,50,54,50,47,45,46,46,40,39,44,42,40,39,38,35,33,31,33,31,31,29,26,,,,,,,,,,,,,,,,,,,,,,,,,,,,,,,,,,,,,,,,,,,,,,,,,,,,,,,,,,,,,,,,,,,,,,,,,,,,,,,,,,,,,,,,,,,,,,,,,,,,,,,,,,,,,,,,,,,,,,,,,,,,,,,,,,,,,,,,,,,,,,,,,,,,,,,,,,,,,,,,,,,,,,,,,,,,,,,,,,,,,,,,,,,,,,,,
10,22,22,22,22,22,22,22,24,24,26,26,27,28,29,32,37,35,37,38,37,39,42,45,44,49,47,49,49,47,51,49,51,57,53,52,53,57,54,52,55,54,51,52,53,51,52,51,55,52,53,56,52,52,49,54,52,50,51,51,47,49,47,45,44,,,,,,,,,,,,,,,,,,,,,,,,,,,,,,,,,,,,,,,,,,,,,,,,,,,,,,,,,,,,,,,,,,,,,,,,,,,,,,,,,,,,,,,,,,,,,,,,,,,,,,,,,,,,,,,,,,,,,,,,,,,,,,,,,,,,,,,,,,,,,,,,,,,,,,,,,,,,,,,,,,,,,,,,,,,,,,,,,,,,,,,,,,,,,,,,
11,37,38,37,36,37,35,33,35,33,33,35,31,26,22,22,22,22,22,22,22,22,22,22,22,22,22,22,22,22,22,22,22,22,22,22,22,22,22,23,26,26,28,28,31,31,33,39,37,40,41,41,42,44,41,44,46,47,45,49,49,45,44,44,42,,,,,,,,,,,,,,,,,,,,,,,,,,,,,,,,,,,,,,,,,,,,,,,,,,,,,,,,,,,,,,,,,,,,,,,,,,,,,,,,,,,,,,,,,,,,,,,,,,,,,,,,,,,,,,,,,,,,,,,,,,,,,,,,,,,,,,,,,,,,,,,,,,,,,,,,,,,,,,,,,,,,,,,,,,,,,,,,,,,,,,,,,,,,,,,,
12,44,49,51,54,56,54,54,60,57,51,54,55,54,54,57,54,54,57,54,56,52,57,51,51,54,54,52,49,47,46,46,43,44,40,44,39,35,40,35,37,35,37,33,26,22,22,22,22,22,22,22,22,22,22,22,22,22,22,22,22,22,22,22,22,,,,,,,,,,,,,,,,,,,,,,,,,,,,,,,,,,,,,,,,,,,,,,,,,,,,,,,,,,,,,,,,,,,,,,,,,,,,,,,,,,,,,,,,,,,,,,,,,,,,,,,,,,,,,,,,,,,,,,,,,,,,,,,,,,,,,,,,,,,,,,,,,,,,,,,,,,,,,,,,,,,,,,,,,,,,,,,,,,,,,,,,,,,,,,,,
13,37,41,39,44,44,44,46,46,46,51,49,51,51,51,50,50,53,51,52,51,52,52,51,52,51,51,55,51,52,52,54,49,54,49,51,51,51,53,51,54,51,51,49,51,54,54,52,51,51,52,49,52,54,49,47,47,47,47,47,42,39,39,35,37,,,,,,,,,,,,,,,,,,,,,,,,,,,,,,,,,,,,,,,,,,,,,,,,,,,,,,,,,,,,,,,,,,,,,,,,,,,,,,,,,,,,,,,,,,,,,,,,,,,,,,,,,,,,,,,,,,,,,,,,,,,,,,,,,,,,,,,,,,,,,,,,,,,,,,,,,,,,,,,,,,,,,,,,,,,,,,,,,,,,,,,,,,,,,,,,
14,22,22,22,22,22,22,22,22,22,22,22,22,22,22,22,22,22,22,26,26,27,28,29,28,30,33,35,38,37,39,39,40,42,44,44,47,48,46,47,45,46,50,49,56,49,54,52,49,51,48,54,52,51,51,48,49,49,49,49,49,47,42,44,39,,,,,,,,,,,,,,,,,,,,,,,,,,,,,,,,,,,,,,,,,,,,,,,,,,,,,,,,,,,,,,,,,,,,,,,,,,,,,,,,,,,,,,,,,,,,,,,,,,,,,,,,,,,,,,,,,,,,,,,,,,,,,,,,,,,,,,,,,,,,,,,,,,,,,,,,,,,,,,,,,,,,,,,,,,,,,,,,,,,,,,,,,,,,,,,,
15,41,42,42,42,47,46,48,42,45,39,40,40,40,41,35,35,35,31,33,35,32,33,26,22,22,22,22,22,22,22,22,22,22,22,22,22,22,22,22,22,22,22,22,22,22,22,22,22,22,25,26,27,27,30,30,33,33,39,37,37,35,35,37,35,,,,,,,,,,,,,,,,,,,,,,,,,,,,,,,,,,,,,,,,,,,,,,,,,,,,,,,,,,,,,,,,,,,,,,,,,,,,,,,,,,,,,,,,,,,,,,,,,,,,,,,,,,,,,,,,,,,,,,,,,,,,,,,,,,,,,,,,,,,,,,,,,,,,,,,,,,,,,,,,,,,,,,,,,,,,,,,,,,,,,,,,,,,,,,,,
16,44,45,44,47,47,53,47,50,52,51,50,52,50,47,46,49,48,46,41,42,39,41,39,38,38,34,32,32,31,33,32,32,29,24,23,23,23,23,22,23,22,23,22,23,22,22,22,23,22,23,23,23,22,23,22,23,23,23,23,24,25,26,25,25,,,,,,,,,,,,,,,,,,,,,,,,,,,,,,,,,,,,,,,,,,,,,,,,,,,,,,,,,,,,,,,,,,,,,,,,,,,,,,,,,,,,,,,,,,,,,,,,,,,,,,,,,,,,,,,,,,,,,,,,,,,,,,,,,,,,,,,,,,,,,,,,,,,,,,,,,,,,,,,,,,,,,,,,,,,,,,,,,,,,,,,,,,,,,,,,
17,43,46,49,53,47,52,52,55,53,57,52,55,56,52,56,52,53,53,56,55,57,55,54,53,53,53,55,55,56,54,59,57,55,53,53,52,56,52,53,49,52,56,57,49,50,50,50,47,50,44,46,41,42,44,39,41,34,37,34,36,34,34,31,27,,,,,,,,,,,,,,,,,,,,,,,,,,,,,,,,,,,,,,,,,,,,,,,,,,,,,,,,,,,,,,,,,,,,,,,,,,,,,,,,,,,,,,,,,,,,,,,,,,,,,,,,,,,,,,,,,,,,,,,,,,,,,,,,,,,,,,,,,,,,,,,,,,,,,,,,,,,,,,,,,,,,,,,,,,,,,,,,,,,,,,,,,,,,,,,,
18,22,23,23,22,23,23,23,23,26,27,27,28,31,31,34,39,36,38,38,41,41,42,46,49,47,49,47,47,49,55,52,55,53,53,53,50,52,53,52,52,53,53,52,52,55,53,56,53,53,54,52,54,56,54,53,53,55,52,49,49,49,47,48,42,,,,,,,,,,,,,,,,,,,,,,,,,,,,,,,,,,,,,,,,,,,,,,,,,,,,,,,,,,,,,,,,,,,,,,,,,,,,,,,,,,,,,,,,,,,,,,,,,,,,,,,,,,,,,,,,,,,,,,,,,,,,,,,,,,,,,,,,,,,,,,,,,,,,,,,,,,,,,,,,,,,,,,,,,,,,,,,,,,,,,,,,,,,,,,,,
19,39,42,41,44,36,38,36,35,38,39,38,33,25,23,23,22,23,22,23,23,23,23,23,23,23,23,23,22,23,23,23,23,23,23,23,23,23,24,24,27,27,29,30,32,33,36,41,42,41,41,44,46,47,49,49,52,55,52,53,51,50,47,46,47,,,,,,,,,,,,,,,,,,,,,,,,,,,,,,,,,,,,,,,,,,,,,,,,,,,,,,,,,,,,,,,,,,,,,,,,,,,,,,,,,,,,,,,,,,,,,,,,,,,,,,,,,,,,,,,,,,,,,,,,,,,,,,,,,,,,,,,,,,,,,,,,,,,,,,,,,,,,,,,,,,,,,,,,,,,,,,,,,,,,,,,,,,,,,,,,
20,41,44,48,44,47,49,50,53,47,49,52,53,55,52,50,51,52,49,52,49,52,50,50,49,47,46,44,48,41,41,41,43,40,41,39,34,32,34,33,34,33,33,33,26,23,22,22,23,22,23,23,22,22,23,23,22,23,22,23,23,22,22,23,22,,,,,,,,,,,,,,,,,,,,,,,,,,,,,,,,,,,,,,,,,,,,,,,,,,,,,,,,,,,,,,,,,,,,,,,,,,,,,,,,,,,,,,,,,,,,,,,,,,,,,,,,,,,,,,,,,,,,,,,,,,,,,,,,,,,,,,,,,,,,,,,,,,,,,,,,,,,,,,,,,,,,,,,,,,,,,,,,,,,,,,,,,,,,,,,,
21,36,38,39,44,46,46,46,47,46,44,49,52,52,55,53,56,49,51,55,55,51,50,51,52,52,50,52,53,50,53,55,55,50,52,52,53,52,54,52,50,52,50,50,50,52,50,50,53,52,50,52,53,52,49,47,47,46,46,41,41,41,40,34,34,,,,,,,,,,,,,,,,,,,,,,,,,,,,,,,,,,,,,,,,,,,,,,,,,,,,,,,,,,,,,,,,,,,,,,,,,,,,,,,,,,,,,,,,,,,,,,,,,,,,,,,,,,,,,,,,,,,,,,,,,,,,,,,,,,,,,,,,,,,,,,,,,,,,,,,,,,,,,,,,,,,,,,,,,,,,,,,,,,,,,,,,,,,,,,,,
22,23,23,22,23,22,22,23,22,22,22,23,22,23,23,22,22,23,23,25,27,26,29,29,29,31,36,36,38,39,41,39,43,41,44,47,47,47,47,47,47,47,50,51,52,52,52,53,50,56,57,56,55,55,52,49,56,54,50,50,52,47,44,43,42,,,,,,,,,,,,,,,,,,,,,,,,,,,,,,,,,,,,,,,,,,,,,,,,,,,,,,,,,,,,,,,,,,,,,,,,,,,,,,,,,,,,,,,,,,,,,,,,,,,,,,,,,,,,,,,,,,,,,,,,,,,,,,,,,,,,,,,,,,,,,,,,,,,,,,,,,,,,,,,,,,,,,,,,,,,,,,,,,,,,,,,,,,,,,,,,
23,41,43,43,41,43,44,44,40,40,39,38,39,38,38,35,32,31,33,33,31,33,31,26,23,23,22,23,22,22,22,23,23,23,23,23,22,23,22,22,22,22,23,22,23,22,23,22,23,23,25,25,27,26,27,29,29,33,34,33,34,34,34,35,34,,,,,,,,,,,,,,,,,,,,,,,,,,,,,,,,,,,,,,,,,,,,,,,,,,,,,,,,,,,,,,,,,,,,,,,,,,,,,,,,,,,,,,,,,,,,,,,,,,,,,,,,,,,,,,,,,,,,,,,,,,,,,,,,,,,,,,,,,,,,,,,,,,,,,,,,,,,,,,,,,,,,,,,,,,,,,,,,,,,,,,,,,,,,,,,,
24,47,47,50,49,50,50,51,50,50,50,53,52,49,52,49,52,47,44,47,44,46,42,44,45,42,42,39,37,36,35,34,37,33,26,24,24,24,24,24,24,24,24,24,24,24,23,24,25,24,25,24,24,24,24,23,24,24,24,24,25,27,28,28,28,,,,,,,,,,,,,,,,,,,,,,,,,,,,,,,,,,,,,,,,,,,,,,,,,,,,,,,,,,,,,,,,,,,,,,,,,,,,,,,,,,,,,,,,,,,,,,,,,,,,,,,,,,,,,,,,,,,,,,,,,,,,,,,,,,,,,,,,,,,,,,,,,,,,,,,,,,,,,,,,,,,,,,,,,,,,,,,,,,,,,,,,,,,,,,,,
25,40,46,44,48,50,49,53,52,50,52,50,49,53,49,53,53,50,49,49,52,52,50,52,52,53,50,52,53,48,53,52,53,49,53,52,50,52,49,52,52,52,49,55,53,49,44,47,47,45,42,40,39,40,39,39,37,35,34,33,33,32,30,32,30,,,,,,,,,,,,,,,,,,,,,,,,,,,,,,,,,,,,,,,,,,,,,,,,,,,,,,,,,,,,,,,,,,,,,,,,,,,,,,,,,,,,,,,,,,,,,,,,,,,,,,,,,,,,,,,,,,,,,,,,,,,,,,,,,,,,,,,,,,,,,,,,,,,,,,,,,,,,,,,,,,,,,,,,,,,,,,,,,,,,,,,,,,,,,,,,
26,23,24,24,23,24,24,24,24,26,28,30,28,32,30,37,35,38,40,39,39,40,42,44,45,47,49,47,50,49,46,47,50,56,53,52,51,56,52,55,53,53,53,53,52,50,53,50,55,52,50,49,53,52,55,53,50,47,52,50,49,49,47,44,44,,,,,,,,,,,,,,,,,,,,,,,,,,,,,,,,,,,,,,,,,,,,,,,,,,,,,,,,,,,,,,,,,,,,,,,,,,,,,,,,,,,,,,,,,,,,,,,,,,,,,,,,,,,,,,,,,,,,,,,,,,,,,,,,,,,,,,,,,,,,,,,,,,,,,,,,,,,,,,,,,,,,,,,,,,,,,,,,,,,,,,,,,,,,,,,,
27,34,37,37,37,34,35,32,37,33,37,35,32,26,24,24,24,24,24,23,25,24,24,24,24,24,24,24,24,24,24,23,24,24,24,24,24,24,24,24,26,28,28,30,30,30,32,35,37,37,39,40,39,42,44,45,45,46,44,45,47,45,42,42,42,,,,,,,,,,,,,,,,,,,,,,,,,,,,,,,,,,,,,,,,,,,,,,,,,,,,,,,,,,,,,,,,,,,,,,,,,,,,,,,,,,,,,,,,,,,,,,,,,,,,,,,,,,,,,,,,,,,,,,,,,,,,,,,,,,,,,,,,,,,,,,,,,,,,,,,,,,,,,,,,,,,,,,,,,,,,,,,,,,,,,,,,,,,,,,,,
28,42,47,45,48,50,50,48,50,50,47,49,50,53,50,55,55,49,52,52,53,50,55,49,47,47,45,47,47,43,43,42,42,40,42,39,37,34,35,35,35,35,33,33,26,24,24,25,24,24,24,24,25,24,23,23,24,24,24,24,24,24,24,24,23,,,,,,,,,,,,,,,,,,,,,,,,,,,,,,,,,,,,,,,,,,,,,,,,,,,,,,,,,,,,,,,,,,,,,,,,,,,,,,,,,,,,,,,,,,,,,,,,,,,,,,,,,,,,,,,,,,,,,,,,,,,,,,,,,,,,,,,,,,,,,,,,,,,,,,,,,,,,,,,,,,,,,,,,,,,,,,,,,,,,,,,,,,,,,,,,
29,35,37,40,43,44,45,44,49,47,49,52,52,50,55,49,50,50,52,54,53,50,50,50,52,53,50,53,53,52,53,53,53,52,52,52,53,55,53,52,52,55,49,50,55,52,53,53,52,53,52,50,51,50,48,48,47,45,45,42,40,40,37,37,35,,,,,,,,,,,,,,,,,,,,,,,,,,,,,,,,,,,,,,,,,,,,,,,,,,,,,,,,,,,,,,,,,,,,,,,,,,,,,,,,,,,,,,,,,,,,,,,,,,,,,,,,,,,,,,,,,,,,,,,,,,,,,,,,,,,,,,,,,,,,,,,,,,,,,,,,,,,,,,,,,,,,,,,,,,,,,,,,,,,,,,,,,,,,,,,,
30,24,24,23,24,24,24,24,24,24,23,24,24,24,24,24,23,24,24,26,27,28,28,30,31,32,35,37,39,41,40,39,41,43,45,43,47,46,49,48,45,48,52,53,50,53,53,53,51,53,52,52,50,52,52,53,53,51,47,52,50,47,47,46,42,,,,,,,,,,,,,,,,,,,,,,,,,,,,,,,,,,,,,,,,,,,,,,,,,,,,,,,,,,,,,,,,,,,,,,,,,,,,,,,,,,,,,,,,,,,,,,,,,,,,,,,,,,,,,,,,,,,,,,,,,,,,,,,,,,,,,,,,,,,,,,,,,,,,,,,,,,,,,,,,,,,,,,,,,,,,,,,,,,,,,,,,,,,,,,,,
31,42,44,44,43,42,42,47,44,39,40,39,40,37,41,37,33,34,32,34,33,35,32,28,24,24,23,24,23,24,24,24,24,24,24,24,24,24,24,23,24,24,24,24,24,24,24,24,24,24,26,27,28,28,28,30,32,34,35,37,35,37,37,37,37,,,,,,,,,,,,,,,,,,,,,,,,,,,,,,,,,,,,,,,,,,,,,,,,,,,,,,,,,,,,,,,,,,,,,,,,,,,,,,,,,,,,,,,,,,,,,,,,,,,,,,,,,,,,,,,,,,,,,,,,,,,,,,,,,,,,,,,,,,,,,,,,,,,,,,,,,,,,,,,,,,,,,,,,,,,,,,,,,,,,,,,,,,,,,,,,
32,48,47,49,51,51,52,53,56,55,56,56,54,51,54,49,44,47,47,47,43,48,42,47,45,45,39,36,36,36,38,38,38,34,27,25,25,25,25,25,25,25,25,25,25,26,25,25,25,25,25,25,25,25,25,25,25,26,25,25,27,27,29,28,30,,,,,,,,,,,,,,,,,,,,,,,,,,,,,,,,,,,,,,,,,,,,,,,,,,,,,,,,,,,,,,,,,,,,,,,,,,,,,,,,,,,,,,,,,,,,,,,,,,,,,,,,,,,,,,,,,,,,,,,,,,,,,,,,,,,,,,,,,,,,,,,,,,,,,,,,,,,,,,,,,,,,,,,,,,,,,,,,,,,,,,,,,,,,,,,,
33,42,44,49,51,50,51,54,50,52,54,54,53,52,57,54,54,52,53,50,56,54,55,50,56,54,55,54,54,56,54,52,52,54,51,52,54,55,52,53,55,54,53,52,52,49,51,47,47,47,45,45,44,43,43,43,40,38,34,36,36,32,35,33,29,,,,,,,,,,,,,,,,,,,,,,,,,,,,,,,,,,,,,,,,,,,,,,,,,,,,,,,,,,,,,,,,,,,,,,,,,,,,,,,,,,,,,,,,,,,,,,,,,,,,,,,,,,,,,,,,,,,,,,,,,,,,,,,,,,,,,,,,,,,,,,,,,,,,,,,,,,,,,,,,,,,,,,,,,,,,,,,,,,,,,,,,,,,,,,,,
34,25,25,25,25,25,25,25,26,29,29,31,31,33,34,36,41,42,42,43,43,42,42,47,47,49,49,49,50,49,51,50,52,57,56,52,54,56,56,58,51,52,54,59,59,55,55,56,56,55,54,54,52,52,54,56,50,54,52,50,52,52,47,45,48,,,,,,,,,,,,,,,,,,,,,,,,,,,,,,,,,,,,,,,,,,,,,,,,,,,,,,,,,,,,,,,,,,,,,,,,,,,,,,,,,,,,,,,,,,,,,,,,,,,,,,,,,,,,,,,,,,,,,,,,,,,,,,,,,,,,,,,,,,,,,,,,,,,,,,,,,,,,,,,,,,,,,,,,,,,,,,,,,,,,,,,,,,,,,,,,
35,38,38,40,39,38,38,36,36,35,36,36,32,28,25,25,25,25,25,25,25,25,25,25,25,25,25,25,25,25,25,25,25,25,26,25,25,25,25,27,27,29,29,33,32,31,36,38,38,38,38,41,44,45,45,47,45,47,49,49,49,45,47,45,47,,,,,,,,,,,,,,,,,,,,,,,,,,,,,,,,,,,,,,,,,,,,,,,,,,,,,,,,,,,,,,,,,,,,,,,,,,,,,,,,,,,,,,,,,,,,,,,,,,,,,,,,,,,,,,,,,,,,,,,,,,,,,,,,,,,,,,,,,,,,,,,,,,,,,,,,,,,,,,,,,,,,,,,,,,,,,,,,,,,,,,,,,,,,,,,,
36,45,49,52,50,52,54,52,54,52,52,51,53,52,52,56,54,50,56,54,54,54,54,54,47,50,47,50,49,47,44,43,42,42,40,41,38,36,36,36,36,36,36,36,29,25,25,25,25,25,25,25,25,25,25,25,25,25,25,25,25,25,25,25,25,,,,,,,,,,,,,,,,,,,,,,,,,,,,,,,,,,,,,,,,,,,,,,,,,,,,,,,,,,,,,,,,,,,,,,,,,,,,,,,,,,,,,,,,,,,,,,,,,,,,,,,,,,,,,,,,,,,,,,,,,,,,,,,,,,,,,,,,,,,,,,,,,,,,,,,,,,,,,,,,,,,,,,,,,,,,,,,,,,,,,,,,,,,,,,,,
37,38,44,42,45,50,47,50,51,50,53,52,53,53,57,56,52,54,52,57,54,57,54,54,55,54,56,54,56,54,56,56,56,56,52,56,56,54,57,56,58,52,54,54,54,52,59,51,54,58,54,54,52,54,49,54,49,47,47,49,43,43,39,38,36,,,,,,,,,,,,,,,,,,,,,,,,,,,,,,,,,,,,,,,,,,,,,,,,,,,,,,,,,,,,,,,,,,,,,,,,,,,,,,,,,,,,,,,,,,,,,,,,,,,,,,,,,,,,,,,,,,,,,,,,,,,,,,,,,,,,,,,,,,,,,,,,,,,,,,,,,,,,,,,,,,,,,,,,,,,,,,,,,,,,,,,,,,,,,,,,
38,25,25,25,25,25,25,25,25,25,25,25,25,25,25,25,25,25,25,27,29,28,29,31,31,32,38,36,38,40,40,42,41,43,47,46,49,51,47,49,49,50,52,52,52,58,54,57,59,56,51,57,54,52,56,52,50,51,54,49,49,49,49,45,44,,,,,,,,,,,,,,,,,,,,,,,,,,,,,,,,,,,,,,,,,,,,,,,,,,,,,,,,,,,,,,,,,,,,,,,,,,,,,,,,,,,,,,,,,,,,,,,,,,,,,,,,,,,,,,,,,,,,,,,,,,,,,,,,,,,,,,,,,,,,,,,,,,,,,,,,,,,,,,,,,,,,,,,,,,,,,,,,,,,,,,,,,,,,,,,,
39,45,45,47,46,44,49,45,45,43,42,42,44,41,45,38,36,36,38,38,35,36,34,29,25,25,25,25,25,25,25,25,25,25,25,27,25,25,25,25,25,25,25,25,25,25,25,25,25,25,28,29,29,30,32,33,34,38,38,38,38,38,40,39,39,,,,,,,,,,,,,,,,,,,,,,,,,,,,,,,,,,,,,,,,,,,,,,,,,,,,,,,,,,,,,,,,,,,,,,,,,,,,,,,,,,,,,,,,,,,,,,,,,,,,,,,,,,,,,,,,,,,,,,,,,,,,,,,,,,,,,,,,,,,,,,,,,,,,,,,,,,,,,,,,,,,,,,,,,,,,,,,,,,,,,,,,,,,,,,,,
40,46,49,49,47,52,52,47,52,51,52,51,54,49,47,47,47,49,47,46,46,42,44,42,42,42,39,36,39,35,37,35,38,32,26,26,25,26,25,24,25,24,25,24,25,25,24,24,24,24,24,26,25,24,25,24,24,26,24,24,26,28,28,28,29,,,,,,,,,,,,,,,,,,,,,,,,,,,,,,,,,,,,,,,,,,,,,,,,,,,,,,,,,,,,,,,,,,,,,,,,,,,,,,,,,,,,,,,,,,,,,,,,,,,,,,,,,,,,,,,,,,,,,,,,,,,,,,,,,,,,,,,,,,,,,,,,,,,,,,,,,,,,,,,,,,,,,,,,,,,,,,,,,,,,,,,,,,,,,,,,
41,42,44,49,47,49,48,51,52,50,55,52,52,55,51,55,52,55,49,52,51,52,52,54,52,50,52,50,51,52,54,52,51,54,52,52,50,52,52,55,51,51,51,55,49,47,49,49,45,47,44,41,40,40,40,42,40,39,33,32,35,35,32,32,28,,,,,,,,,,,,,,,,,,,,,,,,,,,,,,,,,,,,,,,,,,,,,,,,,,,,,,,,,,,,,,,,,,,,,,,,,,,,,,,,,,,,,,,,,,,,,,,,,,,,,,,,,,,,,,,,,,,,,,,,,,,,,,,,,,,,,,,,,,,,,,,,,,,,,,,,,,,,,,,,,,,,,,,,,,,,,,,,,,,,,,,,,,,,,,,,
42,24,24,24,24,24,24,24,26,28,28,30,29,30,33,35,42,40,40,40,44,44,42,44,47,47,52,46,46,50,54,49,52,52,55,53,52,57,56,52,54,51,57,51,53,54,54,54,55,52,54,55,52,52,54,51,52,50,51,53,49,49,49,46,47,,,,,,,,,,,,,,,,,,,,,,,,,,,,,,,,,,,,,,,,,,,,,,,,,,,,,,,,,,,,,,,,,,,,,,,,,,,,,,,,,,,,,,,,,,,,,,,,,,,,,,,,,,,,,,,,,,,,,,,,,,,,,,,,,,,,,,,,,,,,,,,,,,,,,,,,,,,,,,,,,,,,,,,,,,,,,,,,,,,,,,,,,,,,,,,,
43,37,39,40,39,36,35,36,35,33,35,35,32,26,24,24,25,24,24,24,25,24,24,24,26,26,25,24,24,25,24,24,25,24,24,25,25,25,25,25,28,30,31,30,30,32,34,39,39,40,39,40,41,44,45,44,49,47,47,49,46,45,45,45,42,,,,,,,,,,,,,,,,,,,,,,,,,,,,,,,,,,,,,,,,,,,,,,,,,,,,,,,,,,,,,,,,,,,,,,,,,,,,,,,,,,,,,,,,,,,,,,,,,,,,,,,,,,,,,,,,,,,,,,,,,,,,,,,,,,,,,,,,,,,,,,,,,,,,,,,,,,,,,,,,,,,,,,,,,,,,,,,,,,,,,,,,,,,,,,,,
44,42,45,48,48,49,47,50,52,51,52,54,50,53,52,57,58,54,49,52,50,55,52,52,47,47,44,47,44,42,44,39,40,40,41,39,35,35,35,33,34,33,35,32,28,24,24,24,25,24,24,24,24,24,24,24,25,24,24,24,25,24,24,24,24,,,,,,,,,,,,,,,,,,,,,,,,,,,,,,,,,,,,,,,,,,,,,,,,,,,,,,,,,,,,,,,,,,,,,,,,,,,,,,,,,,,,,,,,,,,,,,,,,,,,,,,,,,,,,,,,,,,,,,,,,,,,,,,,,,,,,,,,,,,,,,,,,,,,,,,,,,,,,,,,,,,,,,,,,,,,,,,,,,,,,,,,,,,,,,,,
45,39,39,42,42,47,47,49,50,49,47,51,52,52,54,55,52,52,52,55,54,52,54,53,52,53,49,52,55,52,50,52,54,52,55,51,57,51,52,51,54,51,49,51,49,55,54,51,52,50,55,52,52,52,49,47,49,49,46,44,39,40,37,35,36,,,,,,,,,,,,,,,,,,,,,,,,,,,,,,,,,,,,,,,,,,,,,,,,,,,,,,,,,,,,,,,,,,,,,,,,,,,,,,,,,,,,,,,,,,,,,,,,,,,,,,,,,,,,,,,,,,,,,,,,,,,,,,,,,,,,,,,,,,,,,,,,,,,,,,,,,,,,,,,,,,,,,,,,,,,,,,,,,,,,,,,,,,,,,,,,
46,24,24,24,25,25,25,25,25,24,24,24,25,26,24,26,24,25,26,28,30,30,30,30,33,35,35,42,41,39,41,45,41,43,46,46,52,47,47,52,49,50,52,52,52,57,51,54,55,54,52,52,57,55,54,52,52,55,57,52,52,51,44,47,44,,,,,,,,,,,,,,,,,,,,,,,,,,,,,,,,,,,,,,,,,,,,,,,,,,,,,,,,,,,,,,,,,,,,,,,,,,,,,,,,,,,,,,,,,,,,,,,,,,,,,,,,,,,,,,,,,,,,,,,,,,,,,,,,,,,,,,,,,,,,,,,,,,,,,,,,,,,,,,,,,,,,,,,,,,,,,,,,,,,,,,,,,,,,,,,,
47,44,47,49,49,47,47,47,46,44,42,44,44,44,42,41,37,37,37,36,35,35,32,28,25,25,24,25,24,25,25,25,25,25,24,26,24,26,24,24,24,24,26,25,25,25,26,25,24,26,28,28,30,31,32,34,37,39,38,42,39,40,40,40,39,,,,,,,,,,,,,,,,,,,,,,,,,,,,,,,,,,,,,,,,,,,,,,,,,,,,,,,,,,,,,,,,,,,,,,,,,,,,,,,,,,,,,,,,,,,,,,,,,,,,,,,,,,,,,,,,,,,,,,,,,,,,,,,,,,,,,,,,,,,,,,,,,,,,,,,,,,,,,,,,,,,,,,,,,,,,,,,,,,,,,,,,,,,,,,,,
48,48,52,51,50,53,51,55,50,54,53,57,53,56,48,50,46,48,48,49,45,48,45,43,46,46,38,40,38,38,39,38,38,32,27,25,24,25,25,24,24,24,25,24,24,25,24,24,24,24,24,25,25,24,25,24,25,25,24,25,25,27,27,29,27,,,,,,,,,,,,,,,,,,,,,,,,,,,,,,,,,,,,,,,,,,,,,,,,,,,,,,,,,,,,,,,,,,,,,,,,,,,,,,,,,,,,,,,,,,,,,,,,,,,,,,,,,,,,,,,,,,,,,,,,,,,,,,,,,,,,,,,,,,,,,,,,,,,,,,,,,,,,,,,,,,,,,,,,,,,,,,,,,,,,,,,,,,,,,,,,
49,43,46,50,50,50,51,51,53,54,54,51,51,53,53,51,50,53,51,53,53,53,52,50,54,51,56,54,54,56,54,56,56,54,54,54,53,57,54,54,53,54,53,53,50,50,48,49,48,48,46,46,41,41,45,40,41,38,36,36,35,34,33,33,29,,,,,,,,,,,,,,,,,,,,,,,,,,,,,,,,,,,,,,,,,,,,,,,,,,,,,,,,,,,,,,,,,,,,,,,,,,,,,,,,,,,,,,,,,,,,,,,,,,,,,,,,,,,,,,,,,,,,,,,,,,,,,,,,,,,,,,,,,,,,,,,,,,,,,,,,,,,,,,,,,,,,,,,,,,,,,,,,,,,,,,,,,,,,,,,,
50,23,24,24,23,24,24,24,25,27,27,27,29,29,31,34,39,40,38,40,38,43,42,43,45,45,48,48,46,50,46,50,53,54,54,51,54,53,54,51,56,53,54,56,53,56,51,54,51,53,56,51,54,54,53,51,53,51,48,51,49,48,47,46,41,,,,,,,,,,,,,,,,,,,,,,,,,,,,,,,,,,,,,,,,,,,,,,,,,,,,,,,,,,,,,,,,,,,,,,,,,,,,,,,,,,,,,,,,,,,,,,,,,,,,,,,,,,,,,,,,,,,,,,,,,,,,,,,,,,,,,,,,,,,,,,,,,,,,,,,,,,,,,,,,,,,,,,,,,,,,,,,,,,,,,,,,,,,,,,,,
51,38,38,40,40,36,36,33,34,36,34,34,33,27,24,24,24,24,24,24,25,24,24,24,25,24,24,24,24,25,24,24,24,25,24,25,25,24,25,25,27,29,29,31,29,31,35,38,40,40,40,41,43,43,41,46,47,51,48,45,48,45,46,46,45,,,,,,,,,,,,,,,,,,,,,,,,,,,,,,,,,,,,,,,,,,,,,,,,,,,,,,,,,,,,,,,,,,,,,,,,,,,,,,,,,,,,,,,,,,,,,,,,,,,,,,,,,,,,,,,,,,,,,,,,,,,,,,,,,,,,,,,,,,,,,,,,,,,,,,,,,,,,,,,,,,,,,,,,,,,,,,,,,,,,,,,,,,,,,,,,
52,43,43,50,46,48,49,53,51,48,51,51,52,50,51,50,51,54,53,48,51,51,51,48,48,45,47,48,46,43,42,43,40,40,38,41,34,35,34,32,32,33,34,31,27,24,24,24,24,24,24,24,24,23,24,24,24,24,23,24,24,24,23,24,23,,,,,,,,,,,,,,,,,,,,,,,,,,,,,,,,,,,,,,,,,,,,,,,,,,,,,,,,,,,,,,,,,,,,,,,,,,,,,,,,,,,,,,,,,,,,,,,,,,,,,,,,,,,,,,,,,,,,,,,,,,,,,,,,,,,,,,,,,,,,,,,,,,,,,,,,,,,,,,,,,,,,,,,,,,,,,,,,,,,,,,,,,,,,,,,,
53,38,40,45,45,51,48,47,48,50,51,50,53,55,52,54,54,53,50,56,53,51,54,56,51,51,51,56,53,54,56,53,53,57,51,53,54,56,50,53,56,53,54,56,53,53,54,51,53,56,54,53,53,51,51,50,50,49,47,51,45,41,40,41,38,,,,,,,,,,,,,,,,,,,,,,,,,,,,,,,,,,,,,,,,,,,,,,,,,,,,,,,,,,,,,,,,,,,,,,,,,,,,,,,,,,,,,,,,,,,,,,,,,,,,,,,,,,,,,,,,,,,,,,,,,,,,,,,,,,,,,,,,,,,,,,,,,,,,,,,,,,,,,,,,,,,,,,,,,,,,,,,,,,,,,,,,,,,,,,,,
54,24,24,24,24,24,24,25,24,25,24,24,23,24,24,24,23,24,25,29,29,29,29,31,31,33,36,38,40,38,46,43,47,43,48,50,47,48,45,45,49,48,53,50,51,50,51,51,53,51,51,50,50,53,49,51,47,51,47,50,48,48,43,45,41,,,,,,,,,,,,,,,,,,,,,,,,,,,,,,,,,,,,,,,,,,,,,,,,,,,,,,,,,,,,,,,,,,,,,,,,,,,,,,,,,,,,,,,,,,,,,,,,,,,,,,,,,,,,,,,,,,,,,,,,,,,,,,,,,,,,,,,,,,,,,,,,,,,,,,,,,,,,,,,,,,,,,,,,,,,,,,,,,,,,,,,,,,,,,,,,
55,46,50,45,46,48,48,49,45,43,43,45,42,43,46,41,38,38,38,36,36,35,34,28,25,25,24,25,24,24,24,24,25,25,24,25,24,24,24,24,24,24,24,25,24,24,25,24,24,25,27,31,29,31,31,33,33,36,40,44,40,38,38,38,43,,,,,,,,,,,,,,,,,,,,,,,,,,,,,,,,,,,,,,,,,,,,,,,,,,,,,,,,,,,,,,,,,,,,,,,,,,,,,,,,,,,,,,,,,,,,,,,,,,,,,,,,,,,,,,,,,,,,,,,,,,,,,,,,,,,,,,,,,,,,,,,,,,,,,,,,,,,,,,,,,,,,,,,,,,,,,,,,,,,,,,,,,,,,,,,,
56,40,45,46,45,48,50,49,47,49,49,52,52,48,47,45,44,47,45,40,42,39,38,40,39,38,38,33,33,35,33,35,33,30,26,24,24,24,24,24,24,24,24,24,24,24,24,24,25,24,24,24,24,24,24,24,24,24,24,24,25,26,26,26,27,,,,,,,,,,,,,,,,,,,,,,,,,,,,,,,,,,,,,,,,,,,,,,,,,,,,,,,,,,,,,,,,,,,,,,,,,,,,,,,,,,,,,,,,,,,,,,,,,,,,,,,,,,,,,,,,,,,,,,,,,,,,,,,,,,,,,,,,,,,,,,,,,,,,,,,,,,,,,,,,,,,,,,,,,,,,,,,,,,,,,,,,,,,,,,,,
57,42,45,47,53,50,50,53,50,52,53,55,53,52,52,52,53,50,53,49,50,52,52,52,53,50,55,52,53,51,53,52,52,53,52,52,55,52,53,53,52,53,51,51,49,48,51,45,51,47,50,45,42,40,45,40,38,37,35,33,36,34,31,32,29,,,,,,,,,,,,,,,,,,,,,,,,,,,,,,,,,,,,,,,,,,,,,,,,,,,,,,,,,,,,,,,,,,,,,,,,,,,,,,,,,,,,,,,,,,,,,,,,,,,,,,,,,,,,,,,,,,,,,,,,,,,,,,,,,,,,,,,,,,,,,,,,,,,,,,,,,,,,,,,,,,,,,,,,,,,,,,,,,,,,,,,,,,,,,,,,
58,24,24,24,24,24,24,24,25,26,28,28,29,30,31,31,37,37,36,38,38,40,40,42,43,45,44,45,47,47,44,49,46,50,50,52,49,53,52,50,52,49,50,50,48,53,49,50,50,48,49,50,52,49,54,49,49,50,50,48,45,47,44,43,42,,,,,,,,,,,,,,,,,,,,,,,,,,,,,,,,,,,,,,,,,,,,,,,,,,,,,,,,,,,,,,,,,,,,,,,,,,,,,,,,,,,,,,,,,,,,,,,,,,,,,,,,,,,,,,,,,,,,,,,,,,,,,,,,,,,,,,,,,,,,,,,,,,,,,,,,,,,,,,,,,,,,,,,,,,,,,,,,,,,,,,,,,,,,,,,,
59,36,34,36,35,35,33,33,33,33,33,33,31,26,24,24,24,24,24,24,24,24,24,24,24,24,24,24,24,24,24,24,24,24,24,24,24,24,24,25,27,28,27,29,31,30,33,35,36,37,37,40,40,40,43,41,44,43,47,45,44,42,43,40,42,,,,,,,,,,,,,,,,,,,,,,,,,,,,,,,,,,,,,,,,,,,,,,,,,,,,,,,,,,,,,,,,,,,,,,,,,,,,,,,,,,,,,,,,,,,,,,,,,,,,,,,,,,,,,,,,,,,,,,,,,,,,,,,,,,,,,,,,,,,,,,,,,,,,,,,,,,,,,,,,,,,,,,,,,,,,,,,,,,,,,,,,,,,,,,,,
60,42,43,45,47,45,49,50,48,49,48,49,50,48,49,50,47,52,49,50,48,50,50,50,48,48,50,48,48,47,48,48,45,45,45,45,39,38,40,38,40,40,37,35,33,33,35,34,33,33,29,24,24,24,24,24,24,24,24,24,24,24,24,24,24,,,,,,,,,,,,,,,,,,,,,,,,,,,,,,,,,,,,,,,,,,,,,,,,,,,,,,,,,,,,,,,,,,,,,,,,,,,,,,,,,,,,,,,,,,,,,,,,,,,,,,,,,,,,,,,,,,,,,,,,,,,,,,,,,,,,,,,,,,,,,,,,,,,,,,,,,,,,,,,,,,,,,,,,,,,,,,,,,,,,,,,,,,,,,,,,
61,33,35,36,38,42,40,40,44,42,43,42,42,47,47,45,44,45,46,47,45,43,47,45,47,47,45,45,47,44,47,45,47,45,44,45,49,45,43,43,47,45,44,44,47,45,43,47,47,45,45,44,44,47,44,44,40,42,42,40,38,36,33,33,31,,,,,,,,,,,,,,,,,,,,,,,,,,,,,,,,,,,,,,,,,,,,,,,,,,,,,,,,,,,,,,,,,,,,,,,,,,,,,,,,,,,,,,,,,,,,,,,,,,,,,,,,,,,,,,,,,,,,,,,,,,,,,,,,,,,,,,,,,,,,,,,,,,,,,,,,,,,,,,,,,,,,,,,,,,,,,,,,,,,,,,,,,,,,,,,,
62,24,24,24,24,24,24,24,24,24,24,24,24,24,24,24,24,24,24,26,27,27,29,29,29,31,35,35,35,38,38,38,38,41,39,44,43,43,43,43,42,43,42,47,43,47,47,48,44,47,47,47,45,48,45,47,45,47,47,45,45,45,42,43,42,,,,,,,,,,,,,,,,,,,,,,,,,,,,,,,,,,,,,,,,,,,,,,,,,,,,,,,,,,,,,,,,,,,,,,,,,,,,,,,,,,,,,,,,,,,,,,,,,,,,,,,,,,,,,,,,,,,,,,,,,,,,,,,,,,,,,,,,,,,,,,,,,,,,,,,,,,,,,,,,,,,,,,,,,,,,,,,,,,,,,,,,,,,,,,,,
63,43,43,44,42,44,44,43,40,38,38,40,38,38,39,35,33,33,33,33,33,33,31,26,24,24,24,24,24,24,24,24,24,24,24,24,24,24,24,24,24,24,24,24,24,24,24,24,24,24,26,27,27,28,29,29,30,33,35,35,37,37,36,36,36,,,,,,,,,,,,,,,,,,,,,,,,,,,,,,,,,,,,,,,,,,,,,,,,,,,,,,,,,,,,,,,,,,,,,,,,,,,,,,,,,,,,,,,,,,,,,,,,,,,,,,,,,,,,,,,,,,,,,,,,,,,,,,,,,,,,,,,,,,,,,,,,,,,,,,,,,,,,,,,,,,,,,,,,,,,,,,,,,,,,,,,,,,,,,,,,
,,,,,,,,,,,,,,,,,,,,,,,,,,,,,,,,,,,,,,,,,,,,,,,,,,,,,,,,,,,,,,,,,,,,,,,,,,,,,,,,,,,,,,,,,,,,,,,,,,,,,,,,,,,,,,,,,,,,,,,,,,,,,,,,,,,,,,,,,,,,,,,,,,,,,,,,,,,,,,,,,,,,,,,,,,,,,,,,,,,,,,,,,,,,,,,,,,,,,,,,,,,,,,,,,,,,,,,,,,,,,,,,,,,,,,,,,,,,,,,,,,,,,,,,,,,,,,,,
value,0,1,2,3,4,5,6,7,8,9,10,11,12,13,14,15,16,17,18,19,20,21,22,23,24,25,26,27,28,29,30,31,32,33,34,35,36,37,38,39,40,41,42,43,44,45,46,47,48,49,50,51,52,53,54,55,56,57,58,59,60,61,62,63,64,65,66,67,68,69,70,71,72,73,74,75,76,77,78,79,80,81,82,83,84,85,86,87,88,89,90,91,92,93,94,95,96,97,98,99,100,101,102,103,104,105,106,107,108,109,110,111,112,113,114,115,116,117,118,119,120,121,122,123,124,125,126,127,128,129,130,131,132,133,134,135,136,137,138,139,140,141,142,143,144,145,146,147,148,149,150,151,152,153,154,155,156,157,158,159,160,161,162,163,164,165,166,167,168,169,170,171,172,173,174,175,176,177,178,179,180,181,182,183,184,185,186,187,188,189,190,191,192,193,194,195,196,197,198,199,200,201,202,203,204,205,206,207,208,209,210,211,212,213,214,215,216,217,218,219,220,221,222,223,224,225,226,227,228,229,230,231,232,233,234,235,236,237,238,239,240,241,242,243,244,245,246,247,248,249,250,251,252,253,254,255
count,0,0,0,0,0,0,0,0,0,0,0,0,0,0,0,0,0,0,0,0,68,54,171,108,381,215,62,51,42,60,37,56,44,87,58,83,76,57,101,79,109,89,96,102,109,134,104,174,97,166,168,144,245,154,141,71,63,29,5,5,1,0,0,0,0,0,0,0,0,0,0,0,0,0,0,0,0,0,0,0,0,0,0,0,0,0,0,0,0,0,0,0,0,0,0,0,0,0,0,0,0,0,0,0,0,0,0,0,0,0,0,0,0,0,0,0,0,0,0,0,0,0,0,0,0,0,0,0,0,0,0,0,0,0,0,0,0,0,0,0,0,0,0,0,0,0,0,0,0,0,0,0,0,0,0,0,0,0,0,0,0,0,0,0,0,0,0,0,0,0,0,0,0,0,0,0,0,0,0,0,0,0,0,0,0,0,0,0,0,0,0,0,0,0,0,0,0,0,0,0,0,0,0,0,0,0,0,0,0,0,0,0,0,0,0,0,0,0,0,0,0,0,0,0,0,0,0,0,0,0,0,0,0,0,0,0,0,0,0,0,0,0,0,0,0,0,0,0,0,0,0,0,0,0,0,0
,,,,,,,,,,,,,,,,,,,,,,,,,,,,,,,,,,,,,,,,,,,,,,,,,,,,,,,,,,,,,,,,,,,,,,,,,,,,,,,,,,,,,,,,,,,,,,,,,,,,,,,,,,,,,,,,,,,,,,,,,,,,,,,,,,,,,,,,,,,,,,,,,,,,,,,,,,,,,,,,,,,,,,,,,,,,,,,,,,,,,,,,,,,,,,,,,,,,,,,,,,,,,,,,,,,,,,,,,,,,,,,,,,,,,,,,,,,,,,,,,,,,,,,,,,,,,,,,
11,,,,,,,,,,,,,,,,,,,,,,,,,,,,,,,,,,,,,,,,,,,,,,,,,,,,,,,,,,,,,,,,,,,,,,,,,,,,,,,,,,,,,,,,,,,,,,,,,,,,,,,,,,,,,,,,,,,,,,,,,,,,,,,,,,,,,,,,,,,,,,,,,,,,,,,,,,,,,,,,,,,,,,,,,,,,,,,,,,,,,,,,,,,,,,,,,,,,,,,,,,,,,,,,,,,,,,,,,,,,,,,,,,,,,,,,,,,,,,,,,,,,,,,,,,,,,,,,
,0,1,2,3,4,5,6,7,8,9,10,11,12,13,14,15,16,17,18,19,20,21,22,23,24,25,26,27,28,29,30,31,32,33,34,35,36,37,38,39,40,41,42,43,44,45,46,47,48,49,50,51,52,53,54,55,56,57,58,59,60,61,62,63,,,,,,,,,,,,,,,,,,,,,,,,,,,,,,,,,,,,,,,,,,,,,,,,,,,,,,,,,,,,,,,,,,,,,,,,,,,,,,,,,,,,,,,,,,,,,,,,,,,,,,,,,,,,,,,,,,,,,,,,,,,,,,,,,,,,,,,,,,,,,,,,,,,,,,,,,,,,,,,,,,,,,,,,,,,,,,,,,,,,,,,,,,,,,,,,
0,38,38,43,41,42,41,42,41,40,43,43,41,43,39,39,41,40,39,39,34,34,34,35,34,34,31,29,31,29,29,31,29,23,21,20,20,21,20,20,20,20,20,20,20,21,21,21,20,20,20,21,20,20,20,21,20,20,21,20,23,23,23,25,24,,,,,,,,,,,,,,,,,,,,,,,,,,,,,,,,,,,,,,,,,,,,,,,,,,,,,,,,,,,,,,,,,,,,,,,,,,,,,,,,,,,,,,,,,,,,,,,,,,,,,,,,,,,,,,,,,,,,,,,,,,,,,,,,,,,,,,,,,,,,,,,,,,,,,,,,,,,,,,,,,,,,,,,,,,,,,,,,,,,,,,,,,,,,,,,,
1,40,41,41,41,45,45,45,41,43,43,46,41,45,48,40,46,43,41,43,43,45,41,41,43,43,43,45,43,41,46,44,43,43,48,46,43,43,41,45,45,42,41,41,41,43,41,43,40,38,37,34,38,36,36,34,34,30,29,32,29,29,29,27,23,,,,,,,,,,,,,,,,,,,,,,,,,,,,,,,,,,,,,,,,,,,,,,,,,,,,,,,,,,,,,,,,,,,,,,,,,,,,,,,,,,,,,,,,,,,,,,,,,,,,,,,,,,,,,,,,,,,,,,,,,,,,,,,,,,,,,,,,,,,,,,,,,,,,,,,,,,,,,,,,,,,,,,,,,,,,,,,,,,,,,,,,,,,,,,,,
2,21,20,21,20,20,20,21,22,25,25,25,27,29,27,31,36,32,34,36,34,38,38,38,40,41,40,43,43,41,43,45,45,45,46,46,48,43,44,44,42,45,46,46,44,42,46,41,48,43,43,43,45,42,46,44,43,45,43,41,41,41,40,38,36,,,,,,,,,,,,,,,,,,,,,,,,,,,,,,,,,,,,,,,,,,,,,,,,,,,,,,,,,,,,,,,,,,,,,,,,,,,,,,,,,,,,,,,,,,,,,,,,,,,,,,,,,,,,,,,,,,,,,,,,,,,,,,,,,,,,,,,,,,,,,,,,,,,,,,,,,,,,,,,,,,,,,,,,,,,,,,,,,,,,,,,,,,,,,,,,
3,30,34,33,31,29,27,29,29,31,29,27,25,21,20,20,21,20,20,20,20,20,20,20,21,21,21,21,20,20,20,21,20,20,20,20,20,21,20,22,24,24,25,27,27,28,31,32,33,36,35,35,36,36,41,38,41,43,39,41,38,40,40,41,40,,,,,,,,,,,,,,,,,,,,,,,,,,,,,,,,,,,,,,,,,,,,,,,,,,,,,,,,,,,,,,,,,,,,,,,,,,,,,,,,,,,,,,,,,,,,,,,,,,,,,,,,,,,,,,,,,,,,,,,,,,,,,,,,,,,,,,,,,,,,,,,,,,,,,,,,,,,,,,,,,,,,,,,,,,,,,,,,,,,,,,,,,,,,,,,,
4,43,41,46,46,46,49,48,49,46,45,48,48,46,46,50,48,46,46,48,46,46,45,46,45,45,43,45,42,36,36,39,36,40,37,36,33,32,33,31,33,31,31,25,22,20,21,21,21,20,20,20,22,20,20,21,20,20,20,20,21,21,20,20,20,,,,,,,,,,,,,,,,,,,,,,,,,,,,,,,,,,,,,,,,,,,,,,,,,,,,,,,,,,,,,,,,,,,,,,,,,,,,,,,,,,,,,,,,,,,,,,,,,,,,,,,,,,,,,,,,,,,,,,,,,,,,,,,,,,,,,,,,,,,,,,,,,,,,,,,,,,,,,,,,,,,,,,,,,,,,,,,,,,,,,,,,,,,,,,,,
5,31,34,38,39,41,40,41,41,45,43,46,49,48,48,48,48,48,49,46,46,48,49,48,46,48,45,51,44,49,46,48,48,46,48,50,43,46,49,46,48,48,48,46,46,46,47,51,46,48,45,45,49,48,45,43,43,41,43,38,36,36,34,31,29,,,,,,,,,,,,,,,,,,,,,,,,,,,,,,,,,,,,,,,,,,,,,,,,,,,,,,,,,,,,,,,,,,,,,,,,,,,,,,,,,,,,,,,,,,,,,,,,,,,,,,,,,,,,,,,,,,,,,,,,,,,,,,,,,,,,,,,,,,,,,,,,,,,,,,,,,,,,,,,,,,,,,,,,,,,,,,,,,,,,,,,,,,,,,,,,
6,20,21,20,20,20,21,21,21,20,20,21,21,20,21,20,20,21,23,25,25,27,29,27,29,31,36,36,38,36,38,38,39,38,44,43,45,43,43,43,46,48,46,50,48,48,49,46,48,44,46,48,51,53,46,48,48,45,49,46,46,44,41,42,38,,,,,,,,,,,,,,,,,,,,,,,,,,,,,,,,,,,,,,,,,,,,,,,,,,,,,,,,,,,,,,,,,,,,,,,,,,,,,,,,,,,,,,,,,,,,,,,,,,,,,,,,,,,,,,,,,,,,,,,,,,,,,,,,,,,,,,,,,,,,,,,,,,,,,,,,,,,,,,,,,,,,,,,,,,,,,,,,,,,,,,,,,,,,,,,,
7,40,41,38,41,39,41,39,38,38,36,37,35,36,33,30,31,29,30,29,31,29,25,21,21,21,20,20,20,21,20,20,21,21,20,20,21,21,20,21,20,20,20,20,20,21,20,20,21,23,25,25,25,25,27,27,31,32,34,33,33,33,32,31,34,,,,,,,,,,,,,,,,,,,,,,,,,,,,,,,,,,,,,,,,,,,,,,,,,,,,,,,,,,,,,,,,,,,,,,,,,,,,,,,,,,,,,,,,,,,,,,,,,,,,,,,,,,,,,,,,,,,,,,,,,,,,,,,,,,,,,,,,,,,,,,,,,,,,,,,,,,,,,,,,,,,,,,,,,,,,,,,,,,,,,,,,,,,,,,,,
8,45,46,46,50,51,50,51,50,52,54,52,51,46,47,48,46,46,40,40,39,40,38,40,42,35,37,33,33,35,33,35,31,26,22,22,22,22,22,22,22,22,22,22,22,22,22,22,22,22,22,22,22,22,22,22,23,22,22,22,25,25,25,25,26,,,,,,,,,,,,,,,,,,,,,,,,,,,,,,,,,,,,,,,,,,,,,,,,,,,,,,,,,,,,,,,,,,,,,,,,,,,,,,,,,,,,,,,,,,,,,,,,,,,,,,,,,,,,,,,,,,,,,,,,,,,,,,,,,,,,,,,,,,,,,,,,,,,,,,,,,,,,,,,,,,,,,,,,,,,,,,,,,,,,,,,,,,,,,,,,
9,42,46,49,52,49,54,52,52,52,51,51,51,51,52,51,54,52,54,54,52,52,53,52,51,52,51,55,52,49,52,50,55,53,49,51,53,52,54,52,54,50,52,47,50,47,47,45,47,44,42,39,42,40,41,41,35,33,31,33,31,32,31,27,24,,,,,,,,,,,,,,,,,,,,,,,,,,,,,,,,,,,,,,,,,,,,,,,,,,,,,,,,,,,,,,,,,,,,,,,,,,,,,,,,,,,,,,,,,,,,,,,,,,,,,,,,,,,,,,,,,,,,,,,,,,,,,,,,,,,,,,,,,,,,,,,,,,,,,,,,,,,,,,,,,,,,,,,,,,,,,,,,,,,,,,,,,,,,,,,,
10,22,22,22,22,22,22,23,24,25,26,27,28,29,31,35,35,35,37,39,39,40,44,44,45,48,47,49,47,47,54,51,52,57,54,52,54,56,54,53,55,53,50,51,54,53,50,52,54,52,51,56,54,52,51,54,50,54,52,51,49,49,47,46,42,,,,,,,,,,,,,,,,,,,,,,,,,,,,,,,,,,,,,,,,,,,,,,,,,,,,,,,,,,,,,,,,,,,,,,,,,,,,,,,,,,,,,,,,,,,,,,,,,,,,,,,,,,,,,,,,,,,,,,,,,,,,,,,,,,,,,,,,,,,,,,,,,,,,,,,,,,,,,,,,,,,,,,,,,,,,,,,,,,,,,,,,,,,,,,,,
11,37,40,37,33,33,35,33,35,35,33,35,28,22,22,22,22,22,22,22,22,22,22,22,22,22,22,22,22,22,22,22,22,22,22,22,22,22,22,25,26,27,29,29,31,33,35,39,40,40,42,42,42,44,44,44,49,46,46,49,47,46,44,44,44,,,,,,,,,,,,,,,,,,,,,,,,,,,,,,,,,,,,,,,,,,,,,,,,,,,,,,,,,,,,,,,,,,,,,,,,,,,,,,,,,,,,,,,,,,,,,,,,,,,,,,,,,,,,,,,,,,,,,,,,,,,,,,,,,,,,,,,,,,,,,,,,,,,,,,,,,,,,,,,,,,,,,,,,,,,,,,,,,,,,,,,,,,,,,,,,
12,44,49,51,54,56,54,54,60,56,52,54,57,55,55,54,54,54,57,54,54,51,55,49,51,53,53,52,48,46,46,46,44,44,40,42,37,35,37,37,35,35,36,29,22,22,22,22,22,22,22,22,22,22,22,22,22,22,22,22,22,22,22,22,22,,,,,,,,,,,,,,,,,,,,,,,,,,,,,,,,,,,,,,,,,,,,,,,,,,,,,,,,,,,,,,,,,,,,,,,,,,,,,,,,,,,,,,,,,,,,,,,,,,,,,,,,,,,,,,,,,,,,,,,,,,,,,,,,,,,,,,,,,,,,,,,,,,,,,,,,,,,,,,,,,,,,,,,,,,,,,,,,,,,,,,,,,,,,,,,,
13,38,42,40,44,44,44,46,44,46,50,50,51,49,50,49,51,54,51,49,50,54,51,51,50,52,54,54,51,49,53,51,50,57,51,52,50,51,52,52,52,51,52,51,49,52,51,51,51,51,52,49,52,52,47,49,47,46,46,46,42,39,39,35,35,,,,,,,,,,,,,,,,,,,,,,,,,,,,,,,,,,,,,,,,,,,,,,,,,,,,,,,,,,,,,,,,,,,,,,,,,,,,,,,,,,,,,,,,,,,,,,,,,,,,,,,,,,,,,,,,,,,,,,,,,,,,,,,,,,,,,,,,,,,,,,,,,,,,,,,,,,,,,,,,,,,,,,,,,,,,,,,,,,,,,,,,,,,,,,,,
14,22,22,22,22,22,22,22,22,22,22,22,22,22,22,22,22,22,24,26,28,28,30,30,29,35,37,37,38,38,40,39,40,44,42,45,47,49,46,47,44,48,53,49,54,47,54,52,51,51,54,51,53,52,51,49,49,49,50,49,47,46,41,44,41,,,,,,,,,,,,,,,,,,,,,,,,,,,,,,,,,,,,,,,,,,,,,,,,,,,,,,,,,,,,,,,,,,,,,,,,,,,,,,,,,,,,,,,,,,,,,,,,,,,,,,,,,,,,,,,,,,,,,,,,,,,,,,,,,,,,,,,,,,,,,,,,,,,,,,,,,,,,,,,,,,,,,,,,,,,,,,,,,,,,,,,,,,,,,,,,
15,42,44,40,42,45,44,44,44,44,41,39,40,40,37,33,35,35,33,32,35,31,30,22,22,22,22,22,22,22,22,22,22,22,22,22,22,22,22,22,22,22,22,22,22,22,22,22,22,24,26,27,26,29,30,30,33,35,38,36,39,35,37,37,37,,,,,,,,,,,,,,,,,,,,,,,,,,,,,,,,,,,,,,,,,,,,,,,,,,,,,,,,,,,,,,,,,,,,,,,,,,,,,,,,,,,,,,,,,,,,,,,,,,,,,,,,,,,,,,,,,,,,,,,,,,,,,,,,,,,,,,,,,,,,,,,,,,,,,,,,,,,,,,,,,,,,,,,,,,,,,,,,,,,,,,,,,,,,,,,,
16,44,44,44,46,47,52,47,50,51,50,52,50,49,46,43,46,46,43,41,41,39,39,41,38,34,32,33,33,30,33,32,31,25,23,23,23,23,23,22,22,22,22,23,23,23,23,22,23,23,22,23,22,22,22,23,23,23,22,23,25,25,25,25,27,,,,,,,,,,,,,,,,,,,,,,,,,,,,,,,,,,,,,,,,,,,,,,,,,,,,,,,,,,,,,,,,,,,,,,,,,,,,,,,,,,,,,,,,,,,,,,,,,,,,,,,,,,,,,,,,,,,,,,,,,,,,,,,,,,,,,,,,,,,,,,,,,,,,,,,,,,,,,,,,,,,,,,,,,,,,,,,,,,,,,,,,,,,,,,,,
17,44,46,47,54,47,50,52,53,52,57,49,53,56,53,57,54,50,55,55,53,55,56,53,52,53,52,55,56,56,55,56,56,56,55,52,52,56,54,50,50,50,55,55,49,49,49,49,47,46,44,46,42,42,44,40,39,33,36,36,33,34,33,29,25,,,,,,,,,,,,,,,,,,,,,,,,,,,,,,,,,,,,,,,,,,,,,,,,,,,,,,,,,,,,,,,,,,,,,,,,,,,,,,,,,,,,,,,,,,,,,,,,,,,,,,,,,,,,,,,,,,,,,,,,,,,,,,,,,,,,,,,,,,,,,,,,,,,,,,,,,,,,,,,,,,,,,,,,,,,,,,,,,,,,,,,,,,,,,,,,
18,22,23,22,23,23,23,24,25,27,27,29,29,31,33,36,41,36,39,41,42,43,44,47,50,47,50,49,49,51,53,52,56,56,53,52,52,50,53,53,51,54,55,53,52,53,52,57,52,52,52,52,53,55,55,54,55,55,53,47,47,49,44,46,41,,,,,,,,,,,,,,,,,,,,,,,,,,,,,,,,,,,,,,,,,,,,,,,,,,,,,,,,,,,,,,,,,,,,,,,,,,,,,,,,,,,,,,,,,,,,,,,,,,,,,,,,,,,,,,,,,,,,,,,,,,,,,,,,,,,,,,,,,,,,,,,,,,,,,,,,,,,,,,,,,,,,,,,,,,,,,,,,,,,,,,,,,,,,,,,,
19,39,42,41,41,36,35,36,36,36,39,36,29,23,23,22,23,24,23,23,23,23,23,22,23,23,23,23,23,23,23,23,23,23,22,23,23,23,23,25,27,29,29,31,33,34,38,43,44,44,43,46,46,49,52,46,52,55,50,52,49,50,50,47,47,,,,,,,,,,,,,,,,,,,,,,,,,,,,,,,,,,,,,,,,,,,,,,,,,,,,,,,,,,,,,,,,,,,,,,,,,,,,,,,,,,,,,,,,,,,,,,,,,,,,,,,,,,,,,,,,,,,,,,,,,,,,,,,,,,,,,,,,,,,,,,,,,,,,,,,,,,,,,,,,,,,,,,,,,,,,,,,,,,,,,,,,,,,,,,,,
20,41,44,46,47,46,47,49,53,47,50,52,52,52,50,52,53,53,49,52,49,50,49,50,47,47,44,46,46,40,41,40,41,39,39,38,33,32,34,34,34,33,31,29,23,24,23,22,22,22,23,23,23,22,22,23,23,22,22,22,23,23,22,23,22,,,,,,,,,,,,,,,,,,,,,,,,,,,,,,,,,,,,,,,,,,,,,,,,,,,,,,,,,,,,,,,,,,,,,,,,,,,,,,,,,,,,,,,,,,,,,,,,,,,,,,,,,,,,,,,,,,,,,,,,,,,,,,,,,,,,,,,,,,,,,,,,,,,,,,,,,,,,,,,,,,,,,,,,,,,,,,,,,,,,,,,,,,,,,,,,
21,36,39,39,46,44,45,46,46,46,46,51,55,52,52,55,54,49,52,56,53,53,52,52,50,52,53,50,52,52,52,52,53,52,53,52,53,52,55,50,50,52,50,50,50,50,52,52,53,49,52,49,53,50,47,46,47,47,46,41,41,41,40,36,34,,,,,,,,,,,,,,,,,,,,,,,,,,,,,,,,,,,,,,,,,,,,,,,,,,,,,,,,,,,,,,,,,,,,,,,,,,,,,,,,,,,,,,,,,,,,,,,,,,,,,,,,,,,,,,,,,,,,,,,,,,,,,,,,,,,,,,,,,,,,,,,,,,,,,,,,,,,,,,,,,,,,,,,,,,,,,,,,,,,,,,,,,,,,,,,,
22,22,23,22,22,22,23,23,22,23,23,23,22,22,23,23,23,22,26,25,27,27,32,29,30,36,38,38,39,39,43,41,43,42,44,49,50,44,47,47,47,49,53,53,52,50,52,56,50,55,56,56,56,55,49,50,55,53,49,49,53,47,45,44,42,,,,,,,,,,,,,,,,,,,,,,,,,,,,,,,,,,,,,,,,,,,,,,,,,,,,,,,,,,,,,,,,,,,,,,,,,,,,,,,,,,,,,,,,,,,,,,,,,,,,,,,,,,,,,,,,,,,,,,,,,,,,,,,,,,,,,,,,,,,,,,,,,,,,,,,,,,,,,,,,,,,,,,,,,,,,,,,,,,,,,,,,,,,,,,,,
23,40,42,43,43,44,46,43,41,40,39,38,37,37,36,33,32,32,32,34,31,32,27,23,22,22,22,22,22,23,22,22,22,22,22,22,22,23,22,22,23,22,22,22,22,23,22,22,23,25,26,27,27,27,27,30,31,36,34,33,36,34,34,34,36,,,,,,,,,,,,,,,,,,,,,,,,,,,,,,,,,,,,,,,,,,,,,,,,,,,,,,,,,,,,,,,,,,,,,,,,,,,,,,,,,,,,,,,,,,,,,,,,,,,,,,,,,,,,,,,,,,,,,,,,,,,,,,,,,,,,,,,,,,,,,,,,,,,,,,,,,,,,,,,,,,,,,,,,,,,,,,,,,,,,,,,,,,,,,,,,
24,47,47,50,50,50,49,52,52,50,52,52,52,49,50,50,50,48,44,46,44,44,42,44,45,39,39,39,37,35,35,35,35,28,24,25,24,24,24,24,24,23,24,24,24,24,24,24,24,24,24,24,23,24,24,24,24,24,24,25,26,28,28,28,30,,,,,,,,,,,,,,,,,,,,,,,,,,,,,,,,,,,,,,,,,,,,,,,,,,,,,,,,,,,,,,,,,,,,,,,,,,,,,,,,,,,,,,,,,,,,,,,,,,,,,,,,,,,,,,,,,,,,,,,,,,,,,,,,,,,,,,,,,,,,,,,,,,,,,,,,,,,,,,,,,,,,,,,,,,,,,,,,,,,,,,,,,,,,,,,,
25,40,45,44,49,47,50,51,51,48,52,50,50,52,52,55,55,50,50,52,50,49,52,50,52,53,52,50,52,47,50,52,53,49,52,53,50,52,50,52,52,49,49,50,52,48,44,47,47,45,41,41,40,40,39,39,37,33,34,33,33,32,31,30,28,,,,,,,,,,,,,,,,,,,,,,,,,,,,,,,,,,,,,,,,,,,,,,,,,,,,,,,,,,,,,,,,,,,,,,,,,,,,,,,,,,,,,,,,,,,,,,,,,,,,,,,,,,,,,,,,,,,,,,,,,,,,,,,,,,,,,,,,,,,,,,,,,,,,,,,,,,,,,,,,,,,,,,,,,,,,,,,,,,,,,,,,,,,,,,,,
26,24,24,24,24,24,24,24,26,27,28,28,28,32,32,39,35,37,40,42,40,42,43,44,46,47,48,47,49,48,47,49,50,55,52,52,50,55,52,55,52,55,52,53,50,50,52,50,53,50,50,52,52,52,55,50,52,49,50,51,47,50,47,44,42,,,,,,,,,,,,,,,,,,,,,,,,,,,,,,,,,,,,,,,,,,,,,,,,,,,,,,,,,,,,,,,,,,,,,,,,,,,,,,,,,,,,,,,,,,,,,,,,,,,,,,,,,,,,,,,,,,,,,,,,,,,,,,,,,,,,,,,,,,,,,,,,,,,,,,,,,,,,,,,,,,,,,,,,,,,,,,,,,,,,,,,,,,,,,,,,
27,34,37,37,35,33,33,32,34,34,35,34,28,24,23,24,24,24,24,24,24,24,24,24,23,24,25,24,24,24,24,25,24,24,24,24,24,24,24,26,28,28,28,30,31,31,34,37,37,38,39,42,40,43,44,47,45,47,46,45,47,47,44,42,43,,,,,,,,,,,,,,,,,,,,,,,,,,,,,,,,,,,,,,,,,,,,,,,,,,,,,,,,,,,,,,,,,,,,,,,,,,,,,,,,,,,,,,,,,,,,,,,,,,,,,,,,,,,,,,,,,,,,,,,,,,,,,,,,,,,,,,,,,,,,,,,,,,,,,,,,,,,,,,,,,,,,,,,,,,,,,,,,,,,,,,,,,,,,,,,,
28,42,47,47,49,52,47,49,50,49,49,51,50,53,49,55,53,50,53,50,50,50,52,50,46,47,47,47,45,42,42,40,42,39,39,37,35,34,35,34,35,35,33,30,24,24,24,24,23,24,24,24,24,24,24,24,24,24,24,24,24,24,24,23,24,,,,,,,,,,,,,,,,,,,,,,,,,,,,,,,,,,,,,,,,,,,,,,,,,,,,,,,,,,,,,,,,,,,,,,,,,,,,,,,,,,,,,,,,,,,,,,,,,,,,,,,,,,,,,,,,,,,,,,,,,,,,,,,,,,,,,,,,,,,,,,,,,,,,,,,,,,,,,,,,,,,,,,,,,,,,,,,,,,,,,,,,,,,,,,,,
29,35,39,40,44,44,47,42,49,47,51,50,56,52,52,50,52,49,52,52,52,50,50,49,52,55,53,53,55,53,53,53,54,51,52,52,56,56,53,50,50,53,50,50,53,53,53,55,52,52,52,50,50,47,47,47,46,45,45,42,39,39,38,37,34,,,,,,,,,,,,,,,,,,,,,,,,,,,,,,,,,,,,,,,,,,,,,,,,,,,,,,,,,,,,,,,,,,,,,,,,,,,,,,,,,,,,,,,,,,,,,,,,,,,,,,,,,,,,,,,,,,,,,,,,,,,,,,,,,,,,,,,,,,,,,,,,,,,,,,,,,,,,,,,,,,,,,,,,,,,,,,,,,,,,,,,,,,,,,,,,
30,23,24,23,24,24,24,24,23,24,24,24,24,23,24,24,24,24,26,28,28,28,30,30,31,35,37,38,39,41,40,40,42,42,45,44,47,48,48,47,47,50,52,53,50,53,52,52,52,53,52,53,50,53,52,53,52,50,50,50,50,47,48,47,42,,,,,,,,,,,,,,,,,,,,,,,,,,,,,,,,,,,,,,,,,,,,,,,,,,,,,,,,,,,,,,,,,,,,,,,,,,,,,,,,,,,,,,,,,,,,,,,,,,,,,,,,,,,,,,,,,,,,,,,,,,,,,,,,,,,,,,,,,,,,,,,,,,,,,,,,,,,,,,,,,,,,,,,,,,,,,,,,,,,,,,,,,,,,,,,,
31,42,42,42,46,42,44,44,44,39,40,38,41,39,37,33,33,33,33,34,33,33,28,25,23,24,24,24,24,24,24,24,24,24,24,24,24,24,23,24,24,23,24,24,24,24,24,24,24,26,26,26,27,28,28,30,35,35,37,35,35,37,39,37,37,,,,,,,,,,,,,,,,,,,,,,,,,,,,,,,,,,,,,,,,,,,,,,,,,,,,,,,,,,,,,,,,,,,,,,,,,,,,,,,,,,,,,,,,,,,,,,,,,,,,,,,,,,,,,,,,,,,,,,,,,,,,,,,,,,,,,,,,,,,,,,,,,,,,,,,,,,,,,,,,,,,,,,,,,,,,,,,,,,,,,,,,,,,,,,,,
32,47,45,48,52,50,50,52,56,56,56,56,54,51,53,49,45,49,44,47,42,47,42,45,45,43,37,36,37,38,36,40,36,30,26,25,25,25,25,25,25,25,25,25,25,26,27,25,25,25,25,25,25,25,25,26,25,25,25,27,28,28,29,30,29,,,,,,,,,,,,,,,,,,,,,,,,,,,,,,,,,,,,,,,,,,,,,,,,,,,,,,,,,,,,,,,,,,,,,,,,,,,,,,,,,,,,,,,,,,,,,,,,,,,,,,,,,,,,,,,,,,,,,,,,,,,,,,,,,,,,,,,,,,,,,,,,,,,,,,,,,,,,,,,,,,,,,,,,,,,,,,,,,,,,,,,,,,,,,,,,
33,45,44,49,52,51,52,52,51,52,53,54,51,54,54,54,54,52,55,50,52,57,54,49,54,54,56,54,54,54,54,54,52,54,52,54,53,52,52,52,56,54,52,50,51,49,52,47,49,45,46,43,43,42,42,41,38,36,34,36,36,32,36,32,28,,,,,,,,,,,,,,,,,,,,,,,,,,,,,,,,,,,,,,,,,,,,,,,,,,,,,,,,,,,,,,,,,,,,,,,,,,,,,,,,,,,,,,,,,,,,,,,,,,,,,,,,,,,,,,,,,,,,,,,,,,,,,,,,,,,,,,,,,,,,,,,,,,,,,,,,,,,,,,,,,,,,,,,,,,,,,,,,,,,,,,,,,,,,,,,,
34,25,25,25,25,25,25,27,27,30,31,31,31,33,36,40,40,40,42,45,44,42,42,47,49,49,49,49,51,47,51,50,53,54,54,53,57,54,56,57,52,54,57,57,57,54,55,56,56,54,56,54,52,52,54,56,52,54,52,52,51,51,49,45,49,,,,,,,,,,,,,,,,,,,,,,,,,,,,,,,,,,,,,,,,,,,,,,,,,,,,,,,,,,,,,,,,,,,,,,,,,,,,,,,,,,,,,,,,,,,,,,,,,,,,,,,,,,,,,,,,,,,,,,,,,,,,,,,,,,,,,,,,,,,,,,,,,,,,,,,,,,,,,,,,,,,,,,,,,,,,,,,,,,,,,,,,,,,,,,,,
35,38,38,38,36,36,36,36,36,34,36,36,29,25,25,25,25,25,25,25,25,25,25,25,25,25,25,25,25,25,25,26,25,25,25,25,25,25,25,27,29,30,29,32,33,33,38,40,40,38,40,42,43,45,45,47,47,47,49,49,47,45,47,47,44,,,,,,,,,,,,,,,,,,,,,,,,,,,,,,,,,,,,,,,,,,,,,,,,,,,,,,,,,,,,,,,,,,,,,,,,,,,,,,,,,,,,,,,,,,,,,,,,,,,,,,,,,,,,,,,,,,,,,,,,,,,,,,,,,,,,,,,,,,,,,,,,,,,,,,,,,,,,,,,,,,,,,,,,,,,,,,,,,,,,,,,,,,,,,,,,
36,45,47,50,52,51,54,52,55,52,50,52,54,52,52,54,54,50,54,54,56,56,52,52,47,50,47,51,45,48,44,42,42,41,40,38,36,36,36,36,36,36,36,31,25,25,25,25,25,25,25,25,25,25,25,25,25,25,25,25,25,25,25,25,25,,,,,,,,,,,,,,,,,,,,,,,,,,,,,,,,,,,,,,,,,,,,,,,,,,,,,,,,,,,,,,,,,,,,,,,,,,,,,,,,,,,,,,,,,,,,,,,,,,,,,,,,,,,,,,,,,,,,,,,,,,,,,,,,,,,,,,,,,,,,,,,,,,,,,,,,,,,,,,,,,,,,,,,,,,,,,,,,,,,,,,,,,,,,,,,,
37,39,44,43,47,49,48,49,48,49,54,55,55,52,57,58,52,55,52,58,52,59,55,54,56,56,55,56,56,56,54,54,56,56,51,56,55,54,54,56,55,54,55,56,54,52,57,51,54,54,54,52,52,52,49,52,49,49,45,49,43,43,41,38,36,,,,,,,,,,,,,,,,,,,,,,,,,,,,,,,,,,,,,,,,,,,,,,,,,,,,,,,,,,,,,,,,,,,,,,,,,,,,,,,,,,,,,,,,,,,,,,,,,,,,,,,,,,,,,,,,,,,,,,,,,,,,,,,,,,,,,,,,,,,,,,,,,,,,,,,,,,,,,,,,,,,,,,,,,,,,,,,,,,,,,,,,,,,,,,,,
38,25,25,25,25,25,25,25,25,25,25,25,25,25,25,25,25,25,27,28,29,29,30,31,32,36,39,38,39,40,40,40,41,45,47,45,51,50,47,48,51,51,54,54,55,59,52,56,59,54,52,57,54,52,54,52,50,52,55,50,49,50,50,45,43,,,,,,,,,,,,,,,,,,,,,,,,,,,,,,,,,,,,,,,,,,,,,,,,,,,,,,,,,,,,,,,,,,,,,,,,,,,,,,,,,,,,,,,,,,,,,,,,,,,,,,,,,,,,,,,,,,,,,,,,,,,,,,,,,,,,,,,,,,,,,,,,,,,,,,,,,,,,,,,,,,,,,,,,,,,,,,,,,,,,,,,,,,,,,,,,
39,45,45,47,45,45,47,44,47,43,43,41,45,40,40,36,38,36,36,36,34,35,31,25,25,25,25,25,25,25,25,25,25,25,25,25,25,25,25,25,25,25,25,25,25,25,25,25,25,27,28,29,29,31,33,32,36,38,38,38,40,40,40,40,40,,,,,,,,,,,,,,,,,,,,,,,,,,,,,,,,,,,,,,,,,,,,,,,,,,,,,,,,,,,,,,,,,,,,,,,,,,,,,,,,,,,,,,,,,,,,,,,,,,,,,,,,,,,,,,,,,,,,,,,,,,,,,,,,,,,,,,,,,,,,,,,,,,,,,,,,,,,,,,,,,,,,,,,,,,,,,,,,,,,,,,,,,,,,,,,,
40,46,49,49,47,51,52,49,51,50,53,52,52,47,44,46,49,49,45,43,44,42,44,41,41,40,39,35,37,35,39,37,35,28,24,25,24,26,25,24,25,24,25,25,25,26,25,25,25,24,25,25,25,24,24,25,25,24,24,26,28,29,28,28,30,,,,,,,,,,,,,,,,,,,,,,,,,,,,,,,,,,,,,,,,,,,,,,,,,,,,,,,,,,,,,,,,,,,,,,,,,,,,,,,,,,,,,,,,,,,,,,,,,,,,,,,,,,,,,,,,,,,,,,,,,,,,,,,,,,,,,,,,,,,,,,,,,,,,,,,,,,,,,,,,,,,,,,,,,,,,,,,,,,,,,,,,,,,,,,,,
41,41,44,47,48,49,49,51,52,52,55,52,54,54,52,57,53,54,48,52,52,54,54,55,52,50,54,50,51,52,54,52,52,52,52,52,49,52,50,55,52,50,51,51,50,47,47,47,45,44,42,39,40,40,42,40,37,35,32,33,33,34,31,30,26,,,,,,,,,,,,,,,,,,,,,,,,,,,,,,,,,,,,,,,,,,,,,,,,,,,,,,,,,,,,,,,,,,,,,,,,,,,,,,,,,,,,,,,,,,,,,,,,,,,,,,,,,,,,,,,,,,,,,,,,,,,,,,,,,,,,,,,,,,,,,,,,,,,,,,,,,,,,,,,,,,,,,,,,,,,,,,,,,,,,,,,,,,,,,,,,
42,24,24,25,24,24,25,26,28,30,29,30,30,33,34,37,42,39,41,41,44,46,44,46,47,49,54,47,47,49,54,50,52,51,55,55,54,56,57,55,57,54,55,51,55,52,53,52,55,52,52,55,54,52,54,50,52,51,51,52,49,49,47,45,49,,,,,,,,,,,,,,,,,,,,,,,,,,,,,,,,,,,,,,,,,,,,,,,,,,,,,,,,,,,,,,,,,,,,,,,,,,,,,,,,,,,,,,,,,,,,,,,,,,,,,,,,,,,,,,,,,,,,,,,,,,,,,,,,,,,,,,,,,,,,,,,,,,,,,,,,,,,,,,,,,,,,,,,,,,,,,,,,,,,,,,,,,,,,,,,,
43,37,39,39,35,33,34,36,35,34,35,33,28,24,24,24,25,26,24,24,25,24,24,24,24,26,26,24,25,24,25,25,24,24,24,24,25,25,26,26,28,28,31,30,31,33,38,39,40,41,39,40,42,46,46,47,50,47,47,49,44,46,46,49,42,,,,,,,,,,,,,,,,,,,,,,,,,,,,,,,,,,,,,,,,,,,,,,,,,,,,,,,,,,,,,,,,,,,,,,,,,,,,,,,,,,,,,,,,,,,,,,,,,,,,,,,,,,,,,,,,,,,,,,,,,,,,,,,,,,,,,,,,,,,,,,,,,,,,,,,,,,,,,,,,,,,,,,,,,,,,,,,,,,,,,,,,,,,,,,,,
44,42,44,47,49,49,47,49,50,51,52,57,51,52,51,57,57,54,52,52,50,54,52,49,47,46,46,49,44,42,42,39,40,42,39,37,34,34,35,34,35,33,34,30,25,24,24,24,24,24,24,24,25,24,24,24,24,24,24,24,24,24,24,24,24,,,,,,,,,,,,,,,,,,,,,,,,,,,,,,,,,,,,,,,,,,,,,,,,,,,,,,,,,,,,,,,,,,,,,,,,,,,,,,,,,,,,,,,,,,,,,,,,,,,,,,,,,,,,,,,,,,,,,,,,,,,,,,,,,,,,,,,,,,,,,,,,,,,,,,,,,,,,,,,,,,,,,,,,,,,,,,,,,,,,,,,,,,,,,,,,
45,38,40,44,44,45,47,49,47,47,47,50,54,52,52,54,51,51,54,57,54,55,51,51,54,54,51,55,55,51,54,55,52,52,55,52,53,52,54,49,54,49,50,54,48,55,53,52,50,50,54,54,53,50,49,47,47,46,47,44,39,39,39,35,35,,,,,,,,,,,,,,,,,,,,,,,,,,,,,,,,,,,,,,,,,,,,,,,,,,,,,,,,,,,,,,,,,,,,,,,,,,,,,,,,,,,,,,,,,,,,,,,,,,,,,,,,,,,,,,,,,,,,,,,,,,,,,,,,,,,,,,,,,,,,,,,,,,,,,,,,,,,,,,,,,,,,,,,,,,,,,,,,,,,,,,,,,,,,,,,,
46,24,24,24,24,25,25,26,24,25,25,25,26,24,25,25,25,25,28,30,31,31,33,31,33,37,37,42,42,39,42,46,41,44,47,45,50,49,49,52,49,52,54,52,53,57,49,54,55,56,52,52,57,55,54,52,53,55,55,52,52,51,44,46,47,,,,,,,,,,,,,,,,,,,,,,,,,,,,,,,,,,,,,,,,,,,,,,,,,,,,,,,,,,,,,,,,,,,,,,,,,,,,,,,,,,,,,,,,,,,,,,,,,,,,,,,,,,,,,,,,,,,,,,,,,,,,,,,,,,,,,,,,,,,,,,,,,,,,,,,,,,,,,,,,,,,,,,,,,,,,,,,,,,,,,,,,,,,,,,,,
47,46,46,47,50,47,47,46,48,42,41,45,43,44,39,38,37,37,38,37,35,35,30,26,25,25,24,24,24,26,24,25,25,24,24,25,26,24,24,24,24,24,24,24,24,24,25,24,25,28,28,28,30,31,33,34,39,42,38,42,42,40,42,41,40,,,,,,,,,,,,,,,,,,,,,,,,,,,,,,,,,,,,,,,,,,,,,,,,,,,,,,,,,,,,,,,,,,,,,,,,,,,,,,,,,,,,,,,,,,,,,,,,,,,,,,,,,,,,,,,,,,,,,,,,,,,,,,,,,,,,,,,,,,,,,,,,,,,,,,,,,,,,,,,,,,,,,,,,,,,,,,,,,,,,,,,,,,,,,,,,
48,48,51,49,50,51,50,56,48,54,54,54,51,54,47,50,48,50,47,48,43,48,43,43,46,43,36,40,38,38,40,39,36,29,24,25,25,25,24,24,24,24,25,24,25,25,25,24,24,24,25,24,24,24,24,24,25,24,24,25,27,27,27,29,29,,,,,,,,,,,,,,,,,,,,,,,,,,,,,,,,,,,,,,,,,,,,,,,,,,,,,,,,,,,,,,,,,,,,,,,,,,,,,,,,,,,,,,,,,,,,,,,,,,,,,,,,,,,,,,,,,,,,,,,,,,,,,,,,,,,,,,,,,,,,,,,,,,,,,,,,,,,,,,,,,,,,,,,,,,,,,,,,,,,,,,,,,,,,,,,,
49,46,45,49,49,49,51,51,54,56,56,51,51,54,54,52,50,51,50,56,57,53,50,51,54,51,56,56,54,54,53,57,56,54,56,56,53,56,53,53,53,54,53,51,50,48,50,50,48,45,45,46,41,41,45,38,38,36,36,36,34,33,34,33,27,,,,,,,,,,,,,,,,,,,,,,,,,,,,,,,,,,,,,,,,,,,,,,,,,,,,,,,,,,,,,,,,,,,,,,,,,,,,,,,,,,,,,,,,,,,,,,,,,,,,,,,,,,,,,,,,,,,,,,,,,,,,,,,,,,,,,,,,,,,,,,,,,,,,,,,,,,,,,,,,,,,,,,,,,,,,,,,,,,,,,,,,,,,,,,,,
50,24,24,24,24,23,24,25,27,27,27,29,29,29,33,36,38,38,36,41,40,42,44,45,46,47,48,48,48,50,48,51,54,53,53,52,54,51,54,50,58,54,54,54,52,57,51,54,53,51,51,51,53,53,54,50,55,53,48,53,49,48,48,46,43,,,,,,,,,,,,,,,,,,,,,,,,,,,,,,,,,,,,,,,,,,,,,,,,,,,,,,,,,,,,,,,,,,,,,,,,,,,,,,,,,,,,,,,,,,,,,,,,,,,,,,,,,,,,,,,,,,,,,,,,,,,,,,,,,,,,,,,,,,,,,,,,,,,,,,,,,,,,,,,,,,,,,,,,,,,,,,,,,,,,,,,,,,,,,,,,
51,38,38,40,36,33,35,33,33,36,34,34,29,24,24,24,25,25,24,24,24,24,24,24,24,24,24,25,24,24,24,25,23,24,24,24,24,24,25,27,27,29,30,31,31,33,36,39,41,41,40,41,43,43,43,46,48,51,46,46,48,45,48,45,45,,,,,,,,,,,,,,,,,,,,,,,,,,,,,,,,,,,,,,,,,,,,,,,,,,,,,,,,,,,,,,,,,,,,,,,,,,,,,,,,,,,,,,,,,,,,,,,,,,,,,,,,,,,,,,,,,,,,,,,,,,,,,,,,,,,,,,,,,,,,,,,,,,,,,,,,,,,,,,,,,,,,,,,,,,,,,,,,,,,,,,,,,,,,,,,,
52,43,45,49,46,48,50,53,49,51,51,51,51,50,34,48,49,54,53,50,51,53,50,48,48,43,46,48,43,42,41,41,40,40,37,38,34,36,33,33,32,33,33,29,25,24,24,24,23,24,24,24,25,23,24,24,24,24,24,23,24,25,23,24,23,,,,,,,,,,,,,,,,,,,,,,,,,,,,,,,,,,,,,,,,,,,,,,,,,,,,,,,,,,,,,,,,,,,,,,,,,,,,,,,,,,,,,,,,,,,,,,,,,,,,,,,,,,,,,,,,,,,,,,,,,,,,,,,,,,,,,,,,,,,,,,,,,,,,,,,,,,,,,,,,,,,,,,,,,,,,,,,,,,,,,,,,,,,,,,,,
53,38,40,45,46,51,48,48,48,50,53,53,56,54,51,54,53,51,49,56,54,53,53,56,52,51,51,54,53,54,54,53,51,54,53,51,56,54,51,54,54,54,54,56,53,56,54,53,51,54,54,51,53,51,51,48,51,50,48,49,44,41,41,40,38,,,,,,,,,,,,,,,,,,,,,,,,,,,,,,,,,,,,,,,,,,,,,,,,,,,,,,,,,,,,,,,,,,,,,,,,,,,,,,,,,,,,,,,,,,,,,,,,,,,,,,,,,,,,,,,,,,,,,,,,,,,,,,,,,,,,,,,,,,,,,,,,,,,,,,,,,,,,,,,,,,,,,,,,,,,,,,,,,,,,,,,,,,,,,,,,
54,23,24,24,24,24,24,24,24,25,25,25,25,25,24,24,25,24,27,31,31,29,31,32,31,36,36,38,38,38,45,43,46,43,48,49,46,46,46,47,48,48,51,51,53,51,54,53,53,51,51,50,51,51,47,50,46,51,48,51,48,51,45,45,43,,,,,,,,,,,,,,,,,,,,,,,,,,,,,,,,,,,,,,,,,,,,,,,,,,,,,,,,,,,,,,,,,,,,,,,,,,,,,,,,,,,,,,,,,,,,,,,,,,,,,,,,,,,,,,,,,,,,,,,,,,,,,,,,,,,,,,,,,,,,,,,,,,,,,,,,,,,,,,,,,,,,,,,,,,,,,,,,,,,,,,,,,,,,,,,,
55,46,47,43,46,48,48,46,45,43,43,43,43,43,40,36,38,38,36,36,36,33,29,25,24,24,25,24,24,25,24,24,25,24,24,24,25,24,25,24,24,24,24,24,24,24,24,24,25,27,29,29,29,31,31,32,36,36,41,44,42,38,40,38,44,,,,,,,,,,,,,,,,,,,,,,,,,,,,,,,,,,,,,,,,,,,,,,,,,,,,,,,,,,,,,,,,,,,,,,,,,,,,,,,,,,,,,,,,,,,,,,,,,,,,,,,,,,,,,,,,,,,,,,,,,,,,,,,,,,,,,,,,,,,,,,,,,,,,,,,,,,,,,,,,,,,,,,,,,,,,,,,,,,,,,,,,,,,,,,,,
56,41,45,45,45,49,48,49,47,50,48,51,50,48,47,45,45,47,44,40,42,40,38,40,39,37,36,33,33,35,35,34,33,28,24,24,24,24,24,24,24,24,24,24,24,24,24,24,24,24,24,24,23,24,24,24,24,24,24,24,27,26,26,27,27,,,,,,,,,,,,,,,,,,,,,,,,,,,,,,,,,,,,,,,,,,,,,,,,,,,,,,,,,,,,,,,,,,,,,,,,,,,,,,,,,,,,,,,,,,,,,,,,,,,,,,,,,,,,,,,,,,,,,,,,,,,,,,,,,,,,,,,,,,,,,,,,,,,,,,,,,,,,,,,,,,,,,,,,,,,,,,,,,,,,,,,,,,,,,,,,
57,42,47,45,51,47,50,51,50,48,53,53,53,53,52,50,53,50,52,50,52,50,50,50,55,50,52,53,53,50,53,52,53,53,52,52,52,50,51,53,52,52,52,50,49,47,49,45,50,45,49,43,42,40,43,40,37,35,35,33,35,33,31,31,26,,,,,,,,,,,,,,,,,,,,,,,,,,,,,,,,,,,,,,,,,,,,,,,,,,,,,,,,,,,,,,,,,,,,,,,,,,,,,,,,,,,,,,,,,,,,,,,,,,,,,,,,,,,,,,,,,,,,,,,,,,,,,,,,,,,,,,,,,,,,,,,,,,,,,,,,,,,,,,,,,,,,,,,,,,,,,,,,,,,,,,,,,,,,,,,,
58,24,24,24,24,24,24,25,27,28,28,28,29,31,33,35,36,36,37,40,37,42,40,41,45,45,43,45,48,48,45,47,45,50,50,53,50,55,50,49,50,47,49,50,47,53,49,50,50,50,50,50,52,50,53,50,48,50,50,47,45,48,43,45,40,,,,,,,,,,,,,,,,,,,,,,,,,,,,,,,,,,,,,,,,,,,,,,,,,,,,,,,,,,,,,,,,,,,,,,,,,,,,,,,,,,,,,,,,,,,,,,,,,,,,,,,,,,,,,,,,,,,,,,,,,,,,,,,,,,,,,,,,,,,,,,,,,,,,,,,,,,,,,,,,,,,,,,,,,,,,,,,,,,,,,,,,,,,,,,,,
59,35,35,35,33,33,33,33,31,33,33,31,29,24,24,24,24,24,24,24,24,24,24,24,24,24,24,24,24,24,24,24,24,24,24,24,24,24,24,26,27,28,28,29,29,31,35,35,37,38,37,40,40,42,45,42,45,44,45,45,42,45,43,42,43,,,,,,,,,,,,,,,,,,,,,,,,,,,,,,,,,,,,,,,,,,,,,,,,,,,,,,,,,,,,,,,,,,,,,,,,,,,,,,,,,,,,,,,,,,,,,,,,,,,,,,,,,,,,,,,,,,,,,,,,,,,,,,,,,,,,,,,,,,,,,,,,,,,,,,,,,,,,,,,,,,,,,,,,,,,,,,,,,,,,,,,,,,,,,,,,
60,43,42,44,49,45,48,48,51,47,48,49,50,48,50,51,50,51,49,49,48,50,48,47,45,44,48,45,44,39,40,40,40,38,39,37,33,31,33,33,33,33,32,28,24,24,24,24,24,24,24,24,24,24,24,24,24,24,24,24,24,24,24,24,24,,,,,,,,,,,,,,,,,,,,,,,,,,,,,,,,,,,,,,,,,,,,,,,,,,,,,,,,,,,,,,,,,,,,,,,,,,,,,,,,,,,,,,,,,,,,,,,,,,,,,,,,,,,,,,,,,,,,,,,,,,,,,,,,,,,,,,,,,,,,,,,,,,,,,,,,,,,,,,,,,,,,,,,,,,,,,,,,,,,,,,,,,,,,,,,,
61,34,37,37,40,40,40,38,43,42,43,42,44,47,47,47,43,47,45,47,45,44,47,47,47,47,45,44,47,43,47,47,45,45,45,46,48,45,45,42,45,48,45,47,47,45,45,47,48,45,44,44,43,45,43,45,40,41,42,40,38,38,35,33,31,,,,,,,,,,,,,,,,,,,,,,,,,,,,,,,,,,,,,,,,,,,,,,,,,,,,,,,,,,,,,,,,,,,,,,,,,,,,,,,,,,,,,,,,,,,,,,,,,,,,,,,,,,,,,,,,,,,,,,,,,,,,,,,,,,,,,,,,,,,,,,,,,,,,,,,,,,,,,,,,,,,,,,,,,,,,,,,,,,,,,,,,,,,,,,,,
62,24,24,24,24,24,24,24,24,24,24,24,24,24,24,24,24,24,26,27,28,28,30,28,29,33,35,37,35,40,38,38,38,41,40,43,44,43,44,42,42,42,43,48,43,47,46,49,45,45,47,47,44,47,45,45,45,47,45,45,43,44,45,43,42,,,,,,,,,,,,,,,,,,,,,,,,,,,,,,,,,,,,,,,,,,,,,,,,,,,,,,,,,,,,,,,,,,,,,,,,,,,,,,,,,,,,,,,,,,,,,,,,,,,,,,,,,,,,,,,,,,,,,,,,,,,,,,,,,,,,,,,,,,,,,,,,,,,,,,,,,,,,,,,,,,,,,,,,,,,,,,,,,,,,,,,,,,,,,,,,
63,43,43,42,42,45,42,40,38,38,38,38,39,40,37,33,32,33,33,31,33,33,28,24,24,24,24,24,24,24,24,24,24,24,24,24,24,24,24,24,24,24,24,23,24,24,24,24,25,26,26,27,27,28,29,29,31,34,36,35,38,36,36,37,36,,,,,,,,,,,,,,,,,,,,,,,,,,,,,,,,,,,,,,,,,,,,,,,,,,,,,,,,,,,,,,,,,,,,,,,,,,,,,,,,,,,,,,,,,,,,,,,,,,,,,,,,,,,,,,,,,,,,,,,,,,,,,,,,,,,,,,,,,,,,,,,,,,,,,,,,,,,,,,,,,,,,,,,,,,,,,,,,,,,,,,,,,,,,,,,,
,,,,,,,,,,,,,,,,,,,,,,,,,,,,,,,,,,,,,,,,,,,,,,,,,,,,,,,,,,,,,,,,,,,,,,,,,,,,,,,,,,,,,,,,,,,,,,,,,,,,,,,,,,,,,,,,,,,,,,,,,,,,,,,,,,,,,,,,,,,,,,,,,,,,,,,,,,,,,,,,,,,,,,,,,,,,,,,,,,,,,,,,,,,,,,,,,,,,,,,,,,,,,,,,,,,,,,,,,,,,,,,,,,,,,,,,,,,,,,,,,,,,,,,,,,,,,,,,
value,0,1,2,3,4,5,6,7,8,9,10,11,12,13,14,15,16,17,18,19,20,21,22,23,24,25,26,27,28,29,30,31,32,33,34,35,36,37,38,39,40,41,42,43,44,45,46,47,48,49,50,51,52,53,54,55,56,57,58,59,60,61,62,63,64,65,66,67,68,69,70,71,72,73,74,75,76,77,78,79,80,81,82,83,84,85,86,87,88,89,90,91,92,93,94,95,96,97,98,99,100,101,102,103,104,105,106,107,108,109,110,111,112,113,114,115,116,117,118,119,120,121,122,123,124,125,126,127,128,129,130,131,132,133,134,135,136,137,138,139,140,141,142,143,144,145,146,147,148,149,150,151,152,153,154,155,156,157,158,159,160,161,162,163,164,165,166,167,168,169,170,171,172,173,174,175,176,177,178,179,180,181,182,183,184,185,186,187,188,189,190,191,192,193,194,195,196,197,198,199,200,201,202,203,204,205,206,207,208,209,210,211,212,213,214,215,216,217,218,219,220,221,222,223,224,225,226,227,228,229,230,231,232,233,234,235,236,237,238,239,240,241,242,243,244,245,246,247,248,249,250,251,252,253,254,255
count,0,0,0,0,0,0,0,0,0,0,0,0,0,0,0,0,0,0,0,0,77,44,178,99,386,226,42,54,52,65,36,66,31,96,58,75,93,59,86,74,108,92,99,106,107,131,127,158,106,149,191,140,236,123,154,73,64,28,3,3,1,0,0,0,0,0,0,0,0,0,0,0,0,0,0,0,0,0,0,0,0,0,0,0,0,0,0,0,0,0,0,0,0,0,0,0,0,0,0,0,0,0,0,0,0,0,0,0,0,0,0,0,0,0,0,0,0,0,0,0,0,0,0,0,0,0,0,0,0,0,0,0,0,0,0,0,0,0,0,0,0,0,0,0,0,0,0,0,0,0,0,0,0,0,0,0,0,0,0,0,0,0,0,0,0,0,0,0,0,0,0,0,0,0,0,0,0,0,0,0,0,0,0,0,0,0,0,0,0,0,0,0,0,0,0,0,0,0,0,0,0,0,0,0,0,0,0,0,0,0,0,0,0,0,0,0,0,0,0,0,0,0,0,0,0,0,0,0,0,0,0,0,0,0,0,0,0,0,0,0,0,0,0,0,0,0,0,0,0,0,0,0,0,0,0,0
,,,,,,,,,,,,,,,,,,,,,,,,,,,,,,,,,,,,,,,,,,,,,,,,,,,,,,,,,,,,,,,,,,,,,,,,,,,,,,,,,,,,,,,,,,,,,,,,,,,,,,,,,,,,,,,,,,,,,,,,,,,,,,,,,,,,,,,,,,,,,,,,,,,,,,,,,,,,,,,,,,,,,,,,,,,,,,,,,,,,,,,,,,,,,,,,,,,,,,,,,,,,,,,,,,,,,,,,,,,,,,,,,,,,,,,,,,,,,,,,,,,,,,,,,,,,,,,,
12,,,,,,,,,,,,,,,,,,,,,,,,,,,,,,,,,,,,,,,,,,,,,,,,,,,,,,,,,,,,,,,,,,,,,,,,,,,,,,,,,,,,,,,,,,,,,,,,,,,,,,,,,,,,,,,,,,,,,,,,,,,,,,,,,,,,,,,,,,,,,,,,,,,,,,,,,,,,,,,,,,,,,,,,,,,,,,,,,,,,,,,,,,,,,,,,,,,,,,,,,,,,,,,,,,,,,,,,,,,,,,,,,,,,,,,,,,,,,,,,,,,,,,,,,,,,,,,,
,0,1,2,3,4,5,6,7,8,9,10,11,12,13,14,15,16,17,18,19,20,21,22,23,24,25,26,27,28,29,30,31,32,33,34,35,36,37,38,39,40,41,42,43,44,45,46,47,48,49,50,51,52,53,54,55,56,57,58,59,60,61,62,63,,,,,,,,,,,,,,,,,,,,,,,,,,,,,,,,,,,,,,,,,,,,,,,,,,,,,,,,,,,,,,,,,,,,,,,,,,,,,,,,,,,,,,,,,,,,,,,,,,,,,,,,,,,,,,,,,,,,,,,,,,,,,,,,,,,,,,,,,,,,,,,,,,,,,,,,,,,,,,,,,,,,,,,,,,,,,,,,,,,,,,,,,,,,,,,,
0,38,38,44,41,43,41,41,40,40,42,43,40,41,40,39,41,38,40,38,33,34,36,36,33,30,27,31,31,29,29,31,25,22,20,20,21,20,20,21,20,20,21,20,21,21,20,20,21,20,20,21,20,20,20,21,20,20,20,22,23,23,23,24,24,,,,,,,,,,,,,,,,,,,,,,,,,,,,,,,,,,,,,,,,,,,,,,,,,,,,,,,,,,,,,,,,,,,,,,,,,,,,,,,,,,,,,,,,,,,,,,,,,,,,,,,,,,,,,,,,,,,,,,,,,,,,,,,,,,,,,,,,,,,,,,,,,,,,,,,,,,,,,,,,,,,,,,,,,,,,,,,,,,,,,,,,,,,,,,,,
1,38,41,40,41,46,45,44,41,43,43,43,42,45,47,41,46,43,43,43,43,45,40,41,43,43,43,44,44,43,46,43,44,43,48,45,43,41,40,43,44,42,41,41,41,43,41,42,39,38,38,36,38,38,36,33,33,29,31,31,31,29,29,25,20,,,,,,,,,,,,,,,,,,,,,,,,,,,,,,,,,,,,,,,,,,,,,,,,,,,,,,,,,,,,,,,,,,,,,,,,,,,,,,,,,,,,,,,,,,,,,,,,,,,,,,,,,,,,,,,,,,,,,,,,,,,,,,,,,,,,,,,,,,,,,,,,,,,,,,,,,,,,,,,,,,,,,,,,,,,,,,,,,,,,,,,,,,,,,,,,
2,20,20,21,20,20,20,22,23,25,25,24,27,27,29,33,36,32,34,36,34,38,39,39,40,41,40,43,43,41,46,45,46,46,48,45,46,45,44,45,43,46,45,46,45,43,46,45,49,44,46,44,45,42,45,43,43,44,43,43,41,40,40,38,36,,,,,,,,,,,,,,,,,,,,,,,,,,,,,,,,,,,,,,,,,,,,,,,,,,,,,,,,,,,,,,,,,,,,,,,,,,,,,,,,,,,,,,,,,,,,,,,,,,,,,,,,,,,,,,,,,,,,,,,,,,,,,,,,,,,,,,,,,,,,,,,,,,,,,,,,,,,,,,,,,,,,,,,,,,,,,,,,,,,,,,,,,,,,,,,,
3,31,34,31,29,29,27,30,30,32,31,25,22,20,20,20,20,20,20,21,20,21,21,21,21,21,20,21,20,20,20,21,21,20,21,20,20,21,22,23,24,24,25,27,27,31,33,33,34,36,34,37,38,38,42,39,41,43,38,42,40,40,40,41,38,,,,,,,,,,,,,,,,,,,,,,,,,,,,,,,,,,,,,,,,,,,,,,,,,,,,,,,,,,,,,,,,,,,,,,,,,,,,,,,,,,,,,,,,,,,,,,,,,,,,,,,,,,,,,,,,,,,,,,,,,,,,,,,,,,,,,,,,,,,,,,,,,,,,,,,,,,,,,,,,,,,,,,,,,,,,,,,,,,,,,,,,,,,,,,,,
4,41,41,46,46,46,49,48,51,46,45,46,48,45,46,49,48,46,47,46,48,48,46,46,45,44,43,45,40,36,36,40,34,40,37,34,34,32,33,32,33,31,29,22,20,22,20,21,20,20,20,20,21,21,21,20,20,21,21,21,20,21,20,21,20,,,,,,,,,,,,,,,,,,,,,,,,,,,,,,,,,,,,,,,,,,,,,,,,,,,,,,,,,,,,,,,,,,,,,,,,,,,,,,,,,,,,,,,,,,,,,,,,,,,,,,,,,,,,,,,,,,,,,,,,,,,,,,,,,,,,,,,,,,,,,,,,,,,,,,,,,,,,,,,,,,,,,,,,,,,,,,,,,,,,,,,,,,,,,,,,
5,32,34,38,39,40,40,41,41,45,46,47,48,48,48,48,48,48,46,48,48,48,49,48,46,48,46,49,43,48,48,49,46,46,53,50,44,45,49,48,49,48,49,45,46,45,45,48,46,48,48,48,48,45,44,43,43,41,41,38,36,36,33,29,30,,,,,,,,,,,,,,,,,,,,,,,,,,,,,,,,,,,,,,,,,,,,,,,,,,,,,,,,,,,,,,,,,,,,,,,,,,,,,,,,,,,,,,,,,,,,,,,,,,,,,,,,,,,,,,,,,,,,,,,,,,,,,,,,,,,,,,,,,,,,,,,,,,,,,,,,,,,,,,,,,,,,,,,,,,,,,,,,,,,,,,,,,,,,,,,,
6,20,20,20,20,21,22,21,21,21,20,20,20,20,21,20,21,22,23,26,26,27,27,27,31,34,36,34,38,36,39,38,38,39,44,42,45,41,43,43,46,48,47,48,46,48,48,48,50,45,46,49,50,53,46,49,49,46,48,48,46,44,41,41,40,,,,,,,,,,,,,,,,,,,,,,,,,,,,,,,,,,,,,,,,,,,,,,,,,,,,,,,,,,,,,,,,,,,,,,,,,,,,,,,,,,,,,,,,,,,,,,,,,,,,,,,,,,,,,,,,,,,,,,,,,,,,,,,,,,,,,,,,,,,,,,,,,,,,,,,,,,,,,,,,,,,,,,,,,,,,,,,,,,,,,,,,,,,,,,,,
7,36,40,38,39,38,41,38,38,38,36,36,36,36,33,29,30,29,29,29,31,25,22,21,20,21,20,21,20,21,20,21,21,20,21,20,21,20,20,21,20,20,22,20,21,20,21,20,21,23,24,25,25,26,27,27,32,33,34,36,33,34,35,33,34,,,,,,,,,,,,,,,,,,,,,,,,,,,,,,,,,,,,,,,,,,,,,,,,,,,,,,,,,,,,,,,,,,,,,,,,,,,,,,,,,,,,,,,,,,,,,,,,,,,,,,,,,,,,,,,,,,,,,,,,,,,,,,,,,,,,,,,,,,,,,,,,,,,,,,,,,,,,,,,,,,,,,,,,,,,,,,,,,,,,,,,,,,,,,,,,
8,45,47,47,49,51,54,51,52,49,52,54,49,46,46,47,45,44,40,41,40,39,40,39,39,35,33,31,35,35,33,33,29,24,22,22,22,22,22,22,22,22,22,22,22,22,22,22,22,22,22,22,22,22,22,22,22,22,22,24,24,26,26,26,26,,,,,,,,,,,,,,,,,,,,,,,,,,,,,,,,,,,,,,,,,,,,,,,,,,,,,,,,,,,,,,,,,,,,,,,,,,,,,,,,,,,,,,,,,,,,,,,,,,,,,,,,,,,,,,,,,,,,,,,,,,,,,,,,,,,,,,,,,,,,,,,,,,,,,,,,,,,,,,,,,,,,,,,,,,,,,,,,,,,,,,,,,,,,,,,,
9,42,44,51,53,47,52,51,52,51,49,51,51,51,54,51,51,53,52,54,52,54,54,54,51,53,54,54,50,49,54,49,54,54,50,50,53,51,54,53,52,53,52,47,51,47,46,44,46,42,40,39,42,42,40,37,35,33,33,31,32,32,30,25,22,,,,,,,,,,,,,,,,,,,,,,,,,,,,,,,,,,,,,,,,,,,,,,,,,,,,,,,,,,,,,,,,,,,,,,,,,,,,,,,,,,,,,,,,,,,,,,,,,,,,,,,,,,,,,,,,,,,,,,,,,,,,,,,,,,,,,,,,,,,,,,,,,,,,,,,,,,,,,,,,,,,,,,,,,,,,,,,,,,,,,,,,,,,,,,,,
10,22,22,22,21,22,22,24,24,26,27,28,28,28,31,37,35,37,37,39,40,40,44,46,47,49,48,49,49,48,54,51,56,57,52,52,54,59,55,53,54,54,51,53,55,51,51,51,54,53,52,56,51,54,51,56,51,52,53,52,49,48,47,46,44,,,,,,,,,,,,,,,,,,,,,,,,,,,,,,,,,,,,,,,,,,,,,,,,,,,,,,,,,,,,,,,,,,,,,,,,,,,,,,,,,,,,,,,,,,,,,,,,,,,,,,,,,,,,,,,,,,,,,,,,,,,,,,,,,,,,,,,,,,,,,,,,,,,,,,,,,,,,,,,,,,,,,,,,,,,,,,,,,,,,,,,,,,,,,,,,
11,37,40,35,33,33,37,33,35,35,33,31,23,22,22,22,22,22,22,22,22,22,22,22,22,22,22,22,22,22,22,22,22,22,22,22,22,22,24,26,26,26,30,30,33,35,39,40,40,40,42,42,44,46,46,46,47,47,45,51,47,46,44,45,42,,,,,,,,,,,,,,,,,,,,,,,,,,,,,,,,,,,,,,,,,,,,,,,,,,,,,,,,,,,,,,,,,,,,,,,,,,,,,,,,,,,,,,,,,,,,,,,,,,,,,,,,,,,,,,,,,,,,,,,,,,,,,,,,,,,,,,,,,,,,,,,,,,,,,,,,,,,,,,,,,,,,,,,,,,,,,,,,,,,,,,,,,,,,,,,,
12,44,49,51,54,55,54,54,59,59,51,56,56,54,56,55,56,54,57,55,54,54,54,49,47,54,54,51,46,46,46,45,44,42,40,40,37,36,37,35,37,34,31,24,22,22,22,22,22,22,22,22,22,22,22,22,22,22,23,22,22,22,22,22,22,,,,,,,,,,,,,,,,,,,,,,,,,,,,,,,,,,,,,,,,,,,,,,,,,,,,,,,,,,,,,,,,,,,,,,,,,,,,,,,,,,,,,,,,,,,,,,,,,,,,,,,,,,,,,,,,,,,,,,,,,,,,,,,,,,,,,,,,,,,,,,,,,,,,,,,,,,,,,,,,,,,,,,,,,,,,,,,,,,,,,,,,,,,,,,,,
13,39,42,40,43,45,45,44,44,46,52,52,52,51,51,49,52,53,51,51,51,53,51,49,51,52,54,54,51,50,54,51,49,54,49,53,51,52,52,51,53,52,52,52,53,54,51,49,51,51,52,47,52,50,47,47,47,46,46,44,39,39,39,35,35,,,,,,,,,,,,,,,,,,,,,,,,,,,,,,,,,,,,,,,,,,,,,,,,,,,,,,,,,,,,,,,,,,,,,,,,,,,,,,,,,,,,,,,,,,,,,,,,,,,,,,,,,,,,,,,,,,,,,,,,,,,,,,,,,,,,,,,,,,,,,,,,,,,,,,,,,,,,,,,,,,,,,,,,,,,,,,,,,,,,,,,,,,,,,,,,
14,22,22,22,22,22,22,22,22,22,22,22,22,22,22,22,22,24,24,27,27,28,29,29,31,35,37,37,39,40,39,41,40,46,44,47,46,48,44,49,44,47,54,49,54,49,52,52,50,54,49,54,53,53,49,47,50,49,51,48,47,47,41,44,40,,,,,,,,,,,,,,,,,,,,,,,,,,,,,,,,,,,,,,,,,,,,,,,,,,,,,,,,,,,,,,,,,,,,,,,,,,,,,,,,,,,,,,,,,,,,,,,,,,,,,,,,,,,,,,,,,,,,,,,,,,,,,,,,,,,,,,,,,,,,,,,,,,,,,,,,,,,,,,,,,,,,,,,,,,,,,,,,,,,,,,,,,,,,,,,,
15,40,44,41,42,46,45,42,42,42,40,37,42,38,35,33,33,35,33,33,35,29,24,22,22,22,22,22,22,22,22,22,22,22,22,22,22,22,22,22,22,22,22,22,22,22,22,22,22,24,26,27,27,29,31,32,37,35,39,37,40,35,39,37,37,,,,,,,,,,,,,,,,,,,,,,,,,,,,,,,,,,,,,,,,,,,,,,,,,,,,,,,,,,,,,,,,,,,,,,,,,,,,,,,,,,,,,,,,,,,,,,,,,,,,,,,,,,,,,,,,,,,,,,,,,,,,,,,,,,,,,,,,,,,,,,,,,,,,,,,,,,,,,,,,,,,,,,,,,,,,,,,,,,,,,,,,,,,,,,,,
16,44,44,45,46,48,52,48,49,50,49,50,49,47,47,44,47,46,41,39,41,39,41,39,37,33,31,32,33,31,32,32,27,24,22,23,23,23,22,22,22,22,23,23,23,22,22,23,22,23,23,22,22,22,23,23,22,23,22,24,25,25,27,25,27,,,,,,,,,,,,,,,,,,,,,,,,,,,,,,,,,,,,,,,,,,,,,,,,,,,,,,,,,,,,,,,,,,,,,,,,,,,,,,,,,,,,,,,,,,,,,,,,,,,,,,,,,,,,,,,,,,,,,,,,,,,,,,,,,,,,,,,,,,,,,,,,,,,,,,,,,,,,,,,,,,,,,,,,,,,,,,,,,,,,,,,,,,,,,,,,
17,43,47,47,53,46,52,50,53,50,56,52,53,56,53,56,53,52,53,54,53,56,56,53,53,53,53,55,56,54,56,59,59,53,54,55,53,57,53,49,50,52,52,55,49,50,52,47,46,46,44,44,41,43,43,37,36,33,36,34,34,34,33,26,23,,,,,,,,,,,,,,,,,,,,,,,,,,,,,,,,,,,,,,,,,,,,,,,,,,,,,,,,,,,,,,,,,,,,,,,,,,,,,,,,,,,,,,,,,,,,,,,,,,,,,,,,,,,,,,,,,,,,,,,,,,,,,,,,,,,,,,,,,,,,,,,,,,,,,,,,,,,,,,,,,,,,,,,,,,,,,,,,,,,,,,,,,,,,,,,,
18,22,22,22,22,22,23,25,25,27,27,27,29,31,36,39,41,36,39,41,41,43,46,47,50,47,49,49,49,50,56,53,56,53,53,53,52,52,53,53,51,53,56,52,53,53,53,58,52,54,53,53,55,56,53,55,53,56,52,49,49,47,44,47,41,,,,,,,,,,,,,,,,,,,,,,,,,,,,,,,,,,,,,,,,,,,,,,,,,,,,,,,,,,,,,,,,,,,,,,,,,,,,,,,,,,,,,,,,,,,,,,,,,,,,,,,,,,,,,,,,,,,,,,,,,,,,,,,,,,,,,,,,,,,,,,,,,,,,,,,,,,,,,,,,,,,,,,,,,,,,,,,,,,,,,,,,,,,,,,,,
19,39,42,39,39,36,36,37,36,37,39,33,24,23,23,23,23,22,23,23,23,23,23,23,23,23,23,23,23,23,23,23,23,23,23,22,22,24,25,27,27,29,29,31,32,38,40,44,44,43,42,47,47,49,52,47,52,56,53,52,52,52,52,47,47,,,,,,,,,,,,,,,,,,,,,,,,,,,,,,,,,,,,,,,,,,,,,,,,,,,,,,,,,,,,,,,,,,,,,,,,,,,,,,,,,,,,,,,,,,,,,,,,,,,,,,,,,,,,,,,,,,,,,,,,,,,,,,,,,,,,,,,,,,,,,,,,,,,,,,,,,,,,,,,,,,,,,,,,,,,,,,,,,,,,,,,,,,,,,,,,
20,41,44,47,44,47,47,50,53,47,50,53,53,52,52,53,55,52,49,52,49,50,50,47,49,46,44,46,46,41,39,40,42,39,38,36,32,33,34,34,34,32,29,25,22,23,22,23,22,22,23,23,23,22,23,23,23,22,23,22,23,23,22,22,23,,,,,,,,,,,,,,,,,,,,,,,,,,,,,,,,,,,,,,,,,,,,,,,,,,,,,,,,,,,,,,,,,,,,,,,,,,,,,,,,,,,,,,,,,,,,,,,,,,,,,,,,,,,,,,,,,,,,,,,,,,,,,,,,,,,,,,,,,,,,,,,,,,,,,,,,,,,,,,,,,,,,,,,,,,,,,,,,,,,,,,,,,,,,,,,,
21,36,39,40,46,44,46,46,44,49,47,52,50,52,56,55,56,48,53,55,55,52,53,52,50,53,52,49,52,50,52,55,53,49,50,53,53,53,53,52,50,53,53,50,51,52,50,51,52,52,50,52,53,49,44,46,47,45,44,38,39,42,38,36,34,,,,,,,,,,,,,,,,,,,,,,,,,,,,,,,,,,,,,,,,,,,,,,,,,,,,,,,,,,,,,,,,,,,,,,,,,,,,,,,,,,,,,,,,,,,,,,,,,,,,,,,,,,,,,,,,,,,,,,,,,,,,,,,,,,,,,,,,,,,,,,,,,,,,,,,,,,,,,,,,,,,,,,,,,,,,,,,,,,,,,,,,,,,,,,,,
22,22,22,22,23,22,23,23,23,23,22,23,23,23,23,23,23,23,26,27,27,27,29,30,31,38,38,38,38,40,43,42,44,44,46,52,48,47,46,48,49,49,53,53,52,52,52,55,52,56,56,56,56,54,50,49,57,53,50,47,52,47,46,41,41,,,,,,,,,,,,,,,,,,,,,,,,,,,,,,,,,,,,,,,,,,,,,,,,,,,,,,,,,,,,,,,,,,,,,,,,,,,,,,,,,,,,,,,,,,,,,,,,,,,,,,,,,,,,,,,,,,,,,,,,,,,,,,,,,,,,,,,,,,,,,,,,,,,,,,,,,,,,,,,,,,,,,,,,,,,,,,,,,,,,,,,,,,,,,,,,
23,40,42,42,41,44,46,41,39,39,39,38,38,36,33,32,32,31,33,33,30,29,24,23,23,22,23,23,22,23,23,23,23,22,23,22,23,22,22,22,22,22,23,22,23,22,23,22,23,25,27,27,27,29,29,31,34,36,34,35,36,36,36,36,36,,,,,,,,,,,,,,,,,,,,,,,,,,,,,,,,,,,,,,,,,,,,,,,,,,,,,,,,,,,,,,,,,,,,,,,,,,,,,,,,,,,,,,,,,,,,,,,,,,,,,,,,,,,,,,,,,,,,,,,,,,,,,,,,,,,,,,,,,,,,,,,,,,,,,,,,,,,,,,,,,,,,,,,,,,,,,,,,,,,,,,,,,,,,,,,,
24,48,47,50,49,50,49,55,51,49,50,53,49,49,50,50,50,45,44,44,42,45,41,45,42,39,39,39,35,35,37,35,31,26,24,24,24,24,24,25,24,24,24,24,24,24,23,24,24,24,24,24,24,24,24,24,24,24,24,26,26,26,28,29,28,,,,,,,,,,,,,,,,,,,,,,,,,,,,,,,,,,,,,,,,,,,,,,,,,,,,,,,,,,,,,,,,,,,,,,,,,,,,,,,,,,,,,,,,,,,,,,,,,,,,,,,,,,,,,,,,,,,,,,,,,,,,,,,,,,,,,,,,,,,,,,,,,,,,,,,,,,,,,,,,,,,,,,,,,,,,,,,,,,,,,,,,,,,,,,,,
25,42,45,43,49,49,49,53,50,49,50,49,50,52,50,53,55,53,50,51,50,50,50,50,53,52,52,50,52,49,52,50,52,50,52,52,50,52,50,52,52,52,50,52,49,47,44,46,45,42,41,39,39,40,38,37,35,33,33,33,32,32,30,28,25,,,,,,,,,,,,,,,,,,,,,,,,,,,,,,,,,,,,,,,,,,,,,,,,,,,,,,,,,,,,,,,,,,,,,,,,,,,,,,,,,,,,,,,,,,,,,,,,,,,,,,,,,,,,,,,,,,,,,,,,,,,,,,,,,,,,,,,,,,,,,,,,,,,,,,,,,,,,,,,,,,,,,,,,,,,,,,,,,,,,,,,,,,,,,,,,
26,23,24,24,24,24,24,26,28,28,28,30,28,32,32,42,37,39,40,42,39,42,45,45,48,49,50,47,49,49,49,49,53,54,52,53,50,56,52,53,52,53,53,53,52,52,53,50,55,52,50,50,55,53,55,52,50,47,50,52,49,49,47,46,42,,,,,,,,,,,,,,,,,,,,,,,,,,,,,,,,,,,,,,,,,,,,,,,,,,,,,,,,,,,,,,,,,,,,,,,,,,,,,,,,,,,,,,,,,,,,,,,,,,,,,,,,,,,,,,,,,,,,,,,,,,,,,,,,,,,,,,,,,,,,,,,,,,,,,,,,,,,,,,,,,,,,,,,,,,,,,,,,,,,,,,,,,,,,,,,,
27,33,35,35,35,32,33,31,36,34,35,30,26,24,24,24,24,24,23,24,24,24,24,24,24,24,24,24,24,24,24,23,24,24,24,23,24,25,26,28,28,28,30,31,31,33,36,37,37,40,40,42,40,44,45,47,47,45,46,45,45,47,44,44,42,,,,,,,,,,,,,,,,,,,,,,,,,,,,,,,,,,,,,,,,,,,,,,,,,,,,,,,,,,,,,,,,,,,,,,,,,,,,,,,,,,,,,,,,,,,,,,,,,,,,,,,,,,,,,,,,,,,,,,,,,,,,,,,,,,,,,,,,,,,,,,,,,,,,,,,,,,,,,,,,,,,,,,,,,,,,,,,,,,,,,,,,,,,,,,,,
28,42,47,45,49,51,47,50,49,52,47,49,48,53,50,53,55,50,55,52,53,50,50,47,44,46,47,48,42,40,41,40,42,40,37,35,34,34,35,35,35,35,29,26,24,24,24,24,24,24,24,24,24,24,24,24,24,24,24,24,24,24,24,24,24,,,,,,,,,,,,,,,,,,,,,,,,,,,,,,,,,,,,,,,,,,,,,,,,,,,,,,,,,,,,,,,,,,,,,,,,,,,,,,,,,,,,,,,,,,,,,,,,,,,,,,,,,,,,,,,,,,,,,,,,,,,,,,,,,,,,,,,,,,,,,,,,,,,,,,,,,,,,,,,,,,,,,,,,,,,,,,,,,,,,,,,,,,,,,,,,
29,37,40,41,44,44,46,44,47,49,52,52,55,49,52,49,52,50,52,53,54,52,50,50,50,53,52,50,56,55,52,51,55,53,50,53,56,55,52,50,52,55,50,50,52,53,55,53,53,53,52,50,50,46,48,47,46,44,44,42,39,39,37,37,35,,,,,,,,,,,,,,,,,,,,,,,,,,,,,,,,,,,,,,,,,,,,,,,,,,,,,,,,,,,,,,,,,,,,,,,,,,,,,,,,,,,,,,,,,,,,,,,,,,,,,,,,,,,,,,,,,,,,,,,,,,,,,,,,,,,,,,,,,,,,,,,,,,,,,,,,,,,,,,,,,,,,,,,,,,,,,,,,,,,,,,,,,,,,,,,,
30,24,24,24,23,24,24,24,24,23,24,24,24,23,24,23,23,24,26,28,28,28,28,30,33,37,37,37,39,42,40,41,42,44,47,47,47,47,47,48,48,50,55,58,50,53,54,53,52,55,52,52,50,53,49,53,53,52,49,49,48,46,48,47,43,,,,,,,,,,,,,,,,,,,,,,,,,,,,,,,,,,,,,,,,,,,,,,,,,,,,,,,,,,,,,,,,,,,,,,,,,,,,,,,,,,,,,,,,,,,,,,,,,,,,,,,,,,,,,,,,,,,,,,,,,,,,,,,,,,,,,,,,,,,,,,,,,,,,,,,,,,,,,,,,,,,,,,,,,,,,,,,,,,,,,,,,,,,,,,,,
31,41,41,42,44,44,44,44,41,38,41,37,40,37,35,32,33,33,33,33,33,30,26,24,24,24,24,24,23,24,24,24,24,23,24,24,24,24,24,24,23,24,24,24,25,24,24,24,25,26,28,28,28,29,29,32,35,37,37,35,35,39,39,37,39,,,,,,,,,,,,,,,,,,,,,,,,,,,,,,,,,,,,,,,,,,,,,,,,,,,,,,,,,,,,,,,,,,,,,,,,,,,,,,,,,,,,,,,,,,,,,,,,,,,,,,,,,,,,,,,,,,,,,,,,,,,,,,,,,,,,,,,,,,,,,,,,,,,,,,,,,,,,,,,,,,,,,,,,,,,,,,,,,,,,,,,,,,,,,,,,
32,49,47,50,50,51,51,56,56,54,54,56,52,49,52,50,47,45,43,46,42,47,42,47,43,40,38,38,36,37,36,38,33,27,25,25,25,25,25,25,25,25,25,25,25,25,25,25,25,25,25,25,25,25,25,25,25,27,25,28,28,28,29,29,31,,,,,,,,,,,,,,,,,,,,,,,,,,,,,,,,,,,,,,,,,,,,,,,,,,,,,,,,,,,,,,,,,,,,,,,,,,,,,,,,,,,,,,,,,,,,,,,,,,,,,,,,,,,,,,,,,,,,,,,,,,,,,,,,,,,,,,,,,,,,,,,,,,,,,,,,,,,,,,,,,,,,,,,,,,,,,,,,,,,,,,,,,,,,,,,,
33,44,43,49,52,50,52,53,52,52,52,54,52,56,54,54,54,52,54,49,53,56,54,49,54,52,55,52,55,54,54,51,52,52,49,54,55,54,54,52,56,54,54,51,49,49,52,48,48,45,45,43,42,43,40,41,36,36,34,36,38,34,34,30,25,,,,,,,,,,,,,,,,,,,,,,,,,,,,,,,,,,,,,,,,,,,,,,,,,,,,,,,,,,,,,,,,,,,,,,,,,,,,,,,,,,,,,,,,,,,,,,,,,,,,,,,,,,,,,,,,,,,,,,,,,,,,,,,,,,,,,,,,,,,,,,,,,,,,,,,,,,,,,,,,,,,,,,,,,,,,,,,,,,,,,,,,,,,,,,,,
34,25,25,25,25,25,25,27,29,31,31,31,32,33,40,42,41,41,42,46,44,42,41,47,50,50,50,47,52,49,52,52,56,54,54,53,54,54,53,57,51,55,56,59,60,54,57,57,57,52,54,56,54,52,55,54,51,56,50,51,52,50,49,47,47,,,,,,,,,,,,,,,,,,,,,,,,,,,,,,,,,,,,,,,,,,,,,,,,,,,,,,,,,,,,,,,,,,,,,,,,,,,,,,,,,,,,,,,,,,,,,,,,,,,,,,,,,,,,,,,,,,,,,,,,,,,,,,,,,,,,,,,,,,,,,,,,,,,,,,,,,,,,,,,,,,,,,,,,,,,,,,,,,,,,,,,,,,,,,,,,
35,38,38,38,36,36,36,36,36,34,36,32,27,25,25,25,25,25,25,25,25,25,25,25,25,25,25,25,25,25,25,25,25,25,25,25,25,25,27,29,29,30,31,32,33,36,40,40,40,38,41,43,46,47,47,50,47,47,48,47,48,47,47,47,45,,,,,,,,,,,,,,,,,,,,,,,,,,,,,,,,,,,,,,,,,,,,,,,,,,,,,,,,,,,,,,,,,,,,,,,,,,,,,,,,,,,,,,,,,,,,,,,,,,,,,,,,,,,,,,,,,,,,,,,,,,,,,,,,,,,,,,,,,,,,,,,,,,,,,,,,,,,,,,,,,,,,,,,,,,,,,,,,,,,,,,,,,,,,,,,,
36,46,49,49,49,51,54,53,54,54,52,51,54,51,54,54,54,54,54,54,54,55,51,52,47,51,47,49,44,45,43,43,41,42,38,38,38,36,36,36,36,36,33,28,25,26,25,25,25,25,25,25,26,25,25,25,25,25,27,25,25,25,25,25,25,,,,,,,,,,,,,,,,,,,,,,,,,,,,,,,,,,,,,,,,,,,,,,,,,,,,,,,,,,,,,,,,,,,,,,,,,,,,,,,,,,,,,,,,,,,,,,,,,,,,,,,,,,,,,,,,,,,,,,,,,,,,,,,,,,,,,,,,,,,,,,,,,,,,,,,,,,,,,,,,,,,,,,,,,,,,,,,,,,,,,,,,,,,,,,,,
37,38,43,43,47,49,48,47,50,49,54,56,56,52,58,57,52,56,53,55,54,57,54,52,54,56,54,57,55,56,56,56,54,54,52,54,54,54,56,55,57,54,54,54,56,52,58,52,55,57,54,54,52,52,49,51,50,48,44,45,42,42,41,38,38,,,,,,,,,,,,,,,,,,,,,,,,,,,,,,,,,,,,,,,,,,,,,,,,,,,,,,,,,,,,,,,,,,,,,,,,,,,,,,,,,,,,,,,,,,,,,,,,,,,,,,,,,,,,,,,,,,,,,,,,,,,,,,,,,,,,,,,,,,,,,,,,,,,,,,,,,,,,,,,,,,,,,,,,,,,,,,,,,,,,,,,,,,,,,,,,
38,25,25,25,25,25,25,25,25,25,25,25,25,25,25,25,25,27,27,29,29,30,29,32,35,36,40,38,39,41,43,43,43,45,47,47,50,51,47,49,52,52,56,52,54,57,52,56,58,54,51,54,56,54,54,52,52,54,55,49,47,50,49,45,42,,,,,,,,,,,,,,,,,,,,,,,,,,,,,,,,,,,,,,,,,,,,,,,,,,,,,,,,,,,,,,,,,,,,,,,,,,,,,,,,,,,,,,,,,,,,,,,,,,,,,,,,,,,,,,,,,,,,,,,,,,,,,,,,,,,,,,,,,,,,,,,,,,,,,,,,,,,,,,,,,,,,,,,,,,,,,,,,,,,,,,,,,,,,,,,,
39,44,44,48,45,45,48,40,45,42,43,39,43,40,40,36,36,36,38,36,34,31,27,25,25,25,25,25,25,25,25,25,25,25,25,25,25,25,25,25,25,25,25,25,25,25,25,25,26,28,28,29,29,31,32,35,38,40,38,38,40,40,43,40,40,,,,,,,,,,,,,,,,,,,,,,,,,,,,,,,,,,,,,,,,,,,,,,,,,,,,,,,,,,,,,,,,,,,,,,,,,,,,,,,,,,,,,,,,,,,,,,,,,,,,,,,,,,,,,,,,,,,,,,,,,,,,,,,,,,,,,,,,,,,,,,,,,,,,,,,,,,,,,,,,,,,,,,,,,,,,,,,,,,,,,,,,,,,,,,,,
40,47,47,48,47,49,56,49,51,49,52,52,52,47,46,46,49,46,44,43,45,41,44,42,40,37,38,36,37,35,37,35,33,26,24,24,24,25,24,25,24,24,25,25,26,26,24,26,24,25,24,25,24,24,25,25,24,25,24,26,28,28,28,28,28,,,,,,,,,,,,,,,,,,,,,,,,,,,,,,,,,,,,,,,,,,,,,,,,,,,,,,,,,,,,,,,,,,,,,,,,,,,,,,,,,,,,,,,,,,,,,,,,,,,,,,,,,,,,,,,,,,,,,,,,,,,,,,,,,,,,,,,,,,,,,,,,,,,,,,,,,,,,,,,,,,,,,,,,,,,,,,,,,,,,,,,,,,,,,,,,
41,42,44,46,47,49,50,50,52,52,54,52,53,54,51,54,54,54,51,54,52,54,52,54,52,49,53,49,52,53,54,52,52,53,52,50,49,51,52,55,52,52,53,50,49,46,49,47,42,44,42,39,39,40,41,39,37,35,32,32,33,35,31,28,24,,,,,,,,,,,,,,,,,,,,,,,,,,,,,,,,,,,,,,,,,,,,,,,,,,,,,,,,,,,,,,,,,,,,,,,,,,,,,,,,,,,,,,,,,,,,,,,,,,,,,,,,,,,,,,,,,,,,,,,,,,,,,,,,,,,,,,,,,,,,,,,,,,,,,,,,,,,,,,,,,,,,,,,,,,,,,,,,,,,,,,,,,,,,,,,,
42,24,24,25,24,24,25,26,28,31,30,31,32,31,37,39,41,41,41,42,46,46,44,44,47,49,54,47,49,50,54,51,55,52,53,55,54,55,55,53,55,51,57,51,54,54,55,52,55,53,52,52,54,52,53,50,52,50,50,52,49,47,47,46,49,,,,,,,,,,,,,,,,,,,,,,,,,,,,,,,,,,,,,,,,,,,,,,,,,,,,,,,,,,,,,,,,,,,,,,,,,,,,,,,,,,,,,,,,,,,,,,,,,,,,,,,,,,,,,,,,,,,,,,,,,,,,,,,,,,,,,,,,,,,,,,,,,,,,,,,,,,,,,,,,,,,,,,,,,,,,,,,,,,,,,,,,,,,,,,,,
43,36,39,39,36,33,35,37,35,35,35,30,26,25,24,25,24,24,24,24,24,25,26,25,25,26,25,25,24,24,24,24,24,24,24,24,24,26,26,28,28,29,31,30,30,35,40,39,39,41,40,42,44,47,46,49,49,47,46,47,45,45,47,49,44,,,,,,,,,,,,,,,,,,,,,,,,,,,,,,,,,,,,,,,,,,,,,,,,,,,,,,,,,,,,,,,,,,,,,,,,,,,,,,,,,,,,,,,,,,,,,,,,,,,,,,,,,,,,,,,,,,,,,,,,,,,,,,,,,,,,,,,,,,,,,,,,,,,,,,,,,,,,,,,,,,,,,,,,,,,,,,,,,,,,,,,,,,,,,,,,
44,41,44,49,49,49,47,50,52,51,52,54,49,51,51,54,58,52,50,52,51,52,51,49,45,47,47,48,42,40,42,39,41,42,39,35,33,34,35,33,35,34,32,26,24,25,24,24,24,24,24,24,25,24,24,24,24,24,25,24,24,25,24,24,24,,,,,,,,,,,,,,,,,,,,,,,,,,,,,,,,,,,,,,,,,,,,,,,,,,,,,,,,,,,,,,,,,,,,,,,,,,,,,,,,,,,,,,,,,,,,,,,,,,,,,,,,,,,,,,,,,,,,,,,,,,,,,,,,,,,,,,,,,,,,,,,,,,,,,,,,,,,,,,,,,,,,,,,,,,,,,,,,,,,,,,,,,,,,,,,,
45,39,40,42,42,46,45,49,49,50,50,52,52,52,53,57,51,51,52,55,53,54,51,52,52,53,50,52,54,54,52,50,52,51,55,52,54,51,54,52,52,52,51,51,49,54,52,50,52,52,54,51,53,47,49,47,47,46,44,42,39,40,38,35,36,,,,,,,,,,,,,,,,,,,,,,,,,,,,,,,,,,,,,,,,,,,,,,,,,,,,,,,,,,,,,,,,,,,,,,,,,,,,,,,,,,,,,,,,,,,,,,,,,,,,,,,,,,,,,,,,,,,,,,,,,,,,,,,,,,,,,,,,,,,,,,,,,,,,,,,,,,,,,,,,,,,,,,,,,,,,,,,,,,,,,,,,,,,,,,,,
46,24,25,24,25,24,26,24,25,24,25,24,25,24,25,24,24,26,28,30,30,32,31,33,36,39,37,42,42,39,42,47,44,44,49,47,52,49,49,52,49,52,57,53,52,58,50,54,55,55,55,55,57,55,54,53,55,55,54,52,52,49,45,46,44,,,,,,,,,,,,,,,,,,,,,,,,,,,,,,,,,,,,,,,,,,,,,,,,,,,,,,,,,,,,,,,,,,,,,,,,,,,,,,,,,,,,,,,,,,,,,,,,,,,,,,,,,,,,,,,,,,,,,,,,,,,,,,,,,,,,,,,,,,,,,,,,,,,,,,,,,,,,,,,,,,,,,,,,,,,,,,,,,,,,,,,,,,,,,,,,
47,44,49,47,50,47,47,44,46,42,42,44,43,44,37,36,39,35,39,37,35,32,26,26,25,26,24,25,24,25,25,26,25,24,26,25,26,25,24,24,24,25,24,24,25,25,26,25,26,28,28,28,30,32,34,36,41,40,38,42,41,42,42,41,40,,,,,,,,,,,,,,,,,,,,,,,,,,,,,,,,,,,,,,,,,,,,,,,,,,,,,,,,,,,,,,,,,,,,,,,,,,,,,,,,,,,,,,,,,,,,,,,,,,,,,,,,,,,,,,,,,,,,,,,,,,,,,,,,,,,,,,,,,,,,,,,,,,,,,,,,,,,,,,,,,,,,,,,,,,,,,,,,,,,,,,,,,,,,,,,,
48,46,53,51,51,51,51,53,48,53,54,56,50,54,48,51,49,48,45,46,45,46,46,43,44,40,36,38,38,39,39,38,31,25,24,25,24,24,24,25,25,24,24,25,25,24,24,25,25,25,25,24,24,25,25,25,24,24,24,27,27,29,29,29,29,,,,,,,,,,,,,,,,,,,,,,,,,,,,,,,,,,,,,,,,,,,,,,,,,,,,,,,,,,,,,,,,,,,,,,,,,,,,,,,,,,,,,,,,,,,,,,,,,,,,,,,,,,,,,,,,,,,,,,,,,,,,,,,,,,,,,,,,,,,,,,,,,,,,,,,,,,,,,,,,,,,,,,,,,,,,,,,,,,,,,,,,,,,,,,,,
49,45,45,49,51,50,50,51,54,56,54,50,51,53,51,53,50,51,51,54,55,54,51,53,56,53,54,56,56,54,51,57,57,54,56,56,54,56,53,53,51,54,53,49,49,48,49,49,49,45,45,43,41,41,45,38,38,34,36,35,33,33,34,29,25,,,,,,,,,,,,,,,,,,,,,,,,,,,,,,,,,,,,,,,,,,,,,,,,,,,,,,,,,,,,,,,,,,,,,,,,,,,,,,,,,,,,,,,,,,,,,,,,,,,,,,,,,,,,,,,,,,,,,,,,,,,,,,,,,,,,,,,,,,,,,,,,,,,,,,,,,,,,,,,,,,,,,,,,,,,,,,,,,,,,,,,,,,,,,,,,
50,24,24,24,23,24,24,25,27,29,27,29,29,29,35,38,38,40,38,42,40,46,45,45,46,47,48,47,48,51,48,51,56,56,53,51,54,54,54,49,56,56,56,54,53,54,54,54,53,51,53,53,54,54,53,52,51,53,48,51,50,47,47,48,41,,,,,,,,,,,,,,,,,,,,,,,,,,,,,,,,,,,,,,,,,,,,,,,,,,,,,,,,,,,,,,,,,,,,,,,,,,,,,,,,,,,,,,,,,,,,,,,,,,,,,,,,,,,,,,,,,,,,,,,,,,,,,,,,,,,,,,,,,,,,,,,,,,,,,,,,,,,,,,,,,,,,,,,,,,,,,,,,,,,,,,,,,,,,,,,,
51,38,38,38,37,35,36,34,33,35,35,30,25,25,22,24,24,24,24,24,24,24,24,24,24,25,24,25,24,24,24,24,24,24,24,24,23,24,27,27,27,29,29,31,31,34,38,40,41,41,41,43,43,43,43,48,48,50,48,46,47,45,47,48,44,,,,,,,,,,,,,,,,,,,,,,,,,,,,,,,,,,,,,,,,,,,,,,,,,,,,,,,,,,,,,,,,,,,,,,,,,,,,,,,,,,,,,,,,,,,,,,,,,,,,,,,,,,,,,,,,,,,,,,,,,,,,,,,,,,,,,,,,,,,,,,,,,,,,,,,,,,,,,,,,,,,,,,,,,,,,,,,,,,,,,,,,,,,,,,,,
52,42,46,50,45,49,50,51,50,48,51,51,53,49,51,49,50,54,53,50,50,51,50,48,48,45,47,48,41,40,38,43,40,40,36,36,34,36,33,32,32,33,31,25,24,24,24,24,23,24,24,24,25,24,24,24,24,24,24,24,24,25,23,24,23,,,,,,,,,,,,,,,,,,,,,,,,,,,,,,,,,,,,,,,,,,,,,,,,,,,,,,,,,,,,,,,,,,,,,,,,,,,,,,,,,,,,,,,,,,,,,,,,,,,,,,,,,,,,,,,,,,,,,,,,,,,,,,,,,,,,,,,,,,,,,,,,,,,,,,,,,,,,,,,,,,,,,,,,,,,,,,,,,,,,,,,,,,,,,,,,
53,40,41,46,46,51,50,48,48,51,53,54,56,56,53,54,53,52,48,56,54,53,53,56,51,51,52,57,51,53,56,54,52,54,53,51,54,54,51,53,57,54,56,54,51,54,53,54,51,56,55,53,53,50,51,47,51,48,45,48,46,41,40,43,38,,,,,,,,,,,,,,,,,,,,,,,,,,,,,,,,,,,,,,,,,,,,,,,,,,,,,,,,,,,,,,,,,,,,,,,,,,,,,,,,,,,,,,,,,,,,,,,,,,,,,,,,,,,,,,,,,,,,,,,,,,,,,,,,,,,,,,,,,,,,,,,,,,,,,,,,,,,,,,,,,,,,,,,,,,,,,,,,,,,,,,,,,,,,,,,,
54,24,25,24,24,24,25,24,24,24,24,24,25,24,24,24,24,25,27,29,29,31,30,33,33,38,36,38,38,36,46,43,47,43,49,52,46,45,45,45,51,50,54,51,53,50,50,51,53,53,52,50,50,51,48,48,48,51,47,49,48,49,45,45,41,,,,,,,,,,,,,,,,,,,,,,,,,,,,,,,,,,,,,,,,,,,,,,,,,,,,,,,,,,,,,,,,,,,,,,,,,,,,,,,,,,,,,,,,,,,,,,,,,,,,,,,,,,,,,,,,,,,,,,,,,,,,,,,,,,,,,,,,,,,,,,,,,,,,,,,,,,,,,,,,,,,,,,,,,,,,,,,,,,,,,,,,,,,,,,,,
55,43,48,42,47,50,50,46,45,42,41,43,42,41,40,35,38,38,38,36,36,31,26,25,24,25,24,25,23,25,25,25,24,24,24,25,24,24,24,25,24,24,24,24,25,24,25,25,25,27,29,30,29,31,32,34,38,38,41,45,42,38,40,41,43,,,,,,,,,,,,,,,,,,,,,,,,,,,,,,,,,,,,,,,,,,,,,,,,,,,,,,,,,,,,,,,,,,,,,,,,,,,,,,,,,,,,,,,,,,,,,,,,,,,,,,,,,,,,,,,,,,,,,,,,,,,,,,,,,,,,,,,,,,,,,,,,,,,,,,,,,,,,,,,,,,,,,,,,,,,,,,,,,,,,,,,,,,,,,,,,
56,41,47,45,45,50,47,49,48,49,47,50,50,47,47,44,45,45,43,38,42,40,38,39,37,33,35,33,33,34,35,35,29,26,24,24,24,24,24,24,24,24,24,24,24,24,24,24,24,24,24,24,24,24,24,24,24,24,24,26,26,26,27,27,28,,,,,,,,,,,,,,,,,,,,,,,,,,,,,,,,,,,,,,,,,,,,,,,,,,,,,,,,,,,,,,,,,,,,,,,,,,,,,,,,,,,,,,,,,,,,,,,,,,,,,,,,,,,,,,,,,,,,,,,,,,,,,,,,,,,,,,,,,,,,,,,,,,,,,,,,,,,,,,,,,,,,,,,,,,,,,,,,,,,,,,,,,,,,,,,,
57,44,45,47,50,48,49,51,50,50,53,53,55,50,52,52,53,50,53,50,50,50,50,52,52,53,53,50,53,53,50,50,53,53,52,52,53,50,52,50,52,53,50,47,49,48,52,47,49,43,47,42,42,42,43,38,35,33,35,35,36,33,31,29,24,,,,,,,,,,,,,,,,,,,,,,,,,,,,,,,,,,,,,,,,,,,,,,,,,,,,,,,,,,,,,,,,,,,,,,,,,,,,,,,,,,,,,,,,,,,,,,,,,,,,,,,,,,,,,,,,,,,,,,,,,,,,,,,,,,,,,,,,,,,,,,,,,,,,,,,,,,,,,,,,,,,,,,,,,,,,,,,,,,,,,,,,,,,,,,,,
58,24,24,24,24,24,24,26,27,28,29,28,31,31,33,36,36,37,38,40,38,41,42,42,45,45,44,45,47,48,45,48,49,53,49,51,49,55,52,50,50,49,48,50,48,53,47,50,48,48,48,48,50,51,55,50,50,48,50,49,44,47,43,43,42,,,,,,,,,,,,,,,,,,,,,,,,,,,,,,,,,,,,,,,,,,,,,,,,,,,,,,,,,,,,,,,,,,,,,,,,,,,,,,,,,,,,,,,,,,,,,,,,,,,,,,,,,,,,,,,,,,,,,,,,,,,,,,,,,,,,,,,,,,,,,,,,,,,,,,,,,,,,,,,,,,,,,,,,,,,,,,,,,,,,,,,,,,,,,,,,
59,36,35,35,33,33,33,33,33,33,33,28,25,24,24,24,24,24,24,24,24,24,24,24,24,24,24,24,24,24,24,24,24,24,24,24,24,24,26,27,27,29,28,29,30,33,35,37,37,38,37,40,42,42,45,43,44,44,47,45,45,42,43,43,42,,,,,,,,,,,,,,,,,,,,,,,,,,,,,,,,,,,,,,,,,,,,,,,,,,,,,,,,,,,,,,,,,,,,,,,,,,,,,,,,,,,,,,,,,,,,,,,,,,,,,,,,,,,,,,,,,,,,,,,,,,,,,,,,,,,,,,,,,,,,,,,,,,,,,,,,,,,,,,,,,,,,,,,,,,,,,,,,,,,,,,,,,,,,,,,,
60,42,43,45,47,48,48,47,51,50,49,50,48,48,50,51,50,52,48,49,49,50,48,47,45,43,45,44,42,38,42,41,40,38,37,37,33,33,33,31,33,35,29,25,24,25,24,24,24,24,24,24,24,24,24,24,24,24,24,24,24,24,24,24,24,,,,,,,,,,,,,,,,,,,,,,,,,,,,,,,,,,,,,,,,,,,,,,,,,,,,,,,,,,,,,,,,,,,,,,,,,,,,,,,,,,,,,,,,,,,,,,,,,,,,,,,,,,,,,,,,,,,,,,,,,,,,,,,,,,,,,,,,,,,,,,,,,,,,,,,,,,,,,,,,,,,,,,,,,,,,,,,,,,,,,,,,,,,,,,,,
61,35,36,38,42,42,41,39,44,45,43,43,45,47,47,47,45,45,45,46,45,44,45,48,47,49,45,45,45,44,47,45,45,45,44,45,47,44,45,43,45,49,45,45,50,46,43,45,45,44,45,43,43,43,44,43,41,42,40,37,38,37,33,33,31,,,,,,,,,,,,,,,,,,,,,,,,,,,,,,,,,,,,,,,,,,,,,,,,,,,,,,,,,,,,,,,,,,,,,,,,,,,,,,,,,,,,,,,,,,,,,,,,,,,,,,,,,,,,,,,,,,,,,,,,,,,,,,,,,,,,,,,,,,,,,,,,,,,,,,,,,,,,,,,,,,,,,,,,,,,,,,,,,,,,,,,,,,,,,,,,
62,24,24,24,24,24,24,24,24,24,24,24,24,24,24,24,24,24,26,28,28,28,29,29,32,33,35,38,35,41,38,39,38,43,40,44,43,43,43,43,43,45,45,48,42,47,45,49,43,44,46,47,45,48,45,45,47,45,45,45,44,45,44,43,42,,,,,,,,,,,,,,,,,,,,,,,,,,,,,,,,,,,,,,,,,,,,,,,,,,,,,,,,,,,,,,,,,,,,,,,,,,,,,,,,,,,,,,,,,,,,,,,,,,,,,,,,,,,,,,,,,,,,,,,,,,,,,,,,,,,,,,,,,,,,,,,,,,,,,,,,,,,,,,,,,,,,,,,,,,,,,,,,,,,,,,,,,,,,,,,,
63,42,42,40,43,43,45,42,39,36,40,38,40,38,34,31,31,33,33,31,33,29,25,24,24,24,24,24,24,24,24,24,24,24,24,24,24,24,24,24,24,24,24,24,25,24,25,24,24,26,27,28,29,28,30,31,33,35,37,35,38,37,38,38,36,,,,,,,,,,,,,,,,,,,,,,,,,,,,,,,,,,,,,,,,,,,,,,,,,,,,,,,,,,,,,,,,,,,,,,,,,,,,,,,,,,,,,,,,,,,,,,,,,,,,,,,,,,,,,,,,,,,,,,,,,,,,,,,,,,,,,,,,,,,,,,,,,,,,,,,,,,,,,,,,,,,,,,,,,,,,,,,,,,,,,,,,,,,,,,,,
,,,,,,,,,,,,,,,,,,,,,,,,,,,,,,,,,,,,,,,,,,,,,,,,,,,,,,,,,,,,,,,,,,,,,,,,,,,,,,,,,,,,,,,,,,,,,,,,,,,,,,,,,,,,,,,,,,,,,,,,,,,,,,,,,,,,,,,,,,,,,,,,,,,,,,,,,,,,,,,,,,,,,,,,,,,,,,,,,,,,,,,,,,,,,,,,,,,,,,,,,,,,,,,,,,,,,,,,,,,,,,,,,,,,,,,,,,,,,,,,,,,,,,,,,,,,,,,,
value,0,1,2,3,4,5,6,7,8,9,10,11,12,13,14,15,16,17,18,19,20,21,22,23,24,25,26,27,28,29,30,31,32,33,34,35,36,37,38,39,40,41,42,43,44,45,46,47,48,49,50,51,52,53,54,55,56,57,58,59,60,61,62,63,64,65,66,67,68,69,70,71,72,73,74,75,76,77,78,79,80,81,82,83,84,85,86,87,88,89,90,91,92,93,94,95,96,97,98,99,100,101,102,103,104,105,106,107,108,109,110,111,112,113,114,115,116,117,118,119,120,121,122,123,124,125,126,127,128,129,130,131,132,133,134,135,136,137,138,139,140,141,142,143,144,145,146,147,148,149,150,151,152,153,154,155,156,157,158,159,160,161,162,163,164,165,166,167,168,169,170,171,172,173,174,175,176,177,178,179,180,181,182,183,184,185,186,187,188,189,190,191,192,193,194,195,196,197,198,199,200,201,202,203,204,205,206,207,208,209,210,211,212,213,214,215,216,217,218,219,220,221,222,223,224,225,226,227,228,229,230,231,232,233,234,235,236,237,238,239,240,241,242,243,244,245,246,247,248,249,250,251,252,253,254,255
count,0,0,0,0,0,0,0,0,0,0,0,0,0,0,0,0,0,0,0,0,70,48,177,101,390,221,59,54,50,67,31,60,40,91,44,76,86,61,101,76,102,96,105,101,110,131,114,156,111,166,165,129,210,163,162,64,72,22,7,6,1,0,0,0,0,0,0,0,0,0,0,0,0,0,0,0,0,0,0,0,0,0,0,0,0,0,0,0,0,0,0,0,0,0,0,0,0,0,0,0,0,0,0,0,0,0,0,0,0,0,0,0,0,0,0,0,0,0,0,0,0,0,0,0,0,0,0,0,0,0,0,0,0,0,0,0,0,0,0,0,0,0,0,0,0,0,0,0,0,0,0,0,0,0,0,0,0,0,0,0,0,0,0,0,0,0,0,0,0,0,0,0,0,0,0,0,0,0,0,0,0,0,0,0,0,0,0,0,0,0,0,0,0,0,0,0,0,0,0,0,0,0,0,0,0,0,0,0,0,0,0,0,0,0,0,0,0,0,0,0,0,0,0,0,0,0,0,0,0,0,0,0,0,0,0,0,0,0,0,0,0,0,0,0,0,0,0,0,0,0,0,0,0,0,0,0
