0,,,,,,,,,,,,,,,,,,,,,,,,,,,,,,,,,,,,,,,,,,,,,,,,,,,,,,,,,,,,,,,,,,,,,,,,,,,,,,,,,,,,,,,,,,,,,,,,,,,,,,,,,,,,,,,,,,,,,,,,,,,,,,,,,,,,,,,,,,,,,,,,,,,,,,,,,,,,,,,,,,,,,,,,,,,,,,,,,,,,,,,,,,,,,,,,,,,,,,,,,,,,,,,,,,,,,,,,,,,,,,,,,,,,,,,,,,,,,,,,,,,,,,,,,,,,,,,,
,0,1,2,3,4,5,6,7,8,9,10,11,12,13,14,15,16,17,18,19,20,21,22,23,24,25,26,27,28,29,30,31,32,33,34,35,36,37,38,39,40,41,42,43,44,45,46,47,48,49,50,51,52,53,54,55,56,57,58,59,60,61,62,63,,,,,,,,,,,,,,,,,,,,,,,,,,,,,,,,,,,,,,,,,,,,,,,,,,,,,,,,,,,,,,,,,,,,,,,,,,,,,,,,,,,,,,,,,,,,,,,,,,,,,,,,,,,,,,,,,,,,,,,,,,,,,,,,,,,,,,,,,,,,,,,,,,,,,,,,,,,,,,,,,,,,,,,,,,,,,,,,,,,,,,,,,,,,,,,,
0,0,1,2,3,4,5,6,7,8,9,10,11,12,13,14,15,16,17,18,19,20,21,22,23,24,25,26,27,28,29,30,31,32,33,34,35,36,37,38,39,40,41,42,43,44,45,46,47,48,49,50,51,52,53,54,55,56,57,58,59,60,61,62,63,,,,,,,,,,,,,,,,,,,,,,,,,,,,,,,,,,,,,,,,,,,,,,,,,,,,,,,,,,,,,,,,,,,,,,,,,,,,,,,,,,,,,,,,,,,,,,,,,,,,,,,,,,,,,,,,,,,,,,,,,,,,,,,,,,,,,,,,,,,,,,,,,,,,,,,,,,,,,,,,,,,,,,,,,,,,,,,,,,,,,,,,,,,,,,,,
1,64,65,66,67,68,69,70,71,72,73,74,75,76,77,78,79,80,81,82,83,84,85,86,87,88,89,90,91,92,93,94,95,96,97,98,99,100,101,102,103,104,105,106,107,108,109,110,111,112,113,114,115,116,117,118,119,120,121,122,123,124,125,126,127,,,,,,,,,,,,,,,,,,,,,,,,,,,,,,,,,,,,,,,,,,,,,,,,,,,,,,,,,,,,,,,,,,,,,,,,,,,,,,,,,,,,,,,,,,,,,,,,,,,,,,,,,,,,,,,,,,,,,,,,,,,,,,,,,,,,,,,,,,,,,,,,,,,,,,,,,,,,,,,,,,,,,,,,,,,,,,,,,,,,,,,,,,,,,,,,
2,128,129,130,131,132,133,134,135,136,137,138,139,140,141,142,143,144,145,146,147,148,149,150,151,152,153,154,155,156,157,158,159,160,161,162,163,164,165,166,167,168,169,170,171,172,173,174,175,176,177,178,179,180,181,182,183,184,185,186,187,188,189,190,191,,,,,,,,,,,,,,,,,,,,,,,,,,,,,,,,,,,,,,,,,,,,,,,,,,,,,,,,,,,,,,,,,,,,,,,,,,,,,,,,,,,,,,,,,,,,,,,,,,,,,,,,,,,,,,,,,,,,,,,,,,,,,,,,,,,,,,,,,,,,,,,,,,,,,,,,,,,,,,,,,,,,,,,,,,,,,,,,,,,,,,,,,,,,,,,,
3,192,193,194,195,196,197,198,199,200,201,202,203,204,205,206,207,208,209,210,211,212,213,214,215,216,217,218,219,220,221,222,223,224,225,226,227,228,229,230,231,232,233,234,235,236,237,238,239,240,241,242,243,244,245,246,247,248,249,250,251,252,253,254,255,,,,,,,,,,,,,,,,,,,,,,,,,,,,,,,,,,,,,,,,,,,,,,,,,,,,,,,,,,,,,,,,,,,,,,,,,,,,,,,,,,,,,,,,,,,,,,,,,,,,,,,,,,,,,,,,,,,,,,,,,,,,,,,,,,,,,,,,,,,,,,,,,,,,,,,,,,,,,,,,,,,,,,,,,,,,,,,,,,,,,,,,,,,,,,,,
4,0,1,2,3,4,5,6,7,8,9,10,11,12,13,14,15,16,17,18,19,20,21,22,23,24,25,26,27,28,29,30,31,32,33,34,35,36,37,38,39,40,41,42,43,44,45,46,47,48,49,50,51,52,53,54,55,56,57,58,59,60,61,62,63,,,,,,,,,,,,,,,,,,,,,,,,,,,,,,,,,,,,,,,,,,,,,,,,,,,,,,,,,,,,,,,,,,,,,,,,,,,,,,,,,,,,,,,,,,,,,,,,,,,,,,,,,,,,,,,,,,,,,,,,,,,,,,,,,,,,,,,,,,,,,,,,,,,,,,,,,,,,,,,,,,,,,,,,,,,,,,,,,,,,,,,,,,,,,,,,
5,64,65,66,67,68,69,70,71,72,73,74,75,76,77,78,79,80,81,82,83,84,85,86,87,88,89,90,91,92,93,94,95,96,97,98,99,100,101,102,103,104,105,106,107,108,109,110,111,112,113,114,115,116,117,118,119,120,121,122,123,124,125,126,127,,,,,,,,,,,,,,,,,,,,,,,,,,,,,,,,,,,,,,,,,,,,,,,,,,,,,,,,,,,,,,,,,,,,,,,,,,,,,,,,,,,,,,,,,,,,,,,,,,,,,,,,,,,,,,,,,,,,,,,,,,,,,,,,,,,,,,,,,,,,,,,,,,,,,,,,,,,,,,,,,,,,,,,,,,,,,,,,,,,,,,,,,,,,,,,,
6,128,129,130,131,132,133,134,135,136,137,138,139,140,141,142,143,144,145,146,147,148,149,150,151,152,153,154,155,156,157,158,159,160,161,162,163,164,165,166,167,168,169,170,171,172,173,174,175,176,177,178,179,180,181,182,183,184,185,186,187,188,189,190,191,,,,,,,,,,,,,,,,,,,,,,,,,,,,,,,,,,,,,,,,,,,,,,,,,,,,,,,,,,,,,,,,,,,,,,,,,,,,,,,,,,,,,,,,,,,,,,,,,,,,,,,,,,,,,,,,,,,,,,,,,,,,,,,,,,,,,,,,,,,,,,,,,,,,,,,,,,,,,,,,,,,,,,,,,,,,,,,,,,,,,,,,,,,,,,,,
7,192,193,194,195,196,197,198,199,200,201,202,203,204,205,206,207,208,209,210,211,212,213,214,215,216,217,218,219,220,221,222,223,224,225,226,227,228,229,230,231,232,233,234,235,236,237,238,239,240,241,242,243,244,245,246,247,248,249,250,251,252,253,254,255,,,,,,,,,,,,,,,,,,,,,,,,,,,,,,,,,,,,,,,,,,,,,,,,,,,,,,,,,,,,,,,,,,,,,,,,,,,,,,,,,,,,,,,,,,,,,,,,,,,,,,,,,,,,,,,,,,,,,,,,,,,,,,,,,,,,,,,,,,,,,,,,,,,,,,,,,,,,,,,,,,,,,,,,,,,,,,,,,,,,,,,,,,,,,,,,
8,0,1,2,3,4,5,6,7,8,9,10,11,12,13,14,15,16,17,18,19,20,21,22,23,24,25,26,27,28,29,30,31,32,33,34,35,36,37,38,39,40,41,42,43,44,45,46,47,48,49,50,51,52,53,54,55,56,57,58,59,60,61,62,63,,,,,,,,,,,,,,,,,,,,,,,,,,,,,,,,,,,,,,,,,,,,,,,,,,,,,,,,,,,,,,,,,,,,,,,,,,,,,,,,,,,,,,,,,,,,,,,,,,,,,,,,,,,,,,,,,,,,,,,,,,,,,,,,,,,,,,,,,,,,,,,,,,,,,,,,,,,,,,,,,,,,,,,,,,,,,,,,,,,,,,,,,,,,,,,,
9,64,65,66,67,68,69,70,71,72,73,74,75,76,77,78,79,80,81,82,83,84,85,86,87,88,89,90,91,92,93,94,95,96,97,98,99,100,101,102,103,104,105,106,107,108,109,110,111,112,113,114,115,116,117,118,119,120,121,122,123,124,125,126,127,,,,,,,,,,,,,,,,,,,,,,,,,,,,,,,,,,,,,,,,,,,,,,,,,,,,,,,,,,,,,,,,,,,,,,,,,,,,,,,,,,,,,,,,,,,,,,,,,,,,,,,,,,,,,,,,,,,,,,,,,,,,,,,,,,,,,,,,,,,,,,,,,,,,,,,,,,,,,,,,,,,,,,,,,,,,,,,,,,,,,,,,,,,,,,,,
10,128,129,130,131,132,133,134,135,136,137,138,139,140,141,142,143,144,145,146,147,148,149,150,151,152,153,154,155,156,157,158,159,160,161,162,163,164,165,166,167,168,169,170,171,172,173,174,175,176,177,178,179,180,181,182,183,184,185,186,187,188,189,190,191,,,,,,,,,,,,,,,,,,,,,,,,,,,,,,,,,,,,,,,,,,,,,,,,,,,,,,,,,,,,,,,,,,,,,,,,,,,,,,,,,,,,,,,,,,,,,,,,,,,,,,,,,,,,,,,,,,,,,,,,,,,,,,,,,,,,,,,,,,,,,,,,,,,,,,,,,,,,,,,,,,,,,,,,,,,,,,,,,,,,,,,,,,,,,,,,
11,192,193,194,195,196,197,198,199,200,201,202,203,204,205,206,207,208,209,210,211,212,213,214,215,216,217,218,219,220,221,222,223,224,225,226,227,228,229,230,231,232,233,234,235,236,237,238,239,240,241,242,243,244,245,246,247,248,249,250,251,252,253,254,255,,,,,,,,,,,,,,,,,,,,,,,,,,,,,,,,,,,,,,,,,,,,,,,,,,,,,,,,,,,,,,,,,,,,,,,,,,,,,,,,,,,,,,,,,,,,,,,,,,,,,,,,,,,,,,,,,,,,,,,,,,,,,,,,,,,,,,,,,,,,,,,,,,,,,,,,,,,,,,,,,,,,,,,,,,,,,,,,,,,,,,,,,,,,,,,,
12,0,1,2,3,4,5,6,7,8,9,10,11,12,13,14,15,16,17,18,19,20,21,22,23,24,25,26,27,28,29,30,31,32,33,34,35,36,37,38,39,40,41,42,43,44,45,46,47,48,49,50,51,52,53,54,55,56,57,58,59,60,61,62,63,,,,,,,,,,,,,,,,,,,,,,,,,,,,,,,,,,,,,,,,,,,,,,,,,,,,,,,,,,,,,,,,,,,,,,,,,,,,,,,,,,,,,,,,,,,,,,,,,,,,,,,,,,,,,,,,,,,,,,,,,,,,,,,,,,,,,,,,,,,,,,,,,,,,,,,,,,,,,,,,,,,,,,,,,,,,,,,,,,,,,,,,,,,,,,,,
13,64,65,66,67,68,69,70,71,72,73,74,75,76,77,78,79,80,81,82,83,84,85,86,87,88,89,90,91,92,93,94,95,96,97,98,99,100,101,102,103,104,105,106,107,108,109,110,111,112,113,114,115,116,117,118,119,120,121,122,123,124,125,126,127,,,,,,,,,,,,,,,,,,,,,,,,,,,,,,,,,,,,,,,,,,,,,,,,,,,,,,,,,,,,,,,,,,,,,,,,,,,,,,,,,,,,,,,,,,,,,,,,,,,,,,,,,,,,,,,,,,,,,,,,,,,,,,,,,,,,,,,,,,,,,,,,,,,,,,,,,,,,,,,,,,,,,,,,,,,,,,,,,,,,,,,,,,,,,,,,
14,128,129,130,131,132,133,134,135,136,137,138,139,140,141,142,143,144,145,146,147,148,149,150,151,152,153,154,155,156,157,158,159,160,161,162,163,164,165,166,167,168,169,170,171,172,173,174,175,176,177,178,179,180,181,182,183,184,185,186,187,188,189,190,191,,,,,,,,,,,,,,,,,,,,,,,,,,,,,,,,,,,,,,,,,,,,,,,,,,,,,,,,,,,,,,,,,,,,,,,,,,,,,,,,,,,,,,,,,,,,,,,,,,,,,,,,,,,,,,,,,,,,,,,,,,,,,,,,,,,,,,,,,,,,,,,,,,,,,,,,,,,,,,,,,,,,,,,,,,,,,,,,,,,,,,,,,,,,,,,,
15,192,193,194,195,196,197,198,199,200,201,202,203,204,205,206,207,208,209,210,211,212,213,214,215,216,217,218,219,220,221,222,223,224,225,226,227,228,229,230,231,232,233,234,235,236,237,238,239,240,241,242,243,244,245,246,247,248,249,250,251,252,253,254,255,,,,,,,,,,,,,,,,,,,,,,,,,,,,,,,,,,,,,,,,,,,,,,,,,,,,,,,,,,,,,,,,,,,,,,,,,,,,,,,,,,,,,,,,,,,,,,,,,,,,,,,,,,,,,,,,,,,,,,,,,,,,,,,,,,,,,,,,,,,,,,,,,,,,,,,,,,,,,,,,,,,,,,,,,,,,,,,,,,,,,,,,,,,,,,,,
16,0,1,2,3,4,5,6,7,8,9,10,11,12,13,14,15,16,17,18,19,20,21,22,23,24,25,26,27,28,29,30,31,32,33,34,35,36,37,38,39,40,41,42,43,44,45,46,47,48,49,50,51,52,53,54,55,56,57,58,59,60,61,62,63,,,,,,,,,,,,,,,,,,,,,,,,,,,,,,,,,,,,,,,,,,,,,,,,,,,,,,,,,,,,,,,,,,,,,,,,,,,,,,,,,,,,,,,,,,,,,,,,,,,,,,,,,,,,,,,,,,,,,,,,,,,,,,,,,,,,,,,,,,,,,,,,,,,,,,,,,,,,,,,,,,,,,,,,,,,,,,,,,,,,,,,,,,,,,,,,
17,64,65,66,67,68,69,70,71,72,73,74,75,76,77,78,79,80,81,82,83,84,85,86,87,88,89,90,91,92,93,94,95,96,97,98,99,100,101,102,103,104,105,106,107,108,109,110,111,112,113,114,115,116,117,118,119,120,121,122,123,124,125,126,127,,,,,,,,,,,,,,,,,,,,,,,,,,,,,,,,,,,,,,,,,,,,,,,,,,,,,,,,,,,,,,,,,,,,,,,,,,,,,,,,,,,,,,,,,,,,,,,,,,,,,,,,,,,,,,,,,,,,,,,,,,,,,,,,,,,,,,,,,,,,,,,,,,,,,,,,,,,,,,,,,,,,,,,,,,,,,,,,,,,,,,,,,,,,,,,,
18,128,129,130,131,132,133,134,135,136,137,138,139,140,141,142,143,144,145,146,147,148,149,150,151,152,153,154,155,156,157,158,159,160,161,162,163,164,165,166,167,168,169,170,171,172,173,174,175,176,177,178,179,180,181,182,183,184,185,186,187,188,189,190,191,,,,,,,,,,,,,,,,,,,,,,,,,,,,,,,,,,,,,,,,,,,,,,,,,,,,,,,,,,,,,,,,,,,,,,,,,,,,,,,,,,,,,,,,,,,,,,,,,,,,,,,,,,,,,,,,,,,,,,,,,,,,,,,,,,,,,,,,,,,,,,,,,,,,,,,,,,,,,,,,,,,,,,,,,,,,,,,,,,,,,,,,,,,,,,,,
19,192,193,194,195,196,197,198,199,200,201,202,203,204,205,206,207,208,209,210,211,212,213,214,215,216,217,218,219,220,221,222,223,224,225,226,227,228,229,230,231,232,233,234,235,236,237,238,239,240,241,242,243,244,245,246,247,248,249,250,251,252,253,254,255,,,,,,,,,,,,,,,,,,,,,,,,,,,,,,,,,,,,,,,,,,,,,,,,,,,,,,,,,,,,,,,,,,,,,,,,,,,,,,,,,,,,,,,,,,,,,,,,,,,,,,,,,,,,,,,,,,,,,,,,,,,,,,,,,,,,,,,,,,,,,,,,,,,,,,,,,,,,,,,,,,,,,,,,,,,,,,,,,,,,,,,,,,,,,,,,
20,0,1,2,3,4,5,6,7,8,9,10,11,12,13,14,15,16,17,18,19,20,21,22,23,24,25,26,27,28,29,30,31,32,33,34,35,36,37,38,39,40,41,42,43,44,45,46,47,48,49,50,51,52,53,54,55,56,57,58,59,60,61,62,63,,,,,,,,,,,,,,,,,,,,,,,,,,,,,,,,,,,,,,,,,,,,,,,,,,,,,,,,,,,,,,,,,,,,,,,,,,,,,,,,,,,,,,,,,,,,,,,,,,,,,,,,,,,,,,,,,,,,,,,,,,,,,,,,,,,,,,,,,,,,,,,,,,,,,,,,,,,,,,,,,,,,,,,,,,,,,,,,,,,,,,,,,,,,,,,,
21,64,65,66,67,68,69,70,71,72,73,74,75,76,77,78,79,80,81,82,83,84,85,86,87,88,89,90,91,92,93,94,95,96,97,98,99,100,101,102,103,104,105,106,107,108,109,110,111,112,113,114,115,116,117,118,119,120,121,122,123,124,125,126,127,,,,,,,,,,,,,,,,,,,,,,,,,,,,,,,,,,,,,,,,,,,,,,,,,,,,,,,,,,,,,,,,,,,,,,,,,,,,,,,,,,,,,,,,,,,,,,,,,,,,,,,,,,,,,,,,,,,,,,,,,,,,,,,,,,,,,,,,,,,,,,,,,,,,,,,,,,,,,,,,,,,,,,,,,,,,,,,,,,,,,,,,,,,,,,,,
22,128,129,130,131,132,133,134,135,136,137,138,139,140,141,142,143,144,145,146,147,148,149,150,151,152,153,154,155,156,157,158,159,160,161,162,163,164,165,166,167,168,169,170,171,172,173,174,175,176,177,178,179,180,181,182,183,184,185,186,187,188,189,190,191,,,,,,,,,,,,,,,,,,,,,,,,,,,,,,,,,,,,,,,,,,,,,,,,,,,,,,,,,,,,,,,,,,,,,,,,,,,,,,,,,,,,,,,,,,,,,,,,,,,,,,,,,,,,,,,,,,,,,,,,,,,,,,,,,,,,,,,,,,,,,,,,,,,,,,,,,,,,,,,,,,,,,,,,,,,,,,,,,,,,,,,,,,,,,,,,
23,192,193,194,195,196,197,198,199,200,201,202,203,204,205,206,207,208,209,210,211,212,213,214,215,216,217,218,219,220,221,222,223,224,225,226,227,228,229,230,231,232,233,234,235,236,237,238,239,240,241,242,243,244,245,246,247,248,249,250,251,252,253,254,255,,,,,,,,,,,,,,,,,,,,,,,,,,,,,,,,,,,,,,,,,,,,,,,,,,,,,,,,,,,,,,,,,,,,,,,,,,,,,,,,,,,,,,,,,,,,,,,,,,,,,,,,,,,,,,,,,,,,,,,,,,,,,,,,,,,,,,,,,,,,,,,,,,,,,,,,,,,,,,,,,,,,,,,,,,,,,,,,,,,,,,,,,,,,,,,,
24,0,1,2,3,4,5,6,7,8,9,10,11,12,13,14,15,16,17,18,19,20,21,22,23,24,25,26,27,28,29,30,31,32,33,34,35,36,37,38,39,40,41,42,43,44,45,46,47,48,49,50,51,52,53,54,55,56,57,58,59,60,61,62,63,,,,,,,,,,,,,,,,,,,,,,,,,,,,,,,,,,,,,,,,,,,,,,,,,,,,,,,,,,,,,,,,,,,,,,,,,,,,,,,,,,,,,,,,,,,,,,,,,,,,,,,,,,,,,,,,,,,,,,,,,,,,,,,,,,,,,,,,,,,,,,,,,,,,,,,,,,,,,,,,,,,,,,,,,,,,,,,,,,,,,,,,,,,,,,,,
25,64,65,66,67,68,69,70,71,72,73,74,75,76,77,78,79,80,81,82,83,84,85,86,87,88,89,90,91,92,93,94,95,96,97,98,99,100,101,102,103,104,105,106,107,108,109,110,111,112,113,114,115,116,117,118,119,120,121,122,123,124,125,126,127,,,,,,,,,,,,,,,,,,,,,,,,,,,,,,,,,,,,,,,,,,,,,,,,,,,,,,,,,,,,,,,,,,,,,,,,,,,,,,,,,,,,,,,,,,,,,,,,,,,,,,,,,,,,,,,,,,,,,,,,,,,,,,,,,,,,,,,,,,,,,,,,,,,,,,,,,,,,,,,,,,,,,,,,,,,,,,,,,,,,,,,,,,,,,,,,
26,128,129,130,131,132,133,134,135,136,137,138,139,140,141,142,143,144,145,146,147,148,149,150,151,152,153,154,155,156,157,158,159,160,161,162,163,164,165,166,167,168,169,170,171,172,173,174,175,176,177,178,179,180,181,182,183,184,185,186,187,188,189,190,191,,,,,,,,,,,,,,,,,,,,,,,,,,,,,,,,,,,,,,,,,,,,,,,,,,,,,,,,,,,,,,,,,,,,,,,,,,,,,,,,,,,,,,,,,,,,,,,,,,,,,,,,,,,,,,,,,,,,,,,,,,,,,,,,,,,,,,,,,,,,,,,,,,,,,,,,,,,,,,,,,,,,,,,,,,,,,,,,,,,,,,,,,,,,,,,,
27,192,193,194,195,196,197,198,199,200,201,202,203,204,205,206,207,208,209,210,211,212,213,214,215,216,217,218,219,220,221,222,223,224,225,226,227,228,229,230,231,232,233,234,235,236,237,238,239,240,241,242,243,244,245,246,247,248,249,250,251,252,253,254,255,,,,,,,,,,,,,,,,,,,,,,,,,,,,,,,,,,,,,,,,,,,,,,,,,,,,,,,,,,,,,,,,,,,,,,,,,,,,,,,,,,,,,,,,,,,,,,,,,,,,,,,,,,,,,,,,,,,,,,,,,,,,,,,,,,,,,,,,,,,,,,,,,,,,,,,,,,,,,,,,,,,,,,,,,,,,,,,,,,,,,,,,,,,,,,,,
28,0,1,2,3,4,5,6,7,8,9,10,11,12,13,14,15,16,17,18,19,20,21,22,23,24,25,26,27,28,29,30,31,32,33,34,35,36,37,38,39,40,41,42,43,44,45,46,47,48,49,50,51,52,53,54,55,56,57,58,59,60,61,62,63,,,,,,,,,,,,,,,,,,,,,,,,,,,,,,,,,,,,,,,,,,,,,,,,,,,,,,,,,,,,,,,,,,,,,,,,,,,,,,,,,,,,,,,,,,,,,,,,,,,,,,,,,,,,,,,,,,,,,,,,,,,,,,,,,,,,,,,,,,,,,,,,,,,,,,,,,,,,,,,,,,,,,,,,,,,,,,,,,,,,,,,,,,,,,,,,
29,64,65,66,67,68,69,70,71,72,73,74,75,76,77,78,79,80,81,82,83,84,85,86,87,88,89,90,91,92,93,94,95,96,97,98,99,100,101,102,103,104,105,106,107,108,109,110,111,112,113,114,115,116,117,118,119,120,121,122,123,124,125,126,127,,,,,,,,,,,,,,,,,,,,,,,,,,,,,,,,,,,,,,,,,,,,,,,,,,,,,,,,,,,,,,,,,,,,,,,,,,,,,,,,,,,,,,,,,,,,,,,,,,,,,,,,,,,,,,,,,,,,,,,,,,,,,,,,,,,,,,,,,,,,,,,,,,,,,,,,,,,,,,,,,,,,,,,,,,,,,,,,,,,,,,,,,,,,,,,,
30,128,129,130,131,132,133,134,135,136,137,138,139,140,141,142,143,144,145,146,147,148,149,150,151,152,153,154,155,156,157,158,159,160,161,162,163,164,165,166,167,168,169,170,171,172,173,174,175,176,177,178,179,180,181,182,183,184,185,186,187,188,189,190,191,,,,,,,,,,,,,,,,,,,,,,,,,,,,,,,,,,,,,,,,,,,,,,,,,,,,,,,,,,,,,,,,,,,,,,,,,,,,,,,,,,,,,,,,,,,,,,,,,,,,,,,,,,,,,,,,,,,,,,,,,,,,,,,,,,,,,,,,,,,,,,,,,,,,,,,,,,,,,,,,,,,,,,,,,,,,,,,,,,,,,,,,,,,,,,,,
31,192,193,194,195,196,197,198,199,200,201,202,203,204,205,206,207,208,209,210,211,212,213,214,215,216,217,218,219,220,221,222,223,224,225,226,227,228,229,230,231,232,233,234,235,236,237,238,239,240,241,242,243,244,245,246,247,248,249,250,251,252,253,254,255,,,,,,,,,,,,,,,,,,,,,,,,,,,,,,,,,,,,,,,,,,,,,,,,,,,,,,,,,,,,,,,,,,,,,,,,,,,,,,,,,,,,,,,,,,,,,,,,,,,,,,,,,,,,,,,,,,,,,,,,,,,,,,,,,,,,,,,,,,,,,,,,,,,,,,,,,,,,,,,,,,,,,,,,,,,,,,,,,,,,,,,,,,,,,,,,
32,0,1,2,3,4,5,6,7,8,9,10,11,12,13,14,15,16,17,18,19,20,21,22,23,24,25,26,27,28,29,30,31,32,33,34,35,36,37,38,39,40,41,42,43,44,45,46,47,48,49,50,51,52,53,54,55,56,57,58,59,60,61,62,63,,,,,,,,,,,,,,,,,,,,,,,,,,,,,,,,,,,,,,,,,,,,,,,,,,,,,,,,,,,,,,,,,,,,,,,,,,,,,,,,,,,,,,,,,,,,,,,,,,,,,,,,,,,,,,,,,,,,,,,,,,,,,,,,,,,,,,,,,,,,,,,,,,,,,,,,,,,,,,,,,,,,,,,,,,,,,,,,,,,,,,,,,,,,,,,,
33,64,65,66,67,68,69,70,71,72,73,74,75,76,77,78,79,80,81,82,83,84,85,86,87,88,89,90,91,92,93,94,95,96,97,98,99,100,101,102,103,104,105,106,107,108,109,110,111,112,113,114,115,116,117,118,119,120,121,122,123,124,125,126,127,,,,,,,,,,,,,,,,,,,,,,,,,,,,,,,,,,,,,,,,,,,,,,,,,,,,,,,,,,,,,,,,,,,,,,,,,,,,,,,,,,,,,,,,,,,,,,,,,,,,,,,,,,,,,,,,,,,,,,,,,,,,,,,,,,,,,,,,,,,,,,,,,,,,,,,,,,,,,,,,,,,,,,,,,,,,,,,,,,,,,,,,,,,,,,,,
34,128,129,130,131,132,133,134,135,136,137,138,139,140,141,142,143,144,145,146,147,148,149,150,151,152,153,154,155,156,157,158,159,160,161,162,163,164,165,166,167,168,169,170,171,172,173,174,175,176,177,178,179,180,181,182,183,184,185,186,187,188,189,190,191,,,,,,,,,,,,,,,,,,,,,,,,,,,,,,,,,,,,,,,,,,,,,,,,,,,,,,,,,,,,,,,,,,,,,,,,,,,,,,,,,,,,,,,,,,,,,,,,,,,,,,,,,,,,,,,,,,,,,,,,,,,,,,,,,,,,,,,,,,,,,,,,,,,,,,,,,,,,,,,,,,,,,,,,,,,,,,,,,,,,,,,,,,,,,,,,
35,192,193,194,195,196,197,198,199,200,201,202,203,204,205,206,207,208,209,210,211,212,213,214,215,216,217,218,219,220,221,222,223,224,225,226,227,228,229,230,231,232,233,234,235,236,237,238,239,240,241,242,243,244,245,246,247,248,249,250,251,252,253,254,255,,,,,,,,,,,,,,,,,,,,,,,,,,,,,,,,,,,,,,,,,,,,,,,,,,,,,,,,,,,,,,,,,,,,,,,,,,,,,,,,,,,,,,,,,,,,,,,,,,,,,,,,,,,,,,,,,,,,,,,,,,,,,,,,,,,,,,,,,,,,,,,,,,,,,,,,,,,,,,,,,,,,,,,,,,,,,,,,,,,,,,,,,,,,,,,,
36,0,1,2,3,4,5,6,7,8,9,10,11,12,13,14,15,16,17,18,19,20,21,22,23,24,25,26,27,28,29,30,31,32,33,34,35,36,37,38,39,40,41,42,43,44,45,46,47,48,49,50,51,52,53,54,55,56,57,58,59,60,61,62,63,,,,,,,,,,,,,,,,,,,,,,,,,,,,,,,,,,,,,,,,,,,,,,,,,,,,,,,,,,,,,,,,,,,,,,,,,,,,,,,,,,,,,,,,,,,,,,,,,,,,,,,,,,,,,,,,,,,,,,,,,,,,,,,,,,,,,,,,,,,,,,,,,,,,,,,,,,,,,,,,,,,,,,,,,,,,,,,,,,,,,,,,,,,,,,,,
37,64,65,66,67,68,69,70,71,72,73,74,75,76,77,78,79,80,81,82,83,84,85,86,87,88,89,90,91,92,93,94,95,96,97,98,99,100,101,102,103,104,105,106,107,108,109,110,111,112,113,114,115,116,117,118,119,120,121,122,123,124,125,126,127,,,,,,,,,,,,,,,,,,,,,,,,,,,,,,,,,,,,,,,,,,,,,,,,,,,,,,,,,,,,,,,,,,,,,,,,,,,,,,,,,,,,,,,,,,,,,,,,,,,,,,,,,,,,,,,,,,,,,,,,,,,,,,,,,,,,,,,,,,,,,,,,,,,,,,,,,,,,,,,,,,,,,,,,,,,,,,,,,,,,,,,,,,,,,,,,
38,128,129,130,131,132,133,134,135,136,137,138,139,140,141,142,143,144,145,146,147,148,149,150,151,152,153,154,155,156,157,158,159,160,161,162,163,164,165,166,167,168,169,170,171,172,173,174,175,176,177,178,179,180,181,182,183,184,185,186,187,188,189,190,191,,,,,,,,,,,,,,,,,,,,,,,,,,,,,,,,,,,,,,,,,,,,,,,,,,,,,,,,,,,,,,,,,,,,,,,,,,,,,,,,,,,,,,,,,,,,,,,,,,,,,,,,,,,,,,,,,,,,,,,,,,,,,,,,,,,,,,,,,,,,,,,,,,,,,,,,,,,,,,,,,,,,,,,,,,,,,,,,,,,,,,,,,,,,,,,,
39,192,193,194,195,196,197,198,199,200,201,202,203,204,205,206,207,208,209,210,211,212,213,214,215,216,217,218,219,220,221,222,223,224,225,226,227,228,229,230,231,232,233,234,235,236,237,238,239,240,241,242,243,244,245,246,247,248,249,250,251,252,253,254,255,,,,,,,,,,,,,,,,,,,,,,,,,,,,,,,,,,,,,,,,,,,,,,,,,,,,,,,,,,,,,,,,,,,,,,,,,,,,,,,,,,,,,,,,,,,,,,,,,,,,,,,,,,,,,,,,,,,,,,,,,,,,,,,,,,,,,,,,,,,,,,,,,,,,,,,,,,,,,,,,,,,,,,,,,,,,,,,,,,,,,,,,,,,,,,,,
40,0,1,2,3,4,5,6,7,8,9,10,11,12,13,14,15,16,17,18,19,20,21,22,23,24,25,26,27,28,29,30,31,32,33,34,35,36,37,38,39,40,41,42,43,44,45,46,47,48,49,50,51,52,53,54,55,56,57,58,59,60,61,62,63,,,,,,,,,,,,,,,,,,,,,,,,,,,,,,,,,,,,,,,,,,,,,,,,,,,,,,,,,,,,,,,,,,,,,,,,,,,,,,,,,,,,,,,,,,,,,,,,,,,,,,,,,,,,,,,,,,,,,,,,,,,,,,,,,,,,,,,,,,,,,,,,,,,,,,,,,,,,,,,,,,,,,,,,,,,,,,,,,,,,,,,,,,,,,,,,
41,64,65,66,67,68,69,70,71,72,73,74,75,76,77,78,79,80,81,82,83,84,85,86,87,88,89,90,91,92,93,94,95,96,97,98,99,100,101,102,103,104,105,106,107,108,109,110,111,112,113,114,115,116,117,118,119,120,121,122,123,124,125,126,127,,,,,,,,,,,,,,,,,,,,,,,,,,,,,,,,,,,,,,,,,,,,,,,,,,,,,,,,,,,,,,,,,,,,,,,,,,,,,,,,,,,,,,,,,,,,,,,,,,,,,,,,,,,,,,,,,,,,,,,,,,,,,,,,,,,,,,,,,,,,,,,,,,,,,,,,,,,,,,,,,,,,,,,,,,,,,,,,,,,,,,,,,,,,,,,,
42,128,129,130,131,132,133,134,135,136,137,138,139,140,141,142,143,144,145,146,147,148,149,150,151,152,153,154,155,156,157,158,159,160,161,162,163,164,165,166,167,168,169,170,171,172,173,174,175,176,177,178,179,180,181,182,183,184,185,186,187,188,189,190,191,,,,,,,,,,,,,,,,,,,,,,,,,,,,,,,,,,,,,,,,,,,,,,,,,,,,,,,,,,,,,,,,,,,,,,,,,,,,,,,,,,,,,,,,,,,,,,,,,,,,,,,,,,,,,,,,,,,,,,,,,,,,,,,,,,,,,,,,,,,,,,,,,,,,,,,,,,,,,,,,,,,,,,,,,,,,,,,,,,,,,,,,,,,,,,,,
43,192,193,194,195,196,197,198,199,200,201,202,203,204,205,206,207,208,209,210,211,212,213,214,215,216,217,218,219,220,221,222,223,224,225,226,227,228,229,230,231,232,233,234,235,236,237,238,239,240,241,242,243,244,245,246,247,248,249,250,251,252,253,254,255,,,,,,,,,,,,,,,,,,,,,,,,,,,,,,,,,,,,,,,,,,,,,,,,,,,,,,,,,,,,,,,,,,,,,,,,,,,,,,,,,,,,,,,,,,,,,,,,,,,,,,,,,,,,,,,,,,,,,,,,,,,,,,,,,,,,,,,,,,,,,,,,,,,,,,,,,,,,,,,,,,,,,,,,,,,,,,,,,,,,,,,,,,,,,,,,
44,0,1,2,3,4,5,6,7,8,9,10,11,12,13,14,15,16,17,18,19,20,21,22,23,24,25,26,27,28,29,30,31,32,33,34,35,36,37,38,39,40,41,42,43,44,45,46,47,48,49,50,51,52,53,54,55,56,57,58,59,60,61,62,63,,,,,,,,,,,,,,,,,,,,,,,,,,,,,,,,,,,,,,,,,,,,,,,,,,,,,,,,,,,,,,,,,,,,,,,,,,,,,,,,,,,,,,,,,,,,,,,,,,,,,,,,,,,,,,,,,,,,,,,,,,,,,,,,,,,,,,,,,,,,,,,,,,,,,,,,,,,,,,,,,,,,,,,,,,,,,,,,,,,,,,,,,,,,,,,,
45,64,65,66,67,68,69,70,71,72,73,74,75,76,77,78,79,80,81,82,83,84,85,86,87,88,89,90,91,92,93,94,95,96,97,98,99,100,101,102,103,104,105,106,107,108,109,110,111,112,113,114,115,116,117,118,119,120,121,122,123,124,125,126,127,,,,,,,,,,,,,,,,,,,,,,,,,,,,,,,,,,,,,,,,,,,,,,,,,,,,,,,,,,,,,,,,,,,,,,,,,,,,,,,,,,,,,,,,,,,,,,,,,,,,,,,,,,,,,,,,,,,,,,,,,,,,,,,,,,,,,,,,,,,,,,,,,,,,,,,,,,,,,,,,,,,,,,,,,,,,,,,,,,,,,,,,,,,,,,,,
46,128,129,130,131,132,133,134,135,136,137,138,139,140,141,142,143,144,145,146,147,148,149,150,151,152,153,154,155,156,157,158,159,160,161,162,163,164,165,166,167,168,169,170,171,172,173,174,175,176,177,178,179,180,181,182,183,184,185,186,187,188,189,190,191,,,,,,,,,,,,,,,,,,,,,,,,,,,,,,,,,,,,,,,,,,,,,,,,,,,,,,,,,,,,,,,,,,,,,,,,,,,,,,,,,,,,,,,,,,,,,,,,,,,,,,,,,,,,,,,,,,,,,,,,,,,,,,,,,,,,,,,,,,,,,,,,,,,,,,,,,,,,,,,,,,,,,,,,,,,,,,,,,,,,,,,,,,,,,,,,
47,192,193,194,195,196,197,198,199,200,201,202,203,204,205,206,207,208,209,210,211,212,213,214,215,216,217,218,219,220,221,222,223,224,225,226,227,228,229,230,231,232,233,234,235,236,237,238,239,240,241,242,243,244,245,246,247,248,249,250,251,252,253,254,255,,,,,,,,,,,,,,,,,,,,,,,,,,,,,,,,,,,,,,,,,,,,,,,,,,,,,,,,,,,,,,,,,,,,,,,,,,,,,,,,,,,,,,,,,,,,,,,,,,,,,,,,,,,,,,,,,,,,,,,,,,,,,,,,,,,,,,,,,,,,,,,,,,,,,,,,,,,,,,,,,,,,,,,,,,,,,,,,,,,,,,,,,,,,,,,,
48,0,1,2,3,4,5,6,7,8,9,10,11,12,13,14,15,16,17,18,19,20,21,22,23,24,25,26,27,28,29,30,31,32,33,34,35,36,37,38,39,40,41,42,43,44,45,46,47,48,49,50,51,52,53,54,55,56,57,58,59,60,61,62,63,,,,,,,,,,,,,,,,,,,,,,,,,,,,,,,,,,,,,,,,,,,,,,,,,,,,,,,,,,,,,,,,,,,,,,,,,,,,,,,,,,,,,,,,,,,,,,,,,,,,,,,,,,,,,,,,,,,,,,,,,,,,,,,,,,,,,,,,,,,,,,,,,,,,,,,,,,,,,,,,,,,,,,,,,,,,,,,,,,,,,,,,,,,,,,,,
49,64,65,66,67,68,69,70,71,72,73,74,75,76,77,78,79,80,81,82,83,84,85,86,87,88,89,90,91,92,93,94,95,96,97,98,99,100,101,102,103,104,105,106,107,108,109,110,111,112,113,114,115,116,117,118,119,120,121,122,123,124,125,126,127,,,,,,,,,,,,,,,,,,,,,,,,,,,,,,,,,,,,,,,,,,,,,,,,,,,,,,,,,,,,,,,,,,,,,,,,,,,,,,,,,,,,,,,,,,,,,,,,,,,,,,,,,,,,,,,,,,,,,,,,,,,,,,,,,,,,,,,,,,,,,,,,,,,,,,,,,,,,,,,,,,,,,,,,,,,,,,,,,,,,,,,,,,,,,,,,
50,128,129,130,131,132,133,134,135,136,137,138,139,140,141,142,143,144,145,146,147,148,149,150,151,152,153,154,155,156,157,158,159,160,161,162,163,164,165,166,167,168,169,170,171,172,173,174,175,176,177,178,179,180,181,182,183,184,185,186,187,188,189,190,191,,,,,,,,,,,,,,,,,,,,,,,,,,,,,,,,,,,,,,,,,,,,,,,,,,,,,,,,,,,,,,,,,,,,,,,,,,,,,,,,,,,,,,,,,,,,,,,,,,,,,,,,,,,,,,,,,,,,,,,,,,,,,,,,,,,,,,,,,,,,,,,,,,,,,,,,,,,,,,,,,,,,,,,,,,,,,,,,,,,,,,,,,,,,,,,,
51,192,193,194,195,196,197,198,199,200,201,202,203,204,205,206,207,208,209,210,211,212,213,214,215,216,217,218,219,220,221,222,223,224,225,226,227,228,229,230,231,232,233,234,235,236,237,238,239,240,241,242,243,244,245,246,247,248,249,250,251,252,253,254,255,,,,,,,,,,,,,,,,,,,,,,,,,,,,,,,,,,,,,,,,,,,,,,,,,,,,,,,,,,,,,,,,,,,,,,,,,,,,,,,,,,,,,,,,,,,,,,,,,,,,,,,,,,,,,,,,,,,,,,,,,,,,,,,,,,,,,,,,,,,,,,,,,,,,,,,,,,,,,,,,,,,,,,,,,,,,,,,,,,,,,,,,,,,,,,,,
52,0,1,2,3,4,5,6,7,8,9,10,11,12,13,14,15,16,17,18,19,20,21,22,23,24,25,26,27,28,29,30,31,32,33,34,35,36,37,38,39,40,41,42,43,44,45,46,47,48,49,50,51,52,53,54,55,56,57,58,59,60,61,62,63,,,,,,,,,,,,,,,,,,,,,,,,,,,,,,,,,,,,,,,,,,,,,,,,,,,,,,,,,,,,,,,,,,,,,,,,,,,,,,,,,,,,,,,,,,,,,,,,,,,,,,,,,,,,,,,,,,,,,,,,,,,,,,,,,,,,,,,,,,,,,,,,,,,,,,,,,,,,,,,,,,,,,,,,,,,,,,,,,,,,,,,,,,,,,,,,
53,64,65,66,67,68,69,70,71,72,73,74,75,76,77,78,79,80,81,82,83,84,85,86,87,88,89,90,91,92,93,94,95,96,97,98,99,100,101,102,103,104,105,106,107,108,109,110,111,112,113,114,115,116,117,118,119,120,121,122,123,124,125,126,127,,,,,,,,,,,,,,,,,,,,,,,,,,,,,,,,,,,,,,,,,,,,,,,,,,,,,,,,,,,,,,,,,,,,,,,,,,,,,,,,,,,,,,,,,,,,,,,,,,,,,,,,,,,,,,,,,,,,,,,,,,,,,,,,,,,,,,,,,,,,,,,,,,,,,,,,,,,,,,,,,,,,,,,,,,,,,,,,,,,,,,,,,,,,,,,,
54,128,129,130,131,132,133,134,135,136,137,138,139,140,141,142,143,144,145,146,147,148,149,150,151,152,153,154,155,156,157,158,159,160,161,162,163,164,165,166,167,168,169,170,171,172,173,174,175,176,177,178,179,180,181,182,183,184,185,186,187,188,189,190,191,,,,,,,,,,,,,,,,,,,,,,,,,,,,,,,,,,,,,,,,,,,,,,,,,,,,,,,,,,,,,,,,,,,,,,,,,,,,,,,,,,,,,,,,,,,,,,,,,,,,,,,,,,,,,,,,,,,,,,,,,,,,,,,,,,,,,,,,,,,,,,,,,,,,,,,,,,,,,,,,,,,,,,,,,,,,,,,,,,,,,,,,,,,,,,,,
55,192,193,194,195,196,197,198,199,200,201,202,203,204,205,206,207,208,209,210,211,212,213,214,215,216,217,218,219,220,221,222,223,224,225,226,227,228,229,230,231,232,233,234,235,236,237,238,239,240,241,242,243,244,245,246,247,248,249,250,251,252,253,254,255,,,,,,,,,,,,,,,,,,,,,,,,,,,,,,,,,,,,,,,,,,,,,,,,,,,,,,,,,,,,,,,,,,,,,,,,,,,,,,,,,,,,,,,,,,,,,,,,,,,,,,,,,,,,,,,,,,,,,,,,,,,,,,,,,,,,,,,,,,,,,,,,,,,,,,,,,,,,,,,,,,,,,,,,,,,,,,,,,,,,,,,,,,,,,,,,
56,0,1,2,3,4,5,6,7,8,9,10,11,12,13,14,15,16,17,18,19,20,21,22,23,24,25,26,27,28,29,30,31,32,33,34,35,36,37,38,39,40,41,42,43,44,45,46,47,48,49,50,51,52,53,54,55,56,57,58,59,60,61,62,63,,,,,,,,,,,,,,,,,,,,,,,,,,,,,,,,,,,,,,,,,,,,,,,,,,,,,,,,,,,,,,,,,,,,,,,,,,,,,,,,,,,,,,,,,,,,,,,,,,,,,,,,,,,,,,,,,,,,,,,,,,,,,,,,,,,,,,,,,,,,,,,,,,,,,,,,,,,,,,,,,,,,,,,,,,,,,,,,,,,,,,,,,,,,,,,,
57,64,65,66,67,68,69,70,71,72,73,74,75,76,77,78,79,80,81,82,83,84,85,86,87,88,89,90,91,92,93,94,95,96,97,98,99,100,101,102,103,104,105,106,107,108,109,110,111,112,113,114,115,116,117,118,119,120,121,122,123,124,125,126,127,,,,,,,,,,,,,,,,,,,,,,,,,,,,,,,,,,,,,,,,,,,,,,,,,,,,,,,,,,,,,,,,,,,,,,,,,,,,,,,,,,,,,,,,,,,,,,,,,,,,,,,,,,,,,,,,,,,,,,,,,,,,,,,,,,,,,,,,,,,,,,,,,,,,,,,,,,,,,,,,,,,,,,,,,,,,,,,,,,,,,,,,,,,,,,,,
58,128,129,130,131,132,133,134,135,136,137,138,139,140,141,142,143,144,145,146,147,148,149,150,151,152,153,154,155,156,157,158,159,160,161,162,163,164,165,166,167,168,169,170,171,172,173,174,175,176,177,178,179,180,181,182,183,184,185,186,187,188,189,190,191,,,,,,,,,,,,,,,,,,,,,,,,,,,,,,,,,,,,,,,,,,,,,,,,,,,,,,,,,,,,,,,,,,,,,,,,,,,,,,,,,,,,,,,,,,,,,,,,,,,,,,,,,,,,,,,,,,,,,,,,,,,,,,,,,,,,,,,,,,,,,,,,,,,,,,,,,,,,,,,,,,,,,,,,,,,,,,,,,,,,,,,,,,,,,,,,
59,192,193,194,195,196,197,198,199,200,201,202,203,204,205,206,207,208,209,210,211,212,213,214,215,216,217,218,219,220,221,222,223,224,225,226,227,228,229,230,231,232,233,234,235,236,237,238,239,240,241,242,243,244,245,246,247,248,249,250,251,252,253,254,255,,,,,,,,,,,,,,,,,,,,,,,,,,,,,,,,,,,,,,,,,,,,,,,,,,,,,,,,,,,,,,,,,,,,,,,,,,,,,,,,,,,,,,,,,,,,,,,,,,,,,,,,,,,,,,,,,,,,,,,,,,,,,,,,,,,,,,,,,,,,,,,,,,,,,,,,,,,,,,,,,,,,,,,,,,,,,,,,,,,,,,,,,,,,,,,,
60,0,1,2,3,4,5,6,7,8,9,10,11,12,13,14,15,16,17,18,19,20,21,22,23,24,25,26,27,28,29,30,31,32,33,34,35,36,37,38,39,40,41,42,43,44,45,46,47,48,49,50,51,52,53,54,55,56,57,58,59,60,61,62,63,,,,,,,,,,,,,,,,,,,,,,,,,,,,,,,,,,,,,,,,,,,,,,,,,,,,,,,,,,,,,,,,,,,,,,,,,,,,,,,,,,,,,,,,,,,,,,,,,,,,,,,,,,,,,,,,,,,,,,,,,,,,,,,,,,,,,,,,,,,,,,,,,,,,,,,,,,,,,,,,,,,,,,,,,,,,,,,,,,,,,,,,,,,,,,,,
61,64,65,66,67,68,69,70,71,72,73,74,75,76,77,78,79,80,81,82,83,84,85,86,87,88,89,90,91,92,93,94,95,96,97,98,99,100,101,102,103,104,105,106,107,108,109,110,111,112,113,114,115,116,117,118,119,120,121,122,123,124,125,126,127,,,,,,,,,,,,,,,,,,,,,,,,,,,,,,,,,,,,,,,,,,,,,,,,,,,,,,,,,,,,,,,,,,,,,,,,,,,,,,,,,,,,,,,,,,,,,,,,,,,,,,,,,,,,,,,,,,,,,,,,,,,,,,,,,,,,,,,,,,,,,,,,,,,,,,,,,,,,,,,,,,,,,,,,,,,,,,,,,,,,,,,,,,,,,,,,
62,128,129,130,131,132,133,134,135,136,137,138,139,140,141,142,143,144,145,146,147,148,149,150,151,152,153,154,155,156,157,158,159,160,161,162,163,164,165,166,167,168,169,170,171,172,173,174,175,176,177,178,179,180,181,182,183,184,185,186,187,188,189,190,191,,,,,,,,,,,,,,,,,,,,,,,,,,,,,,,,,,,,,,,,,,,,,,,,,,,,,,,,,,,,,,,,,,,,,,,,,,,,,,,,,,,,,,,,,,,,,,,,,,,,,,,,,,,,,,,,,,,,,,,,,,,,,,,,,,,,,,,,,,,,,,,,,,,,,,,,,,,,,,,,,,,,,,,,,,,,,,,,,,,,,,,,,,,,,,,,
63,192,193,194,195,196,197,198,199,200,201,202,203,204,205,206,207,208,209,210,211,212,213,214,215,216,217,218,219,220,221,222,223,224,225,226,227,228,229,230,231,232,233,234,235,236,237,238,239,240,241,242,243,244,245,246,247,248,249,250,251,252,253,254,255,,,,,,,,,,,,,,,,,,,,,,,,,,,,,,,,,,,,,,,,,,,,,,,,,,,,,,,,,,,,,,,,,,,,,,,,,,,,,,,,,,,,,,,,,,,,,,,,,,,,,,,,,,,,,,,,,,,,,,,,,,,,,,,,,,,,,,,,,,,,,,,,,,,,,,,,,,,,,,,,,,,,,,,,,,,,,,,,,,,,,,,,,,,,,,,,
,,,,,,,,,,,,,,,,,,,,,,,,,,,,,,,,,,,,,,,,,,,,,,,,,,,,,,,,,,,,,,,,,,,,,,,,,,,,,,,,,,,,,,,,,,,,,,,,,,,,,,,,,,,,,,,,,,,,,,,,,,,,,,,,,,,,,,,,,,,,,,,,,,,,,,,,,,,,,,,,,,,,,,,,,,,,,,,,,,,,,,,,,,,,,,,,,,,,,,,,,,,,,,,,,,,,,,,,,,,,,,,,,,,,,,,,,,,,,,,,,,,,,,,,,,,,,,,,
value,0,1,2,3,4,5,6,7,8,9,10,11,12,13,14,15,16,17,18,19,20,21,22,23,24,25,26,27,28,29,30,31,32,33,34,35,36,37,38,39,40,41,42,43,44,45,46,47,48,49,50,51,52,53,54,55,56,57,58,59,60,61,62,63,64,65,66,67,68,69,70,71,72,73,74,75,76,77,78,79,80,81,82,83,84,85,86,87,88,89,90,91,92,93,94,95,96,97,98,99,100,101,102,103,104,105,106,107,108,109,110,111,112,113,114,115,116,117,118,119,120,121,122,123,124,125,126,127,128,129,130,131,132,133,134,135,136,137,138,139,140,141,142,143,144,145,146,147,148,149,150,151,152,153,154,155,156,157,158,159,160,161,162,163,164,165,166,167,168,169,170,171,172,173,174,175,176,177,178,179,180,181,182,183,184,185,186,187,188,189,190,191,192,193,194,195,196,197,198,199,200,201,202,203,204,205,206,207,208,209,210,211,212,213,214,215,216,217,218,219,220,221,222,223,224,225,226,227,228,229,230,231,232,233,234,235,236,237,238,239,240,241,242,243,244,245,246,247,248,249,250,251,252,253,254,255
count,16,16,16,16,16,16,16,16,16,16,16,16,16,16,16,16,16,16,16,16,16,16,16,16,16,16,16,16,16,16,16,16,16,16,16,16,16,16,16,16,16,16,16,16,16,16,16,16,16,16,16,16,16,16,16,16,16,16,16,16,16,16,16,16,16,16,16,16,16,16,16,16,16,16,16,16,16,16,16,16,16,16,16,16,16,16,16,16,16,16,16,16,16,16,16,16,16,16,16,16,16,16,16,16,16,16,16,16,16,16,16,16,16,16,16,16,16,16,16,16,16,16,16,16,16,16,16,16,16,16,16,16,16,16,16,16,16,16,16,16,16,16,16,16,16,16,16,16,16,16,16,16,16,16,16,16,16,16,16,16,16,16,16,16,16,16,16,16,16,16,16,16,16,16,16,16,16,16,16,16,16,16,16,16,16,16,16,16,16,16,16,16,16,16,16,16,16,16,16,16,16,16,16,16,16,16,16,16,16,16,16,16,16,16,16,16,16,16,16,16,16,16,16,16,16,16,16,16,16,16,16,16,16,16,16,16,16,16,16,16,16,16,16,16,16,16,16,16,16,16,16,16,16,16,16,16
,,,,,,,,,,,,,,,,,,,,,,,,,,,,,,,,,,,,,,,,,,,,,,,,,,,,,,,,,,,,,,,,,,,,,,,,,,,,,,,,,,,,,,,,,,,,,,,,,,,,,,,,,,,,,,,,,,,,,,,,,,,,,,,,,,,,,,,,,,,,,,,,,,,,,,,,,,,,,,,,,,,,,,,,,,,,,,,,,,,,,,,,,,,,,,,,,,,,,,,,,,,,,,,,,,,,,,,,,,,,,,,,,,,,,,,,,,,,,,,,,,,,,,,,,,,,,,,,
1,,,,,,,,,,,,,,,,,,,,,,,,,,,,,,,,,,,,,,,,,,,,,,,,,,,,,,,,,,,,,,,,,,,,,,,,,,,,,,,,,,,,,,,,,,,,,,,,,,,,,,,,,,,,,,,,,,,,,,,,,,,,,,,,,,,,,,,,,,,,,,,,,,,,,,,,,,,,,,,,,,,,,,,,,,,,,,,,,,,,,,,,,,,,,,,,,,,,,,,,,,,,,,,,,,,,,,,,,,,,,,,,,,,,,,,,,,,,,,,,,,,,,,,,,,,,,,,,
,0,1,2,3,4,5,6,7,8,9,10,11,12,13,14,15,16,17,18,19,20,21,22,23,24,25,26,27,28,29,30,31,32,33,34,35,36,37,38,39,40,41,42,43,44,45,46,47,48,49,50,51,52,53,54,55,56,57,58,59,60,61,62,63,,,,,,,,,,,,,,,,,,,,,,,,,,,,,,,,,,,,,,,,,,,,,,,,,,,,,,,,,,,,,,,,,,,,,,,,,,,,,,,,,,,,,,,,,,,,,,,,,,,,,,,,,,,,,,,,,,,,,,,,,,,,,,,,,,,,,,,,,,,,,,,,,,,,,,,,,,,,,,,,,,,,,,,,,,,,,,,,,,,,,,,,,,,,,,,,
0,45,46,58,56,61,56,58,54,56,55,57,55,60,59,58,58,57,61,66,56,57,55,59,54,60,59,61,61,55,54,61,57,57,57,56,59,58,55,58,61,58,58,55,52,57,58,55,49,55,49,56,53,49,49,51,48,49,50,46,49,40,43,38,36,,,,,,,,,,,,,,,,,,,,,,,,,,,,,,,,,,,,,,,,,,,,,,,,,,,,,,,,,,,,,,,,,,,,,,,,,,,,,,,,,,,,,,,,,,,,,,,,,,,,,,,,,,,,,,,,,,,,,,,,,,,,,,,,,,,,,,,,,,,,,,,,,,,,,,,,,,,,,,,,,,,,,,,,,,,,,,,,,,,,,,,,,,,,,,,,
1,30,32,33,34,38,40,39,32,36,40,40,37,44,44,34,43,42,35,40,40,45,40,44,43,49,47,53,48,51,58,51,57,49,64,62,54,52,49,55,58,56,55,57,58,64,60,67,58,59,58,60,65,60,58,55,63,51,62,61,53,58,52,50,46,,,,,,,,,,,,,,,,,,,,,,,,,,,,,,,,,,,,,,,,,,,,,,,,,,,,,,,,,,,,,,,,,,,,,,,,,,,,,,,,,,,,,,,,,,,,,,,,,,,,,,,,,,,,,,,,,,,,,,,,,,,,,,,,,,,,,,,,,,,,,,,,,,,,,,,,,,,,,,,,,,,,,,,,,,,,,,,,,,,,,,,,,,,,,,,,
2,50,52,54,61,57,57,52,49,59,54,51,56,55,47,49,57,49,46,44,44,46,44,45,45,40,40,40,40,38,40,38,43,38,42,40,40,39,36,38,35,42,38,40,40,37,42,40,46,39,39,36,37,38,43,42,37,42,43,39,40,38,41,38,36,,,,,,,,,,,,,,,,,,,,,,,,,,,,,,,,,,,,,,,,,,,,,,,,,,,,,,,,,,,,,,,,,,,,,,,,,,,,,,,,,,,,,,,,,,,,,,,,,,,,,,,,,,,,,,,,,,,,,,,,,,,,,,,,,,,,,,,,,,,,,,,,,,,,,,,,,,,,,,,,,,,,,,,,,,,,,,,,,,,,,,,,,,,,,,,,
3,43,57,58,57,58,57,64,65,71,62,55,67,64,63,63,67,64,68,68,59,64,65,63,66,61,64,69,65,64,65,62,62,64,62,64,62,67,65,63,66,61,68,69,60,62,62,56,58,58,53,55,54,55,58,44,45,50,42,44,40,43,41,36,30,,,,,,,,,,,,,,,,,,,,,,,,,,,,,,,,,,,,,,,,,,,,,,,,,,,,,,,,,,,,,,,,,,,,,,,,,,,,,,,,,,,,,,,,,,,,,,,,,,,,,,,,,,,,,,,,,,,,,,,,,,,,,,,,,,,,,,,,,,,,,,,,,,,,,,,,,,,,,,,,,,,,,,,,,,,,,,,,,,,,,,,,,,,,,,,,
4,39,36,43,41,41,46,46,50,42,39,46,48,43,47,50,48,51,55,52,54,53,51,58,57,61,59,63,59,61,59,65,58,67,66,73,71,71,71,66,73,66,68,59,74,78,69,68,72,65,66,63,71,73,65,71,64,65,65,65,63,55,65,55,47,,,,,,,,,,,,,,,,,,,,,,,,,,,,,,,,,,,,,,,,,,,,,,,,,,,,,,,,,,,,,,,,,,,,,,,,,,,,,,,,,,,,,,,,,,,,,,,,,,,,,,,,,,,,,,,,,,,,,,,,,,,,,,,,,,,,,,,,,,,,,,,,,,,,,,,,,,,,,,,,,,,,,,,,,,,,,,,,,,,,,,,,,,,,,,,,
5,40,48,50,55,52,53,51,54,56,55,54,52,46,46,45,51,49,49,46,40,40,40,37,37,41,34,43,38,41,37,38,38,36,37,37,37,37,43,39,42,37,38,39,34,36,38,38,36,46,40,43,46,42,45,46,53,52,49,47,45,50,48,41,40,,,,,,,,,,,,,,,,,,,,,,,,,,,,,,,,,,,,,,,,,,,,,,,,,,,,,,,,,,,,,,,,,,,,,,,,,,,,,,,,,,,,,,,,,,,,,,,,,,,,,,,,,,,,,,,,,,,,,,,,,,,,,,,,,,,,,,,,,,,,,,,,,,,,,,,,,,,,,,,,,,,,,,,,,,,,,,,,,,,,,,,,,,,,,,,,
6,53,58,63,61,67,68,72,71,71,66,70,64,68,66,68,68,73,66,67,72,70,66,60,71,64,72,63,75,68,69,67,65,63,70,61,67,65,60,63,67,69,65,61,59,62,54,62,58,52,56,52,58,61,50,52,52,47,45,42,40,38,36,35,34,,,,,,,,,,,,,,,,,,,,,,,,,,,,,,,,,,,,,,,,,,,,,,,,,,,,,,,,,,,,,,,,,,,,,,,,,,,,,,,,,,,,,,,,,,,,,,,,,,,,,,,,,,,,,,,,,,,,,,,,,,,,,,,,,,,,,,,,,,,,,,,,,,,,,,,,,,,,,,,,,,,,,,,,,,,,,,,,,,,,,,,,,,,,,,,,
7,28,33,36,36,33,40,41,45,50,47,46,48,54,53,53,58,55,60,53,63,61,70,65,66,65,62,74,72,67,68,71,72,82,72,78,68,72,76,84,75,67,84,71,79,70,72,70,71,71,72,81,71,72,78,65,74,69,71,69,64,59,54,48,52,,,,,,,,,,,,,,,,,,,,,,,,,,,,,,,,,,,,,,,,,,,,,,,,,,,,,,,,,,,,,,,,,,,,,,,,,,,,,,,,,,,,,,,,,,,,,,,,,,,,,,,,,,,,,,,,,,,,,,,,,,,,,,,,,,,,,,,,,,,,,,,,,,,,,,,,,,,,,,,,,,,,,,,,,,,,,,,,,,,,,,,,,,,,,,,,
8,61,68,66,69,75,76,74,79,74,78,81,76,68,76,78,73,78,72,74,71,72,72,73,81,78,79,74,81,81,75,81,79,79,82,75,76,77,77,74,76,74,76,81,70,81,71,77,69,68,68,73,70,68,61,64,63,64,60,65,52,54,46,42,44,,,,,,,,,,,,,,,,,,,,,,,,,,,,,,,,,,,,,,,,,,,,,,,,,,,,,,,,,,,,,,,,,,,,,,,,,,,,,,,,,,,,,,,,,,,,,,,,,,,,,,,,,,,,,,,,,,,,,,,,,,,,,,,,,,,,,,,,,,,,,,,,,,,,,,,,,,,,,,,,,,,,,,,,,,,,,,,,,,,,,,,,,,,,,,,,
9,34,36,39,44,43,45,43,41,42,46,42,44,43,43,46,46,48,48,54,50,53,55,58,56,60,61,68,57,60,65,62,71,73,62,70,70,75,73,74,80,75,75,76,82,77,78,73,79,81,72,82,85,78,73,73,74,72,68,69,71,67,63,53,56,,,,,,,,,,,,,,,,,,,,,,,,,,,,,,,,,,,,,,,,,,,,,,,,,,,,,,,,,,,,,,,,,,,,,,,,,,,,,,,,,,,,,,,,,,,,,,,,,,,,,,,,,,,,,,,,,,,,,,,,,,,,,,,,,,,,,,,,,,,,,,,,,,,,,,,,,,,,,,,,,,,,,,,,,,,,,,,,,,,,,,,,,,,,,,,,
10,60,63,66,62,70,68,73,66,67,68,63,64,63,64,61,63,59,54,56,55,53,55,56,52,54,41,43,44,44,48,46,44,47,44,46,47,47,47,47,49,48,44,45,47,42,42,42,45,43,45,49,46,45,45,49,44,50,49,46,51,51,51,47,46,,,,,,,,,,,,,,,,,,,,,,,,,,,,,,,,,,,,,,,,,,,,,,,,,,,,,,,,,,,,,,,,,,,,,,,,,,,,,,,,,,,,,,,,,,,,,,,,,,,,,,,,,,,,,,,,,,,,,,,,,,,,,,,,,,,,,,,,,,,,,,,,,,,,,,,,,,,,,,,,,,,,,,,,,,,,,,,,,,,,,,,,,,,,,,,,
11,59,69,60,62,69,76,68,74,76,66,78,72,76,81,80,78,65,78,75,74,71,82,82,70,73,74,80,83,68,76,75,78,77,75,74,78,84,73,68,73,71,73,69,77,80,72,70,67,71,67,64,65,65,59,54,56,56,52,58,54,50,45,39,35,,,,,,,,,,,,,,,,,,,,,,,,,,,,,,,,,,,,,,,,,,,,,,,,,,,,,,,,,,,,,,,,,,,,,,,,,,,,,,,,,,,,,,,,,,,,,,,,,,,,,,,,,,,,,,,,,,,,,,,,,,,,,,,,,,,,,,,,,,,,,,,,,,,,,,,,,,,,,,,,,,,,,,,,,,,,,,,,,,,,,,,,,,,,,,,,
12,38,43,45,50,54,51,52,58,57,46,52,64,55,61,60,59,62,70,65,65,61,69,61,70,78,82,79,75,75,79,83,77,79,71,87,79,80,88,89,80,78,94,80,86,80,83,83,81,78,84,82,79,74,85,80,78,76,81,83,73,77,70,72,63,,,,,,,,,,,,,,,,,,,,,,,,,,,,,,,,,,,,,,,,,,,,,,,,,,,,,,,,,,,,,,,,,,,,,,,,,,,,,,,,,,,,,,,,,,,,,,,,,,,,,,,,,,,,,,,,,,,,,,,,,,,,,,,,,,,,,,,,,,,,,,,,,,,,,,,,,,,,,,,,,,,,,,,,,,,,,,,,,,,,,,,,,,,,,,,,
13,55,60,54,60,58,58,58,57,55,66,58,59,55,54,48,54,57,56,55,52,51,48,42,44,43,44,44,42,42,45,42,43,49,42,47,45,45,46,45,48,43,44,44,42,47,46,40,45,48,50,45,50,53,50,52,62,54,59,60,54,55,56,47,48,,,,,,,,,,,,,,,,,,,,,,,,,,,,,,,,,,,,,,,,,,,,,,,,,,,,,,,,,,,,,,,,,,,,,,,,,,,,,,,,,,,,,,,,,,,,,,,,,,,,,,,,,,,,,,,,,,,,,,,,,,,,,,,,,,,,,,,,,,,,,,,,,,,,,,,,,,,,,,,,,,,,,,,,,,,,,,,,,,,,,,,,,,,,,,,,
14,53,59,63,70,67,67,75,71,80,71,74,68,70,72,76,74,82,75,69,80,75,78,75,68,74,77,72,79,75,69,77,71,84,71,76,72,75,66,68,65,67,71,57,69,60,63,66,58,60,57,59,56,53,50,51,49,50,47,42,37,38,36,37,32,,,,,,,,,,,,,,,,,,,,,,,,,,,,,,,,,,,,,,,,,,,,,,,,,,,,,,,,,,,,,,,,,,,,,,,,,,,,,,,,,,,,,,,,,,,,,,,,,,,,,,,,,,,,,,,,,,,,,,,,,,,,,,,,,,,,,,,,,,,,,,,,,,,,,,,,,,,,,,,,,,,,,,,,,,,,,,,,,,,,,,,,,,,,,,,,
15,34,38,37,39,43,45,48,51,55,54,48,55,56,59,56,60,60,60,66,68,60,73,68,64,75,66,73,71,74,71,77,70,70,81,76,69,79,81,80,72,77,81,80,83,79,80,73,71,75,75,73,70,75,74,71,73,72,69,69,71,61,59,57,52,,,,,,,,,,,,,,,,,,,,,,,,,,,,,,,,,,,,,,,,,,,,,,,,,,,,,,,,,,,,,,,,,,,,,,,,,,,,,,,,,,,,,,,,,,,,,,,,,,,,,,,,,,,,,,,,,,,,,,,,,,,,,,,,,,,,,,,,,,,,,,,,,,,,,,,,,,,,,,,,,,,,,,,,,,,,,,,,,,,,,,,,,,,,,,,,
16,56,57,62,69,71,78,68,72,71,77,80,74,79,81,73,80,78,79,73,80,80,77,81,77,67,72,75,76,76,76,75,81,75,80,75,75,79,79,72,77,76,72,71,82,73,72,70,73,69,77,71,73,69,67,64,62,60,57,57,54,47,51,43,40,,,,,,,,,,,,,,,,,,,,,,,,,,,,,,,,,,,,,,,,,,,,,,,,,,,,,,,,,,,,,,,,,,,,,,,,,,,,,,,,,,,,,,,,,,,,,,,,,,,,,,,,,,,,,,,,,,,,,,,,,,,,,,,,,,,,,,,,,,,,,,,,,,,,,,,,,,,,,,,,,,,,,,,,,,,,,,,,,,,,,,,,,,,,,,,,
17,36,44,44,50,43,47,46,52,46,55,49,49,54,47,54,52,53,56,58,55,65,63,63,61,59,61,68,68,71,70,77,80,76,76,75,76,83,76,79,76,77,87,88,78,79,81,81,76,85,77,85,75,81,79,74,76,70,80,76,73,74,76,57,57,,,,,,,,,,,,,,,,,,,,,,,,,,,,,,,,,,,,,,,,,,,,,,,,,,,,,,,,,,,,,,,,,,,,,,,,,,,,,,,,,,,,,,,,,,,,,,,,,,,,,,,,,,,,,,,,,,,,,,,,,,,,,,,,,,,,,,,,,,,,,,,,,,,,,,,,,,,,,,,,,,,,,,,,,,,,,,,,,,,,,,,,,,,,,,,,
18,58,64,67,70,70,69,72,65,70,65,66,65,67,69,69,67,54,60,54,63,57,56,61,60,54,53,50,44,53,58,51,56,50,51,49,47,48,47,48,45,52,51,47,49,51,48,54,47,50,51,51,47,57,47,59,55,58,55,49,51,53,50,52,44,,,,,,,,,,,,,,,,,,,,,,,,,,,,,,,,,,,,,,,,,,,,,,,,,,,,,,,,,,,,,,,,,,,,,,,,,,,,,,,,,,,,,,,,,,,,,,,,,,,,,,,,,,,,,,,,,,,,,,,,,,,,,,,,,,,,,,,,,,,,,,,,,,,,,,,,,,,,,,,,,,,,,,,,,,,,,,,,,,,,,,,,,,,,,,,,
19,60,78,74,85,74,83,77,84,78,91,82,80,79,80,88,83,81,84,87,85,88,83,82,87,76,76,78,78,80,82,92,79,85,84,82,79,84,77,76,85,90,82,77,81,82,76,84,77,69,69,72,76,77,77,63,69,73,67,66,60,64,58,49,43,,,,,,,,,,,,,,,,,,,,,,,,,,,,,,,,,,,,,,,,,,,,,,,,,,,,,,,,,,,,,,,,,,,,,,,,,,,,,,,,,,,,,,,,,,,,,,,,,,,,,,,,,,,,,,,,,,,,,,,,,,,,,,,,,,,,,,,,,,,,,,,,,,,,,,,,,,,,,,,,,,,,,,,,,,,,,,,,,,,,,,,,,,,,,,,,
20,35,37,40,37,43,41,47,48,41,46,50,52,53,49,55,55,58,51,57,54,57,62,65,66,67,60,66,71,69,66,61,70,69,71,74,75,71,75,72,83,78,78,76,78,80,71,73,77,78,76,80,79,73,80,80,65,70,72,68,72,62,59,57,54,,,,,,,,,,,,,,,,,,,,,,,,,,,,,,,,,,,,,,,,,,,,,,,,,,,,,,,,,,,,,,,,,,,,,,,,,,,,,,,,,,,,,,,,,,,,,,,,,,,,,,,,,,,,,,,,,,,,,,,,,,,,,,,,,,,,,,,,,,,,,,,,,,,,,,,,,,,,,,,,,,,,,,,,,,,,,,,,,,,,,,,,,,,,,,,,
21,47,54,54,67,60,59,59,60,59,56,59,58,61,60,54,64,53,53,59,54,41,50,45,44,48,42,47,45,44,49,46,50,45,47,46,50,48,48,48,44,48,46,44,39,46,45,44,45,45,43,49,56,50,52,55,60,61,53,52,55,60,60,53,48,,,,,,,,,,,,,,,,,,,,,,,,,,,,,,,,,,,,,,,,,,,,,,,,,,,,,,,,,,,,,,,,,,,,,,,,,,,,,,,,,,,,,,,,,,,,,,,,,,,,,,,,,,,,,,,,,,,,,,,,,,,,,,,,,,,,,,,,,,,,,,,,,,,,,,,,,,,,,,,,,,,,,,,,,,,,,,,,,,,,,,,,,,,,,,,,
22,57,62,63,71,67,76,73,74,74,76,83,84,77,79,72,77,76,81,72,77,81,83,79,70,80,83,76,79,72,86,82,77,70,76,84,80,75,73,70,69,68,76,70,67,66,64,68,59,66,64,58,60,60,52,49,60,57,48,43,47,38,42,36,37,,,,,,,,,,,,,,,,,,,,,,,,,,,,,,,,,,,,,,,,,,,,,,,,,,,,,,,,,,,,,,,,,,,,,,,,,,,,,,,,,,,,,,,,,,,,,,,,,,,,,,,,,,,,,,,,,,,,,,,,,,,,,,,,,,,,,,,,,,,,,,,,,,,,,,,,,,,,,,,,,,,,,,,,,,,,,,,,,,,,,,,,,,,,,,,,
23,33,35,39,37,43,44,44,45,49,50,50,53,52,52,57,59,57,55,61,55,69,71,72,75,70,76,78,76,81,85,74,79,73,80,76,77,81,76,78,75,71,79,75,76,76,76,81,79,73,84,72,73,80,80,83,81,75,75,70,69,67,57,55,55,,,,,,,,,,,,,,,,,,,,,,,,,,,,,,,,,,,,,,,,,,,,,,,,,,,,,,,,,,,,,,,,,,,,,,,,,,,,,,,,,,,,,,,,,,,,,,,,,,,,,,,,,,,,,,,,,,,,,,,,,,,,,,,,,,,,,,,,,,,,,,,,,,,,,,,,,,,,,,,,,,,,,,,,,,,,,,,,,,,,,,,,,,,,,,,,
24,59,62,74,70,72,69,75,76,74,78,78,74,70,77,76,81,76,76,76,71,76,75,79,78,78,82,80,69,72,70,72,80,76,72,74,73,67,77,75,75,69,86,75,68,68,72,81,73,70,72,72,69,79,65,65,61,68,62,62,58,51,56,51,50,,,,,,,,,,,,,,,,,,,,,,,,,,,,,,,,,,,,,,,,,,,,,,,,,,,,,,,,,,,,,,,,,,,,,,,,,,,,,,,,,,,,,,,,,,,,,,,,,,,,,,,,,,,,,,,,,,,,,,,,,,,,,,,,,,,,,,,,,,,,,,,,,,,,,,,,,,,,,,,,,,,,,,,,,,,,,,,,,,,,,,,,,,,,,,,,
25,35,34,33,43,41,42,41,43,40,47,42,44,42,45,49,46,50,50,50,48,52,49,54,61,60,58,57,61,57,64,64,73,64,69,68,67,73,69,73,72,73,71,79,86,76,64,82,76,79,70,81,74,76,72,67,72,74,72,68,69,66,58,57,55,,,,,,,,,,,,,,,,,,,,,,,,,,,,,,,,,,,,,,,,,,,,,,,,,,,,,,,,,,,,,,,,,,,,,,,,,,,,,,,,,,,,,,,,,,,,,,,,,,,,,,,,,,,,,,,,,,,,,,,,,,,,,,,,,,,,,,,,,,,,,,,,,,,,,,,,,,,,,,,,,,,,,,,,,,,,,,,,,,,,,,,,,,,,,,,,
26,53,62,68,67,65,66,66,63,70,66,66,59,62,61,68,60,58,57,55,55,53,57,55,58,52,52,46,47,47,44,43,49,48,48,43,45,50,43,52,48,48,46,47,45,43,49,47,50,46,46,44,50,48,55,51,45,43,49,53,51,52,53,47,46,,,,,,,,,,,,,,,,,,,,,,,,,,,,,,,,,,,,,,,,,,,,,,,,,,,,,,,,,,,,,,,,,,,,,,,,,,,,,,,,,,,,,,,,,,,,,,,,,,,,,,,,,,,,,,,,,,,,,,,,,,,,,,,,,,,,,,,,,,,,,,,,,,,,,,,,,,,,,,,,,,,,,,,,,,,,,,,,,,,,,,,,,,,,,,,,
27,51,59,61,64,66,67,67,73,78,82,72,75,78,73,71,70,74,75,67,77,80,71,71,72,71,82,76,71,66,77,71,73,74,75,85,80,80,74,72,75,73,71,67,69,71,59,68,59,65,62,64,63,61,62,57,57,53,49,49,53,50,46,41,35,,,,,,,,,,,,,,,,,,,,,,,,,,,,,,,,,,,,,,,,,,,,,,,,,,,,,,,,,,,,,,,,,,,,,,,,,,,,,,,,,,,,,,,,,,,,,,,,,,,,,,,,,,,,,,,,,,,,,,,,,,,,,,,,,,,,,,,,,,,,,,,,,,,,,,,,,,,,,,,,,,,,,,,,,,,,,,,,,,,,,,,,,,,,,,,,
28,37,42,39,43,47,42,42,46,43,40,43,47,49,48,52,56,52,58,58,56,58,61,61,60,65,61,69,67,68,70,64,70,68,68,71,75,74,74,76,78,75,74,76,69,72,82,79,76,79,72,70,75,72,72,75,79,76,71,69,72,64,61,58,58,,,,,,,,,,,,,,,,,,,,,,,,,,,,,,,,,,,,,,,,,,,,,,,,,,,,,,,,,,,,,,,,,,,,,,,,,,,,,,,,,,,,,,,,,,,,,,,,,,,,,,,,,,,,,,,,,,,,,,,,,,,,,,,,,,,,,,,,,,,,,,,,,,,,,,,,,,,,,,,,,,,,,,,,,,,,,,,,,,,,,,,,,,,,,,,,
29,48,50,58,58,59,62,60,63,61,62,61,63,54,52,48,53,55,53,58,50,45,41,42,43,44,39,44,48,45,47,45,46,46,42,45,46,46,48,45,45,47,42,44,44,45,45,51,47,48,54,44,48,46,47,52,56,52,55,55,49,53,51,52,45,,,,,,,,,,,,,,,,,,,,,,,,,,,,,,,,,,,,,,,,,,,,,,,,,,,,,,,,,,,,,,,,,,,,,,,,,,,,,,,,,,,,,,,,,,,,,,,,,,,,,,,,,,,,,,,,,,,,,,,,,,,,,,,,,,,,,,,,,,,,,,,,,,,,,,,,,,,,,,,,,,,,,,,,,,,,,,,,,,,,,,,,,,,,,,,,
30,53,60,66,67,69,68,69,72,78,71,77,73,68,76,82,71,74,75,75,74,72,76,82,76,80,80,75,78,78,77,71,75,73,77,68,71,75,72,68,69,68,71,71,62,62,61,62,59,61,58,54,50,56,53,57,55,51,42,43,39,37,40,40,36,,,,,,,,,,,,,,,,,,,,,,,,,,,,,,,,,,,,,,,,,,,,,,,,,,,,,,,,,,,,,,,,,,,,,,,,,,,,,,,,,,,,,,,,,,,,,,,,,,,,,,,,,,,,,,,,,,,,,,,,,,,,,,,,,,,,,,,,,,,,,,,,,,,,,,,,,,,,,,,,,,,,,,,,,,,,,,,,,,,,,,,,,,,,,,,,
31,35,35,36,39,42,44,45,49,43,51,49,53,53,58,57,57,58,58,67,65,66,69,70,73,72,68,70,72,71,73,79,80,81,81,81,75,80,71,77,80,76,76,70,73,70,76,84,80,75,77,81,79,69,77,72,74,68,74,69,64,64,63,57,54,,,,,,,,,,,,,,,,,,,,,,,,,,,,,,,,,,,,,,,,,,,,,,,,,,,,,,,,,,,,,,,,,,,,,,,,,,,,,,,,,,,,,,,,,,,,,,,,,,,,,,,,,,,,,,,,,,,,,,,,,,,,,,,,,,,,,,,,,,,,,,,,,,,,,,,,,,,,,,,,,,,,,,,,,,,,,,,,,,,,,,,,,,,,,,,,
32,64,60,66,68,71,77,77,82,80,79,82,77,77,83,78,67,71,71,81,74,89,77,85,81,83,76,79,71,75,76,78,79,79,78,76,80,82,70,77,76,79,74,74,85,75,78,78,72,68,70,71,75,62,70,71,65,69,65,67,62,51,51,47,48,,,,,,,,,,,,,,,,,,,,,,,,,,,,,,,,,,,,,,,,,,,,,,,,,,,,,,,,,,,,,,,,,,,,,,,,,,,,,,,,,,,,,,,,,,,,,,,,,,,,,,,,,,,,,,,,,,,,,,,,,,,,,,,,,,,,,,,,,,,,,,,,,,,,,,,,,,,,,,,,,,,,,,,,,,,,,,,,,,,,,,,,,,,,,,,,
33,34,36,42,43,44,42,45,43,45,46,49,45,46,49,48,50,48,50,47,55,59,60,53,59,62,61,63,63,66,67,69,67,68,69,72,71,70,74,73,80,78,80,71,79,76,81,74,78,76,78,75,80,79,72,76,74,81,70,71,77,65,67,58,55,,,,,,,,,,,,,,,,,,,,,,,,,,,,,,,,,,,,,,,,,,,,,,,,,,,,,,,,,,,,,,,,,,,,,,,,,,,,,,,,,,,,,,,,,,,,,,,,,,,,,,,,,,,,,,,,,,,,,,,,,,,,,,,,,,,,,,,,,,,,,,,,,,,,,,,,,,,,,,,,,,,,,,,,,,,,,,,,,,,,,,,,,,,,,,,,
34,60,55,66,66,68,66,71,68,72,66,68,65,65,71,68,66,63,61,64,61,55,52,60,57,53,48,48,46,50,49,49,48,51,49,49,50,47,49,53,48,51,53,56,54,47,53,54,45,47,51,48,48,51,51,54,49,56,49,53,54,56,55,47,50,,,,,,,,,,,,,,,,,,,,,,,,,,,,,,,,,,,,,,,,,,,,,,,,,,,,,,,,,,,,,,,,,,,,,,,,,,,,,,,,,,,,,,,,,,,,,,,,,,,,,,,,,,,,,,,,,,,,,,,,,,,,,,,,,,,,,,,,,,,,,,,,,,,,,,,,,,,,,,,,,,,,,,,,,,,,,,,,,,,,,,,,,,,,,,,,
35,57,63,65,68,71,74,78,73,66,81,76,74,77,79,73,80,78,76,77,77,74,71,72,70,80,75,74,86,75,84,77,81,75,84,82,78,82,81,76,70,70,74,78,70,68,71,69,67,62,62,63,63,71,61,57,57,52,55,53,50,48,47,43,38,,,,,,,,,,,,,,,,,,,,,,,,,,,,,,,,,,,,,,,,,,,,,,,,,,,,,,,,,,,,,,,,,,,,,,,,,,,,,,,,,,,,,,,,,,,,,,,,,,,,,,,,,,,,,,,,,,,,,,,,,,,,,,,,,,,,,,,,,,,,,,,,,,,,,,,,,,,,,,,,,,,,,,,,,,,,,,,,,,,,,,,,,,,,,,,,
36,40,44,43,42,46,45,49,50,46,44,46,50,49,50,54,54,51,65,61,58,64,61,67,60,69,63,72,71,76,71,74,71,71,72,75,76,78,73,75,79,84,87,79,80,72,79,79,77,72,75,73,84,75,79,78,75,78,75,75,64,61,55,60,58,,,,,,,,,,,,,,,,,,,,,,,,,,,,,,,,,,,,,,,,,,,,,,,,,,,,,,,,,,,,,,,,,,,,,,,,,,,,,,,,,,,,,,,,,,,,,,,,,,,,,,,,,,,,,,,,,,,,,,,,,,,,,,,,,,,,,,,,,,,,,,,,,,,,,,,,,,,,,,,,,,,,,,,,,,,,,,,,,,,,,,,,,,,,,,,,
37,56,62,57,65,67,64,66,63,62,63,65,59,57,61,63,53,62,55,60,53,50,48,46,49,50,50,51,52,46,49,49,49,50,45,53,49,47,51,48,49,47,48,50,51,46,55,43,51,52,49,53,52,52,49,62,60,58,55,65,54,64,55,51,50,,,,,,,,,,,,,,,,,,,,,,,,,,,,,,,,,,,,,,,,,,,,,,,,,,,,,,,,,,,,,,,,,,,,,,,,,,,,,,,,,,,,,,,,,,,,,,,,,,,,,,,,,,,,,,,,,,,,,,,,,,,,,,,,,,,,,,,,,,,,,,,,,,,,,,,,,,,,,,,,,,,,,,,,,,,,,,,,,,,,,,,,,,,,,,,,
38,53,60,60,65,70,73,69,76,71,78,82,73,76,75,74,78,76,80,74,86,70,82,80,80,72,75,74,79,81,77,81,81,76,77,72,81,76,70,69,74,71,71,67,63,68,61,63,69,63,56,58,53,58,53,53,50,50,47,40,37,39,42,38,38,,,,,,,,,,,,,,,,,,,,,,,,,,,,,,,,,,,,,,,,,,,,,,,,,,,,,,,,,,,,,,,,,,,,,,,,,,,,,,,,,,,,,,,,,,,,,,,,,,,,,,,,,,,,,,,,,,,,,,,,,,,,,,,,,,,,,,,,,,,,,,,,,,,,,,,,,,,,,,,,,,,,,,,,,,,,,,,,,,,,,,,,,,,,,,,,
39,35,40,44,46,43,48,46,56,48,52,48,59,58,61,62,64,57,65,65,63,66,69,74,75,79,74,74,76,77,76,75,80,76,78,80,77,74,78,86,77,86,75,75,87,75,75,76,71,83,71,75,67,79,78,75,74,72,72,76,76,67,67,61,54,,,,,,,,,,,,,,,,,,,,,,,,,,,,,,,,,,,,,,,,,,,,,,,,,,,,,,,,,,,,,,,,,,,,,,,,,,,,,,,,,,,,,,,,,,,,,,,,,,,,,,,,,,,,,,,,,,,,,,,,,,,,,,,,,,,,,,,,,,,,,,,,,,,,,,,,,,,,,,,,,,,,,,,,,,,,,,,,,,,,,,,,,,,,,,,,
40,59,64,68,66,75,78,70,73,70,80,73,81,71,68,68,73,78,79,79,82,74,77,75,76,72,76,68,81,77,79,73,78,74,75,75,77,76,72,75,80,72,70,73,78,76,74,71,71,71,66,74,75,66,71,62,57,65,52,58,58,53,51,43,47,,,,,,,,,,,,,,,,,,,,,,,,,,,,,,,,,,,,,,,,,,,,,,,,,,,,,,,,,,,,,,,,,,,,,,,,,,,,,,,,,,,,,,,,,,,,,,,,,,,,,,,,,,,,,,,,,,,,,,,,,,,,,,,,,,,,,,,,,,,,,,,,,,,,,,,,,,,,,,,,,,,,,,,,,,,,,,,,,,,,,,,,,,,,,,,,
41,34,33,39,37,40,40,44,48,43,45,45,41,44,45,49,48,50,44,47,47,52,51,59,55,54,59,56,60,65,68,63,66,67,70,69,63,70,71,79,74,74,76,79,77,78,80,76,71,75,75,73,74,73,75,85,79,80,75,73,67,65,59,55,48,,,,,,,,,,,,,,,,,,,,,,,,,,,,,,,,,,,,,,,,,,,,,,,,,,,,,,,,,,,,,,,,,,,,,,,,,,,,,,,,,,,,,,,,,,,,,,,,,,,,,,,,,,,,,,,,,,,,,,,,,,,,,,,,,,,,,,,,,,,,,,,,,,,,,,,,,,,,,,,,,,,,,,,,,,,,,,,,,,,,,,,,,,,,,,,,
42,55,57,65,67,66,69,65,72,76,64,70,61,63,64,66,69,61,57,60,64,58,52,57,55,53,59,46,44,50,52,45,51,45,51,51,50,54,53,52,52,47,54,42,50,50,50,47,47,48,48,50,52,49,52,51,54,52,51,53,55,51,51,49,55,,,,,,,,,,,,,,,,,,,,,,,,,,,,,,,,,,,,,,,,,,,,,,,,,,,,,,,,,,,,,,,,,,,,,,,,,,,,,,,,,,,,,,,,,,,,,,,,,,,,,,,,,,,,,,,,,,,,,,,,,,,,,,,,,,,,,,,,,,,,,,,,,,,,,,,,,,,,,,,,,,,,,,,,,,,,,,,,,,,,,,,,,,,,,,,,
43,56,66,69,69,68,72,75,77,70,73,71,75,81,76,72,85,77,80,75,79,83,81,75,79,83,82,82,79,73,77,75,80,79,71,81,80,79,80,85,72,78,78,68,64,71,73,72,68,65,64,64,61,70,69,59,63,54,52,57,50,53,50,45,36,,,,,,,,,,,,,,,,,,,,,,,,,,,,,,,,,,,,,,,,,,,,,,,,,,,,,,,,,,,,,,,,,,,,,,,,,,,,,,,,,,,,,,,,,,,,,,,,,,,,,,,,,,,,,,,,,,,,,,,,,,,,,,,,,,,,,,,,,,,,,,,,,,,,,,,,,,,,,,,,,,,,,,,,,,,,,,,,,,,,,,,,,,,,,,,,
44,33,34,41,37,41,37,44,44,40,40,44,48,47,45,49,55,54,53,51,54,57,60,61,61,59,62,72,68,70,71,68,71,80,74,73,69,75,79,76,84,80,79,77,79,84,75,74,70,84,81,81,83,76,72,65,70,72,78,70,71,62,59,59,48,,,,,,,,,,,,,,,,,,,,,,,,,,,,,,,,,,,,,,,,,,,,,,,,,,,,,,,,,,,,,,,,,,,,,,,,,,,,,,,,,,,,,,,,,,,,,,,,,,,,,,,,,,,,,,,,,,,,,,,,,,,,,,,,,,,,,,,,,,,,,,,,,,,,,,,,,,,,,,,,,,,,,,,,,,,,,,,,,,,,,,,,,,,,,,,,
45,54,58,61,54,64,56,65,66,62,61,60,58,54,55,61,52,57,57,59,50,49,46,45,46,46,40,46,48,46,46,40,44,45,46,41,45,46,47,44,50,43,45,44,42,41,44,45,44,45,49,49,52,45,53,51,58,57,54,53,48,53,59,48,48,,,,,,,,,,,,,,,,,,,,,,,,,,,,,,,,,,,,,,,,,,,,,,,,,,,,,,,,,,,,,,,,,,,,,,,,,,,,,,,,,,,,,,,,,,,,,,,,,,,,,,,,,,,,,,,,,,,,,,,,,,,,,,,,,,,,,,,,,,,,,,,,,,,,,,,,,,,,,,,,,,,,,,,,,,,,,,,,,,,,,,,,,,,,,,,,
46,58,66,66,68,74,81,75,75,75,76,72,73,73,74,79,70,78,75,76,81,79,81,76,80,74,75,75,81,77,75,86,71,80,74,70,79,75,71,79,72,74,74,71,66,68,61,68,68,66,60,59,63,64,63,56,57,60,59,47,48,45,37,41,39,,,,,,,,,,,,,,,,,,,,,,,,,,,,,,,,,,,,,,,,,,,,,,,,,,,,,,,,,,,,,,,,,,,,,,,,,,,,,,,,,,,,,,,,,,,,,,,,,,,,,,,,,,,,,,,,,,,,,,,,,,,,,,,,,,,,,,,,,,,,,,,,,,,,,,,,,,,,,,,,,,,,,,,,,,,,,,,,,,,,,,,,,,,,,,,,
47,39,46,45,52,46,49,48,59,51,50,61,58,66,57,63,61,64,68,63,65,63,66,71,77,82,71,69,68,75,77,76,75,76,77,81,84,87,79,74,70,79,79,76,76,72,78,88,81,79,77,79,73,77,83,82,79,75,66,80,70,69,65,61,59,,,,,,,,,,,,,,,,,,,,,,,,,,,,,,,,,,,,,,,,,,,,,,,,,,,,,,,,,,,,,,,,,,,,,,,,,,,,,,,,,,,,,,,,,,,,,,,,,,,,,,,,,,,,,,,,,,,,,,,,,,,,,,,,,,,,,,,,,,,,,,,,,,,,,,,,,,,,,,,,,,,,,,,,,,,,,,,,,,,,,,,,,,,,,,,,
48,63,73,66,69,74,73,78,74,75,81,82,74,83,73,74,76,72,76,82,71,82,77,76,77,84,74,80,76,84,86,80,80,77,93,92,84,75,70,77,81,79,79,75,71,81,80,75,78,73,77,80,76,64,69,71,71,70,62,64,60,58,56,54,46,,,,,,,,,,,,,,,,,,,,,,,,,,,,,,,,,,,,,,,,,,,,,,,,,,,,,,,,,,,,,,,,,,,,,,,,,,,,,,,,,,,,,,,,,,,,,,,,,,,,,,,,,,,,,,,,,,,,,,,,,,,,,,,,,,,,,,,,,,,,,,,,,,,,,,,,,,,,,,,,,,,,,,,,,,,,,,,,,,,,,,,,,,,,,,,,
49,39,38,43,44,46,42,46,48,50,52,44,43,46,48,48,46,49,48,54,56,56,53,55,63,61,69,68,65,69,67,79,73,72,76,80,68,77,69,74,71,79,76,75,78,74,81,77,77,76,74,80,70,70,78,69,72,71,74,69,67,61,65,62,59,,,,,,,,,,,,,,,,,,,,,,,,,,,,,,,,,,,,,,,,,,,,,,,,,,,,,,,,,,,,,,,,,,,,,,,,,,,,,,,,,,,,,,,,,,,,,,,,,,,,,,,,,,,,,,,,,,,,,,,,,,,,,,,,,,,,,,,,,,,,,,,,,,,,,,,,,,,,,,,,,,,,,,,,,,,,,,,,,,,,,,,,,,,,,,,,
50,56,65,56,65,73,65,70,72,68,60,63,60,59,62,64,65,60,50,54,53,59,53,55,54,49,49,42,43,47,43,44,49,48,45,45,48,46,47,44,50,47,48,48,45,48,45,48,45,43,48,43,44,49,48,46,48,50,49,51,52,51,55,50,43,,,,,,,,,,,,,,,,,,,,,,,,,,,,,,,,,,,,,,,,,,,,,,,,,,,,,,,,,,,,,,,,,,,,,,,,,,,,,,,,,,,,,,,,,,,,,,,,,,,,,,,,,,,,,,,,,,,,,,,,,,,,,,,,,,,,,,,,,,,,,,,,,,,,,,,,,,,,,,,,,,,,,,,,,,,,,,,,,,,,,,,,,,,,,,,,
51,61,63,69,69,67,72,73,70,72,70,76,76,75,77,76,75,77,73,82,83,77,78,76,75,72,70,79,73,75,69,78,73,72,74,72,78,74,74,80,76,74,80,68,67,71,71,71,69,66,64,63,64,60,60,59,56,60,53,52,49,50,52,45,36,,,,,,,,,,,,,,,,,,,,,,,,,,,,,,,,,,,,,,,,,,,,,,,,,,,,,,,,,,,,,,,,,,,,,,,,,,,,,,,,,,,,,,,,,,,,,,,,,,,,,,,,,,,,,,,,,,,,,,,,,,,,,,,,,,,,,,,,,,,,,,,,,,,,,,,,,,,,,,,,,,,,,,,,,,,,,,,,,,,,,,,,,,,,,,,,
52,35,36,40,35,40,42,43,41,43,48,46,45,43,49,44,46,56,54,54,53,56,58,54,60,58,68,67,64,71,70,67,70,70,67,73,75,76,79,65,69,73,72,74,71,77,74,76,80,65,64,70,69,73,74,76,72,67,64,77,68,62,57,58,48,,,,,,,,,,,,,,,,,,,,,,,,,,,,,,,,,,,,,,,,,,,,,,,,,,,,,,,,,,,,,,,,,,,,,,,,,,,,,,,,,,,,,,,,,,,,,,,,,,,,,,,,,,,,,,,,,,,,,,,,,,,,,,,,,,,,,,,,,,,,,,,,,,,,,,,,,,,,,,,,,,,,,,,,,,,,,,,,,,,,,,,,,,,,,,,,
53,51,54,63,63,71,65,60,63,65,64,62,64,64,54,62,60,56,55,65,55,52,54,54,47,48,46,51,51,52,54,52,51,53,49,46,50,54,45,52,53,53,54,54,46,52,48,50,49,55,55,53,56,52,57,59,64,64,59,65,60,54,55,59,52,,,,,,,,,,,,,,,,,,,,,,,,,,,,,,,,,,,,,,,,,,,,,,,,,,,,,,,,,,,,,,,,,,,,,,,,,,,,,,,,,,,,,,,,,,,,,,,,,,,,,,,,,,,,,,,,,,,,,,,,,,,,,,,,,,,,,,,,,,,,,,,,,,,,,,,,,,,,,,,,,,,,,,,,,,,,,,,,,,,,,,,,,,,,,,,,
54,58,58,61,71,67,70,65,65,74,71,75,72,71,71,67,73,69,71,84,75,70,70,75,75,77,65,73,77,66,76,75,83,75,75,77,71,63,65,64,69,68,73,63,69,57,56,61,60,62,61,57,53,57,49,53,48,54,44,43,42,42,42,39,34,,,,,,,,,,,,,,,,,,,,,,,,,,,,,,,,,,,,,,,,,,,,,,,,,,,,,,,,,,,,,,,,,,,,,,,,,,,,,,,,,,,,,,,,,,,,,,,,,,,,,,,,,,,,,,,,,,,,,,,,,,,,,,,,,,,,,,,,,,,,,,,,,,,,,,,,,,,,,,,,,,,,,,,,,,,,,,,,,,,,,,,,,,,,,,,,
55,41,51,39,47,54,52,53,53,51,56,59,55,58,60,60,66,68,65,66,70,61,67,71,74,69,79,72,68,77,78,77,79,80,76,82,76,80,87,82,74,75,77,80,76,73,72,81,74,72,76,81,77,78,73,74,76,72,76,82,76,65,64,60,65,,,,,,,,,,,,,,,,,,,,,,,,,,,,,,,,,,,,,,,,,,,,,,,,,,,,,,,,,,,,,,,,,,,,,,,,,,,,,,,,,,,,,,,,,,,,,,,,,,,,,,,,,,,,,,,,,,,,,,,,,,,,,,,,,,,,,,,,,,,,,,,,,,,,,,,,,,,,,,,,,,,,,,,,,,,,,,,,,,,,,,,,,,,,,,,,
56,48,58,60,59,68,67,69,62,67,67,70,74,68,72,71,70,73,74,69,75,72,65,78,73,74,73,71,72,71,70,68,70,66,73,68,72,67,74,67,67,68,73,66,67,70,63,64,67,66,66,64,60,59,57,57,57,52,54,58,51,47,43,41,38,,,,,,,,,,,,,,,,,,,,,,,,,,,,,,,,,,,,,,,,,,,,,,,,,,,,,,,,,,,,,,,,,,,,,,,,,,,,,,,,,,,,,,,,,,,,,,,,,,,,,,,,,,,,,,,,,,,,,,,,,,,,,,,,,,,,,,,,,,,,,,,,,,,,,,,,,,,,,,,,,,,,,,,,,,,,,,,,,,,,,,,,,,,,,,,,
57,34,37,38,46,43,42,45,43,40,49,44,46,46,43,44,45,45,49,48,52,52,50,62,60,60,62,57,64,60,64,63,66,72,66,67,72,68,69,71,74,75,76,68,76,71,79,70,76,69,87,82,75,74,79,73,68,72,73,67,71,61,61,58,54,,,,,,,,,,,,,,,,,,,,,,,,,,,,,,,,,,,,,,,,,,,,,,,,,,,,,,,,,,,,,,,,,,,,,,,,,,,,,,,,,,,,,,,,,,,,,,,,,,,,,,,,,,,,,,,,,,,,,,,,,,,,,,,,,,,,,,,,,,,,,,,,,,,,,,,,,,,,,,,,,,,,,,,,,,,,,,,,,,,,,,,,,,,,,,,,
58,55,57,59,64,58,62,62,63,65,60,57,61,58,58,57,58,53,48,50,47,53,46,48,47,44,39,42,44,42,41,41,37,46,43,42,42,45,45,43,42,38,42,45,40,47,42,43,36,38,43,44,45,46,51,46,41,47,49,46,46,48,44,45,43,,,,,,,,,,,,,,,,,,,,,,,,,,,,,,,,,,,,,,,,,,,,,,,,,,,,,,,,,,,,,,,,,,,,,,,,,,,,,,,,,,,,,,,,,,,,,,,,,,,,,,,,,,,,,,,,,,,,,,,,,,,,,,,,,,,,,,,,,,,,,,,,,,,,,,,,,,,,,,,,,,,,,,,,,,,,,,,,,,,,,,,,,,,,,,,,
59,51,51,59,63,69,69,67,65,70,66,70,73,70,66,68,66,61,68,67,70,65,70,70,66,73,69,67,66,68,66,65,69,70,68,68,72,67,66,74,65,74,64,62,63,66,64,66,57,61,56,57,59,56,62,50,53,48,49,49,47,44,44,37,33,,,,,,,,,,,,,,,,,,,,,,,,,,,,,,,,,,,,,,,,,,,,,,,,,,,,,,,,,,,,,,,,,,,,,,,,,,,,,,,,,,,,,,,,,,,,,,,,,,,,,,,,,,,,,,,,,,,,,,,,,,,,,,,,,,,,,,,,,,,,,,,,,,,,,,,,,,,,,,,,,,,,,,,,,,,,,,,,,,,,,,,,,,,,,,,,
60,32,34,37,37,37,41,38,42,40,39,42,44,44,44,46,47,53,53,53,54,56,57,56,53,56,63,62,61,57,65,69,67,61,67,70,62,68,67,62,63,66,66,71,64,73,72,69,69,71,72,63,66,63,64,63,65,67,67,69,61,60,51,53,45,,,,,,,,,,,,,,,,,,,,,,,,,,,,,,,,,,,,,,,,,,,,,,,,,,,,,,,,,,,,,,,,,,,,,,,,,,,,,,,,,,,,,,,,,,,,,,,,,,,,,,,,,,,,,,,,,,,,,,,,,,,,,,,,,,,,,,,,,,,,,,,,,,,,,,,,,,,,,,,,,,,,,,,,,,,,,,,,,,,,,,,,,,,,,,,,
61,41,43,48,51,51,47,44,52,48,48,44,45,46,45,42,42,44,44,45,38,34,37,35,38,38,38,34,36,35,35,36,35,34,37,34,39,37,35,33,38,38,35,35,37,34,32,38,38,38,35,38,38,41,42,46,46,47,47,43,45,46,42,41,39,,,,,,,,,,,,,,,,,,,,,,,,,,,,,,,,,,,,,,,,,,,,,,,,,,,,,,,,,,,,,,,,,,,,,,,,,,,,,,,,,,,,,,,,,,,,,,,,,,,,,,,,,,,,,,,,,,,,,,,,,,,,,,,,,,,,,,,,,,,,,,,,,,,,,,,,,,,,,,,,,,,,,,,,,,,,,,,,,,,,,,,,,,,,,,,,
62,52,54,54,56,59,58,62,61,58,57,65,59,64,62,57,63,58,57,57,59,59,64,59,60,56,58,62,55,69,62,58,58,64,51,60,58,57,58,56,53,52,53,61,47,54,50,55,48,46,49,49,44,49,45,44,45,46,41,38,35,35,37,37,31,,,,,,,,,,,,,,,,,,,,,,,,,,,,,,,,,,,,,,,,,,,,,,,,,,,,,,,,,,,,,,,,,,,,,,,,,,,,,,,,,,,,,,,,,,,,,,,,,,,,,,,,,,,,,,,,,,,,,,,,,,,,,,,,,,,,,,,,,,,,,,,,,,,,,,,,,,,,,,,,,,,,,,,,,,,,,,,,,,,,,,,,,,,,,,,,
63,35,37,37,36,38,43,45,40,38,45,44,47,49,54,46,46,53,50,51,60,55,60,58,59,60,61,58,59,59,62,63,64,60,64,63,65,67,61,70,63,62,70,62,64,67,66,62,67,65,64,67,56,57,66,59,58,60,58,59,59,59,54,51,49,,,,,,,,,,,,,,,,,,,,,,,,,,,,,,,,,,,,,,,,,,,,,,,,,,,,,,,,,,,,,,,,,,,,,,,,,,,,,,,,,,,,,,,,,,,,,,,,,,,,,,,,,,,,,,,,,,,,,,,,,,,,,,,,,,,,,,,,,,,,,,,,,,,,,,,,,,,,,,,,,,,,,,,,,,,,,,,,,,,,,,,,,,,,,,,,
,,,,,,,,,,,,,,,,,,,,,,,,,,,,,,,,,,,,,,,,,,,,,,,,,,,,,,,,,,,,,,,,,,,,,,,,,,,,,,,,,,,,,,,,,,,,,,,,,,,,,,,,,,,,,,,,,,,,,,,,,,,,,,,,,,,,,,,,,,,,,,,,,,,,,,,,,,,,,,,,,,,,,,,,,,,,,,,,,,,,,,,,,,,,,,,,,,,,,,,,,,,,,,,,,,,,,,,,,,,,,,,,,,,,,,,,,,,,,,,,,,,,,,,,,,,,,,,,
value,0,1,2,3,4,5,6,7,8,9,10,11,12,13,14,15,16,17,18,19,20,21,22,23,24,25,26,27,28,29,30,31,32,33,34,35,36,37,38,39,40,41,42,43,44,45,46,47,48,49,50,51,52,53,54,55,56,57,58,59,60,61,62,63,64,65,66,67,68,69,70,71,72,73,74,75,76,77,78,79,80,81,82,83,84,85,86,87,88,89,90,91,92,93,94,95,96,97,98,99,100,101,102,103,104,105,106,107,108,109,110,111,112,113,114,115,116,117,118,119,120,121,122,123,124,125,126,127,128,129,130,131,132,133,134,135,136,137,138,139,140,141,142,143,144,145,146,147,148,149,150,151,152,153,154,155,156,157,158,159,160,161,162,163,164,165,166,167,168,169,170,171,172,173,174,175,176,177,178,179,180,181,182,183,184,185,186,187,188,189,190,191,192,193,194,195,196,197,198,199,200,201,202,203,204,205,206,207,208,209,210,211,212,213,214,215,216,217,218,219,220,221,222,223,224,225,226,227,228,229,230,231,232,233,234,235,236,237,238,239,240,241,242,243,244,245,246,247,248,249,250,251,252,253,254,255
count,0,0,0,0,0,0,0,0,0,0,0,0,0,0,0,0,0,0,0,0,0,0,0,0,0,0,0,0,1,0,2,1,5,9,19,24,27,40,44,29,49,34,63,76,83,94,100,80,100,91,84,77,81,88,89,85,64,89,101,84,89,88,74,79,85,92,87,90,102,99,109,134,117,102,112,131,137,93,82,90,83,66,44,25,26,15,10,9,5,2,1,1,2,1,1,0,0,0,0,0,0,0,0,0,0,0,0,0,0,0,0,0,0,0,0,0,0,0,0,0,0,0,0,0,0,0,0,0,0,0,0,0,0,0,0,0,0,0,0,0,0,0,0,0,0,0,0,0,0,0,0,0,0,0,0,0,0,0,0,0,0,0,0,0,0,0,0,0,0,0,0,0,0,0,0,0,0,0,0,0,0,0,0,0,0,0,0,0,0,0,0,0,0,0,0,0,0,0,0,0,0,0,0,0,0,0,0,0,0,0,0,0,0,0,0,0,0,0,0,0,0,0,0,0,0,0,0,0,0,0,0,0,0,0,0,0,0,0,0,0,0,0,0,0,0,0,0,0,0,0,0,0,0,0,0,0
,,,,,,,,,,,,,,,,,,,,,,,,,,,,,,,,,,,,,,,,,,,,,,,,,,,,,,,,,,,,,,,,,,,,,,,,,,,,,,,,,,,,,,,,,,,,,,,,,,,,,,,,,,,,,,,,,,,,,,,,,,,,,,,,,,,,,,,,,,,,,,,,,,,,,,,,,,,,,,,,,,,,,,,,,,,,,,,,,,,,,,,,,,,,,,,,,,,,,,,,,,,,,,,,,,,,,,,,,,,,,,,,,,,,,,,,,,,,,,,,,,,,,,,,,,,,,,,,
2,,,,,,,,,,,,,,,,,,,,,,,,,,,,,,,,,,,,,,,,,,,,,,,,,,,,,,,,,,,,,,,,,,,,,,,,,,,,,,,,,,,,,,,,,,,,,,,,,,,,,,,,,,,,,,,,,,,,,,,,,,,,,,,,,,,,,,,,,,,,,,,,,,,,,,,,,,,,,,,,,,,,,,,,,,,,,,,,,,,,,,,,,,,,,,,,,,,,,,,,,,,,,,,,,,,,,,,,,,,,,,,,,,,,,,,,,,,,,,,,,,,,,,,,,,,,,,,,
,0,1,2,3,4,5,6,7,8,9,10,11,12,13,14,15,16,17,18,19,20,21,22,23,24,25,26,27,28,29,30,31,32,33,34,35,36,37,38,39,40,41,42,43,44,45,46,47,48,49,50,51,52,53,54,55,56,57,58,59,60,61,62,63,61.37036133,,,,,,,,,,,,,,,,,,,,,,,,,,,,,,,,,,,,,,,,,,,,,,,,,,,,,,,,,,,,,,,,,,,,,,,,,,,,,,,,,,,,,,,,,,,,,,,,,,,,,,,,,,,,,,,,,,,,,,,,,,,,,,,,,,,,,,,,,,,,,,,,,,,,,,,,,,,,,,,,,,,,,,,,,,,,,,,,,,,,,,,,,,,,,,,
0,48,47,61,58,59,59,56,55,54,59,55,53,61,59,57,58,56,66,67,54,58,53,58,56,58,57,57,62,53,51,60,58,59,54,55,60,58,55,58,59,62,59,54,55,58,59,57,49,56,51,55,53,51,48,48,46,48,51,47,44,43,41,40,36,,,,,,,,,,,,,,,,,,,,,,,,,,,,,,,,,,,,,,,,,,,,,,,,,,,,,,,,,,,,,,,,,,,,,,,,,,,,,,,,,,,,,,,,,,,,,,,,,,,,,,,,,,,,,,,,,,,,,,,,,,,,,,,,,,,,,,,,,,,,,,,,,,,,,,,,,,,,,,,,,,,,,,,,,,,,,,,,,,,,,,,,,,,,,,,,
1,31,36,34,33,39,40,40,35,36,37,40,36,43,44,36,42,41,37,42,43,44,38,46,46,47,49,50,48,49,56,52,57,53,64,62,54,51,48,59,57,54,52,56,59,62,60,63,60,61,61,59,62,57,59,54,62,58,61,58,58,58,58,51,48,,,,,,,,,,,,,,,,,,,,,,,,,,,,,,,,,,,,,,,,,,,,,,,,,,,,,,,,,,,,,,,,,,,,,,,,,,,,,,,,,,,,,,,,,,,,,,,,,,,,,,,,,,,,,,,,,,,,,,,,,,,,,,,,,,,,,,,,,,,,,,,,,,,,,,,,,,,,,,,,,,,,,,,,,,,,,,,,,,,,,,,,,,,,,,,,
2,49,53,54,59,58,58,51,49,62,55,50,55,56,48,51,56,49,46,46,47,49,47,45,44,41,38,39,38,38,40,38,41,37,39,40,40,37,38,38,36,38,38,42,40,36,43,38,46,39,38,36,36,36,44,40,38,42,42,39,38,40,43,39,35,,,,,,,,,,,,,,,,,,,,,,,,,,,,,,,,,,,,,,,,,,,,,,,,,,,,,,,,,,,,,,,,,,,,,,,,,,,,,,,,,,,,,,,,,,,,,,,,,,,,,,,,,,,,,,,,,,,,,,,,,,,,,,,,,,,,,,,,,,,,,,,,,,,,,,,,,,,,,,,,,,,,,,,,,,,,,,,,,,,,,,,,,,,,,,,,
3,46,56,57,52,59,57,59,66,73,61,61,67,64,64,66,68,65,71,66,58,69,70,63,69,59,59,70,61,62,68,63,63,69,64,63,58,64,63,61,65,64,65,68,57,58,60,60,53,58,50,56,54,54,56,45,46,51,41,44,41,44,42,37,32,,,,,,,,,,,,,,,,,,,,,,,,,,,,,,,,,,,,,,,,,,,,,,,,,,,,,,,,,,,,,,,,,,,,,,,,,,,,,,,,,,,,,,,,,,,,,,,,,,,,,,,,,,,,,,,,,,,,,,,,,,,,,,,,,,,,,,,,,,,,,,,,,,,,,,,,,,,,,,,,,,,,,,,,,,,,,,,,,,,,,,,,,,,,,,,,
4,36,32,41,41,43,46,45,49,46,38,46,52,42,45,51,51,48,52,52,56,55,52,57,60,61,63,62,61,56,61,69,54,67,65,74,72,74,73,71,72,66,65,61,75,77,69,67,76,64,67,60,72,74,70,72,64,62,65,64,62,57,69,53,50,,,,,,,,,,,,,,,,,,,,,,,,,,,,,,,,,,,,,,,,,,,,,,,,,,,,,,,,,,,,,,,,,,,,,,,,,,,,,,,,,,,,,,,,,,,,,,,,,,,,,,,,,,,,,,,,,,,,,,,,,,,,,,,,,,,,,,,,,,,,,,,,,,,,,,,,,,,,,,,,,,,,,,,,,,,,,,,,,,,,,,,,,,,,,,,,
5,40,47,50,52,53,52,52,53,57,55,54,54,48,49,47,52,50,47,47,41,40,38,37,35,40,35,41,34,37,38,40,38,34,37,40,37,38,41,38,38,37,38,38,37,37,36,39,36,43,41,43,44,41,45,47,52,48,49,50,45,48,46,42,40,,,,,,,,,,,,,,,,,,,,,,,,,,,,,,,,,,,,,,,,,,,,,,,,,,,,,,,,,,,,,,,,,,,,,,,,,,,,,,,,,,,,,,,,,,,,,,,,,,,,,,,,,,,,,,,,,,,,,,,,,,,,,,,,,,,,,,,,,,,,,,,,,,,,,,,,,,,,,,,,,,,,,,,,,,,,,,,,,,,,,,,,,,,,,,,,
6,49,56,62,62,69,63,75,73,68,67,67,65,66,69,66,69,75,67,71,72,68,63,63,71,66,73,66,74,68,72,65,66,68,65,64,68,66,60,61,70,66,60,58,57,60,55,60,61,52,55,54,57,63,50,53,54,46,46,41,41,39,36,36,33,,,,,,,,,,,,,,,,,,,,,,,,,,,,,,,,,,,,,,,,,,,,,,,,,,,,,,,,,,,,,,,,,,,,,,,,,,,,,,,,,,,,,,,,,,,,,,,,,,,,,,,,,,,,,,,,,,,,,,,,,,,,,,,,,,,,,,,,,,,,,,,,,,,,,,,,,,,,,,,,,,,,,,,,,,,,,,,,,,,,,,,,,,,,,,,,
7,30,34,33,35,36,43,38,45,47,43,45,47,55,53,51,57,52,59,52,62,59,62,66,64,64,61,65,68,67,66,70,74,79,74,80,70,76,69,86,76,70,80,71,76,77,65,70,67,70,72,78,73,69,74,67,71,69,69,71,60,58,57,51,51,,,,,,,,,,,,,,,,,,,,,,,,,,,,,,,,,,,,,,,,,,,,,,,,,,,,,,,,,,,,,,,,,,,,,,,,,,,,,,,,,,,,,,,,,,,,,,,,,,,,,,,,,,,,,,,,,,,,,,,,,,,,,,,,,,,,,,,,,,,,,,,,,,,,,,,,,,,,,,,,,,,,,,,,,,,,,,,,,,,,,,,,,,,,,,,,
8,62,61,64,69,76,73,80,76,75,78,81,73,68,73,81,77,71,69,70,80,76,73,72,83,75,85,78,80,85,74,82,80,78,83,79,76,77,75,75,81,78,69,85,73,78,71,77,71,68,66,73,67,66,63,61,62,59,61,61,49,50,47,44,44,,,,,,,,,,,,,,,,,,,,,,,,,,,,,,,,,,,,,,,,,,,,,,,,,,,,,,,,,,,,,,,,,,,,,,,,,,,,,,,,,,,,,,,,,,,,,,,,,,,,,,,,,,,,,,,,,,,,,,,,,,,,,,,,,,,,,,,,,,,,,,,,,,,,,,,,,,,,,,,,,,,,,,,,,,,,,,,,,,,,,,,,,,,,,,,,
9,35,35,39,46,40,45,45,44,45,44,44,43,44,45,45,48,49,45,54,49,54,56,60,55,61,60,65,56,58,71,64,75,78,66,68,68,71,74,76,75,76,76,78,86,80,74,70,73,86,70,75,81,77,74,70,70,75,70,66,71,69,64,55,53,,,,,,,,,,,,,,,,,,,,,,,,,,,,,,,,,,,,,,,,,,,,,,,,,,,,,,,,,,,,,,,,,,,,,,,,,,,,,,,,,,,,,,,,,,,,,,,,,,,,,,,,,,,,,,,,,,,,,,,,,,,,,,,,,,,,,,,,,,,,,,,,,,,,,,,,,,,,,,,,,,,,,,,,,,,,,,,,,,,,,,,,,,,,,,,,
10,57,59,66,64,69,73,68,64,69,64,65,66,63,64,64,61,59,56,57,54,53,59,55,54,52,40,44,45,43,48,46,46,46,45,46,43,47,47,45,45,44,46,45,48,44,44,43,46,42,45,49,45,47,45,49,46,49,47,50,48,52,48,49,44,,,,,,,,,,,,,,,,,,,,,,,,,,,,,,,,,,,,,,,,,,,,,,,,,,,,,,,,,,,,,,,,,,,,,,,,,,,,,,,,,,,,,,,,,,,,,,,,,,,,,,,,,,,,,,,,,,,,,,,,,,,,,,,,,,,,,,,,,,,,,,,,,,,,,,,,,,,,,,,,,,,,,,,,,,,,,,,,,,,,,,,,,,,,,,,,
11,62,67,59,62,72,74,67,76,73,68,76,72,73,78,79,79,67,77,75,75,72,82,77,77,75,78,77,80,71,82,77,79,77,79,71,77,81,72,75,75,72,77,73,79,78,70,77,68,69,71,64,65,65,58,55,56,54,52,61,58,52,47,40,36,,,,,,,,,,,,,,,,,,,,,,,,,,,,,,,,,,,,,,,,,,,,,,,,,,,,,,,,,,,,,,,,,,,,,,,,,,,,,,,,,,,,,,,,,,,,,,,,,,,,,,,,,,,,,,,,,,,,,,,,,,,,,,,,,,,,,,,,,,,,,,,,,,,,,,,,,,,,,,,,,,,,,,,,,,,,,,,,,,,,,,,,,,,,,,,,
12,37,43,45,53,55,55,55,57,56,49,54,59,58,62,61,60,64,68,64,67,64,69,64,69,82,85,75,74,75,81,85,77,76,75,85,83,81,86,89,81,77,94,85,84,80,87,86,80,83,84,80,78,70,81,84,85,77,84,78,70,82,73,72,67,,,,,,,,,,,,,,,,,,,,,,,,,,,,,,,,,,,,,,,,,,,,,,,,,,,,,,,,,,,,,,,,,,,,,,,,,,,,,,,,,,,,,,,,,,,,,,,,,,,,,,,,,,,,,,,,,,,,,,,,,,,,,,,,,,,,,,,,,,,,,,,,,,,,,,,,,,,,,,,,,,,,,,,,,,,,,,,,,,,,,,,,,,,,,,,,
13,53,59,52,60,60,57,55,57,56,61,63,55,57,52,52,56,56,56,52,47,48,46,42,45,46,46,42,44,45,43,42,42,48,45,46,44,43,45,45,48,43,46,44,44,47,46,43,46,49,52,45,48,51,50,56,60,57,59,63,55,54,56,47,50,,,,,,,,,,,,,,,,,,,,,,,,,,,,,,,,,,,,,,,,,,,,,,,,,,,,,,,,,,,,,,,,,,,,,,,,,,,,,,,,,,,,,,,,,,,,,,,,,,,,,,,,,,,,,,,,,,,,,,,,,,,,,,,,,,,,,,,,,,,,,,,,,,,,,,,,,,,,,,,,,,,,,,,,,,,,,,,,,,,,,,,,,,,,,,,,
14,50,59,65,68,65,64,81,69,78,71,71,66,71,75,80,74,77,69,73,84,73,80,81,74,73,76,77,77,74,70,74,69,84,69,77,73,76,66,70,66,64,70,62,69,59,63,62,60,61,54,63,55,53,51,48,48,53,46,42,38,42,33,40,32,,,,,,,,,,,,,,,,,,,,,,,,,,,,,,,,,,,,,,,,,,,,,,,,,,,,,,,,,,,,,,,,,,,,,,,,,,,,,,,,,,,,,,,,,,,,,,,,,,,,,,,,,,,,,,,,,,,,,,,,,,,,,,,,,,,,,,,,,,,,,,,,,,,,,,,,,,,,,,,,,,,,,,,,,,,,,,,,,,,,,,,,,,,,,,,,
15,33,39,37,38,46,45,51,49,55,50,49,57,62,57,60,63,62,58,68,67,61,69,68,68,73,65,69,72,72,72,72,72,73,80,77,77,74,80,82,74,76,76,77,85,81,77,76,67,70,77,74,69,77,77,74,71,73,70,68,73,57,60,61,50,,,,,,,,,,,,,,,,,,,,,,,,,,,,,,,,,,,,,,,,,,,,,,,,,,,,,,,,,,,,,,,,,,,,,,,,,,,,,,,,,,,,,,,,,,,,,,,,,,,,,,,,,,,,,,,,,,,,,,,,,,,,,,,,,,,,,,,,,,,,,,,,,,,,,,,,,,,,,,,,,,,,,,,,,,,,,,,,,,,,,,,,,,,,,,,,
16,60,59,64,68,67,77,68,72,75,73,76,79,81,81,72,78,77,80,71,80,76,77,86,78,73,72,79,76,69,73,74,78,78,80,76,80,78,84,71,74,78,71,74,82,73,78,72,76,68,75,74,73,67,65,63,62,61,57,56,50,49,49,41,40,,,,,,,,,,,,,,,,,,,,,,,,,,,,,,,,,,,,,,,,,,,,,,,,,,,,,,,,,,,,,,,,,,,,,,,,,,,,,,,,,,,,,,,,,,,,,,,,,,,,,,,,,,,,,,,,,,,,,,,,,,,,,,,,,,,,,,,,,,,,,,,,,,,,,,,,,,,,,,,,,,,,,,,,,,,,,,,,,,,,,,,,,,,,,,,,
17,37,40,40,51,39,47,49,52,47,54,50,50,55,46,55,56,54,54,61,54,63,67,65,63,63,64,66,72,73,70,76,81,75,80,72,75,84,76,74,73,78,85,83,73,83,81,79,77,82,78,89,76,78,81,75,77,70,82,72,76,71,77,57,59,,,,,,,,,,,,,,,,,,,,,,,,,,,,,,,,,,,,,,,,,,,,,,,,,,,,,,,,,,,,,,,,,,,,,,,,,,,,,,,,,,,,,,,,,,,,,,,,,,,,,,,,,,,,,,,,,,,,,,,,,,,,,,,,,,,,,,,,,,,,,,,,,,,,,,,,,,,,,,,,,,,,,,,,,,,,,,,,,,,,,,,,,,,,,,,,
18,56,63,71,66,70,70,78,67,70,65,65,64,66,70,71,69,57,59,59,60,60,59,58,63,54,50,49,46,51,58,50,53,52,50,49,48,45,52,49,46,51,53,49,48,50,49,54,50,48,51,52,46,56,48,56,54,57,54,50,50,53,48,54,42,,,,,,,,,,,,,,,,,,,,,,,,,,,,,,,,,,,,,,,,,,,,,,,,,,,,,,,,,,,,,,,,,,,,,,,,,,,,,,,,,,,,,,,,,,,,,,,,,,,,,,,,,,,,,,,,,,,,,,,,,,,,,,,,,,,,,,,,,,,,,,,,,,,,,,,,,,,,,,,,,,,,,,,,,,,,,,,,,,,,,,,,,,,,,,,,
19,66,74,73,83,74,85,76,87,83,89,89,75,79,81,87,81,80,85,87,77,86,82,79,88,80,80,79,76,82,80,91,78,82,84,85,78,80,75,82,81,89,80,82,85,78,76,82,78,73,70,73,75,75,74,64,69,71,66,69,62,64,59,48,41,,,,,,,,,,,,,,,,,,,,,,,,,,,,,,,,,,,,,,,,,,,,,,,,,,,,,,,,,,,,,,,,,,,,,,,,,,,,,,,,,,,,,,,,,,,,,,,,,,,,,,,,,,,,,,,,,,,,,,,,,,,,,,,,,,,,,,,,,,,,,,,,,,,,,,,,,,,,,,,,,,,,,,,,,,,,,,,,,,,,,,,,,,,,,,,,
20,34,38,40,37,43,41,43,49,44,50,49,50,51,52,53,54,58,52,57,55,56,57,61,65,68,63,65,74,70,65,68,68,70,73,77,76,74,75,74,81,74,75,80,73,85,70,70,75,78,77,81,79,69,77,78,64,69,70,70,71,64,59,57,56,,,,,,,,,,,,,,,,,,,,,,,,,,,,,,,,,,,,,,,,,,,,,,,,,,,,,,,,,,,,,,,,,,,,,,,,,,,,,,,,,,,,,,,,,,,,,,,,,,,,,,,,,,,,,,,,,,,,,,,,,,,,,,,,,,,,,,,,,,,,,,,,,,,,,,,,,,,,,,,,,,,,,,,,,,,,,,,,,,,,,,,,,,,,,,,,
21,50,52,57,71,58,63,57,64,63,57,63,63,59,60,56,65,52,54,55,52,44,47,45,43,46,41,49,42,47,46,47,48,43,46,47,49,47,50,49,43,46,46,42,45,47,44,43,44,47,46,49,56,52,52,53,60,58,56,53,54,61,58,52,48,,,,,,,,,,,,,,,,,,,,,,,,,,,,,,,,,,,,,,,,,,,,,,,,,,,,,,,,,,,,,,,,,,,,,,,,,,,,,,,,,,,,,,,,,,,,,,,,,,,,,,,,,,,,,,,,,,,,,,,,,,,,,,,,,,,,,,,,,,,,,,,,,,,,,,,,,,,,,,,,,,,,,,,,,,,,,,,,,,,,,,,,,,,,,,,,
22,57,61,65,69,70,68,75,73,76,76,81,84,73,80,76,76,75,80,71,80,80,85,77,73,78,78,72,78,74,80,83,76,73,75,86,81,73,68,68,71,70,77,71,65,59,67,70,61,63,64,60,58,57,51,54,57,53,44,44,46,41,39,36,35,,,,,,,,,,,,,,,,,,,,,,,,,,,,,,,,,,,,,,,,,,,,,,,,,,,,,,,,,,,,,,,,,,,,,,,,,,,,,,,,,,,,,,,,,,,,,,,,,,,,,,,,,,,,,,,,,,,,,,,,,,,,,,,,,,,,,,,,,,,,,,,,,,,,,,,,,,,,,,,,,,,,,,,,,,,,,,,,,,,,,,,,,,,,,,,,
23,31,37,42,35,41,48,42,45,48,49,49,51,53,56,62,61,57,57,62,60,72,75,72,72,72,76,76,79,77,86,74,81,68,79,77,78,82,79,78,73,77,79,76,81,81,79,76,81,74,76,77,78,75,83,88,81,79,77,66,70,65,56,55,55,,,,,,,,,,,,,,,,,,,,,,,,,,,,,,,,,,,,,,,,,,,,,,,,,,,,,,,,,,,,,,,,,,,,,,,,,,,,,,,,,,,,,,,,,,,,,,,,,,,,,,,,,,,,,,,,,,,,,,,,,,,,,,,,,,,,,,,,,,,,,,,,,,,,,,,,,,,,,,,,,,,,,,,,,,,,,,,,,,,,,,,,,,,,,,,,
24,66,62,73,69,73,70,77,76,70,77,76,74,75,75,80,80,74,77,74,75,81,72,77,81,79,82,80,73,70,70,72,81,75,74,76,74,70,78,76,77,67,90,80,74,67,72,78,73,72,69,72,66,78,68,64,62,63,61,58,58,52,55,50,49,,,,,,,,,,,,,,,,,,,,,,,,,,,,,,,,,,,,,,,,,,,,,,,,,,,,,,,,,,,,,,,,,,,,,,,,,,,,,,,,,,,,,,,,,,,,,,,,,,,,,,,,,,,,,,,,,,,,,,,,,,,,,,,,,,,,,,,,,,,,,,,,,,,,,,,,,,,,,,,,,,,,,,,,,,,,,,,,,,,,,,,,,,,,,,,,
25,35,37,35,43,37,41,43,45,41,46,41,43,46,44,48,50,49,51,48,46,53,52,58,55,57,57,55,60,57,64,65,69,64,67,66,66,70,67,72,69,74,74,76,83,75,66,80,80,74,72,75,72,69,71,71,70,76,73,67,70,63,57,55,58,,,,,,,,,,,,,,,,,,,,,,,,,,,,,,,,,,,,,,,,,,,,,,,,,,,,,,,,,,,,,,,,,,,,,,,,,,,,,,,,,,,,,,,,,,,,,,,,,,,,,,,,,,,,,,,,,,,,,,,,,,,,,,,,,,,,,,,,,,,,,,,,,,,,,,,,,,,,,,,,,,,,,,,,,,,,,,,,,,,,,,,,,,,,,,,,
26,53,62,65,67,64,64,61,65,68,70,66,56,64,60,70,58,55,58,60,57,55,60,53,56,52,53,45,48,46,44,43,45,49,49,44,47,48,43,48,48,51,48,49,47,43,53,48,49,48,48,44,49,49,54,50,49,45,46,53,51,51,54,49,47,,,,,,,,,,,,,,,,,,,,,,,,,,,,,,,,,,,,,,,,,,,,,,,,,,,,,,,,,,,,,,,,,,,,,,,,,,,,,,,,,,,,,,,,,,,,,,,,,,,,,,,,,,,,,,,,,,,,,,,,,,,,,,,,,,,,,,,,,,,,,,,,,,,,,,,,,,,,,,,,,,,,,,,,,,,,,,,,,,,,,,,,,,,,,,,,
27,54,60,63,62,70,67,65,73,76,79,71,72,73,75,69,76,75,74,68,75,80,72,76,69,75,79,73,73,65,76,79,74,73,74,81,81,76,75,76,69,74,69,71,68,71,61,72,61,66,64,63,61,60,63,59,55,55,47,48,54,53,47,39,37,,,,,,,,,,,,,,,,,,,,,,,,,,,,,,,,,,,,,,,,,,,,,,,,,,,,,,,,,,,,,,,,,,,,,,,,,,,,,,,,,,,,,,,,,,,,,,,,,,,,,,,,,,,,,,,,,,,,,,,,,,,,,,,,,,,,,,,,,,,,,,,,,,,,,,,,,,,,,,,,,,,,,,,,,,,,,,,,,,,,,,,,,,,,,,,,
28,35,42,37,44,46,43,43,47,45,43,45,46,52,47,49,61,52,57,60,57,54,63,57,61,63,62,67,67,67,72,67,72,69,68,69,74,76,75,72,75,71,72,79,73,73,82,83,74,79,71,72,71,71,76,75,77,71,70,72,74,66,62,55,57,,,,,,,,,,,,,,,,,,,,,,,,,,,,,,,,,,,,,,,,,,,,,,,,,,,,,,,,,,,,,,,,,,,,,,,,,,,,,,,,,,,,,,,,,,,,,,,,,,,,,,,,,,,,,,,,,,,,,,,,,,,,,,,,,,,,,,,,,,,,,,,,,,,,,,,,,,,,,,,,,,,,,,,,,,,,,,,,,,,,,,,,,,,,,,,,
29,49,54,57,61,55,61,56,63,61,63,60,61,57,55,52,55,53,52,55,44,44,43,41,43,45,37,43,46,43,46,44,46,44,41,49,44,46,45,49,47,45,42,42,43,46,44,50,46,49,52,41,47,47,48,53,58,51,53,54,49,53,53,52,47,,,,,,,,,,,,,,,,,,,,,,,,,,,,,,,,,,,,,,,,,,,,,,,,,,,,,,,,,,,,,,,,,,,,,,,,,,,,,,,,,,,,,,,,,,,,,,,,,,,,,,,,,,,,,,,,,,,,,,,,,,,,,,,,,,,,,,,,,,,,,,,,,,,,,,,,,,,,,,,,,,,,,,,,,,,,,,,,,,,,,,,,,,,,,,,,
30,54,59,66,62,66,69,69,71,74,72,74,74,69,77,76,67,73,69,76,73,75,71,83,73,72,81,79,82,80,76,72,75,74,76,71,77,73,70,69,68,65,69,70,59,64,63,64,63,61,58,58,51,55,52,57,56,51,42,43,41,40,40,39,37,,,,,,,,,,,,,,,,,,,,,,,,,,,,,,,,,,,,,,,,,,,,,,,,,,,,,,,,,,,,,,,,,,,,,,,,,,,,,,,,,,,,,,,,,,,,,,,,,,,,,,,,,,,,,,,,,,,,,,,,,,,,,,,,,,,,,,,,,,,,,,,,,,,,,,,,,,,,,,,,,,,,,,,,,,,,,,,,,,,,,,,,,,,,,,,,
31,35,35,37,43,41,40,47,50,44,51,47,53,54,58,56,59,58,61,63,62,68,65,68,68,66,70,63,75,72,79,79,79,78,85,82,73,82,72,71,79,77,77,76,71,71,76,84,83,74,70,77,81,69,75,70,72,71,78,71,58,66,62,57,53,,,,,,,,,,,,,,,,,,,,,,,,,,,,,,,,,,,,,,,,,,,,,,,,,,,,,,,,,,,,,,,,,,,,,,,,,,,,,,,,,,,,,,,,,,,,,,,,,,,,,,,,,,,,,,,,,,,,,,,,,,,,,,,,,,,,,,,,,,,,,,,,,,,,,,,,,,,,,,,,,,,,,,,,,,,,,,,,,,,,,,,,,,,,,,,,
32,65,61,70,68,68,71,74,82,77,79,83,80,73,84,79,69,74,71,77,79,90,71,82,83,80,80,73,74,77,76,79,80,85,78,81,78,85,70,77,73,77,75,77,91,81,77,75,71,72,68,71,74,63,70,69,65,70,69,66,55,52,50,46,50,,,,,,,,,,,,,,,,,,,,,,,,,,,,,,,,,,,,,,,,,,,,,,,,,,,,,,,,,,,,,,,,,,,,,,,,,,,,,,,,,,,,,,,,,,,,,,,,,,,,,,,,,,,,,,,,,,,,,,,,,,,,,,,,,,,,,,,,,,,,,,,,,,,,,,,,,,,,,,,,,,,,,,,,,,,,,,,,,,,,,,,,,,,,,,,,
33,36,37,42,42,43,43,46,44,46,47,46,43,48,48,52,48,48,49,47,53,54,57,52,62,58,64,62,66,67,69,68,66,70,69,70,69,71,72,67,79,76,76,73,77,74,81,74,78,76,79,83,82,77,72,78,72,79,70,72,78,66,68,60,54,,,,,,,,,,,,,,,,,,,,,,,,,,,,,,,,,,,,,,,,,,,,,,,,,,,,,,,,,,,,,,,,,,,,,,,,,,,,,,,,,,,,,,,,,,,,,,,,,,,,,,,,,,,,,,,,,,,,,,,,,,,,,,,,,,,,,,,,,,,,,,,,,,,,,,,,,,,,,,,,,,,,,,,,,,,,,,,,,,,,,,,,,,,,,,,,
34,59,58,67,66,68,68,71,68,75,71,66,68,65,71,67,66,67,59,68,60,57,55,60,60,53,49,47,46,48,52,49,48,51,49,47,50,48,52,52,49,50,51,60,55,54,55,49,53,49,50,49,49,48,51,52,49,54,53,50,58,54,56,46,50,,,,,,,,,,,,,,,,,,,,,,,,,,,,,,,,,,,,,,,,,,,,,,,,,,,,,,,,,,,,,,,,,,,,,,,,,,,,,,,,,,,,,,,,,,,,,,,,,,,,,,,,,,,,,,,,,,,,,,,,,,,,,,,,,,,,,,,,,,,,,,,,,,,,,,,,,,,,,,,,,,,,,,,,,,,,,,,,,,,,,,,,,,,,,,,,
35,58,60,66,65,69,71,75,75,70,80,76,75,75,77,69,78,78,71,77,78,75,73,76,73,77,77,73,82,78,80,85,81,80,80,82,79,77,80,75,75,72,74,79,72,71,72,73,64,56,65,63,66,67,62,57,54,50,57,55,53,49,50,42,38,,,,,,,,,,,,,,,,,,,,,,,,,,,,,,,,,,,,,,,,,,,,,,,,,,,,,,,,,,,,,,,,,,,,,,,,,,,,,,,,,,,,,,,,,,,,,,,,,,,,,,,,,,,,,,,,,,,,,,,,,,,,,,,,,,,,,,,,,,,,,,,,,,,,,,,,,,,,,,,,,,,,,,,,,,,,,,,,,,,,,,,,,,,,,,,,
36,37,43,46,42,44,45,47,49,47,46,48,52,50,49,54,55,50,62,64,59,60,65,65,62,69,65,68,67,76,69,74,69,70,69,74,75,78,75,77,76,80,81,80,83,73,76,75,76,75,74,73,79,71,80,80,73,76,73,76,69,63,58,58,54,,,,,,,,,,,,,,,,,,,,,,,,,,,,,,,,,,,,,,,,,,,,,,,,,,,,,,,,,,,,,,,,,,,,,,,,,,,,,,,,,,,,,,,,,,,,,,,,,,,,,,,,,,,,,,,,,,,,,,,,,,,,,,,,,,,,,,,,,,,,,,,,,,,,,,,,,,,,,,,,,,,,,,,,,,,,,,,,,,,,,,,,,,,,,,,,
37,54,63,57,69,65,62,63,64,61,69,66,60,55,62,60,52,58,54,58,50,51,48,48,48,50,50,48,52,46,47,50,48,49,43,50,48,47,49,48,50,47,46,47,51,48,50,44,51,55,55,49,51,52,50,64,60,60,53,66,54,59,55,49,51,,,,,,,,,,,,,,,,,,,,,,,,,,,,,,,,,,,,,,,,,,,,,,,,,,,,,,,,,,,,,,,,,,,,,,,,,,,,,,,,,,,,,,,,,,,,,,,,,,,,,,,,,,,,,,,,,,,,,,,,,,,,,,,,,,,,,,,,,,,,,,,,,,,,,,,,,,,,,,,,,,,,,,,,,,,,,,,,,,,,,,,,,,,,,,,,
38,51,61,59,63,67,70,65,76,72,82,79,75,69,76,72,83,74,78,75,80,74,83,82,81,71,75,72,82,80,74,80,75,77,78,69,83,79,69,68,73,73,71,65,63,68,61,62,69,64,58,58,49,54,57,52,48,50,46,39,37,38,40,36,36,,,,,,,,,,,,,,,,,,,,,,,,,,,,,,,,,,,,,,,,,,,,,,,,,,,,,,,,,,,,,,,,,,,,,,,,,,,,,,,,,,,,,,,,,,,,,,,,,,,,,,,,,,,,,,,,,,,,,,,,,,,,,,,,,,,,,,,,,,,,,,,,,,,,,,,,,,,,,,,,,,,,,,,,,,,,,,,,,,,,,,,,,,,,,,,,
39,36,40,42,43,41,49,44,53,51,50,48,59,59,64,59,68,60,61,70,61,66,70,77,68,77,71,72,77,75,82,77,79,81,77,79,73,77,79,83,78,80,73,77,87,79,76,78,74,87,70,75,69,72,81,74,73,76,74,78,68,67,69,61,55,,,,,,,,,,,,,,,,,,,,,,,,,,,,,,,,,,,,,,,,,,,,,,,,,,,,,,,,,,,,,,,,,,,,,,,,,,,,,,,,,,,,,,,,,,,,,,,,,,,,,,,,,,,,,,,,,,,,,,,,,,,,,,,,,,,,,,,,,,,,,,,,,,,,,,,,,,,,,,,,,,,,,,,,,,,,,,,,,,,,,,,,,,,,,,,,
40,59,65,69,65,72,79,68,75,69,82,71,83,74,73,67,73,77,78,76,84,76,73,71,77,78,79,73,83,78,79,79,79,74,70,76,76,74,70,73,79,72,73,70,79,81,75,72,71,71,67,75,70,67,65,61,57,68,56,59,55,54,49,44,50,,,,,,,,,,,,,,,,,,,,,,,,,,,,,,,,,,,,,,,,,,,,,,,,,,,,,,,,,,,,,,,,,,,,,,,,,,,,,,,,,,,,,,,,,,,,,,,,,,,,,,,,,,,,,,,,,,,,,,,,,,,,,,,,,,,,,,,,,,,,,,,,,,,,,,,,,,,,,,,,,,,,,,,,,,,,,,,,,,,,,,,,,,,,,,,,
41,34,35,40,36,39,39,42,49,45,43,45,42,47,46,49,47,50,42,48,45,51,57,60,57,52,59,55,57,64,67,64,64,71,67,69,61,72,72,79,70,75,76,76,78,77,77,81,70,78,75,75,69,67,72,80,77,76,71,73,69,63,57,56,50,,,,,,,,,,,,,,,,,,,,,,,,,,,,,,,,,,,,,,,,,,,,,,,,,,,,,,,,,,,,,,,,,,,,,,,,,,,,,,,,,,,,,,,,,,,,,,,,,,,,,,,,,,,,,,,,,,,,,,,,,,,,,,,,,,,,,,,,,,,,,,,,,,,,,,,,,,,,,,,,,,,,,,,,,,,,,,,,,,,,,,,,,,,,,,,,
42,55,61,65,70,65,66,68,72,80,65,70,62,64,67,62,73,61,60,60,61,61,55,56,57,51,61,46,44,50,55,45,51,47,51,54,51,51,52,51,52,47,52,42,51,45,50,51,51,48,47,51,47,47,55,49,53,49,49,52,52,52,55,49,54,,,,,,,,,,,,,,,,,,,,,,,,,,,,,,,,,,,,,,,,,,,,,,,,,,,,,,,,,,,,,,,,,,,,,,,,,,,,,,,,,,,,,,,,,,,,,,,,,,,,,,,,,,,,,,,,,,,,,,,,,,,,,,,,,,,,,,,,,,,,,,,,,,,,,,,,,,,,,,,,,,,,,,,,,,,,,,,,,,,,,,,,,,,,,,,,
43,54,65,68,68,67,72,76,77,77,76,69,76,79,74,76,83,75,78,76,76,79,82,77,80,78,79,85,82,71,77,77,78,75,71,82,79,73,80,84,69,78,78,71,64,75,74,74,70,65,64,63,62,70,65,57,59,56,52,56,51,49,50,46,34,,,,,,,,,,,,,,,,,,,,,,,,,,,,,,,,,,,,,,,,,,,,,,,,,,,,,,,,,,,,,,,,,,,,,,,,,,,,,,,,,,,,,,,,,,,,,,,,,,,,,,,,,,,,,,,,,,,,,,,,,,,,,,,,,,,,,,,,,,,,,,,,,,,,,,,,,,,,,,,,,,,,,,,,,,,,,,,,,,,,,,,,,,,,,,,,
44,33,37,42,39,42,37,42,44,41,42,44,45,47,43,46,55,55,55,54,53,61,60,58,64,60,62,71,68,69,70,63,75,84,74,77,67,77,79,75,76,81,80,80,80,81,70,72,77,81,76,79,77,75,72,67,72,77,77,70,72,60,57,56,54,,,,,,,,,,,,,,,,,,,,,,,,,,,,,,,,,,,,,,,,,,,,,,,,,,,,,,,,,,,,,,,,,,,,,,,,,,,,,,,,,,,,,,,,,,,,,,,,,,,,,,,,,,,,,,,,,,,,,,,,,,,,,,,,,,,,,,,,,,,,,,,,,,,,,,,,,,,,,,,,,,,,,,,,,,,,,,,,,,,,,,,,,,,,,,,,
45,53,55,57,59,63,58,63,63,63,57,61,55,56,54,60,53,53,53,56,47,48,47,45,47,49,42,48,48,46,46,41,46,46,48,46,44,46,48,44,50,40,46,43,46,44,45,45,47,46,51,49,52,49,51,53,60,59,57,54,53,56,57,52,49,,,,,,,,,,,,,,,,,,,,,,,,,,,,,,,,,,,,,,,,,,,,,,,,,,,,,,,,,,,,,,,,,,,,,,,,,,,,,,,,,,,,,,,,,,,,,,,,,,,,,,,,,,,,,,,,,,,,,,,,,,,,,,,,,,,,,,,,,,,,,,,,,,,,,,,,,,,,,,,,,,,,,,,,,,,,,,,,,,,,,,,,,,,,,,,,
46,60,65,67,69,73,74,73,73,75,74,71,75,77,77,76,71,76,72,75,82,82,78,79,79,79,74,82,80,71,72,84,67,74,74,72,80,76,68,75,74,77,73,70,65,66,57,66,70,66,62,61,62,65,61,58,55,62,57,49,47,47,39,41,39,,,,,,,,,,,,,,,,,,,,,,,,,,,,,,,,,,,,,,,,,,,,,,,,,,,,,,,,,,,,,,,,,,,,,,,,,,,,,,,,,,,,,,,,,,,,,,,,,,,,,,,,,,,,,,,,,,,,,,,,,,,,,,,,,,,,,,,,,,,,,,,,,,,,,,,,,,,,,,,,,,,,,,,,,,,,,,,,,,,,,,,,,,,,,,,,
47,40,48,45,49,45,50,49,57,52,49,57,60,65,62,64,64,64,68,65,65,68,63,72,78,80,67,71,68,71,77,77,76,75,80,82,85,89,75,76,72,82,79,74,77,75,73,86,82,78,77,77,78,76,87,81,79,76,69,79,70,70,66,65,57,,,,,,,,,,,,,,,,,,,,,,,,,,,,,,,,,,,,,,,,,,,,,,,,,,,,,,,,,,,,,,,,,,,,,,,,,,,,,,,,,,,,,,,,,,,,,,,,,,,,,,,,,,,,,,,,,,,,,,,,,,,,,,,,,,,,,,,,,,,,,,,,,,,,,,,,,,,,,,,,,,,,,,,,,,,,,,,,,,,,,,,,,,,,,,,,
48,63,72,66,70,73,74,80,70,78,76,82,75,84,74,77,72,73,77,79,74,83,76,74,81,79,71,80,80,80,81,81,80,81,90,91,81,75,71,80,83,80,78,73,75,77,82,72,81,73,75,82,77,72,67,67,68,70,64,63,58,58,55,51,47,,,,,,,,,,,,,,,,,,,,,,,,,,,,,,,,,,,,,,,,,,,,,,,,,,,,,,,,,,,,,,,,,,,,,,,,,,,,,,,,,,,,,,,,,,,,,,,,,,,,,,,,,,,,,,,,,,,,,,,,,,,,,,,,,,,,,,,,,,,,,,,,,,,,,,,,,,,,,,,,,,,,,,,,,,,,,,,,,,,,,,,,,,,,,,,,
49,38,38,42,43,44,45,46,51,53,50,43,44,50,45,48,45,48,45,55,56,58,50,57,62,62,69,67,66,68,64,79,74,73,77,78,68,76,70,77,70,81,77,74,76,71,74,79,72,76,76,80,69,72,76,67,71,75,75,69,67,63,66,66,61,,,,,,,,,,,,,,,,,,,,,,,,,,,,,,,,,,,,,,,,,,,,,,,,,,,,,,,,,,,,,,,,,,,,,,,,,,,,,,,,,,,,,,,,,,,,,,,,,,,,,,,,,,,,,,,,,,,,,,,,,,,,,,,,,,,,,,,,,,,,,,,,,,,,,,,,,,,,,,,,,,,,,,,,,,,,,,,,,,,,,,,,,,,,,,,,
50,53,65,53,65,67,65,68,77,73,59,60,61,57,63,64,59,57,54,58,54,60,56,54,58,48,48,46,41,46,45,42,49,46,42,45,45,44,45,44,49,51,49,48,46,48,46,47,49,43,46,44,43,49,46,46,51,51,44,53,51,51,50,48,41,,,,,,,,,,,,,,,,,,,,,,,,,,,,,,,,,,,,,,,,,,,,,,,,,,,,,,,,,,,,,,,,,,,,,,,,,,,,,,,,,,,,,,,,,,,,,,,,,,,,,,,,,,,,,,,,,,,,,,,,,,,,,,,,,,,,,,,,,,,,,,,,,,,,,,,,,,,,,,,,,,,,,,,,,,,,,,,,,,,,,,,,,,,,,,,,
51,62,63,65,69,64,74,69,70,75,74,73,73,77,75,75,77,79,75,81,81,76,74,73,77,69,73,74,70,74,74,79,73,76,74,71,71,68,75,75,74,72,76,72,69,70,73,70,74,66,65,62,67,61,56,61,52,60,53,52,53,50,53,46,36,,,,,,,,,,,,,,,,,,,,,,,,,,,,,,,,,,,,,,,,,,,,,,,,,,,,,,,,,,,,,,,,,,,,,,,,,,,,,,,,,,,,,,,,,,,,,,,,,,,,,,,,,,,,,,,,,,,,,,,,,,,,,,,,,,,,,,,,,,,,,,,,,,,,,,,,,,,,,,,,,,,,,,,,,,,,,,,,,,,,,,,,,,,,,,,,
52,32,34,39,38,38,42,43,42,40,45,45,48,44,51,44,48,55,53,56,53,55,58,52,62,60,66,70,64,68,67,68,74,70,66,76,73,78,68,65,71,76,73,72,70,79,74,73,77,68,66,70,71,70,72,74,73,69,73,73,66,65,62,56,51,,,,,,,,,,,,,,,,,,,,,,,,,,,,,,,,,,,,,,,,,,,,,,,,,,,,,,,,,,,,,,,,,,,,,,,,,,,,,,,,,,,,,,,,,,,,,,,,,,,,,,,,,,,,,,,,,,,,,,,,,,,,,,,,,,,,,,,,,,,,,,,,,,,,,,,,,,,,,,,,,,,,,,,,,,,,,,,,,,,,,,,,,,,,,,,,
53,54,55,63,60,67,63,62,61,65,66,62,64,62,53,62,59,58,53,61,55,49,49,56,46,48,46,52,46,52,55,49,49,53,51,50,50,54,46,51,54,55,55,53,50,55,48,49,49,55,59,50,52,55,51,56,62,62,60,69,63,56,55,65,48,,,,,,,,,,,,,,,,,,,,,,,,,,,,,,,,,,,,,,,,,,,,,,,,,,,,,,,,,,,,,,,,,,,,,,,,,,,,,,,,,,,,,,,,,,,,,,,,,,,,,,,,,,,,,,,,,,,,,,,,,,,,,,,,,,,,,,,,,,,,,,,,,,,,,,,,,,,,,,,,,,,,,,,,,,,,,,,,,,,,,,,,,,,,,,,,
54,59,58,64,68,67,66,63,67,75,74,73,75,72,70,68,70,71,73,80,75,73,67,77,72,74,71,69,74,64,81,75,86,74,75,80,67,66,62,64,71,64,69,63,63,57,60,61,59,59,62,56,51,55,50,53,45,52,44,45,43,42,40,39,35,,,,,,,,,,,,,,,,,,,,,,,,,,,,,,,,,,,,,,,,,,,,,,,,,,,,,,,,,,,,,,,,,,,,,,,,,,,,,,,,,,,,,,,,,,,,,,,,,,,,,,,,,,,,,,,,,,,,,,,,,,,,,,,,,,,,,,,,,,,,,,,,,,,,,,,,,,,,,,,,,,,,,,,,,,,,,,,,,,,,,,,,,,,,,,,,
55,44,46,40,45,53,52,52,52,51,54,59,54,61,61,62,61,66,66,66,69,62,65,70,71,70,77,72,68,74,89,74,73,77,77,84,77,82,86,82,68,77,77,78,76,74,77,79,73,68,73,83,78,77,77,73,73,73,76,82,74,67,62,61,63,,,,,,,,,,,,,,,,,,,,,,,,,,,,,,,,,,,,,,,,,,,,,,,,,,,,,,,,,,,,,,,,,,,,,,,,,,,,,,,,,,,,,,,,,,,,,,,,,,,,,,,,,,,,,,,,,,,,,,,,,,,,,,,,,,,,,,,,,,,,,,,,,,,,,,,,,,,,,,,,,,,,,,,,,,,,,,,,,,,,,,,,,,,,,,,,
56,44,59,60,65,67,68,67,65,71,67,73,78,71,74,72,68,72,73,67,75,72,65,75,71,71,68,72,70,70,72,69,69,68,74,73,72,70,77,73,64,67,73,68,67,71,67,67,69,60,64,65,63,63,59,53,57,52,54,58,49,47,44,38,39,,,,,,,,,,,,,,,,,,,,,,,,,,,,,,,,,,,,,,,,,,,,,,,,,,,,,,,,,,,,,,,,,,,,,,,,,,,,,,,,,,,,,,,,,,,,,,,,,,,,,,,,,,,,,,,,,,,,,,,,,,,,,,,,,,,,,,,,,,,,,,,,,,,,,,,,,,,,,,,,,,,,,,,,,,,,,,,,,,,,,,,,,,,,,,,,
57,37,37,37,46,39,43,43,45,46,44,44,44,48,47,49,48,44,48,48,51,50,53,59,60,61,61,60,61,60,62,63,65,66,66,66,72,67,75,74,73,76,70,72,76,71,78,72,78,76,89,78,73,70,81,74,68,71,74,66,69,62,62,60,55,,,,,,,,,,,,,,,,,,,,,,,,,,,,,,,,,,,,,,,,,,,,,,,,,,,,,,,,,,,,,,,,,,,,,,,,,,,,,,,,,,,,,,,,,,,,,,,,,,,,,,,,,,,,,,,,,,,,,,,,,,,,,,,,,,,,,,,,,,,,,,,,,,,,,,,,,,,,,,,,,,,,,,,,,,,,,,,,,,,,,,,,,,,,,,,,
58,52,54,60,66,52,60,60,61,68,62,54,60,59,56,54,56,52,51,53,50,55,50,47,51,45,39,39,44,42,41,41,37,45,41,41,39,44,44,41,41,38,42,43,43,48,43,45,40,40,43,44,43,43,50,41,45,46,50,47,45,50,44,44,42,,,,,,,,,,,,,,,,,,,,,,,,,,,,,,,,,,,,,,,,,,,,,,,,,,,,,,,,,,,,,,,,,,,,,,,,,,,,,,,,,,,,,,,,,,,,,,,,,,,,,,,,,,,,,,,,,,,,,,,,,,,,,,,,,,,,,,,,,,,,,,,,,,,,,,,,,,,,,,,,,,,,,,,,,,,,,,,,,,,,,,,,,,,,,,,,
59,52,51,61,59,67,64,64,65,69,64,66,72,67,71,66,64,66,67,66,76,66,70,71,66,68,68,66,68,69,68,65,69,71,64,67,70,68,73,75,67,78,63,63,66,66,64,66,58,60,55,62,56,56,59,49,47,45,49,48,47,44,43,35,32,,,,,,,,,,,,,,,,,,,,,,,,,,,,,,,,,,,,,,,,,,,,,,,,,,,,,,,,,,,,,,,,,,,,,,,,,,,,,,,,,,,,,,,,,,,,,,,,,,,,,,,,,,,,,,,,,,,,,,,,,,,,,,,,,,,,,,,,,,,,,,,,,,,,,,,,,,,,,,,,,,,,,,,,,,,,,,,,,,,,,,,,,,,,,,,,
60,32,34,38,36,37,37,38,41,39,41,44,44,45,43,50,46,53,52,55,55,55,58,54,56,60,63,61,59,59,64,69,67,63,69,69,61,68,68,67,67,62,67,70,65,73,72,67,69,71,69,61,64,63,65,69,70,72,66,67,61,60,51,53,47,,,,,,,,,,,,,,,,,,,,,,,,,,,,,,,,,,,,,,,,,,,,,,,,,,,,,,,,,,,,,,,,,,,,,,,,,,,,,,,,,,,,,,,,,,,,,,,,,,,,,,,,,,,,,,,,,,,,,,,,,,,,,,,,,,,,,,,,,,,,,,,,,,,,,,,,,,,,,,,,,,,,,,,,,,,,,,,,,,,,,,,,,,,,,,,,
61,37,43,46,49,49,47,44,47,47,47,47,43,46,45,42,43,45,44,44,36,33,37,37,35,39,36,38,35,36,38,36,38,35,39,39,39,35,38,33,37,39,34,34,36,36,32,37,38,40,35,35,37,40,41,46,47,48,46,45,44,47,42,43,39,,,,,,,,,,,,,,,,,,,,,,,,,,,,,,,,,,,,,,,,,,,,,,,,,,,,,,,,,,,,,,,,,,,,,,,,,,,,,,,,,,,,,,,,,,,,,,,,,,,,,,,,,,,,,,,,,,,,,,,,,,,,,,,,,,,,,,,,,,,,,,,,,,,,,,,,,,,,,,,,,,,,,,,,,,,,,,,,,,,,,,,,,,,,,,,,
62,49,53,53,54,59,56,64,60,58,59,62,63,65,61,56,63,62,57,60,64,60,63,56,61,57,57,58,56,69,58,60,59,65,51,60,62,57,57,57,54,54,55,59,46,54,48,57,45,47,49,48,46,49,45,44,45,46,43,39,38,38,36,34,31,,,,,,,,,,,,,,,,,,,,,,,,,,,,,,,,,,,,,,,,,,,,,,,,,,,,,,,,,,,,,,,,,,,,,,,,,,,,,,,,,,,,,,,,,,,,,,,,,,,,,,,,,,,,,,,,,,,,,,,,,,,,,,,,,,,,,,,,,,,,,,,,,,,,,,,,,,,,,,,,,,,,,,,,,,,,,,,,,,,,,,,,,,,,,,,,
63,33,35,37,39,42,40,43,39,39,45,43,51,51,50,47,47,49,50,51,60,60,58,57,58,61,59,59,63,57,61,59,65,62,64,62,62,64,64,70,58,61,67,61,63,66,62,62,66,65,62,63,57,54,63,56,63,55,60,57,61,61,51,55,49,,,,,,,,,,,,,,,,,,,,,,,,,,,,,,,,,,,,,,,,,,,,,,,,,,,,,,,,,,,,,,,,,,,,,,,,,,,,,,,,,,,,,,,,,,,,,,,,,,,,,,,,,,,,,,,,,,,,,,,,,,,,,,,,,,,,,,,,,,,,,,,,,,,,,,,,,,,,,,,,,,,,,,,,,,,,,,,,,,,,,,,,,,,,,,,,
,,,,,,,,,,,,,,,,,,,,,,,,,,,,,,,,,,,,,,,,,,,,,,,,,,,,,,,,,,,,,,,,,,,,,,,,,,,,,,,,,,,,,,,,,,,,,,,,,,,,,,,,,,,,,,,,,,,,,,,,,,,,,,,,,,,,,,,,,,,,,,,,,,,,,,,,,,,,,,,,,,,,,,,,,,,,,,,,,,,,,,,,,,,,,,,,,,,,,,,,,,,,,,,,,,,,,,,,,,,,,,,,,,,,,,,,,,,,,,,,,,,,,,,,,,,,,,,,
value,0,1,2,3,4,5,6,7,8,9,10,11,12,13,14,15,16,17,18,19,20,21,22,23,24,25,26,27,28,29,30,31,32,33,34,35,36,37,38,39,40,41,42,43,44,45,46,47,48,49,50,51,52,53,54,55,56,57,58,59,60,61,62,63,64,65,66,67,68,69,70,71,72,73,74,75,76,77,78,79,80,81,82,83,84,85,86,87,88,89,90,91,92,93,94,95,96,97,98,99,100,101,102,103,104,105,106,107,108,109,110,111,112,113,114,115,116,117,118,119,120,121,122,123,124,125,126,127,128,129,130,131,132,133,134,135,136,137,138,139,140,141,142,143,144,145,146,147,148,149,150,151,152,153,154,155,156,157,158,159,160,161,162,163,164,165,166,167,168,169,170,171,172,173,174,175,176,177,178,179,180,181,182,183,184,185,186,187,188,189,190,191,192,193,194,195,196,197,198,199,200,201,202,203,204,205,206,207,208,209,210,211,212,213,214,215,216,217,218,219,220,221,222,223,224,225,226,227,228,229,230,231,232,233,234,235,236,237,238,239,240,241,242,243,244,245,246,247,248,249,250,251,252,253,254,255
count,0,0,0,0,0,0,0,0,0,0,0,0,0,0,0,0,0,0,0,0,0,0,0,0,0,0,0,0,0,0,1,3,7,9,12,24,32,42,43,38,40,45,50,73,82,83,105,86,93,111,82,80,85,77,83,92,72,94,76,79,87,94,85,86,87,86,91,93,95,112,115,104,109,128,119,115,118,127,82,75,78,61,46,28,18,22,12,7,2,8,3,3,0,0,1,0,0,0,0,0,0,0,0,0,0,0,0,0,0,0,0,0,0,0,0,0,0,0,0,0,0,0,0,0,0,0,0,0,0,0,0,0,0,0,0,0,0,0,0,0,0,0,0,0,0,0,0,0,0,0,0,0,0,0,0,0,0,0,0,0,0,0,0,0,0,0,0,0,0,0,0,0,0,0,0,0,0,0,0,0,0,0,0,0,0,0,0,0,0,0,0,0,0,0,0,0,0,0,0,0,0,0,0,0,0,0,0,0,0,0,0,0,0,0,0,0,0,0,0,0,0,0,0,0,0,0,0,0,0,0,0,0,0,0,0,0,0,0,0,0,0,0,0,0,0,0,0,0,0,0,0,0,0,0,0,0
,,,,,,,,,,,,,,,,,,,,,,,,,,,,,,,,,,,,,,,,,,,,,,,,,,,,,,,,,,,,,,,,,,,,,,,,,,,,,,,,,,,,,,,,,,,,,,,,,,,,,,,,,,,,,,,,,,,,,,,,,,,,,,,,,,,,,,,,,,,,,,,,,,,,,,,,,,,,,,,,,,,,,,,,,,,,,,,,,,,,,,,,,,,,,,,,,,,,,,,,,,,,,,,,,,,,,,,,,,,,,,,,,,,,,,,,,,,,,,,,,,,,,,,,,,,,,,,,
3,,,,,,,,,,,,,,,,,,,,,,,,,,,,,,,,,,,,,,,,,,,,,,,,,,,,,,,,,,,,,,,,,,,,,,,,,,,,,,,,,,,,,,,,,,,,,,,,,,,,,,,,,,,,,,,,,,,,,,,,,,,,,,,,,,,,,,,,,,,,,,,,,,,,,,,,,,,,,,,,,,,,,,,,,,,,,,,,,,,,,,,,,,,,,,,,,,,,,,,,,,,,,,,,,,,,,,,,,,,,,,,,,,,,,,,,,,,,,,,,,,,,,,,,,,,,,,,,
,0,1,2,3,4,5,6,7,8,9,10,11,12,13,14,15,16,17,18,19,20,21,22,23,24,25,26,27,28,29,30,31,32,33,34,35,36,37,38,39,40,41,42,43,44,45,46,47,48,49,50,51,52,53,54,55,56,57,58,59,60,61,62,63,61.43237305,,,,,,,,,,,,,,,,,,,,,,,,,,,,,,,,,,,,,,,,,,,,,,,,,,,,,,,,,,,,,,,,,,,,,,,,,,,,,,,,,,,,,,,,,,,,,,,,,,,,,,,,,,,,,,,,,,,,,,,,,,,,,,,,,,,,,,,,,,,,,,,,,,,,,,,,,,,,,,,,,,,,,,,,,,,,,,,,,,,,,,,,,,,,,,,
0,45,47,58,56,60,55,57,51,49,55,59,55,58,59,58,61,59,64,63,56,57,50,58,57,63,57,58,63,55,54,64,58,56,57,58,62,59,57,56,60,61,62,56,57,62,59,56,47,55,51,57,52,49,49,49,47,48,51,46,46,43,43,40,36,,,,,,,,,,,,,,,,,,,,,,,,,,,,,,,,,,,,,,,,,,,,,,,,,,,,,,,,,,,,,,,,,,,,,,,,,,,,,,,,,,,,,,,,,,,,,,,,,,,,,,,,,,,,,,,,,,,,,,,,,,,,,,,,,,,,,,,,,,,,,,,,,,,,,,,,,,,,,,,,,,,,,,,,,,,,,,,,,,,,,,,,,,,,,,,,
1,34,32,34,34,41,39,38,34,37,37,40,37,43,43,34,41,41,37,39,44,43,40,49,47,47,47,48,48,51,53,54,55,51,61,61,54,53,53,58,57,54,51,59,57,65,62,66,57,59,61,58,61,62,57,57,61,52,59,58,55,57,53,48,45,,,,,,,,,,,,,,,,,,,,,,,,,,,,,,,,,,,,,,,,,,,,,,,,,,,,,,,,,,,,,,,,,,,,,,,,,,,,,,,,,,,,,,,,,,,,,,,,,,,,,,,,,,,,,,,,,,,,,,,,,,,,,,,,,,,,,,,,,,,,,,,,,,,,,,,,,,,,,,,,,,,,,,,,,,,,,,,,,,,,,,,,,,,,,,,,
2,52,52,55,58,60,60,51,50,60,53,51,56,52,47,51,57,46,46,46,43,48,47,47,44,41,38,43,40,39,37,38,39,39,40,40,41,37,37,36,36,37,41,42,37,36,42,38,47,38,39,37,36,36,41,38,38,42,40,41,43,39,38,37,37,,,,,,,,,,,,,,,,,,,,,,,,,,,,,,,,,,,,,,,,,,,,,,,,,,,,,,,,,,,,,,,,,,,,,,,,,,,,,,,,,,,,,,,,,,,,,,,,,,,,,,,,,,,,,,,,,,,,,,,,,,,,,,,,,,,,,,,,,,,,,,,,,,,,,,,,,,,,,,,,,,,,,,,,,,,,,,,,,,,,,,,,,,,,,,,,
3,46,52,58,54,59,56,61,67,69,61,63,67,64,65,62,72,65,65,66,60,64,65,62,68,59,63,69,67,61,66,62,62,66,62,63,59,68,68,62,63,62,67,65,60,62,63,60,53,60,55,53,53,53,56,46,45,48,40,43,44,40,40,36,32,,,,,,,,,,,,,,,,,,,,,,,,,,,,,,,,,,,,,,,,,,,,,,,,,,,,,,,,,,,,,,,,,,,,,,,,,,,,,,,,,,,,,,,,,,,,,,,,,,,,,,,,,,,,,,,,,,,,,,,,,,,,,,,,,,,,,,,,,,,,,,,,,,,,,,,,,,,,,,,,,,,,,,,,,,,,,,,,,,,,,,,,,,,,,,,,
4,39,35,40,37,43,45,46,51,42,40,42,49,44,49,53,51,51,54,52,54,54,56,58,59,60,63,63,62,63,60,67,58,65,69,74,71,69,73,68,74,69,68,63,74,78,69,68,74,61,67,60,70,75,69,66,63,63,66,68,62,60,65,54,50,,,,,,,,,,,,,,,,,,,,,,,,,,,,,,,,,,,,,,,,,,,,,,,,,,,,,,,,,,,,,,,,,,,,,,,,,,,,,,,,,,,,,,,,,,,,,,,,,,,,,,,,,,,,,,,,,,,,,,,,,,,,,,,,,,,,,,,,,,,,,,,,,,,,,,,,,,,,,,,,,,,,,,,,,,,,,,,,,,,,,,,,,,,,,,,,
5,42,48,56,53,52,51,54,52,59,55,54,51,45,48,47,51,50,47,46,40,40,38,37,31,37,37,43,36,40,39,40,37,38,37,38,36,37,42,41,40,34,40,40,37,36,36,38,36,45,39,41,45,43,45,49,50,48,51,47,46,51,46,42,41,,,,,,,,,,,,,,,,,,,,,,,,,,,,,,,,,,,,,,,,,,,,,,,,,,,,,,,,,,,,,,,,,,,,,,,,,,,,,,,,,,,,,,,,,,,,,,,,,,,,,,,,,,,,,,,,,,,,,,,,,,,,,,,,,,,,,,,,,,,,,,,,,,,,,,,,,,,,,,,,,,,,,,,,,,,,,,,,,,,,,,,,,,,,,,,,
6,50,58,64,62,69,65,72,74,68,70,69,68,68,69,66,72,69,67,72,70,72,67,65,71,68,77,65,74,66,76,68,68,68,71,64,67,63,58,60,65,70,63,59,58,61,55,59,59,52,54,50,58,64,49,52,53,49,49,42,41,40,36,36,32,,,,,,,,,,,,,,,,,,,,,,,,,,,,,,,,,,,,,,,,,,,,,,,,,,,,,,,,,,,,,,,,,,,,,,,,,,,,,,,,,,,,,,,,,,,,,,,,,,,,,,,,,,,,,,,,,,,,,,,,,,,,,,,,,,,,,,,,,,,,,,,,,,,,,,,,,,,,,,,,,,,,,,,,,,,,,,,,,,,,,,,,,,,,,,,,
7,29,33,34,37,34,39,41,42,46,47,45,49,51,51,52,56,56,60,54,61,56,68,64,63,69,62,63,75,66,68,72,77,79,72,76,71,71,73,84,72,69,86,75,80,72,71,74,73,66,68,79,70,67,79,64,73,67,70,74,65,57,57,51,51,,,,,,,,,,,,,,,,,,,,,,,,,,,,,,,,,,,,,,,,,,,,,,,,,,,,,,,,,,,,,,,,,,,,,,,,,,,,,,,,,,,,,,,,,,,,,,,,,,,,,,,,,,,,,,,,,,,,,,,,,,,,,,,,,,,,,,,,,,,,,,,,,,,,,,,,,,,,,,,,,,,,,,,,,,,,,,,,,,,,,,,,,,,,,,,,
8,57,64,67,74,78,75,76,81,76,77,84,75,72,76,76,75,76,74,73,74,74,74,74,80,83,86,73,76,84,77,82,76,76,80,78,77,77,76,77,77,76,77,79,72,78,75,81,73,68,65,72,70,67,63,64,64,62,61,63,49,52,48,44,44,,,,,,,,,,,,,,,,,,,,,,,,,,,,,,,,,,,,,,,,,,,,,,,,,,,,,,,,,,,,,,,,,,,,,,,,,,,,,,,,,,,,,,,,,,,,,,,,,,,,,,,,,,,,,,,,,,,,,,,,,,,,,,,,,,,,,,,,,,,,,,,,,,,,,,,,,,,,,,,,,,,,,,,,,,,,,,,,,,,,,,,,,,,,,,,,
9,34,34,39,44,42,42,45,41,44,43,44,43,42,45,45,47,49,49,55,49,51,57,58,57,59,60,64,58,60,69,64,74,73,62,65,72,76,76,79,78,78,78,73,89,84,75,73,72,81,71,72,81,79,76,73,70,72,68,65,70,60,62,54,52,,,,,,,,,,,,,,,,,,,,,,,,,,,,,,,,,,,,,,,,,,,,,,,,,,,,,,,,,,,,,,,,,,,,,,,,,,,,,,,,,,,,,,,,,,,,,,,,,,,,,,,,,,,,,,,,,,,,,,,,,,,,,,,,,,,,,,,,,,,,,,,,,,,,,,,,,,,,,,,,,,,,,,,,,,,,,,,,,,,,,,,,,,,,,,,,
10,58,61,64,63,70,70,67,61,73,65,64,65,64,66,62,63,57,56,58,53,54,57,56,53,53,41,46,43,42,45,45,44,45,44,45,44,45,46,46,46,44,40,45,45,46,44,45,47,44,46,50,47,45,44,49,49,49,51,52,49,50,50,49,47,,,,,,,,,,,,,,,,,,,,,,,,,,,,,,,,,,,,,,,,,,,,,,,,,,,,,,,,,,,,,,,,,,,,,,,,,,,,,,,,,,,,,,,,,,,,,,,,,,,,,,,,,,,,,,,,,,,,,,,,,,,,,,,,,,,,,,,,,,,,,,,,,,,,,,,,,,,,,,,,,,,,,,,,,,,,,,,,,,,,,,,,,,,,,,,,
11,58,65,61,61,73,79,71,75,74,67,79,77,76,81,75,75,66,76,72,77,73,83,77,77,76,74,79,82,69,80,72,76,77,78,76,80,80,72,71,77,73,75,68,75,78,72,73,64,69,68,60,66,62,63,59,53,54,51,65,60,51,47,41,33,,,,,,,,,,,,,,,,,,,,,,,,,,,,,,,,,,,,,,,,,,,,,,,,,,,,,,,,,,,,,,,,,,,,,,,,,,,,,,,,,,,,,,,,,,,,,,,,,,,,,,,,,,,,,,,,,,,,,,,,,,,,,,,,,,,,,,,,,,,,,,,,,,,,,,,,,,,,,,,,,,,,,,,,,,,,,,,,,,,,,,,,,,,,,,,,
12,39,39,44,53,58,53,54,58,57,48,54,59,58,63,61,57,63,69,67,68,60,73,66,70,80,82,76,76,76,77,81,75,79,76,86,80,78,86,84,82,73,95,85,83,80,90,84,84,82,78,81,78,72,82,81,77,78,83,82,70,81,70,71,67,,,,,,,,,,,,,,,,,,,,,,,,,,,,,,,,,,,,,,,,,,,,,,,,,,,,,,,,,,,,,,,,,,,,,,,,,,,,,,,,,,,,,,,,,,,,,,,,,,,,,,,,,,,,,,,,,,,,,,,,,,,,,,,,,,,,,,,,,,,,,,,,,,,,,,,,,,,,,,,,,,,,,,,,,,,,,,,,,,,,,,,,,,,,,,,,
13,54,59,56,64,61,56,56,55,58,63,62,56,55,52,52,55,55,57,50,48,45,48,43,43,44,43,45,43,43,46,40,41,49,41,44,43,45,46,46,49,45,44,44,42,45,45,43,47,48,50,45,49,54,51,56,59,56,59,59,60,54,56,47,53,,,,,,,,,,,,,,,,,,,,,,,,,,,,,,,,,,,,,,,,,,,,,,,,,,,,,,,,,,,,,,,,,,,,,,,,,,,,,,,,,,,,,,,,,,,,,,,,,,,,,,,,,,,,,,,,,,,,,,,,,,,,,,,,,,,,,,,,,,,,,,,,,,,,,,,,,,,,,,,,,,,,,,,,,,,,,,,,,,,,,,,,,,,,,,,,
14,50,61,61,72,65,67,78,69,79,70,74,67,74,74,82,79,81,71,75,82,74,77,78,71,72,75,80,77,78,69,75,70,80,68,77,74,75,65,70,61,66,72,57,66,57,66,62,60,60,55,64,51,58,51,48,48,51,44,41,37,40,34,38,33,,,,,,,,,,,,,,,,,,,,,,,,,,,,,,,,,,,,,,,,,,,,,,,,,,,,,,,,,,,,,,,,,,,,,,,,,,,,,,,,,,,,,,,,,,,,,,,,,,,,,,,,,,,,,,,,,,,,,,,,,,,,,,,,,,,,,,,,,,,,,,,,,,,,,,,,,,,,,,,,,,,,,,,,,,,,,,,,,,,,,,,,,,,,,,,,
15,32,37,37,39,45,44,49,46,54,51,45,53,55,59,58,60,63,58,65,68,60,71,67,65,74,69,70,73,76,74,72,74,70,80,75,74,78,80,79,75,82,78,79,89,82,79,77,75,73,72,69,70,75,75,77,73,70,73,67,73,59,60,59,54,,,,,,,,,,,,,,,,,,,,,,,,,,,,,,,,,,,,,,,,,,,,,,,,,,,,,,,,,,,,,,,,,,,,,,,,,,,,,,,,,,,,,,,,,,,,,,,,,,,,,,,,,,,,,,,,,,,,,,,,,,,,,,,,,,,,,,,,,,,,,,,,,,,,,,,,,,,,,,,,,,,,,,,,,,,,,,,,,,,,,,,,,,,,,,,,
16,58,59,61,69,69,78,73,74,72,74,79,77,81,79,72,81,76,78,71,81,78,78,86,79,71,76,80,78,72,77,76,82,74,78,76,80,77,81,72,75,78,72,73,89,75,74,68,73,67,71,71,72,65,65,64,62,60,54,55,52,50,49,43,39,,,,,,,,,,,,,,,,,,,,,,,,,,,,,,,,,,,,,,,,,,,,,,,,,,,,,,,,,,,,,,,,,,,,,,,,,,,,,,,,,,,,,,,,,,,,,,,,,,,,,,,,,,,,,,,,,,,,,,,,,,,,,,,,,,,,,,,,,,,,,,,,,,,,,,,,,,,,,,,,,,,,,,,,,,,,,,,,,,,,,,,,,,,,,,,,
17,37,42,44,50,45,48,47,53,50,57,46,49,56,47,52,54,53,56,57,55,63,66,63,61,61,62,66,70,73,69,80,80,77,76,72,74,81,72,73,73,76,85,85,78,81,83,84,75,84,77,83,75,79,79,72,76,71,82,71,74,70,69,56,57,,,,,,,,,,,,,,,,,,,,,,,,,,,,,,,,,,,,,,,,,,,,,,,,,,,,,,,,,,,,,,,,,,,,,,,,,,,,,,,,,,,,,,,,,,,,,,,,,,,,,,,,,,,,,,,,,,,,,,,,,,,,,,,,,,,,,,,,,,,,,,,,,,,,,,,,,,,,,,,,,,,,,,,,,,,,,,,,,,,,,,,,,,,,,,,,
18,57,63,66,69,73,70,77,68,72,66,63,63,67,67,74,68,56,57,55,60,62,59,59,64,54,50,48,50,52,58,50,53,52,50,45,48,45,49,48,50,52,53,49,52,49,49,53,49,53,53,50,49,54,49,57,55,55,53,49,52,56,49,54,43,,,,,,,,,,,,,,,,,,,,,,,,,,,,,,,,,,,,,,,,,,,,,,,,,,,,,,,,,,,,,,,,,,,,,,,,,,,,,,,,,,,,,,,,,,,,,,,,,,,,,,,,,,,,,,,,,,,,,,,,,,,,,,,,,,,,,,,,,,,,,,,,,,,,,,,,,,,,,,,,,,,,,,,,,,,,,,,,,,,,,,,,,,,,,,,,
19,61,79,76,84,77,84,76,83,78,89,84,79,82,83,89,79,80,84,85,77,86,78,82,88,77,77,74,76,84,83,89,83,83,80,86,78,82,80,78,83,94,79,81,84,78,75,86,80,72,72,73,76,73,77,64,67,74,68,68,64,64,58,48,43,,,,,,,,,,,,,,,,,,,,,,,,,,,,,,,,,,,,,,,,,,,,,,,,,,,,,,,,,,,,,,,,,,,,,,,,,,,,,,,,,,,,,,,,,,,,,,,,,,,,,,,,,,,,,,,,,,,,,,,,,,,,,,,,,,,,,,,,,,,,,,,,,,,,,,,,,,,,,,,,,,,,,,,,,,,,,,,,,,,,,,,,,,,,,,,,
20,35,35,39,39,40,40,47,49,40,47,49,53,52,50,52,50,58,52,56,57,58,60,63,65,67,63,66,72,72,67,69,71,71,72,75,75,72,79,75,85,77,77,79,75,77,75,71,73,78,79,80,77,71,79,80,69,72,68,71,71,64,62,59,52,,,,,,,,,,,,,,,,,,,,,,,,,,,,,,,,,,,,,,,,,,,,,,,,,,,,,,,,,,,,,,,,,,,,,,,,,,,,,,,,,,,,,,,,,,,,,,,,,,,,,,,,,,,,,,,,,,,,,,,,,,,,,,,,,,,,,,,,,,,,,,,,,,,,,,,,,,,,,,,,,,,,,,,,,,,,,,,,,,,,,,,,,,,,,,,,
21,53,55,56,68,59,60,56,61,64,56,61,59,57,59,58,63,51,55,55,51,45,47,47,43,43,41,47,46,48,47,49,48,45,45,49,48,45,49,48,47,48,46,43,39,48,45,42,47,47,48,50,55,49,55,54,65,60,56,50,55,61,56,52,48,,,,,,,,,,,,,,,,,,,,,,,,,,,,,,,,,,,,,,,,,,,,,,,,,,,,,,,,,,,,,,,,,,,,,,,,,,,,,,,,,,,,,,,,,,,,,,,,,,,,,,,,,,,,,,,,,,,,,,,,,,,,,,,,,,,,,,,,,,,,,,,,,,,,,,,,,,,,,,,,,,,,,,,,,,,,,,,,,,,,,,,,,,,,,,,,
22,58,62,63,71,73,71,70,72,73,74,86,87,73,79,72,77,70,78,76,77,80,85,77,72,78,82,74,79,78,86,82,79,72,71,87,81,75,75,71,69,72,72,68,64,64,61,65,61,63,63,56,60,58,53,51,58,52,45,43,49,40,38,35,36,,,,,,,,,,,,,,,,,,,,,,,,,,,,,,,,,,,,,,,,,,,,,,,,,,,,,,,,,,,,,,,,,,,,,,,,,,,,,,,,,,,,,,,,,,,,,,,,,,,,,,,,,,,,,,,,,,,,,,,,,,,,,,,,,,,,,,,,,,,,,,,,,,,,,,,,,,,,,,,,,,,,,,,,,,,,,,,,,,,,,,,,,,,,,,,,
23,32,37,37,36,38,48,43,46,49,51,49,53,50,55,61,58,59,59,59,59,68,69,70,73,68,78,79,77,80,82,77,82,74,76,72,80,82,80,79,77,74,77,77,78,78,75,77,75,75,78,73,73,74,84,85,80,76,75,73,64,63,57,58,53,,,,,,,,,,,,,,,,,,,,,,,,,,,,,,,,,,,,,,,,,,,,,,,,,,,,,,,,,,,,,,,,,,,,,,,,,,,,,,,,,,,,,,,,,,,,,,,,,,,,,,,,,,,,,,,,,,,,,,,,,,,,,,,,,,,,,,,,,,,,,,,,,,,,,,,,,,,,,,,,,,,,,,,,,,,,,,,,,,,,,,,,,,,,,,,,
24,65,61,73,70,76,75,76,77,72,75,79,75,72,77,74,83,75,74,79,77,80,75,76,78,80,80,80,71,72,73,75,83,73,77,71,74,66,77,76,77,67,87,76,72,70,70,80,72,70,68,70,68,78,67,67,64,68,60,59,54,51,53,50,48,,,,,,,,,,,,,,,,,,,,,,,,,,,,,,,,,,,,,,,,,,,,,,,,,,,,,,,,,,,,,,,,,,,,,,,,,,,,,,,,,,,,,,,,,,,,,,,,,,,,,,,,,,,,,,,,,,,,,,,,,,,,,,,,,,,,,,,,,,,,,,,,,,,,,,,,,,,,,,,,,,,,,,,,,,,,,,,,,,,,,,,,,,,,,,,,
25,36,35,35,43,42,40,45,42,42,45,42,45,44,44,46,50,52,48,48,45,50,51,54,59,58,59,59,63,58,65,66,72,63,71,70,66,72,68,71,70,77,75,78,82,78,68,78,76,74,73,77,75,76,70,74,72,75,70,69,69,66,58,59,56,,,,,,,,,,,,,,,,,,,,,,,,,,,,,,,,,,,,,,,,,,,,,,,,,,,,,,,,,,,,,,,,,,,,,,,,,,,,,,,,,,,,,,,,,,,,,,,,,,,,,,,,,,,,,,,,,,,,,,,,,,,,,,,,,,,,,,,,,,,,,,,,,,,,,,,,,,,,,,,,,,,,,,,,,,,,,,,,,,,,,,,,,,,,,,,,
26,54,60,69,64,69,67,65,65,67,66,63,55,64,61,71,60,58,55,59,55,53,59,52,58,51,49,46,48,47,42,44,48,45,50,43,42,53,43,47,45,50,48,48,45,47,46,47,48,46,46,44,52,47,53,51,50,46,47,55,51,54,50,47,47,,,,,,,,,,,,,,,,,,,,,,,,,,,,,,,,,,,,,,,,,,,,,,,,,,,,,,,,,,,,,,,,,,,,,,,,,,,,,,,,,,,,,,,,,,,,,,,,,,,,,,,,,,,,,,,,,,,,,,,,,,,,,,,,,,,,,,,,,,,,,,,,,,,,,,,,,,,,,,,,,,,,,,,,,,,,,,,,,,,,,,,,,,,,,,,,
27,54,60,63,63,68,67,68,75,78,81,70,77,76,72,72,72,77,76,68,72,77,70,69,72,76,80,73,70,69,72,75,74,76,71,85,82,78,75,80,73,76,70,69,68,69,63,68,63,65,59,63,61,60,62,58,53,54,49,52,55,52,45,40,35,,,,,,,,,,,,,,,,,,,,,,,,,,,,,,,,,,,,,,,,,,,,,,,,,,,,,,,,,,,,,,,,,,,,,,,,,,,,,,,,,,,,,,,,,,,,,,,,,,,,,,,,,,,,,,,,,,,,,,,,,,,,,,,,,,,,,,,,,,,,,,,,,,,,,,,,,,,,,,,,,,,,,,,,,,,,,,,,,,,,,,,,,,,,,,,,
28,39,40,36,44,46,41,47,48,47,42,47,49,49,48,53,57,53,58,56,59,56,63,62,60,65,64,71,69,66,69,69,69,66,69,72,73,79,72,72,75,81,77,82,74,73,79,82,74,73,72,68,75,70,74,73,74,80,67,71,74,65,60,55,56,,,,,,,,,,,,,,,,,,,,,,,,,,,,,,,,,,,,,,,,,,,,,,,,,,,,,,,,,,,,,,,,,,,,,,,,,,,,,,,,,,,,,,,,,,,,,,,,,,,,,,,,,,,,,,,,,,,,,,,,,,,,,,,,,,,,,,,,,,,,,,,,,,,,,,,,,,,,,,,,,,,,,,,,,,,,,,,,,,,,,,,,,,,,,,,,
29,49,50,56,62,60,59,54,60,65,60,60,60,57,54,54,55,53,54,54,49,45,43,42,41,46,39,45,47,46,49,48,47,44,40,48,44,49,45,46,44,43,46,44,44,45,43,51,47,48,50,45,47,46,50,57,58,52,54,53,54,51,54,52,46,,,,,,,,,,,,,,,,,,,,,,,,,,,,,,,,,,,,,,,,,,,,,,,,,,,,,,,,,,,,,,,,,,,,,,,,,,,,,,,,,,,,,,,,,,,,,,,,,,,,,,,,,,,,,,,,,,,,,,,,,,,,,,,,,,,,,,,,,,,,,,,,,,,,,,,,,,,,,,,,,,,,,,,,,,,,,,,,,,,,,,,,,,,,,,,,
30,51,60,64,67,72,70,69,72,78,72,77,77,66,75,80,71,77,75,75,75,73,74,83,76,75,81,79,75,79,79,74,75,73,76,71,73,69,71,71,67,68,67,67,61,64,62,63,60,60,58,57,55,56,49,55,55,50,43,45,44,41,37,39,34,,,,,,,,,,,,,,,,,,,,,,,,,,,,,,,,,,,,,,,,,,,,,,,,,,,,,,,,,,,,,,,,,,,,,,,,,,,,,,,,,,,,,,,,,,,,,,,,,,,,,,,,,,,,,,,,,,,,,,,,,,,,,,,,,,,,,,,,,,,,,,,,,,,,,,,,,,,,,,,,,,,,,,,,,,,,,,,,,,,,,,,,,,,,,,,,
31,35,36,36,43,42,40,48,48,48,48,47,56,51,59,56,60,61,64,65,66,66,70,69,71,68,72,69,72,75,78,83,79,81,85,76,79,82,74,79,80,76,74,73,72,73,78,85,81,76,70,74,83,67,75,72,72,69,82,69,63,62,61,57,54,,,,,,,,,,,,,,,,,,,,,,,,,,,,,,,,,,,,,,,,,,,,,,,,,,,,,,,,,,,,,,,,,,,,,,,,,,,,,,,,,,,,,,,,,,,,,,,,,,,,,,,,,,,,,,,,,,,,,,,,,,,,,,,,,,,,,,,,,,,,,,,,,,,,,,,,,,,,,,,,,,,,,,,,,,,,,,,,,,,,,,,,,,,,,,,,
32,66,58,67,73,72,73,81,81,82,76,82,76,75,83,75,69,73,72,82,75,88,76,81,81,82,74,73,73,77,77,78,82,80,75,76,80,80,73,79,78,78,75,78,86,81,77,77,71,71,68,72,74,61,69,72,64,71,69,69,59,52,48,47,48,,,,,,,,,,,,,,,,,,,,,,,,,,,,,,,,,,,,,,,,,,,,,,,,,,,,,,,,,,,,,,,,,,,,,,,,,,,,,,,,,,,,,,,,,,,,,,,,,,,,,,,,,,,,,,,,,,,,,,,,,,,,,,,,,,,,,,,,,,,,,,,,,,,,,,,,,,,,,,,,,,,,,,,,,,,,,,,,,,,,,,,,,,,,,,,,
33,33,36,44,43,46,42,47,46,45,46,46,46,46,48,48,49,48,51,46,51,54,58,56,61,62,61,61,65,65,67,67,67,71,68,70,70,71,69,70,77,80,74,66,78,79,80,77,77,77,78,76,77,82,71,76,74,75,72,70,76,64,68,57,54,,,,,,,,,,,,,,,,,,,,,,,,,,,,,,,,,,,,,,,,,,,,,,,,,,,,,,,,,,,,,,,,,,,,,,,,,,,,,,,,,,,,,,,,,,,,,,,,,,,,,,,,,,,,,,,,,,,,,,,,,,,,,,,,,,,,,,,,,,,,,,,,,,,,,,,,,,,,,,,,,,,,,,,,,,,,,,,,,,,,,,,,,,,,,,,,
34,59,56,69,63,69,69,72,67,72,68,67,69,63,69,70,66,64,57,61,59,54,54,57,60,51,50,48,47,47,49,48,52,50,51,45,51,49,52,52,47,50,54,56,56,50,53,52,49,47,50,48,52,48,54,52,48,55,52,52,57,56,50,48,50,,,,,,,,,,,,,,,,,,,,,,,,,,,,,,,,,,,,,,,,,,,,,,,,,,,,,,,,,,,,,,,,,,,,,,,,,,,,,,,,,,,,,,,,,,,,,,,,,,,,,,,,,,,,,,,,,,,,,,,,,,,,,,,,,,,,,,,,,,,,,,,,,,,,,,,,,,,,,,,,,,,,,,,,,,,,,,,,,,,,,,,,,,,,,,,,
35,56,59,62,64,70,75,78,75,73,82,78,77,78,74,67,79,80,74,78,80,75,69,76,73,79,73,76,85,74,77,85,82,74,80,84,77,79,78,78,72,70,75,77,71,70,74,74,64,62,63,64,64,68,65,61,55,52,54,56,53,47,49,43,39,,,,,,,,,,,,,,,,,,,,,,,,,,,,,,,,,,,,,,,,,,,,,,,,,,,,,,,,,,,,,,,,,,,,,,,,,,,,,,,,,,,,,,,,,,,,,,,,,,,,,,,,,,,,,,,,,,,,,,,,,,,,,,,,,,,,,,,,,,,,,,,,,,,,,,,,,,,,,,,,,,,,,,,,,,,,,,,,,,,,,,,,,,,,,,,,
36,38,43,43,43,45,46,48,49,45,43,46,49,48,50,58,56,51,62,56,62,65,62,69,65,69,64,73,68,82,73,74,71,65,74,78,78,77,78,75,77,85,84,76,77,73,81,72,80,76,76,74,83,74,78,77,74,79,76,76,66,64,60,56,56,,,,,,,,,,,,,,,,,,,,,,,,,,,,,,,,,,,,,,,,,,,,,,,,,,,,,,,,,,,,,,,,,,,,,,,,,,,,,,,,,,,,,,,,,,,,,,,,,,,,,,,,,,,,,,,,,,,,,,,,,,,,,,,,,,,,,,,,,,,,,,,,,,,,,,,,,,,,,,,,,,,,,,,,,,,,,,,,,,,,,,,,,,,,,,,,
37,55,68,57,67,65,64,61,63,63,68,65,61,56,62,64,52,57,54,59,52,53,47,46,49,51,51,50,53,49,47,53,47,49,47,53,47,48,49,49,54,45,46,50,52,47,53,43,51,51,52,49,52,53,51,63,63,61,54,66,56,60,57,47,49,,,,,,,,,,,,,,,,,,,,,,,,,,,,,,,,,,,,,,,,,,,,,,,,,,,,,,,,,,,,,,,,,,,,,,,,,,,,,,,,,,,,,,,,,,,,,,,,,,,,,,,,,,,,,,,,,,,,,,,,,,,,,,,,,,,,,,,,,,,,,,,,,,,,,,,,,,,,,,,,,,,,,,,,,,,,,,,,,,,,,,,,,,,,,,,,
38,51,57,59,65,71,76,63,73,72,80,80,78,74,76,73,79,80,82,74,85,73,81,77,83,76,77,73,77,80,78,81,77,79,79,74,84,78,68,72,78,68,71,64,61,71,64,66,69,63,53,59,55,58,55,55,49,50,47,41,39,39,42,37,35,,,,,,,,,,,,,,,,,,,,,,,,,,,,,,,,,,,,,,,,,,,,,,,,,,,,,,,,,,,,,,,,,,,,,,,,,,,,,,,,,,,,,,,,,,,,,,,,,,,,,,,,,,,,,,,,,,,,,,,,,,,,,,,,,,,,,,,,,,,,,,,,,,,,,,,,,,,,,,,,,,,,,,,,,,,,,,,,,,,,,,,,,,,,,,,,
39,36,40,43,47,45,49,46,54,52,53,51,60,56,67,59,62,62,67,68,64,64,71,73,71,76,75,77,78,74,83,78,79,78,80,76,79,76,77,83,82,82,75,77,84,76,73,76,74,79,67,79,70,74,80,74,71,71,72,73,72,66,67,59,54,,,,,,,,,,,,,,,,,,,,,,,,,,,,,,,,,,,,,,,,,,,,,,,,,,,,,,,,,,,,,,,,,,,,,,,,,,,,,,,,,,,,,,,,,,,,,,,,,,,,,,,,,,,,,,,,,,,,,,,,,,,,,,,,,,,,,,,,,,,,,,,,,,,,,,,,,,,,,,,,,,,,,,,,,,,,,,,,,,,,,,,,,,,,,,,,
40,60,65,66,63,75,80,66,75,68,78,76,80,67,72,68,76,78,80,75,79,79,75,73,78,78,78,70,85,79,77,75,84,71,73,77,79,73,70,70,76,70,72,71,76,79,74,70,69,71,68,75,70,63,67,60,56,64,51,56,56,56,51,44,48,,,,,,,,,,,,,,,,,,,,,,,,,,,,,,,,,,,,,,,,,,,,,,,,,,,,,,,,,,,,,,,,,,,,,,,,,,,,,,,,,,,,,,,,,,,,,,,,,,,,,,,,,,,,,,,,,,,,,,,,,,,,,,,,,,,,,,,,,,,,,,,,,,,,,,,,,,,,,,,,,,,,,,,,,,,,,,,,,,,,,,,,,,,,,,,,
41,36,34,39,40,40,36,41,47,46,42,44,41,44,46,47,51,51,44,49,44,49,51,63,57,53,63,55,58,63,66,66,65,70,68,67,59,68,69,71,71,76,75,76,74,79,81,79,67,77,75,71,69,76,77,78,76,76,74,73,68,66,56,57,51,,,,,,,,,,,,,,,,,,,,,,,,,,,,,,,,,,,,,,,,,,,,,,,,,,,,,,,,,,,,,,,,,,,,,,,,,,,,,,,,,,,,,,,,,,,,,,,,,,,,,,,,,,,,,,,,,,,,,,,,,,,,,,,,,,,,,,,,,,,,,,,,,,,,,,,,,,,,,,,,,,,,,,,,,,,,,,,,,,,,,,,,,,,,,,,,
42,52,60,66,67,67,68,66,73,78,66,67,61,63,66,64,69,65,59,61,62,59,53,54,57,50,57,46,45,51,53,45,51,46,52,50,49,52,53,51,53,47,54,43,50,45,50,45,49,50,47,54,51,49,54,50,54,49,53,57,53,51,54,49,56,,,,,,,,,,,,,,,,,,,,,,,,,,,,,,,,,,,,,,,,,,,,,,,,,,,,,,,,,,,,,,,,,,,,,,,,,,,,,,,,,,,,,,,,,,,,,,,,,,,,,,,,,,,,,,,,,,,,,,,,,,,,,,,,,,,,,,,,,,,,,,,,,,,,,,,,,,,,,,,,,,,,,,,,,,,,,,,,,,,,,,,,,,,,,,,,
43,55,65,69,66,68,73,78,77,76,74,72,78,80,72,71,86,81,75,80,75,75,75,75,79,81,81,79,86,70,77,76,81,78,76,80,82,77,81,85,73,77,78,68,64,71,73,77,71,66,61,63,65,70,66,60,61,56,54,55,52,50,48,44,34,,,,,,,,,,,,,,,,,,,,,,,,,,,,,,,,,,,,,,,,,,,,,,,,,,,,,,,,,,,,,,,,,,,,,,,,,,,,,,,,,,,,,,,,,,,,,,,,,,,,,,,,,,,,,,,,,,,,,,,,,,,,,,,,,,,,,,,,,,,,,,,,,,,,,,,,,,,,,,,,,,,,,,,,,,,,,,,,,,,,,,,,,,,,,,,,
44,33,37,40,40,40,39,41,44,42,43,43,47,49,46,49,52,53,52,52,56,57,62,61,61,63,65,73,69,70,69,66,72,77,76,73,71,82,79,81,82,84,82,74,82,79,75,71,73,80,78,82,73,77,74,68,72,76,78,69,71,67,55,57,51,,,,,,,,,,,,,,,,,,,,,,,,,,,,,,,,,,,,,,,,,,,,,,,,,,,,,,,,,,,,,,,,,,,,,,,,,,,,,,,,,,,,,,,,,,,,,,,,,,,,,,,,,,,,,,,,,,,,,,,,,,,,,,,,,,,,,,,,,,,,,,,,,,,,,,,,,,,,,,,,,,,,,,,,,,,,,,,,,,,,,,,,,,,,,,,,
45,53,56,58,58,62,60,62,68,61,57,61,57,53,54,59,51,54,54,56,46,47,43,44,47,50,42,46,49,46,46,43,44,41,46,45,45,45,46,43,48,40,45,43,42,44,45,45,45,45,47,52,52,46,53,53,58,56,57,55,49,51,57,50,48,,,,,,,,,,,,,,,,,,,,,,,,,,,,,,,,,,,,,,,,,,,,,,,,,,,,,,,,,,,,,,,,,,,,,,,,,,,,,,,,,,,,,,,,,,,,,,,,,,,,,,,,,,,,,,,,,,,,,,,,,,,,,,,,,,,,,,,,,,,,,,,,,,,,,,,,,,,,,,,,,,,,,,,,,,,,,,,,,,,,,,,,,,,,,,,,
46,59,63,67,68,75,81,76,71,72,72,69,75,78,77,79,77,79,75,77,79,76,80,74,76,78,79,81,78,77,74,86,71,74,76,72,78,70,68,77,71,75,72,67,64,73,59,67,70,63,63,61,66,61,59,55,58,61,56,46,46,48,37,40,41,,,,,,,,,,,,,,,,,,,,,,,,,,,,,,,,,,,,,,,,,,,,,,,,,,,,,,,,,,,,,,,,,,,,,,,,,,,,,,,,,,,,,,,,,,,,,,,,,,,,,,,,,,,,,,,,,,,,,,,,,,,,,,,,,,,,,,,,,,,,,,,,,,,,,,,,,,,,,,,,,,,,,,,,,,,,,,,,,,,,,,,,,,,,,,,,
47,37,44,45,50,46,46,51,57,51,52,56,61,64,58,62,65,63,70,65,64,67,70,73,78,79,70,74,71,72,77,77,76,75,83,78,85,80,78,75,72,81,78,76,76,76,73,84,76,83,78,73,77,80,84,80,77,77,69,76,70,69,71,61,57,,,,,,,,,,,,,,,,,,,,,,,,,,,,,,,,,,,,,,,,,,,,,,,,,,,,,,,,,,,,,,,,,,,,,,,,,,,,,,,,,,,,,,,,,,,,,,,,,,,,,,,,,,,,,,,,,,,,,,,,,,,,,,,,,,,,,,,,,,,,,,,,,,,,,,,,,,,,,,,,,,,,,,,,,,,,,,,,,,,,,,,,,,,,,,,,
48,64,73,72,71,75,73,83,70,77,78,80,76,82,73,75,77,74,82,81,80,84,75,76,79,79,71,79,76,82,86,84,77,80,90,96,86,81,69,80,83,80,76,76,74,81,82,73,80,70,75,81,71,71,69,66,65,71,63,64,58,60,56,50,47,,,,,,,,,,,,,,,,,,,,,,,,,,,,,,,,,,,,,,,,,,,,,,,,,,,,,,,,,,,,,,,,,,,,,,,,,,,,,,,,,,,,,,,,,,,,,,,,,,,,,,,,,,,,,,,,,,,,,,,,,,,,,,,,,,,,,,,,,,,,,,,,,,,,,,,,,,,,,,,,,,,,,,,,,,,,,,,,,,,,,,,,,,,,,,,,
49,38,38,40,46,46,41,45,49,52,48,45,46,49,47,47,51,48,48,52,59,54,53,57,64,62,66,68,65,71,63,80,77,71,75,76,71,76,71,76,73,82,74,73,75,76,81,81,74,75,75,79,67,72,84,72,70,73,73,70,67,63,64,62,60,,,,,,,,,,,,,,,,,,,,,,,,,,,,,,,,,,,,,,,,,,,,,,,,,,,,,,,,,,,,,,,,,,,,,,,,,,,,,,,,,,,,,,,,,,,,,,,,,,,,,,,,,,,,,,,,,,,,,,,,,,,,,,,,,,,,,,,,,,,,,,,,,,,,,,,,,,,,,,,,,,,,,,,,,,,,,,,,,,,,,,,,,,,,,,,,
50,52,68,59,65,68,62,72,74,69,60,57,60,61,62,63,62,62,52,56,52,59,57,56,55,48,45,45,42,48,44,47,49,45,43,43,45,45,45,43,52,47,46,48,45,49,45,45,46,43,47,46,47,48,49,47,50,50,45,52,53,50,50,48,40,,,,,,,,,,,,,,,,,,,,,,,,,,,,,,,,,,,,,,,,,,,,,,,,,,,,,,,,,,,,,,,,,,,,,,,,,,,,,,,,,,,,,,,,,,,,,,,,,,,,,,,,,,,,,,,,,,,,,,,,,,,,,,,,,,,,,,,,,,,,,,,,,,,,,,,,,,,,,,,,,,,,,,,,,,,,,,,,,,,,,,,,,,,,,,,,
51,59,61,68,69,68,72,67,72,75,67,72,76,79,79,77,81,77,72,77,86,77,74,75,76,72,71,74,70,75,72,79,75,75,73,69,74,71,77,80,72,77,72,72,66,69,69,69,70,69,67,64,64,60,59,63,59,56,54,52,54,50,50,42,36,,,,,,,,,,,,,,,,,,,,,,,,,,,,,,,,,,,,,,,,,,,,,,,,,,,,,,,,,,,,,,,,,,,,,,,,,,,,,,,,,,,,,,,,,,,,,,,,,,,,,,,,,,,,,,,,,,,,,,,,,,,,,,,,,,,,,,,,,,,,,,,,,,,,,,,,,,,,,,,,,,,,,,,,,,,,,,,,,,,,,,,,,,,,,,,,
52,34,34,40,37,41,43,45,40,40,44,45,46,46,50,44,47,52,55,54,54,57,57,59,61,56,65,70,67,69,72,70,67,72,66,73,71,77,75,67,71,74,75,75,72,78,77,70,76,64,65,73,70,71,71,77,73,68,70,75,65,66,59,57,48,,,,,,,,,,,,,,,,,,,,,,,,,,,,,,,,,,,,,,,,,,,,,,,,,,,,,,,,,,,,,,,,,,,,,,,,,,,,,,,,,,,,,,,,,,,,,,,,,,,,,,,,,,,,,,,,,,,,,,,,,,,,,,,,,,,,,,,,,,,,,,,,,,,,,,,,,,,,,,,,,,,,,,,,,,,,,,,,,,,,,,,,,,,,,,,,
53,55,56,65,66,74,61,58,61,66,63,64,63,62,55,63,62,57,54,62,50,50,49,54,49,48,45,56,50,50,53,52,48,53,50,49,51,57,46,51,52,51,52,53,50,53,51,47,51,57,54,54,55,53,59,56,65,64,56,67,62,56,52,60,49,,,,,,,,,,,,,,,,,,,,,,,,,,,,,,,,,,,,,,,,,,,,,,,,,,,,,,,,,,,,,,,,,,,,,,,,,,,,,,,,,,,,,,,,,,,,,,,,,,,,,,,,,,,,,,,,,,,,,,,,,,,,,,,,,,,,,,,,,,,,,,,,,,,,,,,,,,,,,,,,,,,,,,,,,,,,,,,,,,,,,,,,,,,,,,,,
54,60,58,63,66,65,69,63,66,76,74,74,75,71,70,69,71,68,72,84,73,74,70,72,69,76,66,71,74,63,78,73,82,73,73,79,69,65,61,65,70,64,69,63,66,58,58,60,63,59,62,54,52,57,50,51,48,50,44,44,44,45,37,41,35,,,,,,,,,,,,,,,,,,,,,,,,,,,,,,,,,,,,,,,,,,,,,,,,,,,,,,,,,,,,,,,,,,,,,,,,,,,,,,,,,,,,,,,,,,,,,,,,,,,,,,,,,,,,,,,,,,,,,,,,,,,,,,,,,,,,,,,,,,,,,,,,,,,,,,,,,,,,,,,,,,,,,,,,,,,,,,,,,,,,,,,,,,,,,,,,
55,39,44,39,48,52,52,54,54,51,52,55,58,60,66,61,70,70,69,65,68,62,61,69,68,70,73,76,68,80,81,75,75,76,73,80,80,77,89,81,72,74,80,77,72,73,73,78,73,69,71,83,75,78,77,75,69,70,77,81,74,63,61,62,64,,,,,,,,,,,,,,,,,,,,,,,,,,,,,,,,,,,,,,,,,,,,,,,,,,,,,,,,,,,,,,,,,,,,,,,,,,,,,,,,,,,,,,,,,,,,,,,,,,,,,,,,,,,,,,,,,,,,,,,,,,,,,,,,,,,,,,,,,,,,,,,,,,,,,,,,,,,,,,,,,,,,,,,,,,,,,,,,,,,,,,,,,,,,,,,,
56,49,58,60,62,66,69,66,66,69,66,71,76,70,71,74,69,73,78,69,70,80,66,72,71,70,69,72,75,70,71,70,68,65,72,66,72,69,70,66,64,68,70,69,65,71,66,63,65,65,65,67,62,62,57,54,57,50,54,54,50,45,43,38,38,,,,,,,,,,,,,,,,,,,,,,,,,,,,,,,,,,,,,,,,,,,,,,,,,,,,,,,,,,,,,,,,,,,,,,,,,,,,,,,,,,,,,,,,,,,,,,,,,,,,,,,,,,,,,,,,,,,,,,,,,,,,,,,,,,,,,,,,,,,,,,,,,,,,,,,,,,,,,,,,,,,,,,,,,,,,,,,,,,,,,,,,,,,,,,,,
57,37,39,35,47,40,42,42,44,46,46,45,45,48,47,45,47,48,49,46,52,48,53,59,60,58,61,58,64,62,67,66,69,65,67,66,72,63,70,73,71,76,69,70,74,69,80,70,78,72,83,78,76,75,81,69,67,73,75,65,70,63,63,60,52,,,,,,,,,,,,,,,,,,,,,,,,,,,,,,,,,,,,,,,,,,,,,,,,,,,,,,,,,,,,,,,,,,,,,,,,,,,,,,,,,,,,,,,,,,,,,,,,,,,,,,,,,,,,,,,,,,,,,,,,,,,,,,,,,,,,,,,,,,,,,,,,,,,,,,,,,,,,,,,,,,,,,,,,,,,,,,,,,,,,,,,,,,,,,,,,
58,52,57,60,63,54,57,62,67,67,62,53,60,56,58,57,56,51,48,50,51,53,50,47,49,44,41,39,43,42,38,43,41,45,42,43,38,45,45,43,41,38,42,46,43,49,42,45,39,42,44,43,45,41,50,43,47,49,48,46,45,49,42,49,40,,,,,,,,,,,,,,,,,,,,,,,,,,,,,,,,,,,,,,,,,,,,,,,,,,,,,,,,,,,,,,,,,,,,,,,,,,,,,,,,,,,,,,,,,,,,,,,,,,,,,,,,,,,,,,,,,,,,,,,,,,,,,,,,,,,,,,,,,,,,,,,,,,,,,,,,,,,,,,,,,,,,,,,,,,,,,,,,,,,,,,,,,,,,,,,,
59,53,53,60,61,64,67,65,66,67,67,68,75,72,64,65,68,67,69,67,74,69,72,69,67,73,68,69,65,67,65,62,65,73,63,67,69,65,75,75,67,72,63,61,67,66,68,63,60,62,56,61,56,57,61,49,49,47,48,51,48,43,45,34,32,,,,,,,,,,,,,,,,,,,,,,,,,,,,,,,,,,,,,,,,,,,,,,,,,,,,,,,,,,,,,,,,,,,,,,,,,,,,,,,,,,,,,,,,,,,,,,,,,,,,,,,,,,,,,,,,,,,,,,,,,,,,,,,,,,,,,,,,,,,,,,,,,,,,,,,,,,,,,,,,,,,,,,,,,,,,,,,,,,,,,,,,,,,,,,,,
60,32,35,37,39,35,40,39,42,38,42,43,41,47,45,49,48,53,54,51,56,53,55,54,54,57,64,63,63,57,66,68,65,62,65,70,62,67,69,67,68,67,68,66,66,72,71,65,67,70,69,64,65,62,66,71,67,70,66,64,59,66,55,52,49,,,,,,,,,,,,,,,,,,,,,,,,,,,,,,,,,,,,,,,,,,,,,,,,,,,,,,,,,,,,,,,,,,,,,,,,,,,,,,,,,,,,,,,,,,,,,,,,,,,,,,,,,,,,,,,,,,,,,,,,,,,,,,,,,,,,,,,,,,,,,,,,,,,,,,,,,,,,,,,,,,,,,,,,,,,,,,,,,,,,,,,,,,,,,,,,
61,43,43,46,50,49,47,44,49,48,49,48,44,45,44,43,41,47,42,41,38,35,36,34,35,39,37,36,34,38,35,36,37,35,35,35,36,38,37,34,39,37,37,33,36,37,32,38,37,38,36,37,37,38,44,44,46,45,45,42,48,48,44,41,41,,,,,,,,,,,,,,,,,,,,,,,,,,,,,,,,,,,,,,,,,,,,,,,,,,,,,,,,,,,,,,,,,,,,,,,,,,,,,,,,,,,,,,,,,,,,,,,,,,,,,,,,,,,,,,,,,,,,,,,,,,,,,,,,,,,,,,,,,,,,,,,,,,,,,,,,,,,,,,,,,,,,,,,,,,,,,,,,,,,,,,,,,,,,,,,,
62,53,51,56,55,58,57,59,60,59,56,64,63,65,61,56,61,59,57,57,66,60,61,55,55,56,62,59,57,74,66,60,55,61,52,58,61,56,59,58,53,53,51,58,45,52,52,55,49,48,50,50,43,50,45,45,44,44,41,38,39,38,35,35,32,,,,,,,,,,,,,,,,,,,,,,,,,,,,,,,,,,,,,,,,,,,,,,,,,,,,,,,,,,,,,,,,,,,,,,,,,,,,,,,,,,,,,,,,,,,,,,,,,,,,,,,,,,,,,,,,,,,,,,,,,,,,,,,,,,,,,,,,,,,,,,,,,,,,,,,,,,,,,,,,,,,,,,,,,,,,,,,,,,,,,,,,,,,,,,,,
63,33,37,38,37,41,41,42,39,39,45,46,53,48,49,47,47,51,53,54,58,60,58,56,55,59,64,57,57,55,63,59,64,59,61,59,61,63,63,69,60,62,69,61,64,70,63,61,69,67,63,61,58,55,67,60,56,53,59,58,59,58,59,55,45,,,,,,,,,,,,,,,,,,,,,,,,,,,,,,,,,,,,,,,,,,,,,,,,,,,,,,,,,,,,,,,,,,,,,,,,,,,,,,,,,,,,,,,,,,,,,,,,,,,,,,,,,,,,,,,,,,,,,,,,,,,,,,,,,,,,,,,,,,,,,,,,,,,,,,,,,,,,,,,,,,,,,,,,,,,,,,,,,,,,,,,,,,,,,,,,
,,,,,,,,,,,,,,,,,,,,,,,,,,,,,,,,,,,,,,,,,,,,,,,,,,,,,,,,,,,,,,,,,,,,,,,,,,,,,,,,,,,,,,,,,,,,,,,,,,,,,,,,,,,,,,,,,,,,,,,,,,,,,,,,,,,,,,,,,,,,,,,,,,,,,,,,,,,,,,,,,,,,,,,,,,,,,,,,,,,,,,,,,,,,,,,,,,,,,,,,,,,,,,,,,,,,,,,,,,,,,,,,,,,,,,,,,,,,,,,,,,,,,,,,,,,,,,,,
value,0,1,2,3,4,5,6,7,8,9,10,11,12,13,14,15,16,17,18,19,20,21,22,23,24,25,26,27,28,29,30,31,32,33,34,35,36,37,38,39,40,41,42,43,44,45,46,47,48,49,50,51,52,53,54,55,56,57,58,59,60,61,62,63,64,65,66,67,68,69,70,71,72,73,74,75,76,77,78,79,80,81,82,83,84,85,86,87,88,89,90,91,92,93,94,95,96,97,98,99,100,101,102,103,104,105,106,107,108,109,110,111,112,113,114,115,116,117,118,119,120,121,122,123,124,125,126,127,128,129,130,131,132,133,134,135,136,137,138,139,140,141,142,143,144,145,146,147,148,149,150,151,152,153,154,155,156,157,158,159,160,161,162,163,164,165,166,167,168,169,170,171,172,173,174,175,176,177,178,179,180,181,182,183,184,185,186,187,188,189,190,191,192,193,194,195,196,197,198,199,200,201,202,203,204,205,206,207,208,209,210,211,212,213,214,215,216,217,218,219,220,221,222,223,224,225,226,227,228,229,230,231,232,233,234,235,236,237,238,239,240,241,242,243,244,245,246,247,248,249,250,251,252,253,254,255
count,0,0,0,0,0,0,0,0,0,0,0,0,0,0,0,0,0,0,0,0,0,0,0,0,0,0,0,0,0,1,0,1,9,7,20,21,31,47,33,39,48,44,47,72,65,108,84,93,93,106,84,87,87,84,86,69,92,86,79,88,80,86,74,101,80,85,85,95,90,114,102,101,131,116,108,123,121,123,102,80,78,52,51,28,28,17,17,3,2,7,2,0,0,0,1,1,1,0,0,0,0,0,0,0,0,0,0,0,0,0,0,0,0,0,0,0,0,0,0,0,0,0,0,0,0,0,0,0,0,0,0,0,0,0,0,0,0,0,0,0,0,0,0,0,0,0,0,0,0,0,0,0,0,0,0,0,0,0,0,0,0,0,0,0,0,0,0,0,0,0,0,0,0,0,0,0,0,0,0,0,0,0,0,0,0,0,0,0,0,0,0,0,0,0,0,0,0,0,0,0,0,0,0,0,0,0,0,0,0,0,0,0,0,0,0,0,0,0,0,0,0,0,0,0,0,0,0,0,0,0,0,0,0,0,0,0,0,0,0,0,0,0,0,0,0,0,0,0,0,0,0,0,0,0,0,0
,,,,,,,,,,,,,,,,,,,,,,,,,,,,,,,,,,,,,,,,,,,,,,,,,,,,,,,,,,,,,,,,,,,,,,,,,,,,,,,,,,,,,,,,,,,,,,,,,,,,,,,,,,,,,,,,,,,,,,,,,,,,,,,,,,,,,,,,,,,,,,,,,,,,,,,,,,,,,,,,,,,,,,,,,,,,,,,,,,,,,,,,,,,,,,,,,,,,,,,,,,,,,,,,,,,,,,,,,,,,,,,,,,,,,,,,,,,,,,,,,,,,,,,,,,,,,,,,
4,,,,,,,,,,,,,,,,,,,,,,,,,,,,,,,,,,,,,,,,,,,,,,,,,,,,,,,,,,,,,,,,,,,,,,,,,,,,,,,,,,,,,,,,,,,,,,,,,,,,,,,,,,,,,,,,,,,,,,,,,,,,,,,,,,,,,,,,,,,,,,,,,,,,,,,,,,,,,,,,,,,,,,,,,,,,,,,,,,,,,,,,,,,,,,,,,,,,,,,,,,,,,,,,,,,,,,,,,,,,,,,,,,,,,,,,,,,,,,,,,,,,,,,,,,,,,,,,
,0,1,2,3,4,5,6,7,8,9,10,11,12,13,14,15,16,17,18,19,20,21,22,23,24,25,26,27,28,29,30,31,32,33,34,35,36,37,38,39,40,41,42,43,44,45,46,47,48,49,50,51,52,53,54,55,56,57,58,59,60,61,62,63,61.3190918,,,,,,,,,,,,,,,,,,,,,,,,,,,,,,,,,,,,,,,,,,,,,,,,,,,,,,,,,,,,,,,,,,,,,,,,,,,,,,,,,,,,,,,,,,,,,,,,,,,,,,,,,,,,,,,,,,,,,,,,,,,,,,,,,,,,,,,,,,,,,,,,,,,,,,,,,,,,,,,,,,,,,,,,,,,,,,,,,,,,,,,,,,,,,,,
0,47,46,60,53,59,55,56,53,51,56,58,56,60,54,58,59,59,63,64,52,54,55,59,53,61,56,57,59,56,52,61,57,56,56,53,58,58,56,59,60,57,61,54,53,60,56,54,50,56,51,59,50,47,50,51,48,49,52,44,43,42,41,39,37,,,,,,,,,,,,,,,,,,,,,,,,,,,,,,,,,,,,,,,,,,,,,,,,,,,,,,,,,,,,,,,,,,,,,,,,,,,,,,,,,,,,,,,,,,,,,,,,,,,,,,,,,,,,,,,,,,,,,,,,,,,,,,,,,,,,,,,,,,,,,,,,,,,,,,,,,,,,,,,,,,,,,,,,,,,,,,,,,,,,,,,,,,,,,,,,
1,32,36,35,33,40,41,37,34,34,36,39,37,38,43,36,43,42,37,42,41,42,39,45,46,49,46,50,48,50,57,51,53,48,62,60,55,53,49,61,58,54,58,53,57,57,60,62,59,56,62,58,61,61,59,58,63,54,59,57,55,56,53,49,47,,,,,,,,,,,,,,,,,,,,,,,,,,,,,,,,,,,,,,,,,,,,,,,,,,,,,,,,,,,,,,,,,,,,,,,,,,,,,,,,,,,,,,,,,,,,,,,,,,,,,,,,,,,,,,,,,,,,,,,,,,,,,,,,,,,,,,,,,,,,,,,,,,,,,,,,,,,,,,,,,,,,,,,,,,,,,,,,,,,,,,,,,,,,,,,,
2,51,50,52,60,59,57,54,48,58,53,54,57,55,47,52,55,51,48,46,42,48,43,43,49,38,37,41,44,40,40,38,37,35,37,38,42,38,38,39,34,38,39,39,38,34,44,40,46,39,36,38,37,36,41,38,39,41,41,41,40,42,38,36,36,,,,,,,,,,,,,,,,,,,,,,,,,,,,,,,,,,,,,,,,,,,,,,,,,,,,,,,,,,,,,,,,,,,,,,,,,,,,,,,,,,,,,,,,,,,,,,,,,,,,,,,,,,,,,,,,,,,,,,,,,,,,,,,,,,,,,,,,,,,,,,,,,,,,,,,,,,,,,,,,,,,,,,,,,,,,,,,,,,,,,,,,,,,,,,,,
3,46,57,56,55,58,56,65,63,70,61,61,70,60,65,66,66,63,67,67,57,61,68,63,64,62,61,68,64,67,67,61,63,65,62,64,64,67,64,60,64,61,66,65,62,64,56,58,55,57,51,54,53,55,53,43,46,50,41,45,44,44,38,37,32,,,,,,,,,,,,,,,,,,,,,,,,,,,,,,,,,,,,,,,,,,,,,,,,,,,,,,,,,,,,,,,,,,,,,,,,,,,,,,,,,,,,,,,,,,,,,,,,,,,,,,,,,,,,,,,,,,,,,,,,,,,,,,,,,,,,,,,,,,,,,,,,,,,,,,,,,,,,,,,,,,,,,,,,,,,,,,,,,,,,,,,,,,,,,,,,
4,34,36,40,44,42,44,45,49,44,41,45,48,43,49,52,51,49,54,52,54,56,53,59,60,61,59,66,60,61,59,66,58,68,69,68,72,72,75,68,72,64,68,63,73,74,70,68,77,68,66,61,69,72,69,68,61,63,67,66,62,56,67,50,48,,,,,,,,,,,,,,,,,,,,,,,,,,,,,,,,,,,,,,,,,,,,,,,,,,,,,,,,,,,,,,,,,,,,,,,,,,,,,,,,,,,,,,,,,,,,,,,,,,,,,,,,,,,,,,,,,,,,,,,,,,,,,,,,,,,,,,,,,,,,,,,,,,,,,,,,,,,,,,,,,,,,,,,,,,,,,,,,,,,,,,,,,,,,,,,,
5,42,45,52,52,54,52,52,52,59,54,49,53,45,49,47,52,49,49,45,41,38,37,38,36,40,36,43,36,40,41,37,38,36,40,36,35,39,42,37,38,35,41,38,37,36,38,43,38,43,38,43,46,46,46,46,50,47,50,47,45,49,44,41,41,,,,,,,,,,,,,,,,,,,,,,,,,,,,,,,,,,,,,,,,,,,,,,,,,,,,,,,,,,,,,,,,,,,,,,,,,,,,,,,,,,,,,,,,,,,,,,,,,,,,,,,,,,,,,,,,,,,,,,,,,,,,,,,,,,,,,,,,,,,,,,,,,,,,,,,,,,,,,,,,,,,,,,,,,,,,,,,,,,,,,,,,,,,,,,,,
6,50,58,63,62,71,65,74,74,69,63,66,67,68,68,65,67,73,68,69,69,73,65,62,69,65,69,62,71,68,67,67,67,68,68,65,66,62,60,63,65,68,64,58,57,58,56,60,62,52,54,56,59,65,51,52,54,46,44,41,41,39,34,37,33,,,,,,,,,,,,,,,,,,,,,,,,,,,,,,,,,,,,,,,,,,,,,,,,,,,,,,,,,,,,,,,,,,,,,,,,,,,,,,,,,,,,,,,,,,,,,,,,,,,,,,,,,,,,,,,,,,,,,,,,,,,,,,,,,,,,,,,,,,,,,,,,,,,,,,,,,,,,,,,,,,,,,,,,,,,,,,,,,,,,,,,,,,,,,,,,
7,31,34,35,34,34,41,38,45,46,47,45,51,52,53,50,56,55,59,56,61,58,64,63,64,63,63,68,72,67,70,71,73,79,73,79,71,73,72,82,76,72,88,74,77,75,71,70,70,68,72,81,72,73,80,64,72,65,70,73,64,61,58,45,54,,,,,,,,,,,,,,,,,,,,,,,,,,,,,,,,,,,,,,,,,,,,,,,,,,,,,,,,,,,,,,,,,,,,,,,,,,,,,,,,,,,,,,,,,,,,,,,,,,,,,,,,,,,,,,,,,,,,,,,,,,,,,,,,,,,,,,,,,,,,,,,,,,,,,,,,,,,,,,,,,,,,,,,,,,,,,,,,,,,,,,,,,,,,,,,,
8,62,63,65,74,77,79,77,77,73,77,83,78,70,76,81,74,77,70,73,73,73,74,74,81,73,87,73,79,84,76,80,76,79,82,76,75,75,78,71,76,76,75,80,69,80,71,75,71,67,66,71,72,65,61,61,63,58,63,62,50,52,47,45,42,,,,,,,,,,,,,,,,,,,,,,,,,,,,,,,,,,,,,,,,,,,,,,,,,,,,,,,,,,,,,,,,,,,,,,,,,,,,,,,,,,,,,,,,,,,,,,,,,,,,,,,,,,,,,,,,,,,,,,,,,,,,,,,,,,,,,,,,,,,,,,,,,,,,,,,,,,,,,,,,,,,,,,,,,,,,,,,,,,,,,,,,,,,,,,,,
9,33,33,38,47,41,44,46,46,45,47,43,43,40,45,47,45,50,44,54,54,51,56,58,55,57,62,61,56,56,66,68,79,70,61,70,69,72,75,77,81,79,80,79,90,80,74,73,79,82,72,76,78,76,75,73,69,71,71,69,75,65,61,52,54,,,,,,,,,,,,,,,,,,,,,,,,,,,,,,,,,,,,,,,,,,,,,,,,,,,,,,,,,,,,,,,,,,,,,,,,,,,,,,,,,,,,,,,,,,,,,,,,,,,,,,,,,,,,,,,,,,,,,,,,,,,,,,,,,,,,,,,,,,,,,,,,,,,,,,,,,,,,,,,,,,,,,,,,,,,,,,,,,,,,,,,,,,,,,,,,
10,53,60,65,59,72,70,70,64,66,65,61,65,65,64,63,60,59,57,58,54,52,57,57,54,49,43,44,45,44,48,44,46,47,44,44,47,46,46,44,46,45,46,43,48,44,42,44,50,43,46,51,45,47,43,49,47,49,50,52,49,51,49,49,44,,,,,,,,,,,,,,,,,,,,,,,,,,,,,,,,,,,,,,,,,,,,,,,,,,,,,,,,,,,,,,,,,,,,,,,,,,,,,,,,,,,,,,,,,,,,,,,,,,,,,,,,,,,,,,,,,,,,,,,,,,,,,,,,,,,,,,,,,,,,,,,,,,,,,,,,,,,,,,,,,,,,,,,,,,,,,,,,,,,,,,,,,,,,,,,,
11,58,67,58,62,72,81,74,69,74,64,76,74,76,80,78,80,67,73,74,75,74,80,78,76,75,78,75,84,70,76,76,79,78,71,76,81,79,71,70,75,72,75,72,75,77,71,70,63,67,65,63,65,63,61,53,55,55,52,61,57,53,46,39,33,,,,,,,,,,,,,,,,,,,,,,,,,,,,,,,,,,,,,,,,,,,,,,,,,,,,,,,,,,,,,,,,,,,,,,,,,,,,,,,,,,,,,,,,,,,,,,,,,,,,,,,,,,,,,,,,,,,,,,,,,,,,,,,,,,,,,,,,,,,,,,,,,,,,,,,,,,,,,,,,,,,,,,,,,,,,,,,,,,,,,,,,,,,,,,,,
12,34,42,48,52,51,52,50,59,56,49,56,57,54,61,62,62,64,71,67,67,62,70,63,69,78,80,79,75,76,77,83,77,79,75,87,81,80,89,87,85,74,95,84,84,80,85,85,80,79,86,83,80,72,81,79,81,80,81,77,70,79,73,72,62,,,,,,,,,,,,,,,,,,,,,,,,,,,,,,,,,,,,,,,,,,,,,,,,,,,,,,,,,,,,,,,,,,,,,,,,,,,,,,,,,,,,,,,,,,,,,,,,,,,,,,,,,,,,,,,,,,,,,,,,,,,,,,,,,,,,,,,,,,,,,,,,,,,,,,,,,,,,,,,,,,,,,,,,,,,,,,,,,,,,,,,,,,,,,,,,
13,52,62,53,63,62,60,55,54,57,65,59,58,54,54,52,55,56,52,53,50,47,46,41,44,42,45,46,43,42,44,42,42,46,40,44,46,45,47,45,49,42,46,44,43,46,48,44,46,50,53,44,49,50,48,54,62,58,61,59,53,57,56,49,50,,,,,,,,,,,,,,,,,,,,,,,,,,,,,,,,,,,,,,,,,,,,,,,,,,,,,,,,,,,,,,,,,,,,,,,,,,,,,,,,,,,,,,,,,,,,,,,,,,,,,,,,,,,,,,,,,,,,,,,,,,,,,,,,,,,,,,,,,,,,,,,,,,,,,,,,,,,,,,,,,,,,,,,,,,,,,,,,,,,,,,,,,,,,,,,,
14,53,57,63,72,66,69,80,68,78,70,72,73,71,73,78,73,81,70,75,77,76,77,79,75,73,75,74,79,78,68,71,71,87,70,73,76,73,65,70,62,65,69,58,69,60,64,62,57,63,55,61,56,56,54,46,50,51,44,42,39,42,33,39,32,,,,,,,,,,,,,,,,,,,,,,,,,,,,,,,,,,,,,,,,,,,,,,,,,,,,,,,,,,,,,,,,,,,,,,,,,,,,,,,,,,,,,,,,,,,,,,,,,,,,,,,,,,,,,,,,,,,,,,,,,,,,,,,,,,,,,,,,,,,,,,,,,,,,,,,,,,,,,,,,,,,,,,,,,,,,,,,,,,,,,,,,,,,,,,,,
15,33,37,38,39,43,46,49,48,54,51,47,55,55,56,58,62,64,54,66,67,61,74,74,68,69,63,67,73,78,73,73,72,68,84,75,73,76,82,82,76,80,77,76,85,81,75,75,73,75,77,76,72,78,78,72,69,69,71,67,72,59,58,57,55,,,,,,,,,,,,,,,,,,,,,,,,,,,,,,,,,,,,,,,,,,,,,,,,,,,,,,,,,,,,,,,,,,,,,,,,,,,,,,,,,,,,,,,,,,,,,,,,,,,,,,,,,,,,,,,,,,,,,,,,,,,,,,,,,,,,,,,,,,,,,,,,,,,,,,,,,,,,,,,,,,,,,,,,,,,,,,,,,,,,,,,,,,,,,,,,
16,61,63,61,67,72,77,70,72,75,77,82,76,84,82,71,82,81,77,74,81,79,75,81,77,74,77,80,75,74,74,79,81,73,78,73,79,76,80,74,78,78,73,72,81,74,73,71,68,68,72,74,72,66,64,62,62,59,56,55,48,48,49,43,40,,,,,,,,,,,,,,,,,,,,,,,,,,,,,,,,,,,,,,,,,,,,,,,,,,,,,,,,,,,,,,,,,,,,,,,,,,,,,,,,,,,,,,,,,,,,,,,,,,,,,,,,,,,,,,,,,,,,,,,,,,,,,,,,,,,,,,,,,,,,,,,,,,,,,,,,,,,,,,,,,,,,,,,,,,,,,,,,,,,,,,,,,,,,,,,,
17,35,41,41,51,42,47,47,52,51,54,48,52,54,49,54,54,55,57,61,57,63,65,63,64,62,64,68,71,74,71,80,81,72,77,77,74,81,75,74,78,74,85,85,81,83,83,79,73,78,75,86,74,79,80,76,77,70,78,72,76,71,75,57,62,,,,,,,,,,,,,,,,,,,,,,,,,,,,,,,,,,,,,,,,,,,,,,,,,,,,,,,,,,,,,,,,,,,,,,,,,,,,,,,,,,,,,,,,,,,,,,,,,,,,,,,,,,,,,,,,,,,,,,,,,,,,,,,,,,,,,,,,,,,,,,,,,,,,,,,,,,,,,,,,,,,,,,,,,,,,,,,,,,,,,,,,,,,,,,,,
18,56,63,68,65,69,70,72,67,69,65,68,65,69,69,70,69,56,58,60,61,60,60,60,65,50,52,48,49,54,57,52,55,51,53,47,47,46,50,49,46,55,50,47,51,49,49,58,47,50,51,50,47,58,48,58,53,60,55,49,49,52,46,55,39,,,,,,,,,,,,,,,,,,,,,,,,,,,,,,,,,,,,,,,,,,,,,,,,,,,,,,,,,,,,,,,,,,,,,,,,,,,,,,,,,,,,,,,,,,,,,,,,,,,,,,,,,,,,,,,,,,,,,,,,,,,,,,,,,,,,,,,,,,,,,,,,,,,,,,,,,,,,,,,,,,,,,,,,,,,,,,,,,,,,,,,,,,,,,,,,
19,65,75,71,86,79,82,80,82,82,86,84,77,79,81,92,81,79,81,89,78,81,87,81,89,77,80,74,78,86,79,92,78,83,77,85,76,82,81,77,81,85,80,81,84,81,73,80,79,72,70,74,78,74,73,66,66,75,66,65,63,65,60,48,42,,,,,,,,,,,,,,,,,,,,,,,,,,,,,,,,,,,,,,,,,,,,,,,,,,,,,,,,,,,,,,,,,,,,,,,,,,,,,,,,,,,,,,,,,,,,,,,,,,,,,,,,,,,,,,,,,,,,,,,,,,,,,,,,,,,,,,,,,,,,,,,,,,,,,,,,,,,,,,,,,,,,,,,,,,,,,,,,,,,,,,,,,,,,,,,,
20,32,36,40,35,40,40,46,49,44,44,51,50,50,50,55,55,57,54,58,52,58,60,62,70,66,64,66,75,70,68,69,70,73,74,74,76,72,72,74,86,78,77,77,72,79,73,69,73,81,75,80,72,65,85,78,67,71,70,70,71,61,61,59,54,,,,,,,,,,,,,,,,,,,,,,,,,,,,,,,,,,,,,,,,,,,,,,,,,,,,,,,,,,,,,,,,,,,,,,,,,,,,,,,,,,,,,,,,,,,,,,,,,,,,,,,,,,,,,,,,,,,,,,,,,,,,,,,,,,,,,,,,,,,,,,,,,,,,,,,,,,,,,,,,,,,,,,,,,,,,,,,,,,,,,,,,,,,,,,,,
21,50,57,54,67,63,63,59,60,66,58,61,59,57,59,58,62,53,55,56,52,43,44,46,45,46,42,46,43,45,50,48,47,42,45,45,51,47,46,49,48,45,45,41,44,45,44,42,45,49,47,46,55,51,54,55,61,60,54,53,55,60,57,52,46,,,,,,,,,,,,,,,,,,,,,,,,,,,,,,,,,,,,,,,,,,,,,,,,,,,,,,,,,,,,,,,,,,,,,,,,,,,,,,,,,,,,,,,,,,,,,,,,,,,,,,,,,,,,,,,,,,,,,,,,,,,,,,,,,,,,,,,,,,,,,,,,,,,,,,,,,,,,,,,,,,,,,,,,,,,,,,,,,,,,,,,,,,,,,,,,
22,55,62,66,69,73,71,73,71,81,74,84,79,76,74,75,81,74,81,71,73,82,85,74,72,78,81,72,77,81,81,81,79,77,78,85,78,71,71,71,71,72,77,65,64,62,62,67,59,61,62,58,58,59,48,53,58,52,43,41,47,39,37,37,35,,,,,,,,,,,,,,,,,,,,,,,,,,,,,,,,,,,,,,,,,,,,,,,,,,,,,,,,,,,,,,,,,,,,,,,,,,,,,,,,,,,,,,,,,,,,,,,,,,,,,,,,,,,,,,,,,,,,,,,,,,,,,,,,,,,,,,,,,,,,,,,,,,,,,,,,,,,,,,,,,,,,,,,,,,,,,,,,,,,,,,,,,,,,,,,,
23,34,38,40,36,41,47,44,47,47,50,49,52,52,58,61,59,59,56,63,58,72,72,74,73,69,75,76,72,83,85,77,81,72,76,78,73,82,82,81,75,71,80,77,80,77,77,72,81,74,79,78,72,75,81,86,80,79,77,69,73,66,59,55,57,,,,,,,,,,,,,,,,,,,,,,,,,,,,,,,,,,,,,,,,,,,,,,,,,,,,,,,,,,,,,,,,,,,,,,,,,,,,,,,,,,,,,,,,,,,,,,,,,,,,,,,,,,,,,,,,,,,,,,,,,,,,,,,,,,,,,,,,,,,,,,,,,,,,,,,,,,,,,,,,,,,,,,,,,,,,,,,,,,,,,,,,,,,,,,,,
24,63,65,72,71,72,73,80,73,70,75,78,74,75,80,77,82,73,76,73,76,83,75,76,80,80,83,79,72,71,73,72,81,78,72,73,72,68,79,80,76,68,84,73,73,69,71,78,77,73,70,71,69,79,65,64,62,64,63,58,56,53,56,51,48,,,,,,,,,,,,,,,,,,,,,,,,,,,,,,,,,,,,,,,,,,,,,,,,,,,,,,,,,,,,,,,,,,,,,,,,,,,,,,,,,,,,,,,,,,,,,,,,,,,,,,,,,,,,,,,,,,,,,,,,,,,,,,,,,,,,,,,,,,,,,,,,,,,,,,,,,,,,,,,,,,,,,,,,,,,,,,,,,,,,,,,,,,,,,,,,
25,34,37,33,43,41,44,45,43,40,48,41,41,42,42,49,48,48,46,50,48,52,54,56,60,58,57,56,60,56,62,67,72,63,69,68,68,75,67,71,74,76,69,80,88,73,70,78,75,72,72,71,71,72,68,69,74,74,73,69,73,65,58,59,60,,,,,,,,,,,,,,,,,,,,,,,,,,,,,,,,,,,,,,,,,,,,,,,,,,,,,,,,,,,,,,,,,,,,,,,,,,,,,,,,,,,,,,,,,,,,,,,,,,,,,,,,,,,,,,,,,,,,,,,,,,,,,,,,,,,,,,,,,,,,,,,,,,,,,,,,,,,,,,,,,,,,,,,,,,,,,,,,,,,,,,,,,,,,,,,,
26,55,60,64,67,64,69,63,62,68,66,65,60,59,59,73,62,59,56,57,55,56,57,55,55,50,52,51,48,48,43,43,48,46,45,42,44,50,43,50,48,49,49,48,46,43,52,47,49,48,46,44,50,49,54,48,48,42,49,53,50,54,48,45,46,,,,,,,,,,,,,,,,,,,,,,,,,,,,,,,,,,,,,,,,,,,,,,,,,,,,,,,,,,,,,,,,,,,,,,,,,,,,,,,,,,,,,,,,,,,,,,,,,,,,,,,,,,,,,,,,,,,,,,,,,,,,,,,,,,,,,,,,,,,,,,,,,,,,,,,,,,,,,,,,,,,,,,,,,,,,,,,,,,,,,,,,,,,,,,,,
27,53,60,65,65,67,69,67,73,81,81,73,74,81,73,71,74,77,75,67,73,83,70,70,68,71,79,76,69,66,74,75,73,74,71,81,80,80,76,74,72,74,68,72,72,70,59,69,61,62,58,62,59,59,60,57,54,54,49,48,52,54,46,39,36,,,,,,,,,,,,,,,,,,,,,,,,,,,,,,,,,,,,,,,,,,,,,,,,,,,,,,,,,,,,,,,,,,,,,,,,,,,,,,,,,,,,,,,,,,,,,,,,,,,,,,,,,,,,,,,,,,,,,,,,,,,,,,,,,,,,,,,,,,,,,,,,,,,,,,,,,,,,,,,,,,,,,,,,,,,,,,,,,,,,,,,,,,,,,,,,
28,35,43,37,44,46,42,46,46,46,43,43,46,50,46,53,59,55,60,58,57,58,62,58,64,61,63,70,67,68,71,69,74,70,68,69,74,77,70,74,79,75,75,79,76,72,85,80,78,75,73,75,75,71,74,69,74,76,66,69,67,68,62,55,56,,,,,,,,,,,,,,,,,,,,,,,,,,,,,,,,,,,,,,,,,,,,,,,,,,,,,,,,,,,,,,,,,,,,,,,,,,,,,,,,,,,,,,,,,,,,,,,,,,,,,,,,,,,,,,,,,,,,,,,,,,,,,,,,,,,,,,,,,,,,,,,,,,,,,,,,,,,,,,,,,,,,,,,,,,,,,,,,,,,,,,,,,,,,,,,,
29,53,52,52,61,56,60,54,64,63,62,58,59,53,54,51,53,51,52,54,43,45,41,43,43,46,36,40,45,45,47,44,48,44,38,47,47,47,45,46,47,45,45,44,44,45,45,50,49,50,51,43,48,48,53,56,60,53,56,54,51,56,52,50,46,,,,,,,,,,,,,,,,,,,,,,,,,,,,,,,,,,,,,,,,,,,,,,,,,,,,,,,,,,,,,,,,,,,,,,,,,,,,,,,,,,,,,,,,,,,,,,,,,,,,,,,,,,,,,,,,,,,,,,,,,,,,,,,,,,,,,,,,,,,,,,,,,,,,,,,,,,,,,,,,,,,,,,,,,,,,,,,,,,,,,,,,,,,,,,,,
30,54,61,64,62,70,67,70,71,76,71,74,74,66,75,76,73,74,72,79,71,75,72,79,74,75,80,79,77,79,80,75,70,76,76,71,71,71,74,74,64,69,73,70,61,67,62,63,62,62,54,54,51,56,51,57,52,48,44,45,41,41,39,42,36,,,,,,,,,,,,,,,,,,,,,,,,,,,,,,,,,,,,,,,,,,,,,,,,,,,,,,,,,,,,,,,,,,,,,,,,,,,,,,,,,,,,,,,,,,,,,,,,,,,,,,,,,,,,,,,,,,,,,,,,,,,,,,,,,,,,,,,,,,,,,,,,,,,,,,,,,,,,,,,,,,,,,,,,,,,,,,,,,,,,,,,,,,,,,,,,
31,34,34,36,42,41,42,47,50,44,51,51,52,55,61,56,58,58,59,66,66,69,68,72,70,69,69,70,75,70,74,83,81,79,85,79,76,83,73,77,77,77,77,74,71,72,77,80,79,74,73,78,86,69,73,74,70,67,74,70,64,68,63,57,57,,,,,,,,,,,,,,,,,,,,,,,,,,,,,,,,,,,,,,,,,,,,,,,,,,,,,,,,,,,,,,,,,,,,,,,,,,,,,,,,,,,,,,,,,,,,,,,,,,,,,,,,,,,,,,,,,,,,,,,,,,,,,,,,,,,,,,,,,,,,,,,,,,,,,,,,,,,,,,,,,,,,,,,,,,,,,,,,,,,,,,,,,,,,,,,,
32,63,61,68,70,70,75,75,85,79,80,85,79,74,79,78,68,76,72,85,78,88,75,85,82,78,77,76,71,75,78,77,78,82,78,76,81,84,70,76,77,73,75,77,86,77,82,73,71,68,69,69,73,59,71,69,64,71,69,67,57,51,48,47,50,,,,,,,,,,,,,,,,,,,,,,,,,,,,,,,,,,,,,,,,,,,,,,,,,,,,,,,,,,,,,,,,,,,,,,,,,,,,,,,,,,,,,,,,,,,,,,,,,,,,,,,,,,,,,,,,,,,,,,,,,,,,,,,,,,,,,,,,,,,,,,,,,,,,,,,,,,,,,,,,,,,,,,,,,,,,,,,,,,,,,,,,,,,,,,,,
33,35,36,44,45,43,42,47,47,47,45,46,44,46,48,53,47,48,51,47,55,55,59,55,61,56,63,61,63,66,65,69,70,68,66,70,73,76,67,76,82,77,75,73,77,75,80,71,78,76,77,76,77,79,71,79,74,81,66,70,79,61,68,59,56,,,,,,,,,,,,,,,,,,,,,,,,,,,,,,,,,,,,,,,,,,,,,,,,,,,,,,,,,,,,,,,,,,,,,,,,,,,,,,,,,,,,,,,,,,,,,,,,,,,,,,,,,,,,,,,,,,,,,,,,,,,,,,,,,,,,,,,,,,,,,,,,,,,,,,,,,,,,,,,,,,,,,,,,,,,,,,,,,,,,,,,,,,,,,,,,
34,61,56,62,63,68,67,73,67,73,66,64,67,62,70,69,66,63,59,63,61,54,50,60,59,52,50,47,49,49,52,50,54,50,49,46,47,48,52,53,46,48,52,60,54,49,55,54,47,49,52,50,46,48,53,51,49,50,53,52,58,56,53,47,52,,,,,,,,,,,,,,,,,,,,,,,,,,,,,,,,,,,,,,,,,,,,,,,,,,,,,,,,,,,,,,,,,,,,,,,,,,,,,,,,,,,,,,,,,,,,,,,,,,,,,,,,,,,,,,,,,,,,,,,,,,,,,,,,,,,,,,,,,,,,,,,,,,,,,,,,,,,,,,,,,,,,,,,,,,,,,,,,,,,,,,,,,,,,,,,,
35,58,59,62,65,70,73,76,73,69,80,76,76,79,74,72,80,80,74,76,79,77,72,74,74,76,76,74,86,74,82,81,82,75,80,89,78,79,80,77,71,71,76,74,72,71,68,70,63,61,59,65,65,63,64,60,55,54,56,55,57,51,46,42,37,,,,,,,,,,,,,,,,,,,,,,,,,,,,,,,,,,,,,,,,,,,,,,,,,,,,,,,,,,,,,,,,,,,,,,,,,,,,,,,,,,,,,,,,,,,,,,,,,,,,,,,,,,,,,,,,,,,,,,,,,,,,,,,,,,,,,,,,,,,,,,,,,,,,,,,,,,,,,,,,,,,,,,,,,,,,,,,,,,,,,,,,,,,,,,,,
36,36,43,43,45,45,43,47,49,46,46,50,51,50,49,59,55,49,66,62,60,62,61,71,61,67,66,75,70,76,68,72,71,69,71,74,74,74,77,75,81,82,79,78,80,71,81,77,76,70,76,76,80,75,77,74,71,84,78,73,68,62,60,55,52,,,,,,,,,,,,,,,,,,,,,,,,,,,,,,,,,,,,,,,,,,,,,,,,,,,,,,,,,,,,,,,,,,,,,,,,,,,,,,,,,,,,,,,,,,,,,,,,,,,,,,,,,,,,,,,,,,,,,,,,,,,,,,,,,,,,,,,,,,,,,,,,,,,,,,,,,,,,,,,,,,,,,,,,,,,,,,,,,,,,,,,,,,,,,,,,
37,56,63,58,66,66,61,61,68,66,70,66,59,54,61,63,50,56,55,58,50,49,47,49,49,47,50,49,54,48,48,49,49,48,45,50,49,48,50,48,51,46,50,49,49,47,53,46,51,55,52,50,50,49,52,62,60,60,52,62,55,58,53,49,49,,,,,,,,,,,,,,,,,,,,,,,,,,,,,,,,,,,,,,,,,,,,,,,,,,,,,,,,,,,,,,,,,,,,,,,,,,,,,,,,,,,,,,,,,,,,,,,,,,,,,,,,,,,,,,,,,,,,,,,,,,,,,,,,,,,,,,,,,,,,,,,,,,,,,,,,,,,,,,,,,,,,,,,,,,,,,,,,,,,,,,,,,,,,,,,,
38,52,59,62,67,69,73,69,73,71,80,80,72,78,69,70,81,75,80,71,83,78,83,32,79,73,75,72,81,86,75,78,78,78,77,69,80,78,69,71,78,71,72,62,65,64,65,66,70,63,54,60,55,60,55,54,49,48,47,41,38,39,41,37,36,,,,,,,,,,,,,,,,,,,,,,,,,,,,,,,,,,,,,,,,,,,,,,,,,,,,,,,,,,,,,,,,,,,,,,,,,,,,,,,,,,,,,,,,,,,,,,,,,,,,,,,,,,,,,,,,,,,,,,,,,,,,,,,,,,,,,,,,,,,,,,,,,,,,,,,,,,,,,,,,,,,,,,,,,,,,,,,,,,,,,,,,,,,,,,,,
39,38,41,42,46,44,47,47,54,51,50,49,57,56,67,57,63,62,64,65,62,63,70,73,69,77,73,75,77,80,81,77,76,79,78,78,74,72,77,83,78,82,69,80,87,76,73,79,74,83,72,73,67,81,78,75,73,74,72,70,71,66,65,63,57,,,,,,,,,,,,,,,,,,,,,,,,,,,,,,,,,,,,,,,,,,,,,,,,,,,,,,,,,,,,,,,,,,,,,,,,,,,,,,,,,,,,,,,,,,,,,,,,,,,,,,,,,,,,,,,,,,,,,,,,,,,,,,,,,,,,,,,,,,,,,,,,,,,,,,,,,,,,,,,,,,,,,,,,,,,,,,,,,,,,,,,,,,,,,,,,
40,61,66,66,64,73,80,66,75,73,78,73,76,70,69,68,77,80,76,82,81,70,79,76,79,78,80,73,84,77,77,77,76,70,69,79,74,74,69,74,75,67,72,70,78,80,73,72,70,67,66,70,70,61,65,59,57,64,52,57,55,52,51,47,45,,,,,,,,,,,,,,,,,,,,,,,,,,,,,,,,,,,,,,,,,,,,,,,,,,,,,,,,,,,,,,,,,,,,,,,,,,,,,,,,,,,,,,,,,,,,,,,,,,,,,,,,,,,,,,,,,,,,,,,,,,,,,,,,,,,,,,,,,,,,,,,,,,,,,,,,,,,,,,,,,,,,,,,,,,,,,,,,,,,,,,,,,,,,,,,,
41,34,34,39,38,39,40,43,51,44,44,46,42,44,46,49,50,53,45,48,46,50,53,61,58,52,60,53,59,64,67,67,69,70,67,71,68,68,73,75,69,77,73,81,74,79,78,79,74,77,76,76,76,73,73,81,79,79,75,72,62,66,58,53,48,,,,,,,,,,,,,,,,,,,,,,,,,,,,,,,,,,,,,,,,,,,,,,,,,,,,,,,,,,,,,,,,,,,,,,,,,,,,,,,,,,,,,,,,,,,,,,,,,,,,,,,,,,,,,,,,,,,,,,,,,,,,,,,,,,,,,,,,,,,,,,,,,,,,,,,,,,,,,,,,,,,,,,,,,,,,,,,,,,,,,,,,,,,,,,,,
42,56,59,64,66,67,69,65,72,75,65,69,59,65,67,60,73,62,58,60,60,60,55,56,58,51,56,45,47,50,57,46,53,44,50,53,50,54,56,52,54,48,54,45,47,48,51,48,50,50,47,54,49,49,51,49,56,53,53,53,54,55,55,48,53,,,,,,,,,,,,,,,,,,,,,,,,,,,,,,,,,,,,,,,,,,,,,,,,,,,,,,,,,,,,,,,,,,,,,,,,,,,,,,,,,,,,,,,,,,,,,,,,,,,,,,,,,,,,,,,,,,,,,,,,,,,,,,,,,,,,,,,,,,,,,,,,,,,,,,,,,,,,,,,,,,,,,,,,,,,,,,,,,,,,,,,,,,,,,,,,
43,57,66,70,66,69,69,78,77,77,70,71,76,79,73,71,84,76,79,74,77,75,84,73,78,78,80,83,80,74,77,78,78,75,72,86,82,77,81,81,72,78,74,65,66,73,71,72,66,63,66,63,63,62,67,59,61,55,55,53,52,52,49,44,35,,,,,,,,,,,,,,,,,,,,,,,,,,,,,,,,,,,,,,,,,,,,,,,,,,,,,,,,,,,,,,,,,,,,,,,,,,,,,,,,,,,,,,,,,,,,,,,,,,,,,,,,,,,,,,,,,,,,,,,,,,,,,,,,,,,,,,,,,,,,,,,,,,,,,,,,,,,,,,,,,,,,,,,,,,,,,,,,,,,,,,,,,,,,,,,,
44,32,35,40,40,43,40,40,43,40,42,49,46,47,47,48,58,58,56,55,56,56,60,61,64,62,62,73,64,72,77,67,72,83,74,75,70,77,81,74,80,82,82,77,83,85,72,73,75,81,78,78,76,74,76,70,72,80,79,67,75,62,55,55,50,,,,,,,,,,,,,,,,,,,,,,,,,,,,,,,,,,,,,,,,,,,,,,,,,,,,,,,,,,,,,,,,,,,,,,,,,,,,,,,,,,,,,,,,,,,,,,,,,,,,,,,,,,,,,,,,,,,,,,,,,,,,,,,,,,,,,,,,,,,,,,,,,,,,,,,,,,,,,,,,,,,,,,,,,,,,,,,,,,,,,,,,,,,,,,,,
45,54,56,59,59,64,60,66,62,65,60,55,58,54,55,60,54,57,55,55,46,48,45,43,44,47,39,48,44,46,44,45,46,44,45,45,48,48,50,43,50,40,48,44,44,43,41,46,47,47,49,48,51,49,51,53,58,59,58,56,48,54,58,48,46,,,,,,,,,,,,,,,,,,,,,,,,,,,,,,,,,,,,,,,,,,,,,,,,,,,,,,,,,,,,,,,,,,,,,,,,,,,,,,,,,,,,,,,,,,,,,,,,,,,,,,,,,,,,,,,,,,,,,,,,,,,,,,,,,,,,,,,,,,,,,,,,,,,,,,,,,,,,,,,,,,,,,,,,,,,,,,,,,,,,,,,,,,,,,,,,
46,61,63,67,68,72,79,77,73,74,76,74,73,76,75,75,71,79,79,78,74,78,79,73,77,76,71,79,79,74,71,85,69,76,78,73,77,75,68,79,73,72,76,65,62,69,62,66,67,67,62,60,65,64,63,57,56,62,58,49,47,46,39,42,39,,,,,,,,,,,,,,,,,,,,,,,,,,,,,,,,,,,,,,,,,,,,,,,,,,,,,,,,,,,,,,,,,,,,,,,,,,,,,,,,,,,,,,,,,,,,,,,,,,,,,,,,,,,,,,,,,,,,,,,,,,,,,,,,,,,,,,,,,,,,,,,,,,,,,,,,,,,,,,,,,,,,,,,,,,,,,,,,,,,,,,,,,,,,,,,,
47,42,45,46,52,46,48,50,57,55,53,59,62,65,59,63,65,66,67,66,64,66,63,73,76,79,69,70,69,75,77,75,73,75,82,81,91,86,82,76,68,81,78,80,76,75,75,86,81,81,76,76,73,76,79,79,78,72,69,80,67,70,65,62,60,,,,,,,,,,,,,,,,,,,,,,,,,,,,,,,,,,,,,,,,,,,,,,,,,,,,,,,,,,,,,,,,,,,,,,,,,,,,,,,,,,,,,,,,,,,,,,,,,,,,,,,,,,,,,,,,,,,,,,,,,,,,,,,,,,,,,,,,,,,,,,,,,,,,,,,,,,,,,,,,,,,,,,,,,,,,,,,,,,,,,,,,,,,,,,,,
48,60,73,68,68,75,74,80,72,77,81,82,76,83,73,79,70,73,76,84,75,78,75,76,77,80,73,83,78,83,85,81,78,78,92,94,81,79,71,79,83,83,79,72,75,78,81,75,81,74,75,81,70,67,67,66,70,72,65,65,56,61,55,50,43,,,,,,,,,,,,,,,,,,,,,,,,,,,,,,,,,,,,,,,,,,,,,,,,,,,,,,,,,,,,,,,,,,,,,,,,,,,,,,,,,,,,,,,,,,,,,,,,,,,,,,,,,,,,,,,,,,,,,,,,,,,,,,,,,,,,,,,,,,,,,,,,,,,,,,,,,,,,,,,,,,,,,,,,,,,,,,,,,,,,,,,,,,,,,,,,
49,36,35,42,45,44,44,48,50,49,50,47,45,46,44,50,48,49,47,52,58,57,52,58,65,61,68,65,64,70,69,78,77,72,76,79,70,77,73,73,75,82,77,75,78,74,84,76,76,77,75,81,69,69,81,71,75,71,75,69,69,62,64,61,62,,,,,,,,,,,,,,,,,,,,,,,,,,,,,,,,,,,,,,,,,,,,,,,,,,,,,,,,,,,,,,,,,,,,,,,,,,,,,,,,,,,,,,,,,,,,,,,,,,,,,,,,,,,,,,,,,,,,,,,,,,,,,,,,,,,,,,,,,,,,,,,,,,,,,,,,,,,,,,,,,,,,,,,,,,,,,,,,,,,,,,,,,,,,,,,,
50,52,64,53,66,68,64,71,75,70,58,58,62,57,61,65,64,59,55,53,52,61,56,56,57,46,45,46,44,47,45,45,52,46,45,45,45,46,44,44,49,51,46,49,44,47,45,46,45,44,46,46,46,50,48,44,50,48,47,53,50,53,49,47,39,,,,,,,,,,,,,,,,,,,,,,,,,,,,,,,,,,,,,,,,,,,,,,,,,,,,,,,,,,,,,,,,,,,,,,,,,,,,,,,,,,,,,,,,,,,,,,,,,,,,,,,,,,,,,,,,,,,,,,,,,,,,,,,,,,,,,,,,,,,,,,,,,,,,,,,,,,,,,,,,,,,,,,,,,,,,,,,,,,,,,,,,,,,,,,,,
51,61,60,67,69,66,72,70,68,76,67,70,78,81,73,74,80,83,72,80,79,72,75,76,76,70,75,76,72,76,72,81,71,74,71,73,70,64,78,75,76,73,74,73,70,70,69,66,72,70,67,66,64,59,59,60,60,62,53,51,20,49,50,41,36,,,,,,,,,,,,,,,,,,,,,,,,,,,,,,,,,,,,,,,,,,,,,,,,,,,,,,,,,,,,,,,,,,,,,,,,,,,,,,,,,,,,,,,,,,,,,,,,,,,,,,,,,,,,,,,,,,,,,,,,,,,,,,,,,,,,,,,,,,,,,,,,,,,,,,,,,,,,,,,,,,,,,,,,,,,,,,,,,,,,,,,,,,,,,,,,
52,32,35,39,36,41,43,40,45,40,47,46,45,42,48,43,49,54,53,54,51,59,59,53,62,58,64,72,63,71,68,68,71,68,70,73,69,75,73,67,68,75,77,70,75,77,78,74,79,66,67,72,70,70,74,74,71,65,65,76,73,65,59,55,48,,,,,,,,,,,,,,,,,,,,,,,,,,,,,,,,,,,,,,,,,,,,,,,,,,,,,,,,,,,,,,,,,,,,,,,,,,,,,,,,,,,,,,,,,,,,,,,,,,,,,,,,,,,,,,,,,,,,,,,,,,,,,,,,,,,,,,,,,,,,,,,,,,,,,,,,,,,,,,,,,,,,,,,,,,,,,,,,,,,,,,,,,,,,,,,,
53,53,58,65,61,69,63,60,62,65,66,63,63,63,52,58,60,61,51,61,53,47,49,54,48,48,47,52,49,48,51,49,48,54,49,47,48,56,43,51,52,51,55,55,49,51,48,50,49,55,53,52,52,55,56,56,64,60,57,63,61,57,57,63,49,,,,,,,,,,,,,,,,,,,,,,,,,,,,,,,,,,,,,,,,,,,,,,,,,,,,,,,,,,,,,,,,,,,,,,,,,,,,,,,,,,,,,,,,,,,,,,,,,,,,,,,,,,,,,,,,,,,,,,,,,,,,,,,,,,,,,,,,,,,,,,,,,,,,,,,,,,,,,,,,,,,,,,,,,,,,,,,,,,,,,,,,,,,,,,,,
54,58,60,63,66,69,67,64,63,73,74,70,73,73,73,66,71,70,74,83,69,73,69,74,71,76,62,69,70,66,78,77,81,70,75,79,68,66,63,65,68,68,70,64,66,55,62,61,62,58,61,53,55,55,48,52,48,51,42,42,42,43,42,40,34,,,,,,,,,,,,,,,,,,,,,,,,,,,,,,,,,,,,,,,,,,,,,,,,,,,,,,,,,,,,,,,,,,,,,,,,,,,,,,,,,,,,,,,,,,,,,,,,,,,,,,,,,,,,,,,,,,,,,,,,,,,,,,,,,,,,,,,,,,,,,,,,,,,,,,,,,,,,,,,,,,,,,,,,,,,,,,,,,,,,,,,,,,,,,,,,
55,40,44,40,48,54,53,53,51,52,56,57,59,60,64,59,65,69,68,66,68,60,63,72,68,73,78,74,69,80,79,74,74,77,76,84,77,78,86,80,73,75,78,79,71,72,74,76,74,68,75,83,78,77,73,75,72,69,73,84,77,63,62,60,67,,,,,,,,,,,,,,,,,,,,,,,,,,,,,,,,,,,,,,,,,,,,,,,,,,,,,,,,,,,,,,,,,,,,,,,,,,,,,,,,,,,,,,,,,,,,,,,,,,,,,,,,,,,,,,,,,,,,,,,,,,,,,,,,,,,,,,,,,,,,,,,,,,,,,,,,,,,,,,,,,,,,,,,,,,,,,,,,,,,,,,,,,,,,,,,,
56,49,58,60,61,71,67,65,66,68,67,75,77,71,70,72,72,69,73,68,73,71,67,72,73,78,69,72,73,67,69,72,73,66,71,68,71,66,65,71,65,70,73,67,67,70,65,66,64,63,63,65,64,59,57,55,56,54,57,53,49,45,42,40,38,,,,,,,,,,,,,,,,,,,,,,,,,,,,,,,,,,,,,,,,,,,,,,,,,,,,,,,,,,,,,,,,,,,,,,,,,,,,,,,,,,,,,,,,,,,,,,,,,,,,,,,,,,,,,,,,,,,,,,,,,,,,,,,,,,,,,,,,,,,,,,,,,,,,,,,,,,,,,,,,,,,,,,,,,,,,,,,,,,,,,,,,,,,,,,,,
57,34,38,37,46,40,42,44,45,44,49,46,47,47,47,46,47,47,47,47,53,48,52,57,61,58,61,58,63,62,66,64,67,71,69,69,70,67,72,71,75,75,70,73,72,67,80,68,78,72,86,77,74,71,77,73,68,71,72,63,71,64,58,59,56,,,,,,,,,,,,,,,,,,,,,,,,,,,,,,,,,,,,,,,,,,,,,,,,,,,,,,,,,,,,,,,,,,,,,,,,,,,,,,,,,,,,,,,,,,,,,,,,,,,,,,,,,,,,,,,,,,,,,,,,,,,,,,,,,,,,,,,,,,,,,,,,,,,,,,,,,,,,,,,,,,,,,,,,,,,,,,,,,,,,,,,,,,,,,,,,
58,53,54,62,67,54,58,63,62,63,61,53,60,55,55,58,55,53,48,54,48,51,51,48,50,43,37,42,46,43,40,41,40,43,41,42,41,46,44,41,41,41,41,45,42,47,42,44,41,40,41,43,46,44,51,45,41,48,51,50,44,50,44,46,40,,,,,,,,,,,,,,,,,,,,,,,,,,,,,,,,,,,,,,,,,,,,,,,,,,,,,,,,,,,,,,,,,,,,,,,,,,,,,,,,,,,,,,,,,,,,,,,,,,,,,,,,,,,,,,,,,,,,,,,,,,,,,,,,,,,,,,,,,,,,,,,,,,,,,,,,,,,,,,,,,,,,,,,,,,,,,,,,,,,,,,,,,,,,,,,,
59,54,53,56,59,67,65,70,65,72,68,67,73,72,64,68,67,72,68,72,72,66,68,74,70,70,69,68,66,68,66,65,68,72,68,68,69,63,72,71,70,73,65,63,67,66,60,64,56,59,57,60,60,59,58,49,49,48,49,51,47,45,43,35,34,,,,,,,,,,,,,,,,,,,,,,,,,,,,,,,,,,,,,,,,,,,,,,,,,,,,,,,,,,,,,,,,,,,,,,,,,,,,,,,,,,,,,,,,,,,,,,,,,,,,,,,,,,,,,,,,,,,,,,,,,,,,,,,,,,,,,,,,,,,,,,,,,,,,,,,,,,,,,,,,,,,,,,,,,,,,,,,,,,,,,,,,,,,,,,,,
60,32,34,37,38,35,39,38,42,41,43,43,44,44,42,50,44,54,55,54,53,55,56,55,55,56,64,63,65,59,68,69,70,65,68,71,62,69,68,66,69,68,70,68,67,70,72,66,67,72,69,65,64,65,64,64,65,73,67,63,58,62,54,50,45,,,,,,,,,,,,,,,,,,,,,,,,,,,,,,,,,,,,,,,,,,,,,,,,,,,,,,,,,,,,,,,,,,,,,,,,,,,,,,,,,,,,,,,,,,,,,,,,,,,,,,,,,,,,,,,,,,,,,,,,,,,,,,,,,,,,,,,,,,,,,,,,,,,,,,,,,,,,,,,,,,,,,,,,,,,,,,,,,,,,,,,,,,,,,,,,
61,39,43,46,51,49,49,43,52,49,48,45,44,44,45,43,40,45,41,42,38,32,35,38,37,39,35,35,35,35,37,37,38,36,37,33,40,37,37,31,37,37,34,37,37,38,33,39,38,39,37,35,38,39,41,47,45,45,43,42,44,48,40,43,37,,,,,,,,,,,,,,,,,,,,,,,,,,,,,,,,,,,,,,,,,,,,,,,,,,,,,,,,,,,,,,,,,,,,,,,,,,,,,,,,,,,,,,,,,,,,,,,,,,,,,,,,,,,,,,,,,,,,,,,,,,,,,,,,,,,,,,,,,,,,,,,,,,,,,,,,,,,,,,,,,,,,,,,,,,,,,,,,,,,,,,,,,,,,,,,,
62,51,53,55,56,58,57,59,56,59,57,62,63,65,62,54,61,59,56,58,62,59,65,52,56,60,59,58,57,71,60,60,59,61,56,60,61,56,56,57,53,54,51,54,45,54,53,57,48,47,48,51,44,50,45,44,44,45,44,41,36,35,36,37,32,,,,,,,,,,,,,,,,,,,,,,,,,,,,,,,,,,,,,,,,,,,,,,,,,,,,,,,,,,,,,,,,,,,,,,,,,,,,,,,,,,,,,,,,,,,,,,,,,,,,,,,,,,,,,,,,,,,,,,,,,,,,,,,,,,,,,,,,,,,,,,,,,,,,,,,,,,,,,,,,,,,,,,,,,,,,,,,,,,,,,,,,,,,,,,,,
63,33,36,37,37,43,43,42,39,39,46,44,51,48,50,47,47,49,52,51,59,60,59,56,56,56,64,62,60,58,61,60,64,62,61,59,67,62,65,66,57,60,67,60,64,68,70,60,72,65,66,67,57,55,66,55,57,54,58,56,60,65,54,53,48,,,,,,,,,,,,,,,,,,,,,,,,,,,,,,,,,,,,,,,,,,,,,,,,,,,,,,,,,,,,,,,,,,,,,,,,,,,,,,,,,,,,,,,,,,,,,,,,,,,,,,,,,,,,,,,,,,,,,,,,,,,,,,,,,,,,,,,,,,,,,,,,,,,,,,,,,,,,,,,,,,,,,,,,,,,,,,,,,,,,,,,,,,,,,,,,
,,,,,,,,,,,,,,,,,,,,,,,,,,,,,,,,,,,,,,,,,,,,,,,,,,,,,,,,,,,,,,,,,,,,,,,,,,,,,,,,,,,,,,,,,,,,,,,,,,,,,,,,,,,,,,,,,,,,,,,,,,,,,,,,,,,,,,,,,,,,,,,,,,,,,,,,,,,,,,,,,,,,,,,,,,,,,,,,,,,,,,,,,,,,,,,,,,,,,,,,,,,,,,,,,,,,,,,,,,,,,,,,,,,,,,,,,,,,,,,,,,,,,,,,,,,,,,,,
value,0,1,2,3,4,5,6,7,8,9,10,11,12,13,14,15,16,17,18,19,20,21,22,23,24,25,26,27,28,29,30,31,32,33,34,35,36,37,38,39,40,41,42,43,44,45,46,47,48,49,50,51,52,53,54,55,56,57,58,59,60,61,62,63,64,65,66,67,68,69,70,71,72,73,74,75,76,77,78,79,80,81,82,83,84,85,86,87,88,89,90,91,92,93,94,95,96,97,98,99,100,101,102,103,104,105,106,107,108,109,110,111,112,113,114,115,116,117,118,119,120,121,122,123,124,125,126,127,128,129,130,131,132,133,134,135,136,137,138,139,140,141,142,143,144,145,146,147,148,149,150,151,152,153,154,155,156,157,158,159,160,161,162,163,164,165,166,167,168,169,170,171,172,173,174,175,176,177,178,179,180,181,182,183,184,185,186,187,188,189,190,191,192,193,194,195,196,197,198,199,200,201,202,203,204,205,206,207,208,209,210,211,212,213,214,215,216,217,218,219,220,221,222,223,224,225,226,227,228,229,230,231,232,233,234,235,236,237,238,239,240,241,242,243,244,245,246,247,248,249,250,251,252,253,254,255
count,0,0,0,0,0,0,0,0,0,0,0,0,0,0,0,0,0,0,0,0,1,0,0,0,0,0,0,0,0,0,0,2,10,11,21,23,30,39,38,34,39,52,57,66,86,81,100,90,97,100,89,70,82,81,90,88,93,72,88,86,84,85,95,86,73,90,85,91,94,105,115,106,124,143,118,114,104,101,92,89,73,78,32,27,19,21,16,6,3,4,1,1,3,0,1,1,0,0,0,0,0,0,0,0,0,0,0,0,0,0,0,0,0,0,0,0,0,0,0,0,0,0,0,0,0,0,0,0,0,0,0,0,0,0,0,0,0,0,0,0,0,0,0,0,0,0,0,0,0,0,0,0,0,0,0,0,0,0,0,0,0,0,0,0,0,0,0,0,0,0,0,0,0,0,0,0,0,0,0,0,0,0,0,0,0,0,0,0,0,0,0,0,0,0,0,0,0,0,0,0,0,0,0,0,0,0,0,0,0,0,0,0,0,0,0,0,0,0,0,0,0,0,0,0,0,0,0,0,0,0,0,0,0,0,0,0,0,0,0,0,0,0,0,0,0,0,0,0,0,0,0,0,0,0,0,0
,,,,,,,,,,,,,,,,,,,,,,,,,,,,,,,,,,,,,,,,,,,,,,,,,,,,,,,,,,,,,,,,,,,,,,,,,,,,,,,,,,,,,,,,,,,,,,,,,,,,,,,,,,,,,,,,,,,,,,,,,,,,,,,,,,,,,,,,,,,,,,,,,,,,,,,,,,,,,,,,,,,,,,,,,,,,,,,,,,,,,,,,,,,,,,,,,,,,,,,,,,,,,,,,,,,,,,,,,,,,,,,,,,,,,,,,,,,,,,,,,,,,,,,,,,,,,,,,
5,,,,,,,,,,,,,,,,,,,,,,,,,,,,,,,,,,,,,,,,,,,,,,,,,,,,,,,,,,,,,,,,,,,,,,,,,,,,,,,,,,,,,,,,,,,,,,,,,,,,,,,,,,,,,,,,,,,,,,,,,,,,,,,,,,,,,,,,,,,,,,,,,,,,,,,,,,,,,,,,,,,,,,,,,,,,,,,,,,,,,,,,,,,,,,,,,,,,,,,,,,,,,,,,,,,,,,,,,,,,,,,,,,,,,,,,,,,,,,,,,,,,,,,,,,,,,,,,
,0,1,2,3,4,5,6,7,8,9,10,11,12,13,14,15,16,17,18,19,20,21,22,23,24,25,26,27,28,29,30,31,32,33,34,35,36,37,38,39,40,41,42,43,44,45,46,47,48,49,50,51,52,53,54,55,56,57,58,59,60,61,62,63,61.39404297,,,,,,,,,,,,,,,,,,,,,,,,,,,,,,,,,,,,,,,,,,,,,,,,,,,,,,,,,,,,,,,,,,,,,,,,,,,,,,,,,,,,,,,,,,,,,,,,,,,,,,,,,,,,,,,,,,,,,,,,,,,,,,,,,,,,,,,,,,,,,,,,,,,,,,,,,,,,,,,,,,,,,,,,,,,,,,,,,,,,,,,,,,,,,,,
0,49,45,59,58,59,53,57,54,54,53,57,54,57,56,61,59,60,65,63,54,57,53,58,51,57,57,61,61,54,53,61,60,60,54,56,57,61,58,52,58,61,57,53,56,60,57,54,49,57,54,55,55,52,46,51,46,49,53,45,46,41,40,41,34,,,,,,,,,,,,,,,,,,,,,,,,,,,,,,,,,,,,,,,,,,,,,,,,,,,,,,,,,,,,,,,,,,,,,,,,,,,,,,,,,,,,,,,,,,,,,,,,,,,,,,,,,,,,,,,,,,,,,,,,,,,,,,,,,,,,,,,,,,,,,,,,,,,,,,,,,,,,,,,,,,,,,,,,,,,,,,,,,,,,,,,,,,,,,,,,
1,31,37,33,34,41,38,39,33,37,37,43,36,41,44,34,43,44,35,40,41,44,38,46,47,48,45,52,50,53,56,53,54,51,62,61,55,51,51,59,57,56,51,57,58,64,59,62,58,58,57,59,62,64,59,59,63,55,62,58,56,62,54,52,42,,,,,,,,,,,,,,,,,,,,,,,,,,,,,,,,,,,,,,,,,,,,,,,,,,,,,,,,,,,,,,,,,,,,,,,,,,,,,,,,,,,,,,,,,,,,,,,,,,,,,,,,,,,,,,,,,,,,,,,,,,,,,,,,,,,,,,,,,,,,,,,,,,,,,,,,,,,,,,,,,,,,,,,,,,,,,,,,,,,,,,,,,,,,,,,,
2,53,48,53,56,58,58,51,51,58,55,56,56,55,47,50,54,49,46,50,43,49,44,43,44,40,36,42,40,38,41,39,40,37,41,40,42,34,39,36,34,38,40,41,37,36,43,38,48,37,41,36,36,36,44,41,37,41,43,40,43,40,40,37,33,,,,,,,,,,,,,,,,,,,,,,,,,,,,,,,,,,,,,,,,,,,,,,,,,,,,,,,,,,,,,,,,,,,,,,,,,,,,,,,,,,,,,,,,,,,,,,,,,,,,,,,,,,,,,,,,,,,,,,,,,,,,,,,,,,,,,,,,,,,,,,,,,,,,,,,,,,,,,,,,,,,,,,,,,,,,,,,,,,,,,,,,,,,,,,,,
3,47,57,59,59,58,59,62,67,67,59,65,66,65,60,61,67,59,71,65,57,63,66,62,68,58,62,68,63,64,64,60,62,66,65,63,59,67,65,63,65,61,65,66,60,64,59,57,53,58,52,56,52,54,55,45,49,48,42,46,42,44,38,37,30,,,,,,,,,,,,,,,,,,,,,,,,,,,,,,,,,,,,,,,,,,,,,,,,,,,,,,,,,,,,,,,,,,,,,,,,,,,,,,,,,,,,,,,,,,,,,,,,,,,,,,,,,,,,,,,,,,,,,,,,,,,,,,,,,,,,,,,,,,,,,,,,,,,,,,,,,,,,,,,,,,,,,,,,,,,,,,,,,,,,,,,,,,,,,,,,
4,37,38,40,41,42,46,46,49,44,40,48,45,41,47,52,51,51,56,52,56,55,52,60,57,60,61,68,63,58,59,68,61,68,68,71,69,70,73,68,74,70,67,62,72,77,68,69,73,65,67,60,71,74,67,70,67,61,70,65,65,58,67,52,47,,,,,,,,,,,,,,,,,,,,,,,,,,,,,,,,,,,,,,,,,,,,,,,,,,,,,,,,,,,,,,,,,,,,,,,,,,,,,,,,,,,,,,,,,,,,,,,,,,,,,,,,,,,,,,,,,,,,,,,,,,,,,,,,,,,,,,,,,,,,,,,,,,,,,,,,,,,,,,,,,,,,,,,,,,,,,,,,,,,,,,,,,,,,,,,,
5,42,47,54,53,52,50,51,53,58,55,54,52,45,50,47,50,49,48,45,41,39,39,38,33,41,34,42,36,39,40,37,38,36,38,37,34,36,41,38,39,37,39,38,36,36,39,39,34,44,41,42,44,45,47,47,53,50,49,49,50,50,46,41,39,,,,,,,,,,,,,,,,,,,,,,,,,,,,,,,,,,,,,,,,,,,,,,,,,,,,,,,,,,,,,,,,,,,,,,,,,,,,,,,,,,,,,,,,,,,,,,,,,,,,,,,,,,,,,,,,,,,,,,,,,,,,,,,,,,,,,,,,,,,,,,,,,,,,,,,,,,,,,,,,,,,,,,,,,,,,,,,,,,,,,,,,,,,,,,,,
6,51,55,63,65,73,60,72,75,66,69,69,69,69,66,66,67,74,70,70,70,69,68,61,71,68,71,64,73,67,71,66,66,63,67,66,63,65,58,62,66,70,64,62,59,59,54,56,59,54,54,51,58,59,48,49,53,45,44,40,40,38,33,34,32,,,,,,,,,,,,,,,,,,,,,,,,,,,,,,,,,,,,,,,,,,,,,,,,,,,,,,,,,,,,,,,,,,,,,,,,,,,,,,,,,,,,,,,,,,,,,,,,,,,,,,,,,,,,,,,,,,,,,,,,,,,,,,,,,,,,,,,,,,,,,,,,,,,,,,,,,,,,,,,,,,,,,,,,,,,,,,,,,,,,,,,,,,,,,,,,
7,29,34,34,34,34,40,38,44,48,43,48,51,53,54,53,57,53,57,55,60,56,65,64,63,67,60,72,74,67,67,69,72,79,71,82,72,74,72,87,74,68,89,74,80,72,72,69,72,65,70,80,72,72,79,67,71,72,74,74,66,62,56,48,54,,,,,,,,,,,,,,,,,,,,,,,,,,,,,,,,,,,,,,,,,,,,,,,,,,,,,,,,,,,,,,,,,,,,,,,,,,,,,,,,,,,,,,,,,,,,,,,,,,,,,,,,,,,,,,,,,,,,,,,,,,,,,,,,,,,,,,,,,,,,,,,,,,,,,,,,,,,,,,,,,,,,,,,,,,,,,,,,,,,,,,,,,,,,,,,,
8,62,65,69,73,72,76,78,75,72,78,83,74,71,72,81,75,75,76,71,77,76,76,73,82,78,84,74,78,82,75,81,79,78,83,78,75,76,76,73,74,77,72,78,74,81,73,79,71,67,68,71,68,67,64,64,61,61,58,63,50,51,45,44,45,,,,,,,,,,,,,,,,,,,,,,,,,,,,,,,,,,,,,,,,,,,,,,,,,,,,,,,,,,,,,,,,,,,,,,,,,,,,,,,,,,,,,,,,,,,,,,,,,,,,,,,,,,,,,,,,,,,,,,,,,,,,,,,,,,,,,,,,,,,,,,,,,,,,,,,,,,,,,,,,,,,,,,,,,,,,,,,,,,,,,,,,,,,,,,,,
9,35,34,39,45,40,46,43,43,47,45,41,43,41,45,49,47,50,48,55,47,52,58,60,55,57,61,64,58,61,66,65,74,74,63,67,73,71,77,76,78,75,75,77,84,80,78,70,75,81,71,77,78,80,77,76,69,71,72,69,69,66,61,57,52,,,,,,,,,,,,,,,,,,,,,,,,,,,,,,,,,,,,,,,,,,,,,,,,,,,,,,,,,,,,,,,,,,,,,,,,,,,,,,,,,,,,,,,,,,,,,,,,,,,,,,,,,,,,,,,,,,,,,,,,,,,,,,,,,,,,,,,,,,,,,,,,,,,,,,,,,,,,,,,,,,,,,,,,,,,,,,,,,,,,,,,,,,,,,,,,
10,56,62,60,58,71,70,67,66,67,63,60,67,62,66,63,62,59,57,56,53,53,58,56,51,52,44,46,43,40,53,43,46,46,43,46,45,45,49,48,45,47,43,40,45,47,44,45,47,42,44,45,45,46,46,51,46,49,48,50,53,51,49,51,46,,,,,,,,,,,,,,,,,,,,,,,,,,,,,,,,,,,,,,,,,,,,,,,,,,,,,,,,,,,,,,,,,,,,,,,,,,,,,,,,,,,,,,,,,,,,,,,,,,,,,,,,,,,,,,,,,,,,,,,,,,,,,,,,,,,,,,,,,,,,,,,,,,,,,,,,,,,,,,,,,,,,,,,,,,,,,,,,,,,,,,,,,,,,,,,,
11,58,66,59,62,73,77,69,73,74,69,78,72,74,75,82,76,64,73,75,77,72,84,76,76,75,75,76,81,70,78,78,73,80,75,74,81,81,77,72,76,75,75,70,72,77,72,76,66,69,67,64,65,63,65,56,55,54,54,64,59,52,50,40,34,,,,,,,,,,,,,,,,,,,,,,,,,,,,,,,,,,,,,,,,,,,,,,,,,,,,,,,,,,,,,,,,,,,,,,,,,,,,,,,,,,,,,,,,,,,,,,,,,,,,,,,,,,,,,,,,,,,,,,,,,,,,,,,,,,,,,,,,,,,,,,,,,,,,,,,,,,,,,,,,,,,,,,,,,,,,,,,,,,,,,,,,,,,,,,,,
12,37,41,47,50,53,50,52,53,54,49,58,61,55,62,55,61,62,69,68,66,62,71,66,65,85,87,77,75,78,78,83,78,76,73,86,81,77,87,86,80,76,94,83,86,78,86,84,80,80,83,76,82,72,84,80,82,80,85,79,69,82,74,77,67,,,,,,,,,,,,,,,,,,,,,,,,,,,,,,,,,,,,,,,,,,,,,,,,,,,,,,,,,,,,,,,,,,,,,,,,,,,,,,,,,,,,,,,,,,,,,,,,,,,,,,,,,,,,,,,,,,,,,,,,,,,,,,,,,,,,,,,,,,,,,,,,,,,,,,,,,,,,,,,,,,,,,,,,,,,,,,,,,,,,,,,,,,,,,,,,
13,52,60,55,62,57,56,58,55,56,63,56,54,58,53,50,55,60,54,54,45,47,47,43,46,44,42,47,42,46,44,42,46,52,40,43,45,44,47,43,48,45,46,46,43,44,47,42,47,50,51,45,48,53,49,55,57,57,61,61,56,56,55,47,50,,,,,,,,,,,,,,,,,,,,,,,,,,,,,,,,,,,,,,,,,,,,,,,,,,,,,,,,,,,,,,,,,,,,,,,,,,,,,,,,,,,,,,,,,,,,,,,,,,,,,,,,,,,,,,,,,,,,,,,,,,,,,,,,,,,,,,,,,,,,,,,,,,,,,,,,,,,,,,,,,,,,,,,,,,,,,,,,,,,,,,,,,,,,,,,,
14,50,60,66,72,66,64,77,69,79,70,73,68,72,73,79,76,80,69,74,79,74,79,79,71,70,77,73,78,75,68,76,72,80,68,70,72,72,67,71,63,65,70,62,68,57,68,64,55,58,54,59,54,56,52,49,46,48,42,41,39,39,31,37,31,,,,,,,,,,,,,,,,,,,,,,,,,,,,,,,,,,,,,,,,,,,,,,,,,,,,,,,,,,,,,,,,,,,,,,,,,,,,,,,,,,,,,,,,,,,,,,,,,,,,,,,,,,,,,,,,,,,,,,,,,,,,,,,,,,,,,,,,,,,,,,,,,,,,,,,,,,,,,,,,,,,,,,,,,,,,,,,,,,,,,,,,,,,,,,,,
15,32,39,34,36,47,45,47,50,54,51,50,59,58,58,56,67,63,58,70,66,59,71,67,66,71,68,74,75,75,75,76,72,70,81,75,78,74,78,84,72,75,79,81,83,76,80,75,77,71,73,73,69,74,79,76,71,70,71,70,69,58,61,60,52,,,,,,,,,,,,,,,,,,,,,,,,,,,,,,,,,,,,,,,,,,,,,,,,,,,,,,,,,,,,,,,,,,,,,,,,,,,,,,,,,,,,,,,,,,,,,,,,,,,,,,,,,,,,,,,,,,,,,,,,,,,,,,,,,,,,,,,,,,,,,,,,,,,,,,,,,,,,,,,,,,,,,,,,,,,,,,,,,,,,,,,,,,,,,,,,
16,60,59,65,67,69,79,71,72,76,76,76,79,81,78,74,79,76,77,71,79,74,77,84,78,69,73,79,76,71,76,76,81,77,81,75,76,83,83,70,74,79,70,71,82,74,74,72,72,69,76,70,75,66,63,63,60,62,56,54,50,46,45,41,40,,,,,,,,,,,,,,,,,,,,,,,,,,,,,,,,,,,,,,,,,,,,,,,,,,,,,,,,,,,,,,,,,,,,,,,,,,,,,,,,,,,,,,,,,,,,,,,,,,,,,,,,,,,,,,,,,,,,,,,,,,,,,,,,,,,,,,,,,,,,,,,,,,,,,,,,,,,,,,,,,,,,,,,,,,,,,,,,,,,,,,,,,,,,,,,,
17,38,43,45,53,44,46,47,53,50,52,50,48,54,46,54,51,54,56,58,56,61,65,64,60,63,63,68,72,73,72,79,78,75,77,75,72,81,76,76,73,77,81,87,77,79,81,77,76,83,79,85,75,82,81,75,78,65,80,73,75,73,73,57,58,,,,,,,,,,,,,,,,,,,,,,,,,,,,,,,,,,,,,,,,,,,,,,,,,,,,,,,,,,,,,,,,,,,,,,,,,,,,,,,,,,,,,,,,,,,,,,,,,,,,,,,,,,,,,,,,,,,,,,,,,,,,,,,,,,,,,,,,,,,,,,,,,,,,,,,,,,,,,,,,,,,,,,,,,,,,,,,,,,,,,,,,,,,,,,,,
18,58,64,66,65,71,69,76,69,70,64,64,61,66,69,69,69,55,58,57,60,58,57,62,63,52,54,50,49,50,56,51,53,53,50,47,46,47,51,45,45,52,52,47,47,52,50,53,49,48,52,51,47,56,51,55,57,58,53,49,53,58,49,55,41,,,,,,,,,,,,,,,,,,,,,,,,,,,,,,,,,,,,,,,,,,,,,,,,,,,,,,,,,,,,,,,,,,,,,,,,,,,,,,,,,,,,,,,,,,,,,,,,,,,,,,,,,,,,,,,,,,,,,,,,,,,,,,,,,,,,,,,,,,,,,,,,,,,,,,,,,,,,,,,,,,,,,,,,,,,,,,,,,,,,,,,,,,,,,,,,
19,64,76,76,82,76,84,76,86,78,85,83,76,80,84,88,81,81,84,87,80,88,81,83,87,78,81,75,75,82,83,90,81,80,82,87,79,83,79,76,83,87,83,83,82,79,74,87,79,71,67,73,73,74,77,65,67,73,66,67,65,61,59,50,41,,,,,,,,,,,,,,,,,,,,,,,,,,,,,,,,,,,,,,,,,,,,,,,,,,,,,,,,,,,,,,,,,,,,,,,,,,,,,,,,,,,,,,,,,,,,,,,,,,,,,,,,,,,,,,,,,,,,,,,,,,,,,,,,,,,,,,,,,,,,,,,,,,,,,,,,,,,,,,,,,,,,,,,,,,,,,,,,,,,,,,,,,,,,,,,,
20,33,36,39,37,40,42,46,49,42,48,51,50,50,49,56,56,59,54,57,55,58,59,65,66,65,63,65,73,68,66,66,72,68,72,75,77,71,77,73,82,79,76,78,76,84,68,72,77,75,77,79,76,69,78,77,72,72,70,69,72,60,62,61,52,,,,,,,,,,,,,,,,,,,,,,,,,,,,,,,,,,,,,,,,,,,,,,,,,,,,,,,,,,,,,,,,,,,,,,,,,,,,,,,,,,,,,,,,,,,,,,,,,,,,,,,,,,,,,,,,,,,,,,,,,,,,,,,,,,,,,,,,,,,,,,,,,,,,,,,,,,,,,,,,,,,,,,,,,,,,,,,,,,,,,,,,,,,,,,,,
21,52,56,56,71,58,59,59,57,62,57,61,59,56,57,58,63,52,55,54,52,44,49,44,43,48,45,46,44,45,49,44,47,45,44,46,51,46,47,48,46,46,48,43,45,44,44,43,45,46,47,50,54,52,55,56,61,60,56,50,56,64,55,54,47,,,,,,,,,,,,,,,,,,,,,,,,,,,,,,,,,,,,,,,,,,,,,,,,,,,,,,,,,,,,,,,,,,,,,,,,,,,,,,,,,,,,,,,,,,,,,,,,,,,,,,,,,,,,,,,,,,,,,,,,,,,,,,,,,,,,,,,,,,,,,,,,,,,,,,,,,,,,,,,,,,,,,,,,,,,,,,,,,,,,,,,,,,,,,,,,
22,53,60,65,70,75,68,77,69,75,72,86,83,78,77,75,75,74,82,67,77,79,81,77,73,81,83,73,81,80,86,79,77,73,76,83,76,75,69,69,73,69,74,69,67,62,61,66,59,65,63,52,61,59,50,53,58,54,44,43,49,38,38,36,34,,,,,,,,,,,,,,,,,,,,,,,,,,,,,,,,,,,,,,,,,,,,,,,,,,,,,,,,,,,,,,,,,,,,,,,,,,,,,,,,,,,,,,,,,,,,,,,,,,,,,,,,,,,,,,,,,,,,,,,,,,,,,,,,,,,,,,,,,,,,,,,,,,,,,,,,,,,,,,,,,,,,,,,,,,,,,,,,,,,,,,,,,,,,,,,,
23,32,36,39,35,40,44,44,45,47,51,48,57,52,55,61,59,55,59,61,58,70,71,75,73,69,73,80,78,81,81,72,79,68,81,75,75,84,77,77,71,70,82,77,80,75,79,77,81,75,76,80,74,79,83,82,81,77,71,69,69,62,56,57,55,,,,,,,,,,,,,,,,,,,,,,,,,,,,,,,,,,,,,,,,,,,,,,,,,,,,,,,,,,,,,,,,,,,,,,,,,,,,,,,,,,,,,,,,,,,,,,,,,,,,,,,,,,,,,,,,,,,,,,,,,,,,,,,,,,,,,,,,,,,,,,,,,,,,,,,,,,,,,,,,,,,,,,,,,,,,,,,,,,,,,,,,,,,,,,,,
24,65,59,71,71,73,69,73,74,70,77,76,73,72,80,77,80,71,76,72,71,82,77,76,75,80,80,81,72,69,75,76,82,73,71,75,72,70,75,74,77,69,84,78,72,68,71,78,71,71,70,73,70,77,64,64,60,64,62,59,56,50,54,49,50,,,,,,,,,,,,,,,,,,,,,,,,,,,,,,,,,,,,,,,,,,,,,,,,,,,,,,,,,,,,,,,,,,,,,,,,,,,,,,,,,,,,,,,,,,,,,,,,,,,,,,,,,,,,,,,,,,,,,,,,,,,,,,,,,,,,,,,,,,,,,,,,,,,,,,,,,,,,,,,,,,,,,,,,,,,,,,,,,,,,,,,,,,,,,,,,
25,35,38,33,47,42,44,45,40,43,47,41,40,44,43,49,48,47,48,48,45,51,53,55,59,58,61,61,61,60,64,66,73,66,72,69,65,72,72,76,74,71,71,77,88,77,69,78,76,73,72,71,75,72,74,72,72,74,72,69,69,62,58,56,55,,,,,,,,,,,,,,,,,,,,,,,,,,,,,,,,,,,,,,,,,,,,,,,,,,,,,,,,,,,,,,,,,,,,,,,,,,,,,,,,,,,,,,,,,,,,,,,,,,,,,,,,,,,,,,,,,,,,,,,,,,,,,,,,,,,,,,,,,,,,,,,,,,,,,,,,,,,,,,,,,,,,,,,,,,,,,,,,,,,,,,,,,,,,,,,,
26,55,62,63,67,68,67,66,63,68,66,65,57,66,59,72,59,55,57,58,52,53,58,58,57,52,49,49,48,49,42,44,45,46,49,45,46,52,43,49,47,50,45,50,45,45,47,48,47,49,46,46,49,48,54,51,49,45,51,55,50,53,51,48,44,,,,,,,,,,,,,,,,,,,,,,,,,,,,,,,,,,,,,,,,,,,,,,,,,,,,,,,,,,,,,,,,,,,,,,,,,,,,,,,,,,,,,,,,,,,,,,,,,,,,,,,,,,,,,,,,,,,,,,,,,,,,,,,,,,,,,,,,,,,,,,,,,,,,,,,,,,,,,,,,,,,,,,,,,,,,,,,,,,,,,,,,,,,,,,,,
27,52,62,62,64,68,73,66,76,82,78,71,78,73,76,68,74,72,80,70,75,75,71,68,67,76,80,71,72,68,75,73,74,77,75,81,79,78,77,71,75,71,72,71,74,70,60,68,60,62,62,63,59,61,61,61,54,53,50,48,55,52,44,39,35,,,,,,,,,,,,,,,,,,,,,,,,,,,,,,,,,,,,,,,,,,,,,,,,,,,,,,,,,,,,,,,,,,,,,,,,,,,,,,,,,,,,,,,,,,,,,,,,,,,,,,,,,,,,,,,,,,,,,,,,,,,,,,,,,,,,,,,,,,,,,,,,,,,,,,,,,,,,,,,,,,,,,,,,,,,,,,,,,,,,,,,,,,,,,,,,
28,36,42,36,42,45,42,44,44,45,42,46,48,50,45,55,56,52,59,58,61,56,63,64,57,65,62,67,70,66,69,69,68,71,69,70,73,77,76,75,74,74,74,78,74,73,87,83,75,76,71,71,74,68,71,72,79,76,73,73,68,65,62,56,58,,,,,,,,,,,,,,,,,,,,,,,,,,,,,,,,,,,,,,,,,,,,,,,,,,,,,,,,,,,,,,,,,,,,,,,,,,,,,,,,,,,,,,,,,,,,,,,,,,,,,,,,,,,,,,,,,,,,,,,,,,,,,,,,,,,,,,,,,,,,,,,,,,,,,,,,,,,,,,,,,,,,,,,,,,,,,,,,,,,,,,,,,,,,,,,,
29,51,52,56,61,57,61,57,65,65,63,56,60,53,55,50,53,52,55,55,47,45,42,42,41,48,39,46,46,45,46,45,47,46,41,46,47,46,50,45,46,45,42,42,46,44,46,50,47,49,50,44,49,48,51,55,57,54,58,54,51,54,52,53,43,,,,,,,,,,,,,,,,,,,,,,,,,,,,,,,,,,,,,,,,,,,,,,,,,,,,,,,,,,,,,,,,,,,,,,,,,,,,,,,,,,,,,,,,,,,,,,,,,,,,,,,,,,,,,,,,,,,,,,,,,,,,,,,,,,,,,,,,,,,,,,,,,,,,,,,,,,,,,,,,,,,,,,,,,,,,,,,,,,,,,,,,,,,,,,,,
30,53,59,65,63,71,65,71,72,78,67,74,73,70,74,77,71,73,69,79,72,70,75,86,76,74,78,78,78,79,77,71,74,75,78,73,71,71,73,71,67,68,66,68,60,60,63,61,63,62,56,51,52,56,53,55,52,54,39,45,41,39,39,41,33,,,,,,,,,,,,,,,,,,,,,,,,,,,,,,,,,,,,,,,,,,,,,,,,,,,,,,,,,,,,,,,,,,,,,,,,,,,,,,,,,,,,,,,,,,,,,,,,,,,,,,,,,,,,,,,,,,,,,,,,,,,,,,,,,,,,,,,,,,,,,,,,,,,,,,,,,,,,,,,,,,,,,,,,,,,,,,,,,,,,,,,,,,,,,,,,
31,33,37,38,40,42,42,48,48,43,52,50,59,57,59,59,55,60,62,68,63,65,68,70,72,69,71,72,76,72,74,82,81,83,86,79,79,80,73,76,82,74,77,76,73,73,75,82,82,71,72,77,77,67,79,72,70,64,76,70,60,64,61,61,56,,,,,,,,,,,,,,,,,,,,,,,,,,,,,,,,,,,,,,,,,,,,,,,,,,,,,,,,,,,,,,,,,,,,,,,,,,,,,,,,,,,,,,,,,,,,,,,,,,,,,,,,,,,,,,,,,,,,,,,,,,,,,,,,,,,,,,,,,,,,,,,,,,,,,,,,,,,,,,,,,,,,,,,,,,,,,,,,,,,,,,,,,,,,,,,,
32,63,59,64,69,70,72,73,82,81,82,81,78,74,83,77,70,76,74,84,79,89,74,84,81,81,76,75,71,79,77,80,82,81,78,76,80,84,72,75,73,76,80,81,89,77,78,75,68,69,69,70,70,60,72,72,63,70,72,65,60,50,50,48,49,,,,,,,,,,,,,,,,,,,,,,,,,,,,,,,,,,,,,,,,,,,,,,,,,,,,,,,,,,,,,,,,,,,,,,,,,,,,,,,,,,,,,,,,,,,,,,,,,,,,,,,,,,,,,,,,,,,,,,,,,,,,,,,,,,,,,,,,,,,,,,,,,,,,,,,,,,,,,,,,,,,,,,,,,,,,,,,,,,,,,,,,,,,,,,,,
33,35,36,42,43,45,45,47,46,47,45,45,44,45,48,49,49,48,52,46,50,57,60,54,61,62,64,60,62,68,69,69,64,68,66,73,71,74,73,75,80,76,73,72,79,77,81,77,83,78,80,81,74,81,71,78,76,79,73,68,75,65,69,59,53,,,,,,,,,,,,,,,,,,,,,,,,,,,,,,,,,,,,,,,,,,,,,,,,,,,,,,,,,,,,,,,,,,,,,,,,,,,,,,,,,,,,,,,,,,,,,,,,,,,,,,,,,,,,,,,,,,,,,,,,,,,,,,,,,,,,,,,,,,,,,,,,,,,,,,,,,,,,,,,,,,,,,,,,,,,,,,,,,,,,,,,,,,,,,,,,
34,59,55,67,64,70,69,70,71,71,69,66,67,67,74,66,66,64,60,64,61,57,53,60,62,53,50,47,47,49,53,53,51,50,50,49,51,49,52,54,46,50,52,54,53,51,53,53,47,48,49,51,47,49,53,49,48,55,51,52,56,55,52,50,53,,,,,,,,,,,,,,,,,,,,,,,,,,,,,,,,,,,,,,,,,,,,,,,,,,,,,,,,,,,,,,,,,,,,,,,,,,,,,,,,,,,,,,,,,,,,,,,,,,,,,,,,,,,,,,,,,,,,,,,,,,,,,,,,,,,,,,,,,,,,,,,,,,,,,,,,,,,,,,,,,,,,,,,,,,,,,,,,,,,,,,,,,,,,,,,,
35,63,63,66,67,70,74,74,74,69,83,78,78,73,75,68,77,80,73,79,76,75,72,74,72,75,80,78,83,73,76,83,81,75,84,86,78,77,88,77,74,74,77,76,70,70,71,68,62,60,61,63,63,69,67,64,57,53,58,57,53,50,46,42,39,,,,,,,,,,,,,,,,,,,,,,,,,,,,,,,,,,,,,,,,,,,,,,,,,,,,,,,,,,,,,,,,,,,,,,,,,,,,,,,,,,,,,,,,,,,,,,,,,,,,,,,,,,,,,,,,,,,,,,,,,,,,,,,,,,,,,,,,,,,,,,,,,,,,,,,,,,,,,,,,,,,,,,,,,,,,,,,,,,,,,,,,,,,,,,,,
36,38,43,43,43,46,47,46,47,46,45,49,50,48,51,57,54,55,60,62,65,65,64,69,58,69,67,74,69,78,73,75,67,72,72,77,77,75,75,80,81,81,84,81,81,74,80,79,84,75,74,71,83,76,77,81,75,79,75,74,64,60,56,56,55,,,,,,,,,,,,,,,,,,,,,,,,,,,,,,,,,,,,,,,,,,,,,,,,,,,,,,,,,,,,,,,,,,,,,,,,,,,,,,,,,,,,,,,,,,,,,,,,,,,,,,,,,,,,,,,,,,,,,,,,,,,,,,,,,,,,,,,,,,,,,,,,,,,,,,,,,,,,,,,,,,,,,,,,,,,,,,,,,,,,,,,,,,,,,,,,
37,55,64,60,67,66,62,67,63,65,66,67,61,55,61,62,53,61,55,58,51,52,45,48,47,50,48,49,50,48,49,48,49,50,45,52,51,44,49,50,50,48,49,48,48,45,53,43,48,50,52,51,52,53,52,61,62,61,54,67,55,61,59,52,49,,,,,,,,,,,,,,,,,,,,,,,,,,,,,,,,,,,,,,,,,,,,,,,,,,,,,,,,,,,,,,,,,,,,,,,,,,,,,,,,,,,,,,,,,,,,,,,,,,,,,,,,,,,,,,,,,,,,,,,,,,,,,,,,,,,,,,,,,,,,,,,,,,,,,,,,,,,,,,,,,,,,,,,,,,,,,,,,,,,,,,,,,,,,,,,,
38,55,61,63,61,70,73,69,78,72,79,79,77,73,75,73,76,72,79,73,84,70,85,82,80,73,70,73,83,80,73,75,78,79,77,70,83,75,70,71,75,70,72,66,60,65,63,65,65,62,52,56,53,55,56,53,49,48,45,37,39,38,40,37,36,,,,,,,,,,,,,,,,,,,,,,,,,,,,,,,,,,,,,,,,,,,,,,,,,,,,,,,,,,,,,,,,,,,,,,,,,,,,,,,,,,,,,,,,,,,,,,,,,,,,,,,,,,,,,,,,,,,,,,,,,,,,,,,,,,,,,,,,,,,,,,,,,,,,,,,,,,,,,,,,,,,,,,,,,,,,,,,,,,,,,,,,,,,,,,,,
39,37,40,43,46,41,50,45,53,51,54,51,59,59,66,61,65,61,64,66,63,65,71,76,71,75,74,75,75,77,82,79,82,80,79,79,78,74,77,83,77,88,73,80,90,78,73,71,76,82,72,75,70,76,77,71,73,75,72,72,70,69,66,61,57,,,,,,,,,,,,,,,,,,,,,,,,,,,,,,,,,,,,,,,,,,,,,,,,,,,,,,,,,,,,,,,,,,,,,,,,,,,,,,,,,,,,,,,,,,,,,,,,,,,,,,,,,,,,,,,,,,,,,,,,,,,,,,,,,,,,,,,,,,,,,,,,,,,,,,,,,,,,,,,,,,,,,,,,,,,,,,,,,,,,,,,,,,,,,,,,
40,61,67,68,63,71,77,65,73,70,78,73,78,72,72,69,74,76,76,76,81,75,75,74,75,74,83,75,80,76,73,76,81,74,74,78,75,75,73,73,74,75,71,70,76,78,73,73,67,71,69,70,71,64,67,61,56,65,54,56,55,54,48,43,47,,,,,,,,,,,,,,,,,,,,,,,,,,,,,,,,,,,,,,,,,,,,,,,,,,,,,,,,,,,,,,,,,,,,,,,,,,,,,,,,,,,,,,,,,,,,,,,,,,,,,,,,,,,,,,,,,,,,,,,,,,,,,,,,,,,,,,,,,,,,,,,,,,,,,,,,,,,,,,,,,,,,,,,,,,,,,,,,,,,,,,,,,,,,,,,,
41,34,33,38,39,42,41,42,46,45,42,45,41,44,45,49,47,52,48,49,43,50,52,62,58,54,60,55,60,68,66,63,65,71,69,70,63,71,70,76,74,70,72,81,75,73,83,77,70,76,77,74,72,74,74,81,77,76,68,73,72,65,57,56,50,,,,,,,,,,,,,,,,,,,,,,,,,,,,,,,,,,,,,,,,,,,,,,,,,,,,,,,,,,,,,,,,,,,,,,,,,,,,,,,,,,,,,,,,,,,,,,,,,,,,,,,,,,,,,,,,,,,,,,,,,,,,,,,,,,,,,,,,,,,,,,,,,,,,,,,,,,,,,,,,,,,,,,,,,,,,,,,,,,,,,,,,,,,,,,,,
42,53,63,64,65,64,67,67,75,79,65,68,63,64,67,61,71,60,61,58,59,58,54,56,57,52,57,45,46,48,57,46,52,45,51,53,51,55,55,48,52,48,54,45,48,48,51,46,50,49,45,54,51,48,56,48,56,47,53,57,53,53,54,49,54,,,,,,,,,,,,,,,,,,,,,,,,,,,,,,,,,,,,,,,,,,,,,,,,,,,,,,,,,,,,,,,,,,,,,,,,,,,,,,,,,,,,,,,,,,,,,,,,,,,,,,,,,,,,,,,,,,,,,,,,,,,,,,,,,,,,,,,,,,,,,,,,,,,,,,,,,,,,,,,,,,,,,,,,,,,,,,,,,,,,,,,,,,,,,,,,
43,59,66,67,65,66,74,79,74,75,71,71,74,80,73,72,87,78,81,74,78,80,79,75,77,79,81,81,82,72,75,79,78,79,73,81,84,78,83,80,72,76,77,70,65,70,72,76,66,66,60,64,60,68,68,57,58,55,53,55,54,53,46,44,36,,,,,,,,,,,,,,,,,,,,,,,,,,,,,,,,,,,,,,,,,,,,,,,,,,,,,,,,,,,,,,,,,,,,,,,,,,,,,,,,,,,,,,,,,,,,,,,,,,,,,,,,,,,,,,,,,,,,,,,,,,,,,,,,,,,,,,,,,,,,,,,,,,,,,,,,,,,,,,,,,,,,,,,,,,,,,,,,,,,,,,,,,,,,,,,,
44,33,35,40,38,41,38,40,44,39,42,46,47,47,47,49,57,56,56,57,54,61,61,64,61,60,63,75,70,69,74,68,76,81,75,75,71,81,83,79,79,85,80,74,82,82,71,77,72,77,75,77,77,76,73,67,72,73,78,66,70,65,56,57,52,,,,,,,,,,,,,,,,,,,,,,,,,,,,,,,,,,,,,,,,,,,,,,,,,,,,,,,,,,,,,,,,,,,,,,,,,,,,,,,,,,,,,,,,,,,,,,,,,,,,,,,,,,,,,,,,,,,,,,,,,,,,,,,,,,,,,,,,,,,,,,,,,,,,,,,,,,,,,,,,,,,,,,,,,,,,,,,,,,,,,,,,,,,,,,,,
45,52,55,57,57,60,56,66,61,64,60,59,60,58,55,58,51,56,55,58,48,47,45,44,43,50,41,48,48,44,49,46,46,46,46,42,46,42,48,45,46,43,45,44,42,44,47,45,43,45,50,47,49,52,50,55,58,60,56,56,45,53,57,51,47,,,,,,,,,,,,,,,,,,,,,,,,,,,,,,,,,,,,,,,,,,,,,,,,,,,,,,,,,,,,,,,,,,,,,,,,,,,,,,,,,,,,,,,,,,,,,,,,,,,,,,,,,,,,,,,,,,,,,,,,,,,,,,,,,,,,,,,,,,,,,,,,,,,,,,,,,,,,,,,,,,,,,,,,,,,,,,,,,,,,,,,,,,,,,,,,
46,58,67,65,68,73,78,76,72,75,77,72,72,75,76,80,74,74,76,75,76,80,73,76,73,75,76,79,76,79,79,86,71,79,75,72,77,71,66,73,74,74,69,70,64,68,60,66,67,67,62,58,67,62,60,59,56,60,60,49,48,46,40,40,40,,,,,,,,,,,,,,,,,,,,,,,,,,,,,,,,,,,,,,,,,,,,,,,,,,,,,,,,,,,,,,,,,,,,,,,,,,,,,,,,,,,,,,,,,,,,,,,,,,,,,,,,,,,,,,,,,,,,,,,,,,,,,,,,,,,,,,,,,,,,,,,,,,,,,,,,,,,,,,,,,,,,,,,,,,,,,,,,,,,,,,,,,,,,,,,,
47,39,47,48,51,47,51,48,56,53,53,60,61,64,60,63,64,62,70,65,66,70,61,69,73,78,71,73,68,73,72,75,71,76,80,81,88,88,82,73,72,81,77,73,77,75,75,84,79,84,80,75,77,76,83,78,81,76,69,79,70,66,66,62,58,,,,,,,,,,,,,,,,,,,,,,,,,,,,,,,,,,,,,,,,,,,,,,,,,,,,,,,,,,,,,,,,,,,,,,,,,,,,,,,,,,,,,,,,,,,,,,,,,,,,,,,,,,,,,,,,,,,,,,,,,,,,,,,,,,,,,,,,,,,,,,,,,,,,,,,,,,,,,,,,,,,,,,,,,,,,,,,,,,,,,,,,,,,,,,,,
48,63,76,70,69,71,76,78,72,77,79,79,72,85,72,75,78,74,77,81,77,82,79,75,78,81,71,82,74,83,83,83,80,78,90,94,80,76,73,78,81,79,80,70,74,80,79,75,81,73,77,79,74,70,65,67,67,71,63,62,57,58,57,50,47,,,,,,,,,,,,,,,,,,,,,,,,,,,,,,,,,,,,,,,,,,,,,,,,,,,,,,,,,,,,,,,,,,,,,,,,,,,,,,,,,,,,,,,,,,,,,,,,,,,,,,,,,,,,,,,,,,,,,,,,,,,,,,,,,,,,,,,,,,,,,,,,,,,,,,,,,,,,,,,,,,,,,,,,,,,,,,,,,,,,,,,,,,,,,,,,
49,38,39,40,45,43,44,45,49,51,53,44,43,49,45,48,50,50,46,54,55,56,52,56,62,63,69,66,68,72,67,78,75,71,76,74,71,77,72,79,73,76,75,79,76,76,81,77,73,78,79,86,68,71,80,67,75,72,74,73,68,64,67,63,59,,,,,,,,,,,,,,,,,,,,,,,,,,,,,,,,,,,,,,,,,,,,,,,,,,,,,,,,,,,,,,,,,,,,,,,,,,,,,,,,,,,,,,,,,,,,,,,,,,,,,,,,,,,,,,,,,,,,,,,,,,,,,,,,,,,,,,,,,,,,,,,,,,,,,,,,,,,,,,,,,,,,,,,,,,,,,,,,,,,,,,,,,,,,,,,,
50,54,64,58,66,66,62,73,73,71,60,61,61,56,63,63,64,59,52,57,53,57,54,55,56,48,45,45,46,47,45,47,49,43,42,43,49,44,47,43,48,49,48,46,42,47,45,48,45,42,49,48,46,49,49,47,46,50,45,55,54,53,49,50,41,,,,,,,,,,,,,,,,,,,,,,,,,,,,,,,,,,,,,,,,,,,,,,,,,,,,,,,,,,,,,,,,,,,,,,,,,,,,,,,,,,,,,,,,,,,,,,,,,,,,,,,,,,,,,,,,,,,,,,,,,,,,,,,,,,,,,,,,,,,,,,,,,,,,,,,,,,,,,,,,,,,,,,,,,,,,,,,,,,,,,,,,,,,,,,,,
51,60,65,66,72,67,77,70,71,74,69,76,77,76,73,76,78,80,74,78,83,79,78,74,71,73,75,76,70,74,74,78,71,79,76,70,73,66,77,77,73,73,75,67,68,72,68,68,71,70,68,63,64,64,58,58,56,61,53,53,52,51,50,44,36,,,,,,,,,,,,,,,,,,,,,,,,,,,,,,,,,,,,,,,,,,,,,,,,,,,,,,,,,,,,,,,,,,,,,,,,,,,,,,,,,,,,,,,,,,,,,,,,,,,,,,,,,,,,,,,,,,,,,,,,,,,,,,,,,,,,,,,,,,,,,,,,,,,,,,,,,,,,,,,,,,,,,,,,,,,,,,,,,,,,,,,,,,,,,,,,
52,33,34,40,38,40,42,41,41,40,49,47,49,45,50,43,45,58,55,53,56,54,58,57,60,60,66,71,67,68,68,66,72,70,67,73,70,76,69,65,71,77,73,77,74,79,78,73,70,66,67,68,69,73,71,75,71,67,69,78,64,65,58,58,48,,,,,,,,,,,,,,,,,,,,,,,,,,,,,,,,,,,,,,,,,,,,,,,,,,,,,,,,,,,,,,,,,,,,,,,,,,,,,,,,,,,,,,,,,,,,,,,,,,,,,,,,,,,,,,,,,,,,,,,,,,,,,,,,,,,,,,,,,,,,,,,,,,,,,,,,,,,,,,,,,,,,,,,,,,,,,,,,,,,,,,,,,,,,,,,,
53,52,54,65,61,73,65,62,61,69,67,64,65,61,53,58,60,58,54,65,51,52,50,54,46,48,46,52,44,50,52,47,49,54,49,47,49,55,45,54,57,53,53,54,49,53,50,46,50,56,54,52,55,53,56,60,63,60,61,67,63,57,57,63,50,,,,,,,,,,,,,,,,,,,,,,,,,,,,,,,,,,,,,,,,,,,,,,,,,,,,,,,,,,,,,,,,,,,,,,,,,,,,,,,,,,,,,,,,,,,,,,,,,,,,,,,,,,,,,,,,,,,,,,,,,,,,,,,,,,,,,,,,,,,,,,,,,,,,,,,,,,,,,,,,,,,,,,,,,,,,,,,,,,,,,,,,,,,,,,,,
54,57,59,61,69,68,65,66,65,70,70,70,76,68,68,72,70,67,76,82,73,71,67,75,70,71,65,73,74,68,79,73,82,72,77,76,65,70,63,64,69,70,68,64,64,58,64,57,59,61,60,53,54,55,49,54,45,50,43,42,45,44,39,40,32,,,,,,,,,,,,,,,,,,,,,,,,,,,,,,,,,,,,,,,,,,,,,,,,,,,,,,,,,,,,,,,,,,,,,,,,,,,,,,,,,,,,,,,,,,,,,,,,,,,,,,,,,,,,,,,,,,,,,,,,,,,,,,,,,,,,,,,,,,,,,,,,,,,,,,,,,,,,,,,,,,,,,,,,,,,,,,,,,,,,,,,,,,,,,,,,
55,40,46,41,46,55,52,52,49,51,54,59,60,61,64,63,69,71,65,67,67,62,65,68,69,71,75,72,72,80,78,78,75,78,72,85,78,78,90,81,73,76,78,77,75,72,72,77,74,71,75,83,77,78,76,76,73,69,73,85,80,62,62,60,65,,,,,,,,,,,,,,,,,,,,,,,,,,,,,,,,,,,,,,,,,,,,,,,,,,,,,,,,,,,,,,,,,,,,,,,,,,,,,,,,,,,,,,,,,,,,,,,,,,,,,,,,,,,,,,,,,,,,,,,,,,,,,,,,,,,,,,,,,,,,,,,,,,,,,,,,,,,,,,,,,,,,,,,,,,,,,,,,,,,,,,,,,,,,,,,,
56,49,59,60,60,66,67,67,63,66,66,74,77,71,70,71,69,73,70,63,74,71,66,79,70,71,68,71,75,70,70,68,69,67,73,69,68,70,68,68,64,69,71,70,64,68,67,68,65,65,62,62,63,60,58,57,58,56,54,58,47,45,41,37,38,,,,,,,,,,,,,,,,,,,,,,,,,,,,,,,,,,,,,,,,,,,,,,,,,,,,,,,,,,,,,,,,,,,,,,,,,,,,,,,,,,,,,,,,,,,,,,,,,,,,,,,,,,,,,,,,,,,,,,,,,,,,,,,,,,,,,,,,,,,,,,,,,,,,,,,,,,,,,,,,,,,,,,,,,,,,,,,,,,,,,,,,,,,,,,,,
57,35,37,37,49,43,44,45,45,46,45,46,45,46,45,48,46,47,48,48,46,50,53,57,59,59,62,55,62,64,62,63,67,68,71,68,69,66,70,70,76,73,75,70,77,71,79,69,76,70,86,77,76,73,83,73,67,73,72,65,68,62,59,61,55,,,,,,,,,,,,,,,,,,,,,,,,,,,,,,,,,,,,,,,,,,,,,,,,,,,,,,,,,,,,,,,,,,,,,,,,,,,,,,,,,,,,,,,,,,,,,,,,,,,,,,,,,,,,,,,,,,,,,,,,,,,,,,,,,,,,,,,,,,,,,,,,,,,,,,,,,,,,,,,,,,,,,,,,,,,,,,,,,,,,,,,,,,,,,,,,
58,52,54,58,64,54,61,60,60,67,59,53,54,57,58,55,55,55,50,54,50,54,51,51,49,45,39,41,44,41,40,43,39,45,42,41,38,44,46,42,41,38,41,44,41,48,42,43,38,39,43,44,46,45,49,44,42,47,49,47,43,51,43,46,41,,,,,,,,,,,,,,,,,,,,,,,,,,,,,,,,,,,,,,,,,,,,,,,,,,,,,,,,,,,,,,,,,,,,,,,,,,,,,,,,,,,,,,,,,,,,,,,,,,,,,,,,,,,,,,,,,,,,,,,,,,,,,,,,,,,,,,,,,,,,,,,,,,,,,,,,,,,,,,,,,,,,,,,,,,,,,,,,,,,,,,,,,,,,,,,,
59,55,51,61,63,64,65,66,66,70,69,66,75,69,65,67,65,70,67,67,76,64,72,73,69,70,65,65,68,71,66,67,68,72,66,67,74,63,75,76,64,74,65,65,64,64,64,64,59,60,53,61,56,60,62,50,48,49,49,50,46,45,45,37,32,,,,,,,,,,,,,,,,,,,,,,,,,,,,,,,,,,,,,,,,,,,,,,,,,,,,,,,,,,,,,,,,,,,,,,,,,,,,,,,,,,,,,,,,,,,,,,,,,,,,,,,,,,,,,,,,,,,,,,,,,,,,,,,,,,,,,,,,,,,,,,,,,,,,,,,,,,,,,,,,,,,,,,,,,,,,,,,,,,,,,,,,,,,,,,,,
60,31,35,38,39,37,40,39,39,41,42,45,43,45,45,48,47,58,53,55,52,56,59,53,55,57,64,60,63,62,65,67,67,62,66,72,61,67,67,67,65,66,70,72,66,71,74,72,68,68,72,67,70,65,66,67,68,71,66,67,59,63,53,53,45,,,,,,,,,,,,,,,,,,,,,,,,,,,,,,,,,,,,,,,,,,,,,,,,,,,,,,,,,,,,,,,,,,,,,,,,,,,,,,,,,,,,,,,,,,,,,,,,,,,,,,,,,,,,,,,,,,,,,,,,,,,,,,,,,,,,,,,,,,,,,,,,,,,,,,,,,,,,,,,,,,,,,,,,,,,,,,,,,,,,,,,,,,,,,,,,
61,41,46,48,51,48,46,44,54,47,48,45,43,46,43,43,40,46,45,42,37,37,33,35,36,38,40,35,36,35,34,35,35,34,37,37,35,37,35,35,39,37,35,36,37,35,33,37,39,39,39,37,38,39,42,45,44,46,47,41,48,46,43,38,36,,,,,,,,,,,,,,,,,,,,,,,,,,,,,,,,,,,,,,,,,,,,,,,,,,,,,,,,,,,,,,,,,,,,,,,,,,,,,,,,,,,,,,,,,,,,,,,,,,,,,,,,,,,,,,,,,,,,,,,,,,,,,,,,,,,,,,,,,,,,,,,,,,,,,,,,,,,,,,,,,,,,,,,,,,,,,,,,,,,,,,,,,,,,,,,,
62,51,53,52,54,59,56,61,62,57,58,61,60,69,59,56,62,60,56,58,64,57,64,55,59,58,58,59,56,68,62,57,57,61,56,61,56,54,56,56,54,55,50,59,45,53,53,55,47,48,49,50,45,50,44,44,42,44,40,37,37,37,37,34,32,,,,,,,,,,,,,,,,,,,,,,,,,,,,,,,,,,,,,,,,,,,,,,,,,,,,,,,,,,,,,,,,,,,,,,,,,,,,,,,,,,,,,,,,,,,,,,,,,,,,,,,,,,,,,,,,,,,,,,,,,,,,,,,,,,,,,,,,,,,,,,,,,,,,,,,,,,,,,,,,,,,,,,,,,,,,,,,,,,,,,,,,,,,,,,,,
63,35,34,38,37,42,40,36,39,37,46,46,51,49,51,51,48,51,52,52,60,59,57,58,57,59,59,63,58,56,63,59,64,59,65,64,65,63,68,67,62,61,68,63,63,67,67,61,69,62,70,62,57,53,66,57,59,56,61,59,60,60,56,56,50,,,,,,,,,,,,,,,,,,,,,,,,,,,,,,,,,,,,,,,,,,,,,,,,,,,,,,,,,,,,,,,,,,,,,,,,,,,,,,,,,,,,,,,,,,,,,,,,,,,,,,,,,,,,,,,,,,,,,,,,,,,,,,,,,,,,,,,,,,,,,,,,,,,,,,,,,,,,,,,,,,,,,,,,,,,,,,,,,,,,,,,,,,,,,,,,
,,,,,,,,,,,,,,,,,,,,,,,,,,,,,,,,,,,,,,,,,,,,,,,,,,,,,,,,,,,,,,,,,,,,,,,,,,,,,,,,,,,,,,,,,,,,,,,,,,,,,,,,,,,,,,,,,,,,,,,,,,,,,,,,,,,,,,,,,,,,,,,,,,,,,,,,,,,,,,,,,,,,,,,,,,,,,,,,,,,,,,,,,,,,,,,,,,,,,,,,,,,,,,,,,,,,,,,,,,,,,,,,,,,,,,,,,,,,,,,,,,,,,,,,,,,,,,,,
value,0,1,2,3,4,5,6,7,8,9,10,11,12,13,14,15,16,17,18,19,20,21,22,23,24,25,26,27,28,29,30,31,32,33,34,35,36,37,38,39,40,41,42,43,44,45,46,47,48,49,50,51,52,53,54,55,56,57,58,59,60,61,62,63,64,65,66,67,68,69,70,71,72,73,74,75,76,77,78,79,80,81,82,83,84,85,86,87,88,89,90,91,92,93,94,95,96,97,98,99,100,101,102,103,104,105,106,107,108,109,110,111,112,113,114,115,116,117,118,119,120,121,122,123,124,125,126,127,128,129,130,131,132,133,134,135,136,137,138,139,140,141,142,143,144,145,146,147,148,149,150,151,152,153,154,155,156,157,158,159,160,161,162,163,164,165,166,167,168,169,170,171,172,173,174,175,176,177,178,179,180,181,182,183,184,185,186,187,188,189,190,191,192,193,194,195,196,197,198,199,200,201,202,203,204,205,206,207,208,209,210,211,212,213,214,215,216,217,218,219,220,221,222,223,224,225,226,227,228,229,230,231,232,233,234,235,236,237,238,239,240,241,242,243,244,245,246,247,248,249,250,251,252,253,254,255
count,0,0,0,0,0,0,0,0,0,0,0,0,0,0,0,0,0,0,0,0,0,0,0,0,0,0,0,0,0,1,1,4,6,14,23,20,27,40,35,41,46,50,52,58,66,111,97,84,87,90,91,70,81,95,86,85,93,84,90,83,86,91,76,78,79,93,88,103,91,97,109,123,125,129,110,127,125,107,88,82,58,67,39,42,23,9,13,11,7,3,4,0,0,0,2,0,0,0,0,0,0,0,0,0,0,0,0,0,0,0,0,0,0,0,0,0,0,0,0,0,0,0,0,0,0,0,0,0,0,0,0,0,0,0,0,0,0,0,0,0,0,0,0,0,0,0,0,0,0,0,0,0,0,0,0,0,0,0,0,0,0,0,0,0,0,0,0,0,0,0,0,0,0,0,0,0,0,0,0,0,0,0,0,0,0,0,0,0,0,0,0,0,0,0,0,0,0,0,0,0,0,0,0,0,0,0,0,0,0,0,0,0,0,0,0,0,0,0,0,0,0,0,0,0,0,0,0,0,0,0,0,0,0,0,0,0,0,0,0,0,0,0,0,0,0,0,0,0,0,0,0,0,0,0,0,0
,,,,,,,,,,,,,,,,,,,,,,,,,,,,,,,,,,,,,,,,,,,,,,,,,,,,,,,,,,,,,,,,,,,,,,,,,,,,,,,,,,,,,,,,,,,,,,,,,,,,,,,,,,,,,,,,,,,,,,,,,,,,,,,,,,,,,,,,,,,,,,,,,,,,,,,,,,,,,,,,,,,,,,,,,,,,,,,,,,,,,,,,,,,,,,,,,,,,,,,,,,,,,,,,,,,,,,,,,,,,,,,,,,,,,,,,,,,,,,,,,,,,,,,,,,,,,,,,
6,,,,,,,,,,,,,,,,,,,,,,,,,,,,,,,,,,,,,,,,,,,,,,,,,,,,,,,,,,,,,,,,,,,,,,,,,,,,,,,,,,,,,,,,,,,,,,,,,,,,,,,,,,,,,,,,,,,,,,,,,,,,,,,,,,,,,,,,,,,,,,,,,,,,,,,,,,,,,,,,,,,,,,,,,,,,,,,,,,,,,,,,,,,,,,,,,,,,,,,,,,,,,,,,,,,,,,,,,,,,,,,,,,,,,,,,,,,,,,,,,,,,,,,,,,,,,,,,
,0,1,2,3,4,5,6,7,8,9,10,11,12,13,14,15,16,17,18,19,20,21,22,23,24,25,26,27,28,29,30,31,32,33,34,35,36,37,38,39,40,41,42,43,44,45,46,47,48,49,50,51,52,53,54,55,56,57,58,59,60,61,62,63,61.49755859,,,,,,,,,,,,,,,,,,,,,,,,,,,,,,,,,,,,,,,,,,,,,,,,,,,,,,,,,,,,,,,,,,,,,,,,,,,,,,,,,,,,,,,,,,,,,,,,,,,,,,,,,,,,,,,,,,,,,,,,,,,,,,,,,,,,,,,,,,,,,,,,,,,,,,,,,,,,,,,,,,,,,,,,,,,,,,,,,,,,,,,,,,,,,,,
0,50,50,61,54,58,56,57,52,52,52,56,55,59,57,59,61,57,64,69,54,53,51,57,54,61,57,59,61,58,55,64,62,57,53,57,55,57,57,56,59,62,60,52,53,59,55,55,50,57,49,55,52,52,48,50,50,48,53,44,47,40,40,37,32,,,,,,,,,,,,,,,,,,,,,,,,,,,,,,,,,,,,,,,,,,,,,,,,,,,,,,,,,,,,,,,,,,,,,,,,,,,,,,,,,,,,,,,,,,,,,,,,,,,,,,,,,,,,,,,,,,,,,,,,,,,,,,,,,,,,,,,,,,,,,,,,,,,,,,,,,,,,,,,,,,,,,,,,,,,,,,,,,,,,,,,,,,,,,,,,
1,30,34,36,32,41,38,38,34,35,37,41,34,42,46,34,41,41,34,41,42,45,40,44,47,50,48,50,49,54,57,54,53,51,64,58,57,52,53,62,57,53,57,57,59,64,58,64,59,58,59,58,65,62,61,59,60,56,62,59,56,62,55,48,43,,,,,,,,,,,,,,,,,,,,,,,,,,,,,,,,,,,,,,,,,,,,,,,,,,,,,,,,,,,,,,,,,,,,,,,,,,,,,,,,,,,,,,,,,,,,,,,,,,,,,,,,,,,,,,,,,,,,,,,,,,,,,,,,,,,,,,,,,,,,,,,,,,,,,,,,,,,,,,,,,,,,,,,,,,,,,,,,,,,,,,,,,,,,,,,,
2,51,52,52,59,57,55,51,52,60,55,52,54,57,49,54,55,43,47,48,44,49,44,46,46,38,36,45,41,40,39,40,41,38,38,40,39,38,36,35,33,37,40,39,40,36,41,38,46,37,40,39,39,36,42,37,39,44,42,40,40,43,42,38,36,,,,,,,,,,,,,,,,,,,,,,,,,,,,,,,,,,,,,,,,,,,,,,,,,,,,,,,,,,,,,,,,,,,,,,,,,,,,,,,,,,,,,,,,,,,,,,,,,,,,,,,,,,,,,,,,,,,,,,,,,,,,,,,,,,,,,,,,,,,,,,,,,,,,,,,,,,,,,,,,,,,,,,,,,,,,,,,,,,,,,,,,,,,,,,,,
3,48,52,57,57,59,59,63,69,70,64,61,66,62,64,65,68,65,69,65,60,61,64,64,69,60,63,69,64,64,66,64,61,62,63,62,63,66,67,65,64,60,71,62,59,63,59,59,51,60,51,55,57,52,54,42,48,48,41,47,39,44,37,36,30,,,,,,,,,,,,,,,,,,,,,,,,,,,,,,,,,,,,,,,,,,,,,,,,,,,,,,,,,,,,,,,,,,,,,,,,,,,,,,,,,,,,,,,,,,,,,,,,,,,,,,,,,,,,,,,,,,,,,,,,,,,,,,,,,,,,,,,,,,,,,,,,,,,,,,,,,,,,,,,,,,,,,,,,,,,,,,,,,,,,,,,,,,,,,,,,
4,34,36,42,41,41,44,46,50,46,40,45,49,42,46,53,51,51,55,52,60,54,52,60,60,60,60,68,61,60,59,66,58,67,70,70,73,70,73,67,72,68,65,61,77,81,69,70,71,64,65,60,74,78,66,67,63,65,66,68,64,59,67,55,51,,,,,,,,,,,,,,,,,,,,,,,,,,,,,,,,,,,,,,,,,,,,,,,,,,,,,,,,,,,,,,,,,,,,,,,,,,,,,,,,,,,,,,,,,,,,,,,,,,,,,,,,,,,,,,,,,,,,,,,,,,,,,,,,,,,,,,,,,,,,,,,,,,,,,,,,,,,,,,,,,,,,,,,,,,,,,,,,,,,,,,,,,,,,,,,,
5,41,47,54,56,51,52,55,56,58,52,52,53,43,48,48,54,50,47,44,41,38,39,40,34,39,33,41,38,42,38,35,37,36,36,36,35,38,41,38,38,34,41,38,37,36,36,37,36,41,40,42,43,43,45,49,51,50,51,48,46,50,45,41,38,,,,,,,,,,,,,,,,,,,,,,,,,,,,,,,,,,,,,,,,,,,,,,,,,,,,,,,,,,,,,,,,,,,,,,,,,,,,,,,,,,,,,,,,,,,,,,,,,,,,,,,,,,,,,,,,,,,,,,,,,,,,,,,,,,,,,,,,,,,,,,,,,,,,,,,,,,,,,,,,,,,,,,,,,,,,,,,,,,,,,,,,,,,,,,,,
6,49,59,63,62,72,61,74,72,66,70,71,64,68,68,64,74,71,67,69,70,74,67,64,74,67,72,65,74,65,70,66,64,66,69,65,68,63,61,67,70,68,63,57,56,59,55,59,60,52,54,50,58,59,50,53,53,48,43,42,42,41,32,34,32,,,,,,,,,,,,,,,,,,,,,,,,,,,,,,,,,,,,,,,,,,,,,,,,,,,,,,,,,,,,,,,,,,,,,,,,,,,,,,,,,,,,,,,,,,,,,,,,,,,,,,,,,,,,,,,,,,,,,,,,,,,,,,,,,,,,,,,,,,,,,,,,,,,,,,,,,,,,,,,,,,,,,,,,,,,,,,,,,,,,,,,,,,,,,,,,
7,30,35,33,36,31,40,41,43,45,44,48,50,53,55,50,57,53,59,52,59,60,67,62,65,70,60,68,74,70,71,66,74,79,69,74,69,74,75,82,77,70,82,72,76,74,73,72,73,65,73,81,74,69,76,65,74,70,68,72,66,61,57,51,50,,,,,,,,,,,,,,,,,,,,,,,,,,,,,,,,,,,,,,,,,,,,,,,,,,,,,,,,,,,,,,,,,,,,,,,,,,,,,,,,,,,,,,,,,,,,,,,,,,,,,,,,,,,,,,,,,,,,,,,,,,,,,,,,,,,,,,,,,,,,,,,,,,,,,,,,,,,,,,,,,,,,,,,,,,,,,,,,,,,,,,,,,,,,,,,,
8,61,67,65,74,80,73,76,82,72,77,67,75,70,76,80,78,80,77,77,73,71,73,76,83,77,82,75,81,84,72,83,83,80,85,81,73,78,74,71,78,79,72,82,69,82,74,74,76,69,69,72,73,66,62,66,64,60,61,64,50,52,48,43,43,,,,,,,,,,,,,,,,,,,,,,,,,,,,,,,,,,,,,,,,,,,,,,,,,,,,,,,,,,,,,,,,,,,,,,,,,,,,,,,,,,,,,,,,,,,,,,,,,,,,,,,,,,,,,,,,,,,,,,,,,,,,,,,,,,,,,,,,,,,,,,,,,,,,,,,,,,,,,,,,,,,,,,,,,,,,,,,,,,,,,,,,,,,,,,,,
9,35,33,43,45,42,44,45,47,50,45,44,43,41,45,46,43,50,47,55,50,52,54,60,57,57,59,63,56,58,70,64,73,70,63,66,73,71,81,75,80,79,77,74,86,83,78,70,74,83,73,73,83,87,76,75,72,76,71,67,71,67,63,54,57,,,,,,,,,,,,,,,,,,,,,,,,,,,,,,,,,,,,,,,,,,,,,,,,,,,,,,,,,,,,,,,,,,,,,,,,,,,,,,,,,,,,,,,,,,,,,,,,,,,,,,,,,,,,,,,,,,,,,,,,,,,,,,,,,,,,,,,,,,,,,,,,,,,,,,,,,,,,,,,,,,,,,,,,,,,,,,,,,,,,,,,,,,,,,,,,
10,58,60,62,62,68,68,71,65,71,67,62,64,66,63,63,61,54,56,57,53,54,58,58,54,51,42,45,41,43,47,47,46,45,44,47,47,47,47,47,46,49,43,46,49,43,44,45,42,44,47,51,46,47,45,51,47,51,48,49,48,50,51,51,47,,,,,,,,,,,,,,,,,,,,,,,,,,,,,,,,,,,,,,,,,,,,,,,,,,,,,,,,,,,,,,,,,,,,,,,,,,,,,,,,,,,,,,,,,,,,,,,,,,,,,,,,,,,,,,,,,,,,,,,,,,,,,,,,,,,,,,,,,,,,,,,,,,,,,,,,,,,,,,,,,,,,,,,,,,,,,,,,,,,,,,,,,,,,,,,,
11,61,68,58,59,73,77,72,73,73,63,77,75,78,76,80,76,71,76,73,73,71,83,80,74,74,77,78,85,72,77,73,79,81,76,74,85,86,72,71,73,73,75,70,79,76,71,74,66,70,67,61,68,66,63,52,56,55,53,61,57,49,45,40,36,,,,,,,,,,,,,,,,,,,,,,,,,,,,,,,,,,,,,,,,,,,,,,,,,,,,,,,,,,,,,,,,,,,,,,,,,,,,,,,,,,,,,,,,,,,,,,,,,,,,,,,,,,,,,,,,,,,,,,,,,,,,,,,,,,,,,,,,,,,,,,,,,,,,,,,,,,,,,,,,,,,,,,,,,,,,,,,,,,,,,,,,,,,,,,,,
12,39,43,47,50,52,51,55,61,57,51,56,61,58,60,59,65,62,72,68,65,60,72,65,68,78,83,78,73,77,79,80,77,79,76,91,83,82,89,85,78,76,89,82,85,85,82,85,85,84,80,81,83,72,81,79,80,79,81,77,72,77,73,73,67,,,,,,,,,,,,,,,,,,,,,,,,,,,,,,,,,,,,,,,,,,,,,,,,,,,,,,,,,,,,,,,,,,,,,,,,,,,,,,,,,,,,,,,,,,,,,,,,,,,,,,,,,,,,,,,,,,,,,,,,,,,,,,,,,,,,,,,,,,,,,,,,,,,,,,,,,,,,,,,,,,,,,,,,,,,,,,,,,,,,,,,,,,,,,,,,
13,53,54,56,62,58,57,56,56,57,60,61,53,54,55,52,57,57,55,51,46,47,47,43,46,44,46,46,43,44,45,40,45,48,42,46,46,44,46,43,49,41,44,45,44,46,46,43,47,48,50,47,49,53,50,58,62,59,58,59,55,55,54,50,50,,,,,,,,,,,,,,,,,,,,,,,,,,,,,,,,,,,,,,,,,,,,,,,,,,,,,,,,,,,,,,,,,,,,,,,,,,,,,,,,,,,,,,,,,,,,,,,,,,,,,,,,,,,,,,,,,,,,,,,,,,,,,,,,,,,,,,,,,,,,,,,,,,,,,,,,,,,,,,,,,,,,,,,,,,,,,,,,,,,,,,,,,,,,,,,,
14,52,58,63,70,65,65,74,69,77,72,74,65,72,75,79,76,80,69,74,80,74,79,85,72,72,77,73,83,76,71,74,65,84,70,77,71,72,68,70,67,68,72,57,65,57,63,63,60,61,55,59,55,56,54,47,49,45,42,39,39,40,35,37,31,,,,,,,,,,,,,,,,,,,,,,,,,,,,,,,,,,,,,,,,,,,,,,,,,,,,,,,,,,,,,,,,,,,,,,,,,,,,,,,,,,,,,,,,,,,,,,,,,,,,,,,,,,,,,,,,,,,,,,,,,,,,,,,,,,,,,,,,,,,,,,,,,,,,,,,,,,,,,,,,,,,,,,,,,,,,,,,,,,,,,,,,,,,,,,,,
15,34,36,36,40,45,44,49,50,55,53,51,57,59,58,56,61,64,56,66,66,63,76,68,67,68,69,70,72,75,74,71,73,67,83,75,74,76,76,81,75,77,75,84,84,80,81,72,72,67,79,79,72,81,84,75,73,70,73,72,71,61,59,59,55,,,,,,,,,,,,,,,,,,,,,,,,,,,,,,,,,,,,,,,,,,,,,,,,,,,,,,,,,,,,,,,,,,,,,,,,,,,,,,,,,,,,,,,,,,,,,,,,,,,,,,,,,,,,,,,,,,,,,,,,,,,,,,,,,,,,,,,,,,,,,,,,,,,,,,,,,,,,,,,,,,,,,,,,,,,,,,,,,,,,,,,,,,,,,,,,
16,61,61,63,67,68,77,73,74,72,77,79,77,79,82,74,81,79,80,74,78,77,77,83,83,77,75,77,76,70,77,75,80,75,83,75,76,76,85,70,76,82,73,74,82,75,78,78,78,68,77,72,71,62,63,66,60,61,58,57,52,49,46,39,38,,,,,,,,,,,,,,,,,,,,,,,,,,,,,,,,,,,,,,,,,,,,,,,,,,,,,,,,,,,,,,,,,,,,,,,,,,,,,,,,,,,,,,,,,,,,,,,,,,,,,,,,,,,,,,,,,,,,,,,,,,,,,,,,,,,,,,,,,,,,,,,,,,,,,,,,,,,,,,,,,,,,,,,,,,,,,,,,,,,,,,,,,,,,,,,,
17,37,42,41,51,43,49,47,54,50,53,47,50,56,49,53,50,50,60,60,56,63,64,64,64,63,64,68,67,77,70,79,81,79,76,72,79,83,75,75,77,72,81,81,76,80,82,81,74,82,76,82,77,74,81,74,78,71,83,76,75,69,74,57,56,,,,,,,,,,,,,,,,,,,,,,,,,,,,,,,,,,,,,,,,,,,,,,,,,,,,,,,,,,,,,,,,,,,,,,,,,,,,,,,,,,,,,,,,,,,,,,,,,,,,,,,,,,,,,,,,,,,,,,,,,,,,,,,,,,,,,,,,,,,,,,,,,,,,,,,,,,,,,,,,,,,,,,,,,,,,,,,,,,,,,,,,,,,,,,,,
18,59,64,71,66,73,69,76,67,71,61,65,67,70,68,66,65,52,58,56,61,58,59,63,62,52,49,49,50,54,58,52,55,54,49,47,46,48,49,48,47,50,53,47,47,50,48,54,48,48,51,50,49,58,50,59,57,57,53,50,51,54,51,54,45,,,,,,,,,,,,,,,,,,,,,,,,,,,,,,,,,,,,,,,,,,,,,,,,,,,,,,,,,,,,,,,,,,,,,,,,,,,,,,,,,,,,,,,,,,,,,,,,,,,,,,,,,,,,,,,,,,,,,,,,,,,,,,,,,,,,,,,,,,,,,,,,,,,,,,,,,,,,,,,,,,,,,,,,,,,,,,,,,,,,,,,,,,,,,,,,
19,66,72,74,83,80,81,78,83,79,89,87,77,81,82,88,81,83,78,86,83,89,81,81,88,80,80,77,75,86,82,89,79,85,82,83,76,82,76,81,83,86,81,83,81,80,73,81,80,73,68,75,73,71,71,66,67,74,64,67,63,60,58,46,43,,,,,,,,,,,,,,,,,,,,,,,,,,,,,,,,,,,,,,,,,,,,,,,,,,,,,,,,,,,,,,,,,,,,,,,,,,,,,,,,,,,,,,,,,,,,,,,,,,,,,,,,,,,,,,,,,,,,,,,,,,,,,,,,,,,,,,,,,,,,,,,,,,,,,,,,,,,,,,,,,,,,,,,,,,,,,,,,,,,,,,,,,,,,,,,,
20,35,37,42,39,43,40,46,52,40,48,50,51,49,51,54,55,60,54,60,57,58,63,68,69,69,62,68,71,67,70,69,70,73,73,76,76,74,75,74,81,80,78,77,75,79,72,68,75,77,77,81,80,68,81,80,71,69,74,69,72,61,60,57,54,,,,,,,,,,,,,,,,,,,,,,,,,,,,,,,,,,,,,,,,,,,,,,,,,,,,,,,,,,,,,,,,,,,,,,,,,,,,,,,,,,,,,,,,,,,,,,,,,,,,,,,,,,,,,,,,,,,,,,,,,,,,,,,,,,,,,,,,,,,,,,,,,,,,,,,,,,,,,,,,,,,,,,,,,,,,,,,,,,,,,,,,,,,,,,,,
21,51,57,55,69,61,60,59,61,62,56,61,62,58,57,56,67,52,53,54,50,44,47,44,45,48,42,48,44,48,48,47,50,44,45,46,48,45,48,46,45,45,46,42,46,44,44,43,46,47,45,50,53,51,54,58,63,60,54,52,53,62,59,53,49,,,,,,,,,,,,,,,,,,,,,,,,,,,,,,,,,,,,,,,,,,,,,,,,,,,,,,,,,,,,,,,,,,,,,,,,,,,,,,,,,,,,,,,,,,,,,,,,,,,,,,,,,,,,,,,,,,,,,,,,,,,,,,,,,,,,,,,,,,,,,,,,,,,,,,,,,,,,,,,,,,,,,,,,,,,,,,,,,,,,,,,,,,,,,,,,
22,58,62,64,70,72,68,72,74,77,77,83,83,77,77,73,78,76,77,72,78,83,82,77,70,80,81,72,75,75,85,81,77,73,76,75,84,73,72,72,66,70,71,66,62,61,65,67,61,63,62,57,59,56,52,52,57,52,39,45,48,39,38,37,33,,,,,,,,,,,,,,,,,,,,,,,,,,,,,,,,,,,,,,,,,,,,,,,,,,,,,,,,,,,,,,,,,,,,,,,,,,,,,,,,,,,,,,,,,,,,,,,,,,,,,,,,,,,,,,,,,,,,,,,,,,,,,,,,,,,,,,,,,,,,,,,,,,,,,,,,,,,,,,,,,,,,,,,,,,,,,,,,,,,,,,,,,,,,,,,,
23,32,37,37,36,42,48,43,44,46,47,50,54,54,59,64,56,56,57,64,62,71,71,70,70,71,72,81,81,79,81,75,82,74,76,74,74,83,77,77,73,77,74,80,80,79,81,75,78,74,80,79,76,75,87,82,81,77,76,72,68,62,56,56,53,,,,,,,,,,,,,,,,,,,,,,,,,,,,,,,,,,,,,,,,,,,,,,,,,,,,,,,,,,,,,,,,,,,,,,,,,,,,,,,,,,,,,,,,,,,,,,,,,,,,,,,,,,,,,,,,,,,,,,,,,,,,,,,,,,,,,,,,,,,,,,,,,,,,,,,,,,,,,,,,,,,,,,,,,,,,,,,,,,,,,,,,,,,,,,,,
24,63,66,75,67,70,70,78,74,71,72,80,73,72,81,77,85,74,76,77,77,78,70,74,78,80,82,81,74,73,75,78,83,74,72,76,72,68,77,76,79,70,84,74,72,71,70,78,75,71,66,71,69,77,66,66,65,65,62,60,53,54,56,49,48,,,,,,,,,,,,,,,,,,,,,,,,,,,,,,,,,,,,,,,,,,,,,,,,,,,,,,,,,,,,,,,,,,,,,,,,,,,,,,,,,,,,,,,,,,,,,,,,,,,,,,,,,,,,,,,,,,,,,,,,,,,,,,,,,,,,,,,,,,,,,,,,,,,,,,,,,,,,,,,,,,,,,,,,,,,,,,,,,,,,,,,,,,,,,,,,
25,33,38,32,43,41,42,44,43,40,46,43,42,45,41,48,48,48,49,47,49,52,54,56,54,57,59,57,63,59,67,69,70,64,67,69,67,72,71,77,74,69,73,83,79,80,71,80,75,73,75,74,74,70,69,69,72,78,71,67,72,61,58,56,59,,,,,,,,,,,,,,,,,,,,,,,,,,,,,,,,,,,,,,,,,,,,,,,,,,,,,,,,,,,,,,,,,,,,,,,,,,,,,,,,,,,,,,,,,,,,,,,,,,,,,,,,,,,,,,,,,,,,,,,,,,,,,,,,,,,,,,,,,,,,,,,,,,,,,,,,,,,,,,,,,,,,,,,,,,,,,,,,,,,,,,,,,,,,,,,,
26,55,61,63,64,63,65,62,64,72,64,61,56,62,60,72,54,56,57,59,57,56,57,54,56,51,49,45,50,50,43,47,45,48,48,44,45,50,44,48,46,51,48,48,49,44,48,46,46,48,45,43,52,51,55,48,49,46,48,55,49,53,55,46,48,,,,,,,,,,,,,,,,,,,,,,,,,,,,,,,,,,,,,,,,,,,,,,,,,,,,,,,,,,,,,,,,,,,,,,,,,,,,,,,,,,,,,,,,,,,,,,,,,,,,,,,,,,,,,,,,,,,,,,,,,,,,,,,,,,,,,,,,,,,,,,,,,,,,,,,,,,,,,,,,,,,,,,,,,,,,,,,,,,,,,,,,,,,,,,,,
27,54,58,61,63,69,67,69,72,80,82,74,78,74,73,71,72,77,78,66,75,78,71,72,69,73,77,72,73,65,78,75,74,74,74,83,78,76,76,74,77,72,71,69,67,73,61,72,59,67,61,59,61,61,61,58,53,50,50,50,53,53,42,38,35,,,,,,,,,,,,,,,,,,,,,,,,,,,,,,,,,,,,,,,,,,,,,,,,,,,,,,,,,,,,,,,,,,,,,,,,,,,,,,,,,,,,,,,,,,,,,,,,,,,,,,,,,,,,,,,,,,,,,,,,,,,,,,,,,,,,,,,,,,,,,,,,,,,,,,,,,,,,,,,,,,,,,,,,,,,,,,,,,,,,,,,,,,,,,,,,
28,37,42,38,42,44,42,40,46,46,43,44,49,51,46,52,59,55,58,61,59,58,63,65,60,61,65,67,68,67,69,68,71,72,69,72,76,76,73,72,77,73,76,80,76,69,83,82,72,77,71,69,77,71,74,73,79,77,70,68,72,65,61,55,57,,,,,,,,,,,,,,,,,,,,,,,,,,,,,,,,,,,,,,,,,,,,,,,,,,,,,,,,,,,,,,,,,,,,,,,,,,,,,,,,,,,,,,,,,,,,,,,,,,,,,,,,,,,,,,,,,,,,,,,,,,,,,,,,,,,,,,,,,,,,,,,,,,,,,,,,,,,,,,,,,,,,,,,,,,,,,,,,,,,,,,,,,,,,,,,,
29,51,50,56,65,58,59,57,62,60,63,62,61,50,53,53,54,49,55,54,45,42,42,42,43,46,39,46,49,48,46,45,44,42,42,45,45,45,48,44,43,45,45,43,45,45,43,49,47,49,51,44,48,44,49,57,56,53,52,53,52,55,53,52,44,,,,,,,,,,,,,,,,,,,,,,,,,,,,,,,,,,,,,,,,,,,,,,,,,,,,,,,,,,,,,,,,,,,,,,,,,,,,,,,,,,,,,,,,,,,,,,,,,,,,,,,,,,,,,,,,,,,,,,,,,,,,,,,,,,,,,,,,,,,,,,,,,,,,,,,,,,,,,,,,,,,,,,,,,,,,,,,,,,,,,,,,,,,,,,,,
30,54,60,65,62,72,70,70,74,74,74,75,74,69,78,79,73,75,69,74,70,73,75,80,77,75,75,79,79,80,76,73,75,77,77,72,70,75,72,71,66,67,68,64,61,62,62,61,66,62,57,55,54,55,48,57,52,53,40,44,43,40,39,39,37,,,,,,,,,,,,,,,,,,,,,,,,,,,,,,,,,,,,,,,,,,,,,,,,,,,,,,,,,,,,,,,,,,,,,,,,,,,,,,,,,,,,,,,,,,,,,,,,,,,,,,,,,,,,,,,,,,,,,,,,,,,,,,,,,,,,,,,,,,,,,,,,,,,,,,,,,,,,,,,,,,,,,,,,,,,,,,,,,,,,,,,,,,,,,,,,
31,34,36,35,42,42,42,48,48,43,51,47,57,56,57,58,58,61,60,65,65,69,72,68,68,66,69,71,78,72,79,85,81,74,86,77,76,87,71,78,82,79,76,74,76,68,77,81,80,73,73,80,84,70,73,72,77,68,80,70,60,67,61,59,54,,,,,,,,,,,,,,,,,,,,,,,,,,,,,,,,,,,,,,,,,,,,,,,,,,,,,,,,,,,,,,,,,,,,,,,,,,,,,,,,,,,,,,,,,,,,,,,,,,,,,,,,,,,,,,,,,,,,,,,,,,,,,,,,,,,,,,,,,,,,,,,,,,,,,,,,,,,,,,,,,,,,,,,,,,,,,,,,,,,,,,,,,,,,,,,,
32,64,60,68,70,71,74,76,81,79,79,84,82,75,84,73,71,75,75,81,79,88,73,85,79,79,78,74,73,78,78,78,79,82,79,75,80,81,69,76,74,75,75,76,83,79,77,73,70,70,68,70,70,60,71,69,67,72,67,67,59,50,48,46,51,,,,,,,,,,,,,,,,,,,,,,,,,,,,,,,,,,,,,,,,,,,,,,,,,,,,,,,,,,,,,,,,,,,,,,,,,,,,,,,,,,,,,,,,,,,,,,,,,,,,,,,,,,,,,,,,,,,,,,,,,,,,,,,,,,,,,,,,,,,,,,,,,,,,,,,,,,,,,,,,,,,,,,,,,,,,,,,,,,,,,,,,,,,,,,,,
33,33,36,42,44,43,42,45,45,48,45,47,43,47,48,50,48,47,50,46,56,56,60,55,62,59,64,64,63,70,65,71,69,69,70,69,69,74,71,76,83,80,77,74,80,81,83,75,77,77,77,80,77,79,76,80,75,83,71,73,75,63,66,57,56,,,,,,,,,,,,,,,,,,,,,,,,,,,,,,,,,,,,,,,,,,,,,,,,,,,,,,,,,,,,,,,,,,,,,,,,,,,,,,,,,,,,,,,,,,,,,,,,,,,,,,,,,,,,,,,,,,,,,,,,,,,,,,,,,,,,,,,,,,,,,,,,,,,,,,,,,,,,,,,,,,,,,,,,,,,,,,,,,,,,,,,,,,,,,,,,
34,60,59,71,65,66,68,76,70,72,69,65,67,68,71,68,67,62,61,60,62,58,52,56,58,54,50,46,51,48,51,49,49,50,47,48,47,49,49,52,51,51,53,56,53,48,55,51,52,49,50,50,50,47,52,53,48,54,50,52,58,56,53,48,52,,,,,,,,,,,,,,,,,,,,,,,,,,,,,,,,,,,,,,,,,,,,,,,,,,,,,,,,,,,,,,,,,,,,,,,,,,,,,,,,,,,,,,,,,,,,,,,,,,,,,,,,,,,,,,,,,,,,,,,,,,,,,,,,,,,,,,,,,,,,,,,,,,,,,,,,,,,,,,,,,,,,,,,,,,,,,,,,,,,,,,,,,,,,,,,,
35,59,60,64,62,71,73,77,73,69,80,83,74,74,77,68,81,78,75,76,76,75,71,79,73,81,77,72,86,75,79,83,80,75,81,85,78,75,80,76,72,74,73,81,75,70,68,72,61,64,63,65,68,68,64,60,59,53,56,54,54,53,45,42,38,,,,,,,,,,,,,,,,,,,,,,,,,,,,,,,,,,,,,,,,,,,,,,,,,,,,,,,,,,,,,,,,,,,,,,,,,,,,,,,,,,,,,,,,,,,,,,,,,,,,,,,,,,,,,,,,,,,,,,,,,,,,,,,,,,,,,,,,,,,,,,,,,,,,,,,,,,,,,,,,,,,,,,,,,,,,,,,,,,,,,,,,,,,,,,,,
36,37,46,46,45,45,44,47,49,49,46,49,50,48,49,51,55,54,63,60,62,65,63,70,67,70,64,70,70,78,69,75,65,68,74,75,76,79,73,79,79,81,85,80,83,72,78,74,80,76,76,74,81,75,75,75,76,82,75,75,69,61,59,55,57,,,,,,,,,,,,,,,,,,,,,,,,,,,,,,,,,,,,,,,,,,,,,,,,,,,,,,,,,,,,,,,,,,,,,,,,,,,,,,,,,,,,,,,,,,,,,,,,,,,,,,,,,,,,,,,,,,,,,,,,,,,,,,,,,,,,,,,,,,,,,,,,,,,,,,,,,,,,,,,,,,,,,,,,,,,,,,,,,,,,,,,,,,,,,,,,
37,57,63,60,67,66,66,65,61,62,65,66,63,55,65,64,53,57,54,62,49,49,47,46,50,49,47,51,51,50,49,47,48,49,45,50,52,46,50,50,52,47,50,49,49,46,51,43,53,54,47,52,49,52,54,63,61,61,53,65,54,60,59,51,54,,,,,,,,,,,,,,,,,,,,,,,,,,,,,,,,,,,,,,,,,,,,,,,,,,,,,,,,,,,,,,,,,,,,,,,,,,,,,,,,,,,,,,,,,,,,,,,,,,,,,,,,,,,,,,,,,,,,,,,,,,,,,,,,,,,,,,,,,,,,,,,,,,,,,,,,,,,,,,,,,,,,,,,,,,,,,,,,,,,,,,,,,,,,,,,,
38,50,59,59,68,72,72,70,77,70,84,81,73,76,75,72,82,77,80,70,80,73,78,80,84,75,77,73,76,80,78,77,76,80,78,69,82,75,70,70,73,73,69,62,60,63,66,65,71,63,53,59,51,57,58,55,51,47,44,38,36,40,42,37,35,,,,,,,,,,,,,,,,,,,,,,,,,,,,,,,,,,,,,,,,,,,,,,,,,,,,,,,,,,,,,,,,,,,,,,,,,,,,,,,,,,,,,,,,,,,,,,,,,,,,,,,,,,,,,,,,,,,,,,,,,,,,,,,,,,,,,,,,,,,,,,,,,,,,,,,,,,,,,,,,,,,,,,,,,,,,,,,,,,,,,,,,,,,,,,,,
39,38,41,44,45,44,49,43,55,52,54,49,60,56,66,59,63,56,64,66,58,69,69,75,71,77,70,79,76,80,83,79,80,78,75,79,73,72,80,81,78,88,73,83,85,77,74,78,75,83,72,73,68,76,75,74,71,73,76,75,70,65,67,61,55,,,,,,,,,,,,,,,,,,,,,,,,,,,,,,,,,,,,,,,,,,,,,,,,,,,,,,,,,,,,,,,,,,,,,,,,,,,,,,,,,,,,,,,,,,,,,,,,,,,,,,,,,,,,,,,,,,,,,,,,,,,,,,,,,,,,,,,,,,,,,,,,,,,,,,,,,,,,,,,,,,,,,,,,,,,,,,,,,,,,,,,,,,,,,,,,
40,60,67,69,64,73,79,69,75,70,79,74,75,72,70,70,76,79,73,82,80,73,76,72,74,79,80,72,79,76,77,72,79,76,73,81,77,75,73,74,75,73,75,71,78,84,75,68,74,72,68,69,69,63,66,59,58,65,50,56,56,55,49,43,46,,,,,,,,,,,,,,,,,,,,,,,,,,,,,,,,,,,,,,,,,,,,,,,,,,,,,,,,,,,,,,,,,,,,,,,,,,,,,,,,,,,,,,,,,,,,,,,,,,,,,,,,,,,,,,,,,,,,,,,,,,,,,,,,,,,,,,,,,,,,,,,,,,,,,,,,,,,,,,,,,,,,,,,,,,,,,,,,,,,,,,,,,,,,,,,,
41,32,35,37,38,41,42,43,50,45,43,45,39,46,45,47,45,51,43,50,48,50,55,61,56,53,60,56,59,67,68,66,68,70,72,68,67,75,70,78,74,81,73,83,77,77,83,80,70,78,76,72,75,70,73,79,75,77,72,73,72,64,57,53,50,,,,,,,,,,,,,,,,,,,,,,,,,,,,,,,,,,,,,,,,,,,,,,,,,,,,,,,,,,,,,,,,,,,,,,,,,,,,,,,,,,,,,,,,,,,,,,,,,,,,,,,,,,,,,,,,,,,,,,,,,,,,,,,,,,,,,,,,,,,,,,,,,,,,,,,,,,,,,,,,,,,,,,,,,,,,,,,,,,,,,,,,,,,,,,,,
42,55,59,63,65,64,68,65,72,80,64,67,61,65,68,64,72,60,55,60,63,59,53,56,57,52,59,46,45,50,54,45,54,46,52,55,49,54,55,54,52,45,54,44,50,49,51,48,49,50,47,51,52,48,55,50,53,50,50,54,51,52,55,50,54,,,,,,,,,,,,,,,,,,,,,,,,,,,,,,,,,,,,,,,,,,,,,,,,,,,,,,,,,,,,,,,,,,,,,,,,,,,,,,,,,,,,,,,,,,,,,,,,,,,,,,,,,,,,,,,,,,,,,,,,,,,,,,,,,,,,,,,,,,,,,,,,,,,,,,,,,,,,,,,,,,,,,,,,,,,,,,,,,,,,,,,,,,,,,,,,
43,57,67,72,69,69,71,78,79,75,76,73,77,80,71,73,86,76,79,74,78,80,79,72,78,78,79,78,83,69,75,77,75,80,68,83,82,76,82,83,72,77,75,67,64,74,72,71,70,65,60,65,65,68,64,58,60,57,54,54,52,49,48,41,39,,,,,,,,,,,,,,,,,,,,,,,,,,,,,,,,,,,,,,,,,,,,,,,,,,,,,,,,,,,,,,,,,,,,,,,,,,,,,,,,,,,,,,,,,,,,,,,,,,,,,,,,,,,,,,,,,,,,,,,,,,,,,,,,,,,,,,,,,,,,,,,,,,,,,,,,,,,,,,,,,,,,,,,,,,,,,,,,,,,,,,,,,,,,,,,,
44,34,34,41,38,40,37,41,43,41,43,48,47,46,46,51,54,58,54,53,54,61,61,59,62,62,64,70,67,71,75,68,69,88,76,77,69,82,83,77,78,79,75,77,81,77,72,72,73,79,78,76,78,76,73,71,71,73,79,70,73,64,55,55,51,,,,,,,,,,,,,,,,,,,,,,,,,,,,,,,,,,,,,,,,,,,,,,,,,,,,,,,,,,,,,,,,,,,,,,,,,,,,,,,,,,,,,,,,,,,,,,,,,,,,,,,,,,,,,,,,,,,,,,,,,,,,,,,,,,,,,,,,,,,,,,,,,,,,,,,,,,,,,,,,,,,,,,,,,,,,,,,,,,,,,,,,,,,,,,,,
45,56,57,60,56,62,59,64,66,61,57,58,57,56,54,59,53,53,53,53,46,44,46,43,44,50,43,47,49,44,49,43,44,42,46,44,46,43,48,42,47,44,47,44,44,42,43,44,49,44,49,47,52,49,52,55,59,59,57,53,49,54,55,47,51,,,,,,,,,,,,,,,,,,,,,,,,,,,,,,,,,,,,,,,,,,,,,,,,,,,,,,,,,,,,,,,,,,,,,,,,,,,,,,,,,,,,,,,,,,,,,,,,,,,,,,,,,,,,,,,,,,,,,,,,,,,,,,,,,,,,,,,,,,,,,,,,,,,,,,,,,,,,,,,,,,,,,,,,,,,,,,,,,,,,,,,,,,,,,,,,
46,61,65,64,68,71,79,79,71,76,75,75,69,76,74,79,73,76,75,77,79,78,75,75,80,77,76,80,78,75,75,86,67,82,76,71,76,71,68,76,73,75,71,66,62,67,57,69,74,65,61,61,65,64,61,54,57,60,57,49,46,47,38,38,40,,,,,,,,,,,,,,,,,,,,,,,,,,,,,,,,,,,,,,,,,,,,,,,,,,,,,,,,,,,,,,,,,,,,,,,,,,,,,,,,,,,,,,,,,,,,,,,,,,,,,,,,,,,,,,,,,,,,,,,,,,,,,,,,,,,,,,,,,,,,,,,,,,,,,,,,,,,,,,,,,,,,,,,,,,,,,,,,,,,,,,,,,,,,,,,,
47,39,45,46,48,45,51,49,59,54,50,60,62,62,62,62,65,65,72,63,64,65,66,69,78,78,71,71,68,73,77,77,72,76,79,83,87,86,81,74,72,79,76,76,77,76,76,86,82,79,76,80,74,79,83,82,81,76,70,81,67,69,67,61,60,,,,,,,,,,,,,,,,,,,,,,,,,,,,,,,,,,,,,,,,,,,,,,,,,,,,,,,,,,,,,,,,,,,,,,,,,,,,,,,,,,,,,,,,,,,,,,,,,,,,,,,,,,,,,,,,,,,,,,,,,,,,,,,,,,,,,,,,,,,,,,,,,,,,,,,,,,,,,,,,,,,,,,,,,,,,,,,,,,,,,,,,,,,,,,,,
48,64,74,69,69,72,72,80,70,78,81,81,73,81,72,79,75,78,76,83,78,82,76,73,78,82,69,81,78,86,83,85,78,81,88,92,85,79,69,82,83,79,81,72,74,79,83,74,80,74,77,78,75,70,67,68,74,71,63,66,58,58,58,50,48,,,,,,,,,,,,,,,,,,,,,,,,,,,,,,,,,,,,,,,,,,,,,,,,,,,,,,,,,,,,,,,,,,,,,,,,,,,,,,,,,,,,,,,,,,,,,,,,,,,,,,,,,,,,,,,,,,,,,,,,,,,,,,,,,,,,,,,,,,,,,,,,,,,,,,,,,,,,,,,,,,,,,,,,,,,,,,,,,,,,,,,,,,,,,,,,
49,37,40,42,45,42,41,46,51,52,50,43,44,48,50,49,46,50,48,55,57,58,53,58,60,58,70,68,66,73,64,78,78,72,76,80,67,82,74,80,75,81,75,76,76,75,77,77,75,76,71,79,68,71,77,72,71,75,76,71,66,62,66,63,61,,,,,,,,,,,,,,,,,,,,,,,,,,,,,,,,,,,,,,,,,,,,,,,,,,,,,,,,,,,,,,,,,,,,,,,,,,,,,,,,,,,,,,,,,,,,,,,,,,,,,,,,,,,,,,,,,,,,,,,,,,,,,,,,,,,,,,,,,,,,,,,,,,,,,,,,,,,,,,,,,,,,,,,,,,,,,,,,,,,,,,,,,,,,,,,,
50,52,64,58,64,66,64,69,75,70,58,56,60,59,62,65,62,59,52,57,53,54,53,53,56,48,46,46,43,48,43,48,52,45,44,47,46,49,47,43,49,47,47,46,43,50,45,47,44,44,47,46,46,52,47,47,48,52,44,51,52,51,50,51,42,,,,,,,,,,,,,,,,,,,,,,,,,,,,,,,,,,,,,,,,,,,,,,,,,,,,,,,,,,,,,,,,,,,,,,,,,,,,,,,,,,,,,,,,,,,,,,,,,,,,,,,,,,,,,,,,,,,,,,,,,,,,,,,,,,,,,,,,,,,,,,,,,,,,,,,,,,,,,,,,,,,,,,,,,,,,,,,,,,,,,,,,,,,,,,,,
51,60,60,66,71,67,76,70,66,77,67,73,76,74,79,74,80,82,70,81,82,76,74,73,74,69,74,77,71,75,72,79,69,69,75,67,73,69,78,77,73,74,75,71,73,74,71,67,74,68,65,62,64,59,57,62,58,60,53,52,54,47,49,42,37,,,,,,,,,,,,,,,,,,,,,,,,,,,,,,,,,,,,,,,,,,,,,,,,,,,,,,,,,,,,,,,,,,,,,,,,,,,,,,,,,,,,,,,,,,,,,,,,,,,,,,,,,,,,,,,,,,,,,,,,,,,,,,,,,,,,,,,,,,,,,,,,,,,,,,,,,,,,,,,,,,,,,,,,,,,,,,,,,,,,,,,,,,,,,,,,
52,34,35,39,40,40,41,42,42,42,46,46,48,43,48,43,47,58,52,52,54,57,59,59,60,60,66,70,66,68,70,69,67,71,68,75,72,78,75,67,72,70,72,75,77,77,80,75,79,68,63,70,72,74,75,76,76,66,66,74,68,67,59,56,48,,,,,,,,,,,,,,,,,,,,,,,,,,,,,,,,,,,,,,,,,,,,,,,,,,,,,,,,,,,,,,,,,,,,,,,,,,,,,,,,,,,,,,,,,,,,,,,,,,,,,,,,,,,,,,,,,,,,,,,,,,,,,,,,,,,,,,,,,,,,,,,,,,,,,,,,,,,,,,,,,,,,,,,,,,,,,,,,,,,,,,,,,,,,,,,,
53,54,54,66,64,68,67,59,64,65,65,63,67,62,56,61,60,59,52,65,50,49,50,55,46,47,45,54,47,51,54,50,47,52,48,48,48,55,46,50,52,51,56,54,49,53,50,48,52,55,57,53,53,53,57,57,64,63,60,67,64,56,57,60,52,,,,,,,,,,,,,,,,,,,,,,,,,,,,,,,,,,,,,,,,,,,,,,,,,,,,,,,,,,,,,,,,,,,,,,,,,,,,,,,,,,,,,,,,,,,,,,,,,,,,,,,,,,,,,,,,,,,,,,,,,,,,,,,,,,,,,,,,,,,,,,,,,,,,,,,,,,,,,,,,,,,,,,,,,,,,,,,,,,,,,,,,,,,,,,,,
54,58,58,62,64,68,67,64,67,71,78,72,74,75,73,68,70,70,72,81,75,74,67,76,69,73,68,72,72,65,80,76,80,70,73,80,69,66,61,62,70,64,69,61,66,55,62,62,62,60,57,54,55,54,48,50,48,51,40,41,44,45,39,39,33,,,,,,,,,,,,,,,,,,,,,,,,,,,,,,,,,,,,,,,,,,,,,,,,,,,,,,,,,,,,,,,,,,,,,,,,,,,,,,,,,,,,,,,,,,,,,,,,,,,,,,,,,,,,,,,,,,,,,,,,,,,,,,,,,,,,,,,,,,,,,,,,,,,,,,,,,,,,,,,,,,,,,,,,,,,,,,,,,,,,,,,,,,,,,,,,
55,42,45,39,48,52,54,53,54,52,52,59,61,61,66,61,65,72,67,65,68,63,67,73,71,68,73,73,68,77,82,81,73,78,74,84,77,77,91,82,74,79,74,79,76,71,75,81,71,71,75,88,80,79,71,74,72,70,76,83,75,66,60,59,66,,,,,,,,,,,,,,,,,,,,,,,,,,,,,,,,,,,,,,,,,,,,,,,,,,,,,,,,,,,,,,,,,,,,,,,,,,,,,,,,,,,,,,,,,,,,,,,,,,,,,,,,,,,,,,,,,,,,,,,,,,,,,,,,,,,,,,,,,,,,,,,,,,,,,,,,,,,,,,,,,,,,,,,,,,,,,,,,,,,,,,,,,,,,,,,,
56,48,60,59,59,66,67,68,60,68,67,71,75,67,70,66,67,75,76,68,74,74,67,79,72,72,70,72,72,68,70,68,69,66,73,68,71,68,74,67,68,69,74,68,69,66,67,63,69,63,66,64,61,60,58,52,57,51,53,55,50,45,44,38,37,,,,,,,,,,,,,,,,,,,,,,,,,,,,,,,,,,,,,,,,,,,,,,,,,,,,,,,,,,,,,,,,,,,,,,,,,,,,,,,,,,,,,,,,,,,,,,,,,,,,,,,,,,,,,,,,,,,,,,,,,,,,,,,,,,,,,,,,,,,,,,,,,,,,,,,,,,,,,,,,,,,,,,,,,,,,,,,,,,,,,,,,,,,,,,,,
57,35,38,37,45,42,41,45,46,44,47,48,43,46,45,46,47,47,52,48,54,51,55,57,61,58,63,59,66,63,65,67,64,69,70,67,67,64,69,67,76,74,71,74,74,70,79,69,77,69,84,74,76,72,80,74,65,74,75,67,74,63,64,56,56,,,,,,,,,,,,,,,,,,,,,,,,,,,,,,,,,,,,,,,,,,,,,,,,,,,,,,,,,,,,,,,,,,,,,,,,,,,,,,,,,,,,,,,,,,,,,,,,,,,,,,,,,,,,,,,,,,,,,,,,,,,,,,,,,,,,,,,,,,,,,,,,,,,,,,,,,,,,,,,,,,,,,,,,,,,,,,,,,,,,,,,,,,,,,,,,
58,54,54,58,64,53,60,62,66,62,60,53,59,60,56,58,57,51,51,53,49,53,52,46,48,45,37,40,50,42,41,43,38,46,44,42,40,43,44,43,41,41,42,42,42,48,42,43,42,42,44,47,46,45,49,42,45,49,48,47,43,47,44,47,45,,,,,,,,,,,,,,,,,,,,,,,,,,,,,,,,,,,,,,,,,,,,,,,,,,,,,,,,,,,,,,,,,,,,,,,,,,,,,,,,,,,,,,,,,,,,,,,,,,,,,,,,,,,,,,,,,,,,,,,,,,,,,,,,,,,,,,,,,,,,,,,,,,,,,,,,,,,,,,,,,,,,,,,,,,,,,,,,,,,,,,,,,,,,,,,,
59,54,49,61,61,64,66,71,63,70,69,65,70,66,66,66,68,66,67,68,72,67,69,73,65,77,69,66,65,67,68,69,69,71,66,72,68,62,70,74,64,74,63,63,65,66,64,65,60,61,56,61,57,59,58,46,47,50,51,51,44,45,42,35,34,,,,,,,,,,,,,,,,,,,,,,,,,,,,,,,,,,,,,,,,,,,,,,,,,,,,,,,,,,,,,,,,,,,,,,,,,,,,,,,,,,,,,,,,,,,,,,,,,,,,,,,,,,,,,,,,,,,,,,,,,,,,,,,,,,,,,,,,,,,,,,,,,,,,,,,,,,,,,,,,,,,,,,,,,,,,,,,,,,,,,,,,,,,,,,,,
60,32,34,38,38,36,35,39,45,42,45,44,44,46,45,50,45,57,53,55,51,54,61,53,55,59,66,59,64,59,66,67,66,64,65,71,62,69,69,65,63,69,69,69,65,70,75,72,66,71,65,64,67,67,63,63,67,67,66,66,58,60,52,50,47,,,,,,,,,,,,,,,,,,,,,,,,,,,,,,,,,,,,,,,,,,,,,,,,,,,,,,,,,,,,,,,,,,,,,,,,,,,,,,,,,,,,,,,,,,,,,,,,,,,,,,,,,,,,,,,,,,,,,,,,,,,,,,,,,,,,,,,,,,,,,,,,,,,,,,,,,,,,,,,,,,,,,,,,,,,,,,,,,,,,,,,,,,,,,,,,
61,42,44,48,52,52,51,41,52,45,47,45,42,43,45,45,42,46,42,41,37,33,38,36,37,37,37,35,37,37,38,34,36,33,37,35,38,38,35,33,38,37,33,35,38,37,32,39,40,39,34,39,37,42,43,47,45,48,46,43,48,48,41,42,38,,,,,,,,,,,,,,,,,,,,,,,,,,,,,,,,,,,,,,,,,,,,,,,,,,,,,,,,,,,,,,,,,,,,,,,,,,,,,,,,,,,,,,,,,,,,,,,,,,,,,,,,,,,,,,,,,,,,,,,,,,,,,,,,,,,,,,,,,,,,,,,,,,,,,,,,,,,,,,,,,,,,,,,,,,,,,,,,,,,,,,,,,,,,,,,,
62,52,55,50,57,57,52,59,61,58,59,62,60,62,61,55,65,62,54,56,66,56,64,55,60,57,54,61,58,71,62,58,57,60,56,59,60,55,57,58,52,52,53,55,47,51,52,59,49,47,48,47,46,49,45,45,43,42,39,41,38,37,36,37,33,,,,,,,,,,,,,,,,,,,,,,,,,,,,,,,,,,,,,,,,,,,,,,,,,,,,,,,,,,,,,,,,,,,,,,,,,,,,,,,,,,,,,,,,,,,,,,,,,,,,,,,,,,,,,,,,,,,,,,,,,,,,,,,,,,,,,,,,,,,,,,,,,,,,,,,,,,,,,,,,,,,,,,,,,,,,,,,,,,,,,,,,,,,,,,,,
63,33,36,36,39,43,41,43,43,37,46,45,52,50,53,48,50,50,53,49,57,60,58,56,56,58,60,61,59,57,62,61,64,61,62,60,64,64,67,69,60,63,68,61,65,72,68,61,66,60,65,64,58,52,65,61,58,57,60,60,62,59,53,56,48,,,,,,,,,,,,,,,,,,,,,,,,,,,,,,,,,,,,,,,,,,,,,,,,,,,,,,,,,,,,,,,,,,,,,,,,,,,,,,,,,,,,,,,,,,,,,,,,,,,,,,,,,,,,,,,,,,,,,,,,,,,,,,,,,,,,,,,,,,,,,,,,,,,,,,,,,,,,,,,,,,,,,,,,,,,,,,,,,,,,,,,,,,,,,,,,
,,,,,,,,,,,,,,,,,,,,,,,,,,,,,,,,,,,,,,,,,,,,,,,,,,,,,,,,,,,,,,,,,,,,,,,,,,,,,,,,,,,,,,,,,,,,,,,,,,,,,,,,,,,,,,,,,,,,,,,,,,,,,,,,,,,,,,,,,,,,,,,,,,,,,,,,,,,,,,,,,,,,,,,,,,,,,,,,,,,,,,,,,,,,,,,,,,,,,,,,,,,,,,,,,,,,,,,,,,,,,,,,,,,,,,,,,,,,,,,,,,,,,,,,,,,,,,,,
value,0,1,2,3,4,5,6,7,8,9,10,11,12,13,14,15,16,17,18,19,20,21,22,23,24,25,26,27,28,29,30,31,32,33,34,35,36,37,38,39,40,41,42,43,44,45,46,47,48,49,50,51,52,53,54,55,56,57,58,59,60,61,62,63,64,65,66,67,68,69,70,71,72,73,74,75,76,77,78,79,80,81,82,83,84,85,86,87,88,89,90,91,92,93,94,95,96,97,98,99,100,101,102,103,104,105,106,107,108,109,110,111,112,113,114,115,116,117,118,119,120,121,122,123,124,125,126,127,128,129,130,131,132,133,134,135,136,137,138,139,140,141,142,143,144,145,146,147,148,149,150,151,152,153,154,155,156,157,158,159,160,161,162,163,164,165,166,167,168,169,170,171,172,173,174,175,176,177,178,179,180,181,182,183,184,185,186,187,188,189,190,191,192,193,194,195,196,197,198,199,200,201,202,203,204,205,206,207,208,209,210,211,212,213,214,215,216,217,218,219,220,221,222,223,224,225,226,227,228,229,230,231,232,233,234,235,236,237,238,239,240,241,242,243,244,245,246,247,248,249,250,251,252,253,254,255
count,0,0,0,0,0,0,0,0,0,0,0,0,0,0,0,0,0,0,0,0,0,0,0,0,0,0,0,0,0,0,3,2,9,14,18,20,28,39,41,32,35,44,71,73,71,86,89,88,100,83,102,75,94,80,92,75,72,97,73,96,93,93,77,69,89,86,87,99,95,102,104,99,129,112,131,124,114,112,77,85,78,70,46,55,16,20,12,5,7,5,0,2,1,0,0,0,0,0,0,0,0,0,0,0,0,0,0,0,0,0,0,0,0,0,0,0,0,0,0,0,0,0,0,0,0,0,0,0,0,0,0,0,0,0,0,0,0,0,0,0,0,0,0,0,0,0,0,0,0,0,0,0,0,0,0,0,0,0,0,0,0,0,0,0,0,0,0,0,0,0,0,0,0,0,0,0,0,0,0,0,0,0,0,0,0,0,0,0,0,0,0,0,0,0,0,0,0,0,0,0,0,0,0,0,0,0,0,0,0,0,0,0,0,0,0,0,0,0,0,0,0,0,0,0,0,0,0,0,0,0,0,0,0,0,0,0,0,0,0,0,0,0,0,0,0,0,0,0,0,0,0,0,0,0,0,0
,,,,,,,,,,,,,,,,,,,,,,,,,,,,,,,,,,,,,,,,,,,,,,,,,,,,,,,,,,,,,,,,,,,,,,,,,,,,,,,,,,,,,,,,,,,,,,,,,,,,,,,,,,,,,,,,,,,,,,,,,,,,,,,,,,,,,,,,,,,,,,,,,,,,,,,,,,,,,,,,,,,,,,,,,,,,,,,,,,,,,,,,,,,,,,,,,,,,,,,,,,,,,,,,,,,,,,,,,,,,,,,,,,,,,,,,,,,,,,,,,,,,,,,,,,,,,,,,
7,,,,,,,,,,,,,,,,,,,,,,,,,,,,,,,,,,,,,,,,,,,,,,,,,,,,,,,,,,,,,,,,,,,,,,,,,,,,,,,,,,,,,,,,,,,,,,,,,,,,,,,,,,,,,,,,,,,,,,,,,,,,,,,,,,,,,,,,,,,,,,,,,,,,,,,,,,,,,,,,,,,,,,,,,,,,,,,,,,,,,,,,,,,,,,,,,,,,,,,,,,,,,,,,,,,,,,,,,,,,,,,,,,,,,,,,,,,,,,,,,,,,,,,,,,,,,,,,
,0,1,2,3,4,5,6,7,8,9,10,11,12,13,14,15,16,17,18,19,20,21,22,23,24,25,26,27,28,29,30,31,32,33,34,35,36,37,38,39,40,41,42,43,44,45,46,47,48,49,50,51,52,53,54,55,56,57,58,59,60,61,62,63,61.59838867,,,,,,,,,,,,,,,,,,,,,,,,,,,,,,,,,,,,,,,,,,,,,,,,,,,,,,,,,,,,,,,,,,,,,,,,,,,,,,,,,,,,,,,,,,,,,,,,,,,,,,,,,,,,,,,,,,,,,,,,,,,,,,,,,,,,,,,,,,,,,,,,,,,,,,,,,,,,,,,,,,,,,,,,,,,,,,,,,,,,,,,,,,,,,,,
0,47,44,61,55,60,55,59,52,51,57,56,55,60,55,59,61,56,63,65,53,51,55,58,55,61,59,62,60,52,50,59,61,58,55,56,57,60,56,58,59,58,58,52,57,59,55,55,48,58,51,56,48,50,49,49,48,48,54,42,47,41,43,41,37,,,,,,,,,,,,,,,,,,,,,,,,,,,,,,,,,,,,,,,,,,,,,,,,,,,,,,,,,,,,,,,,,,,,,,,,,,,,,,,,,,,,,,,,,,,,,,,,,,,,,,,,,,,,,,,,,,,,,,,,,,,,,,,,,,,,,,,,,,,,,,,,,,,,,,,,,,,,,,,,,,,,,,,,,,,,,,,,,,,,,,,,,,,,,,,,
1,31,34,33,32,43,43,41,32,34,37,43,37,42,43,36,43,43,37,43,42,45,43,46,47,48,49,52,47,53,55,54,54,53,64,60,54,56,52,63,55,53,56,58,61,62,63,61,58,59,61,58,60,61,59,55,59,56,61,59,54,60,52,49,48,,,,,,,,,,,,,,,,,,,,,,,,,,,,,,,,,,,,,,,,,,,,,,,,,,,,,,,,,,,,,,,,,,,,,,,,,,,,,,,,,,,,,,,,,,,,,,,,,,,,,,,,,,,,,,,,,,,,,,,,,,,,,,,,,,,,,,,,,,,,,,,,,,,,,,,,,,,,,,,,,,,,,,,,,,,,,,,,,,,,,,,,,,,,,,,,
2,50,51,52,59,55,56,52,49,61,55,54,55,52,48,53,55,46,46,45,43,47,46,46,44,38,36,39,42,36,42,36,42,39,42,41,41,37,40,38,35,38,40,40,38,36,43,39,43,38,38,36,36,39,42,38,39,42,41,39,41,42,41,38,37,,,,,,,,,,,,,,,,,,,,,,,,,,,,,,,,,,,,,,,,,,,,,,,,,,,,,,,,,,,,,,,,,,,,,,,,,,,,,,,,,,,,,,,,,,,,,,,,,,,,,,,,,,,,,,,,,,,,,,,,,,,,,,,,,,,,,,,,,,,,,,,,,,,,,,,,,,,,,,,,,,,,,,,,,,,,,,,,,,,,,,,,,,,,,,,,
3,49,55,56,58,57,55,63,65,70,61,58,70,62,63,67,69,64,70,68,58,65,64,62,67,60,60,68,63,67,65,63,62,66,63,67,62,65,66,62,65,58,66,69,60,62,62,55,54,54,53,52,52,52,54,45,46,48,40,43,42,42,37,36,30,,,,,,,,,,,,,,,,,,,,,,,,,,,,,,,,,,,,,,,,,,,,,,,,,,,,,,,,,,,,,,,,,,,,,,,,,,,,,,,,,,,,,,,,,,,,,,,,,,,,,,,,,,,,,,,,,,,,,,,,,,,,,,,,,,,,,,,,,,,,,,,,,,,,,,,,,,,,,,,,,,,,,,,,,,,,,,,,,,,,,,,,,,,,,,,,
4,36,36,40,40,40,43,45,47,43,41,48,49,42,45,49,52,48,55,54,55,54,51,58,60,57,59,64,63,61,57,69,57,65,69,74,71,74,71,69,73,70,70,59,72,76,68,69,74,64,67,61,69,77,65,68,62,62,68,67,63,59,69,54,49,,,,,,,,,,,,,,,,,,,,,,,,,,,,,,,,,,,,,,,,,,,,,,,,,,,,,,,,,,,,,,,,,,,,,,,,,,,,,,,,,,,,,,,,,,,,,,,,,,,,,,,,,,,,,,,,,,,,,,,,,,,,,,,,,,,,,,,,,,,,,,,,,,,,,,,,,,,,,,,,,,,,,,,,,,,,,,,,,,,,,,,,,,,,,,,,
5,44,49,57,55,52,52,52,53,60,53,50,53,46,47,46,50,48,47,43,40,37,40,39,34,40,35,42,37,37,40,40,38,37,37,40,35,38,43,37,38,36,40,39,36,36,38,41,39,42,42,44,43,45,48,46,54,49,54,49,51,53,48,40,40,,,,,,,,,,,,,,,,,,,,,,,,,,,,,,,,,,,,,,,,,,,,,,,,,,,,,,,,,,,,,,,,,,,,,,,,,,,,,,,,,,,,,,,,,,,,,,,,,,,,,,,,,,,,,,,,,,,,,,,,,,,,,,,,,,,,,,,,,,,,,,,,,,,,,,,,,,,,,,,,,,,,,,,,,,,,,,,,,,,,,,,,,,,,,,,,
6,52,58,66,62,68,65,71,73,69,72,67,65,67,70,69,70,74,69,69,67,71,67,64,74,68,69,67,71,67,68,67,73,63,70,63,69,64,61,60,66,65,59,60,57,59,55,58,59,52,54,54,57,65,53,55,53,45,48,40,41,37,34,34,31,,,,,,,,,,,,,,,,,,,,,,,,,,,,,,,,,,,,,,,,,,,,,,,,,,,,,,,,,,,,,,,,,,,,,,,,,,,,,,,,,,,,,,,,,,,,,,,,,,,,,,,,,,,,,,,,,,,,,,,,,,,,,,,,,,,,,,,,,,,,,,,,,,,,,,,,,,,,,,,,,,,,,,,,,,,,,,,,,,,,,,,,,,,,,,,,
7,30,33,34,37,34,39,42,43,45,44,47,52,52,55,53,57,52,60,56,61,60,67,65,67,65,63,70,77,69,67,72,73,77,72,75,73,77,75,82,76,71,84,70,77,75,68,73,69,68,74,85,76,72,77,64,72,71,74,70,66,60,61,51,53,,,,,,,,,,,,,,,,,,,,,,,,,,,,,,,,,,,,,,,,,,,,,,,,,,,,,,,,,,,,,,,,,,,,,,,,,,,,,,,,,,,,,,,,,,,,,,,,,,,,,,,,,,,,,,,,,,,,,,,,,,,,,,,,,,,,,,,,,,,,,,,,,,,,,,,,,,,,,,,,,,,,,,,,,,,,,,,,,,,,,,,,,,,,,,,,
8,61,66,65,68,76,78,72,78,70,79,83,75,75,75,80,76,74,74,74,74,75,73,74,82,79,80,72,80,84,74,82,80,75,81,80,78,80,77,75,77,76,72,78,70,80,71,75,72,73,69,68,67,67,60,58,66,59,64,60,49,52,48,39,43,,,,,,,,,,,,,,,,,,,,,,,,,,,,,,,,,,,,,,,,,,,,,,,,,,,,,,,,,,,,,,,,,,,,,,,,,,,,,,,,,,,,,,,,,,,,,,,,,,,,,,,,,,,,,,,,,,,,,,,,,,,,,,,,,,,,,,,,,,,,,,,,,,,,,,,,,,,,,,,,,,,,,,,,,,,,,,,,,,,,,,,,,,,,,,,,
9,32,35,42,45,41,44,45,45,49,43,43,43,43,44,43,44,53,46,56,51,54,59,58,58,60,61,67,58,62,67,68,76,75,64,68,75,74,76,75,79,77,83,75,82,79,76,74,78,81,68,79,80,75,78,74,71,75,72,68,72,63,65,56,54,,,,,,,,,,,,,,,,,,,,,,,,,,,,,,,,,,,,,,,,,,,,,,,,,,,,,,,,,,,,,,,,,,,,,,,,,,,,,,,,,,,,,,,,,,,,,,,,,,,,,,,,,,,,,,,,,,,,,,,,,,,,,,,,,,,,,,,,,,,,,,,,,,,,,,,,,,,,,,,,,,,,,,,,,,,,,,,,,,,,,,,,,,,,,,,,
10,57,61,64,62,69,71,71,67,66,62,61,65,64,66,62,62,58,56,55,57,54,55,58,50,51,41,45,44,43,46,46,45,47,46,48,47,46,48,46,46,45,44,46,47,44,43,45,45,45,47,47,44,47,40,49,48,49,51,52,52,51,50,49,45,,,,,,,,,,,,,,,,,,,,,,,,,,,,,,,,,,,,,,,,,,,,,,,,,,,,,,,,,,,,,,,,,,,,,,,,,,,,,,,,,,,,,,,,,,,,,,,,,,,,,,,,,,,,,,,,,,,,,,,,,,,,,,,,,,,,,,,,,,,,,,,,,,,,,,,,,,,,,,,,,,,,,,,,,,,,,,,,,,,,,,,,,,,,,,,,
11,61,67,59,63,76,73,70,77,80,70,82,72,77,83,82,75,66,76,75,76,72,80,81,77,73,77,77,83,73,82,79,76,79,76,68,80,81,71,69,73,72,75,67,78,73,71,73,64,66,66,64,68,66,59,59,55,54,51,60,57,48,43,39,36,,,,,,,,,,,,,,,,,,,,,,,,,,,,,,,,,,,,,,,,,,,,,,,,,,,,,,,,,,,,,,,,,,,,,,,,,,,,,,,,,,,,,,,,,,,,,,,,,,,,,,,,,,,,,,,,,,,,,,,,,,,,,,,,,,,,,,,,,,,,,,,,,,,,,,,,,,,,,,,,,,,,,,,,,,,,,,,,,,,,,,,,,,,,,,,,
12,39,41,44,50,51,50,51,63,57,49,57,61,56,59,59,59,67,70,66,66,60,68,61,66,78,79,77,72,75,78,84,78,81,74,87,81,75,92,85,82,74,88,83,85,81,87,88,83,81,79,78,83,70,83,79,81,76,81,75,69,79,74,73,65,,,,,,,,,,,,,,,,,,,,,,,,,,,,,,,,,,,,,,,,,,,,,,,,,,,,,,,,,,,,,,,,,,,,,,,,,,,,,,,,,,,,,,,,,,,,,,,,,,,,,,,,,,,,,,,,,,,,,,,,,,,,,,,,,,,,,,,,,,,,,,,,,,,,,,,,,,,,,,,,,,,,,,,,,,,,,,,,,,,,,,,,,,,,,,,,
13,55,61,54,60,57,57,57,54,55,63,60,58,54,52,50,55,54,56,53,47,46,46,42,46,43,44,46,44,43,44,43,43,48,41,47,44,40,48,45,45,44,46,44,45,47,49,43,48,49,55,46,50,52,52,54,61,57,59,60,58,55,59,47,53,,,,,,,,,,,,,,,,,,,,,,,,,,,,,,,,,,,,,,,,,,,,,,,,,,,,,,,,,,,,,,,,,,,,,,,,,,,,,,,,,,,,,,,,,,,,,,,,,,,,,,,,,,,,,,,,,,,,,,,,,,,,,,,,,,,,,,,,,,,,,,,,,,,,,,,,,,,,,,,,,,,,,,,,,,,,,,,,,,,,,,,,,,,,,,,,
14,56,59,66,71,65,68,78,74,82,71,74,67,72,75,76,76,80,72,76,80,74,81,77,70,76,72,79,79,77,73,75,71,87,75,73,71,76,68,70,62,66,69,58,66,55,65,65,58,59,56,62,52,56,50,48,48,49,47,42,36,37,34,36,29,,,,,,,,,,,,,,,,,,,,,,,,,,,,,,,,,,,,,,,,,,,,,,,,,,,,,,,,,,,,,,,,,,,,,,,,,,,,,,,,,,,,,,,,,,,,,,,,,,,,,,,,,,,,,,,,,,,,,,,,,,,,,,,,,,,,,,,,,,,,,,,,,,,,,,,,,,,,,,,,,,,,,,,,,,,,,,,,,,,,,,,,,,,,,,,,
15,34,39,35,38,45,48,50,48,55,50,48,57,57,61,60,64,61,59,67,68,64,71,72,67,73,67,72,69,75,76,74,73,69,83,74,77,75,79,81,76,75,76,79,85,80,76,79,74,72,76,76,75,75,80,80,70,76,73,70,72,62,65,60,53,,,,,,,,,,,,,,,,,,,,,,,,,,,,,,,,,,,,,,,,,,,,,,,,,,,,,,,,,,,,,,,,,,,,,,,,,,,,,,,,,,,,,,,,,,,,,,,,,,,,,,,,,,,,,,,,,,,,,,,,,,,,,,,,,,,,,,,,,,,,,,,,,,,,,,,,,,,,,,,,,,,,,,,,,,,,,,,,,,,,,,,,,,,,,,,,
16,61,61,61,66,73,79,68,75,76,76,81,77,82,87,74,81,79,78,72,80,72,81,80,78,74,74,79,76,74,73,78,78,72,81,76,79,76,85,76,79,75,71,73,86,75,75,71,73,66,75,71,74,64,65,67,63,62,57,53,51,50,49,40,41,,,,,,,,,,,,,,,,,,,,,,,,,,,,,,,,,,,,,,,,,,,,,,,,,,,,,,,,,,,,,,,,,,,,,,,,,,,,,,,,,,,,,,,,,,,,,,,,,,,,,,,,,,,,,,,,,,,,,,,,,,,,,,,,,,,,,,,,,,,,,,,,,,,,,,,,,,,,,,,,,,,,,,,,,,,,,,,,,,,,,,,,,,,,,,,,
17,36,45,40,51,43,47,49,53,50,53,51,50,60,47,52,51,54,58,61,57,65,65,63,61,60,61,70,71,75,68,76,79,78,76,72,76,83,79,77,79,76,81,85,78,80,82,83,71,78,80,83,77,79,82,74,78,67,86,73,78,70,74,58,59,,,,,,,,,,,,,,,,,,,,,,,,,,,,,,,,,,,,,,,,,,,,,,,,,,,,,,,,,,,,,,,,,,,,,,,,,,,,,,,,,,,,,,,,,,,,,,,,,,,,,,,,,,,,,,,,,,,,,,,,,,,,,,,,,,,,,,,,,,,,,,,,,,,,,,,,,,,,,,,,,,,,,,,,,,,,,,,,,,,,,,,,,,,,,,,,
18,57,62,69,68,68,70,71,68,71,65,64,63,70,69,73,66,52,60,58,62,59,59,58,61,52,51,48,48,52,58,49,54,52,51,47,47,44,50,48,46,48,50,48,50,50,49,52,49,51,52,51,45,58,49,57,57,57,53,51,56,53,49,53,44,,,,,,,,,,,,,,,,,,,,,,,,,,,,,,,,,,,,,,,,,,,,,,,,,,,,,,,,,,,,,,,,,,,,,,,,,,,,,,,,,,,,,,,,,,,,,,,,,,,,,,,,,,,,,,,,,,,,,,,,,,,,,,,,,,,,,,,,,,,,,,,,,,,,,,,,,,,,,,,,,,,,,,,,,,,,,,,,,,,,,,,,,,,,,,,,
19,66,72,75,82,75,87,81,83,83,90,83,75,77,81,89,82,80,85,83,78,87,84,80,85,76,83,77,76,84,80,88,79,83,80,84,77,78,77,78,83,88,80,81,89,77,72,82,78,69,72,73,74,74,75,61,68,76,67,68,61,62,57,48,42,,,,,,,,,,,,,,,,,,,,,,,,,,,,,,,,,,,,,,,,,,,,,,,,,,,,,,,,,,,,,,,,,,,,,,,,,,,,,,,,,,,,,,,,,,,,,,,,,,,,,,,,,,,,,,,,,,,,,,,,,,,,,,,,,,,,,,,,,,,,,,,,,,,,,,,,,,,,,,,,,,,,,,,,,,,,,,,,,,,,,,,,,,,,,,,,
20,35,38,39,40,40,39,46,45,42,47,49,53,51,51,52,54,62,56,59,54,60,58,63,66,70,61,66,73,67,69,66,71,71,75,80,77,70,73,72,81,76,80,78,77,80,71,69,77,76,78,82,78,67,82,76,69,68,72,71,71,65,64,61,54,,,,,,,,,,,,,,,,,,,,,,,,,,,,,,,,,,,,,,,,,,,,,,,,,,,,,,,,,,,,,,,,,,,,,,,,,,,,,,,,,,,,,,,,,,,,,,,,,,,,,,,,,,,,,,,,,,,,,,,,,,,,,,,,,,,,,,,,,,,,,,,,,,,,,,,,,,,,,,,,,,,,,,,,,,,,,,,,,,,,,,,,,,,,,,,,
21,52,55,55,66,63,60,58,59,63,57,59,61,56,56,58,64,54,57,56,52,42,48,42,46,45,42,46,45,44,47,47,47,45,44,49,48,42,49,44,47,47,46,45,48,49,44,43,47,46,46,48,55,50,53,58,61,61,56,52,54,65,59,52,48,,,,,,,,,,,,,,,,,,,,,,,,,,,,,,,,,,,,,,,,,,,,,,,,,,,,,,,,,,,,,,,,,,,,,,,,,,,,,,,,,,,,,,,,,,,,,,,,,,,,,,,,,,,,,,,,,,,,,,,,,,,,,,,,,,,,,,,,,,,,,,,,,,,,,,,,,,,,,,,,,,,,,,,,,,,,,,,,,,,,,,,,,,,,,,,,
22,57,61,62,69,72,73,73,74,74,73,87,81,79,79,75,75,77,81,69,76,82,83,78,71,81,80,72,76,78,88,78,78,74,76,79,82,75,71,71,69,72,72,64,66,60,63,63,60,63,64,55,59,57,51,49,59,50,47,44,49,38,40,36,35,,,,,,,,,,,,,,,,,,,,,,,,,,,,,,,,,,,,,,,,,,,,,,,,,,,,,,,,,,,,,,,,,,,,,,,,,,,,,,,,,,,,,,,,,,,,,,,,,,,,,,,,,,,,,,,,,,,,,,,,,,,,,,,,,,,,,,,,,,,,,,,,,,,,,,,,,,,,,,,,,,,,,,,,,,,,,,,,,,,,,,,,,,,,,,,,
23,33,36,41,37,45,44,45,49,48,50,50,54,54,57,58,56,62,59,61,61,73,74,75,73,68,73,81,81,84,83,74,74,75,79,74,78,85,75,79,74,73,78,76,76,78,79,75,78,74,78,79,73,79,82,85,81,75,76,71,70,63,59,55,50,,,,,,,,,,,,,,,,,,,,,,,,,,,,,,,,,,,,,,,,,,,,,,,,,,,,,,,,,,,,,,,,,,,,,,,,,,,,,,,,,,,,,,,,,,,,,,,,,,,,,,,,,,,,,,,,,,,,,,,,,,,,,,,,,,,,,,,,,,,,,,,,,,,,,,,,,,,,,,,,,,,,,,,,,,,,,,,,,,,,,,,,,,,,,,,,
24,63,66,73,70,71,69,76,77,72,74,78,72,78,80,77,84,73,76,78,74,80,73,72,76,78,83,78,74,72,72,72,82,76,75,77,74,69,80,73,80,68,87,76,72,71,71,79,73,72,67,69,65,79,65,65,59,63,63,58,57,50,54,50,49,,,,,,,,,,,,,,,,,,,,,,,,,,,,,,,,,,,,,,,,,,,,,,,,,,,,,,,,,,,,,,,,,,,,,,,,,,,,,,,,,,,,,,,,,,,,,,,,,,,,,,,,,,,,,,,,,,,,,,,,,,,,,,,,,,,,,,,,,,,,,,,,,,,,,,,,,,,,,,,,,,,,,,,,,,,,,,,,,,,,,,,,,,,,,,,,
25,33,38,31,41,42,42,45,42,40,46,43,41,43,42,47,47,50,49,49,47,51,56,54,59,59,58,57,62,60,64,66,68,66,70,68,67,72,70,75,71,75,73,78,84,74,65,77,79,78,71,71,77,72,75,74,70,78,69,67,72,62,59,55,62,,,,,,,,,,,,,,,,,,,,,,,,,,,,,,,,,,,,,,,,,,,,,,,,,,,,,,,,,,,,,,,,,,,,,,,,,,,,,,,,,,,,,,,,,,,,,,,,,,,,,,,,,,,,,,,,,,,,,,,,,,,,,,,,,,,,,,,,,,,,,,,,,,,,,,,,,,,,,,,,,,,,,,,,,,,,,,,,,,,,,,,,,,,,,,,,
26,57,61,67,68,61,66,65,64,69,70,65,58,62,57,72,58,54,58,57,57,54,57,53,56,50,47,44,48,46,45,48,46,48,48,42,45,50,44,47,45,49,46,47,43,44,49,50,47,49,47,45,48,51,54,48,50,45,48,53,52,57,52,51,44,,,,,,,,,,,,,,,,,,,,,,,,,,,,,,,,,,,,,,,,,,,,,,,,,,,,,,,,,,,,,,,,,,,,,,,,,,,,,,,,,,,,,,,,,,,,,,,,,,,,,,,,,,,,,,,,,,,,,,,,,,,,,,,,,,,,,,,,,,,,,,,,,,,,,,,,,,,,,,,,,,,,,,,,,,,,,,,,,,,,,,,,,,,,,,,,
27,54,59,66,61,70,69,63,76,80,81,70,76,75,70,73,74,76,76,67,76,80,73,72,70,75,75,71,75,70,74,76,71,76,69,78,80,82,80,73,77,69,73,72,69,76,60,66,62,68,63,65,59,62,61,58,56,51,50,51,55,51,46,35,37,,,,,,,,,,,,,,,,,,,,,,,,,,,,,,,,,,,,,,,,,,,,,,,,,,,,,,,,,,,,,,,,,,,,,,,,,,,,,,,,,,,,,,,,,,,,,,,,,,,,,,,,,,,,,,,,,,,,,,,,,,,,,,,,,,,,,,,,,,,,,,,,,,,,,,,,,,,,,,,,,,,,,,,,,,,,,,,,,,,,,,,,,,,,,,,,
28,37,44,36,47,47,43,45,45,48,43,45,49,51,47,54,59,54,60,61,61,56,62,62,63,61,67,67,71,68,69,68,69,67,68,71,72,74,79,75,78,75,70,77,73,75,81,81,76,77,78,74,76,70,74,73,78,74,68,72,70,67,64,56,58,,,,,,,,,,,,,,,,,,,,,,,,,,,,,,,,,,,,,,,,,,,,,,,,,,,,,,,,,,,,,,,,,,,,,,,,,,,,,,,,,,,,,,,,,,,,,,,,,,,,,,,,,,,,,,,,,,,,,,,,,,,,,,,,,,,,,,,,,,,,,,,,,,,,,,,,,,,,,,,,,,,,,,,,,,,,,,,,,,,,,,,,,,,,,,,,
29,50,50,56,58,58,62,53,62,63,65,59,61,55,53,52,51,53,52,51,47,42,43,41,42,48,38,42,48,46,47,49,46,45,41,46,46,46,47,47,49,47,42,43,46,42,45,47,50,48,50,44,47,49,47,53,57,54,55,54,50,57,53,51,48,,,,,,,,,,,,,,,,,,,,,,,,,,,,,,,,,,,,,,,,,,,,,,,,,,,,,,,,,,,,,,,,,,,,,,,,,,,,,,,,,,,,,,,,,,,,,,,,,,,,,,,,,,,,,,,,,,,,,,,,,,,,,,,,,,,,,,,,,,,,,,,,,,,,,,,,,,,,,,,,,,,,,,,,,,,,,,,,,,,,,,,,,,,,,,,,
30,54,59,65,64,70,67,70,74,74,70,77,73,69,74,80,73,76,74,79,73,72,76,80,77,77,75,76,78,77,80,73,79,72,80,71,69,68,71,68,65,69,65,69,60,64,63,62,60,59,57,55,51,54,53,56,57,52,44,45,39,38,42,40,36,,,,,,,,,,,,,,,,,,,,,,,,,,,,,,,,,,,,,,,,,,,,,,,,,,,,,,,,,,,,,,,,,,,,,,,,,,,,,,,,,,,,,,,,,,,,,,,,,,,,,,,,,,,,,,,,,,,,,,,,,,,,,,,,,,,,,,,,,,,,,,,,,,,,,,,,,,,,,,,,,,,,,,,,,,,,,,,,,,,,,,,,,,,,,,,,
31,33,35,37,40,43,42,50,51,43,51,47,57,58,59,58,56,58,65,69,64,71,68,72,73,67,68,69,73,74,80,85,79,76,83,80,78,83,74,74,83,76,75,75,74,72,73,83,83,74,72,77,79,66,79,72,74,65,75,67,62,68,63,58,55,,,,,,,,,,,,,,,,,,,,,,,,,,,,,,,,,,,,,,,,,,,,,,,,,,,,,,,,,,,,,,,,,,,,,,,,,,,,,,,,,,,,,,,,,,,,,,,,,,,,,,,,,,,,,,,,,,,,,,,,,,,,,,,,,,,,,,,,,,,,,,,,,,,,,,,,,,,,,,,,,,,,,,,,,,,,,,,,,,,,,,,,,,,,,,,,
32,64,64,66,70,71,78,76,80,81,77,81,75,74,83,75,69,75,72,83,78,91,73,80,83,79,77,79,73,76,79,78,80,84,72,81,83,83,74,77,75,77,75,77,87,78,75,78,72,72,69,69,73,63,67,70,63,71,70,65,58,53,52,45,49,,,,,,,,,,,,,,,,,,,,,,,,,,,,,,,,,,,,,,,,,,,,,,,,,,,,,,,,,,,,,,,,,,,,,,,,,,,,,,,,,,,,,,,,,,,,,,,,,,,,,,,,,,,,,,,,,,,,,,,,,,,,,,,,,,,,,,,,,,,,,,,,,,,,,,,,,,,,,,,,,,,,,,,,,,,,,,,,,,,,,,,,,,,,,,,,
33,33,36,41,41,46,44,46,46,48,45,47,44,47,50,48,49,50,50,48,52,59,60,57,62,60,63,63,68,68,67,66,66,68,67,68,72,73,71,74,82,79,76,69,80,79,85,78,77,79,82,81,80,80,71,76,74,79,70,72,76,62,64,60,55,,,,,,,,,,,,,,,,,,,,,,,,,,,,,,,,,,,,,,,,,,,,,,,,,,,,,,,,,,,,,,,,,,,,,,,,,,,,,,,,,,,,,,,,,,,,,,,,,,,,,,,,,,,,,,,,,,,,,,,,,,,,,,,,,,,,,,,,,,,,,,,,,,,,,,,,,,,,,,,,,,,,,,,,,,,,,,,,,,,,,,,,,,,,,,,,
34,58,56,63,63,66,67,71,70,73,68,66,68,65,69,72,64,62,59,64,62,55,54,61,61,51,49,47,50,49,50,52,50,51,53,46,51,48,50,55,48,47,50,60,54,52,52,51,50,49,49,49,49,50,53,53,49,56,51,54,59,57,54,46,54,,,,,,,,,,,,,,,,,,,,,,,,,,,,,,,,,,,,,,,,,,,,,,,,,,,,,,,,,,,,,,,,,,,,,,,,,,,,,,,,,,,,,,,,,,,,,,,,,,,,,,,,,,,,,,,,,,,,,,,,,,,,,,,,,,,,,,,,,,,,,,,,,,,,,,,,,,,,,,,,,,,,,,,,,,,,,,,,,,,,,,,,,,,,,,,,
35,61,59,71,67,72,72,71,75,70,83,78,76,76,75,75,79,83,75,77,78,72,75,75,74,80,73,74,85,73,79,85,82,74,77,85,80,82,81,76,75,69,75,81,72,69,71,72,63,62,62,65,65,67,62,58,56,54,55,55,54,48,48,42,35,,,,,,,,,,,,,,,,,,,,,,,,,,,,,,,,,,,,,,,,,,,,,,,,,,,,,,,,,,,,,,,,,,,,,,,,,,,,,,,,,,,,,,,,,,,,,,,,,,,,,,,,,,,,,,,,,,,,,,,,,,,,,,,,,,,,,,,,,,,,,,,,,,,,,,,,,,,,,,,,,,,,,,,,,,,,,,,,,,,,,,,,,,,,,,,,
36,38,43,46,42,49,46,48,50,47,44,50,53,48,52,55,56,52,62,60,61,62,64,68,62,70,66,70,64,76,69,74,69,71,73,78,76,79,77,75,82,80,80,84,83,75,77,78,80,75,77,74,81,72,79,77,75,79,73,74,65,60,61,58,56,,,,,,,,,,,,,,,,,,,,,,,,,,,,,,,,,,,,,,,,,,,,,,,,,,,,,,,,,,,,,,,,,,,,,,,,,,,,,,,,,,,,,,,,,,,,,,,,,,,,,,,,,,,,,,,,,,,,,,,,,,,,,,,,,,,,,,,,,,,,,,,,,,,,,,,,,,,,,,,,,,,,,,,,,,,,,,,,,,,,,,,,,,,,,,,,
37,56,68,59,67,69,61,63,62,60,68,62,61,57,64,64,52,60,55,57,50,52,48,46,49,52,48,50,55,48,48,52,45,49,43,52,47,46,50,48,53,50,47,49,48,48,49,45,49,54,52,53,51,54,54,64,60,65,55,61,57,60,57,49,50,,,,,,,,,,,,,,,,,,,,,,,,,,,,,,,,,,,,,,,,,,,,,,,,,,,,,,,,,,,,,,,,,,,,,,,,,,,,,,,,,,,,,,,,,,,,,,,,,,,,,,,,,,,,,,,,,,,,,,,,,,,,,,,,,,,,,,,,,,,,,,,,,,,,,,,,,,,,,,,,,,,,,,,,,,,,,,,,,,,,,,,,,,,,,,,,
38,51,57,60,67,67,72,70,80,75,81,86,78,76,77,72,79,77,83,74,80,71,87,80,83,73,77,70,78,79,73,74,78,77,77,70,82,73,74,74,74,69,70,64,66,67,61,66,69,61,57,58,53,57,59,54,51,48,47,41,37,39,42,37,36,,,,,,,,,,,,,,,,,,,,,,,,,,,,,,,,,,,,,,,,,,,,,,,,,,,,,,,,,,,,,,,,,,,,,,,,,,,,,,,,,,,,,,,,,,,,,,,,,,,,,,,,,,,,,,,,,,,,,,,,,,,,,,,,,,,,,,,,,,,,,,,,,,,,,,,,,,,,,,,,,,,,,,,,,,,,,,,,,,,,,,,,,,,,,,,,
39,37,40,45,46,45,50,47,54,52,50,52,62,60,61,59,62,61,67,68,61,72,74,74,68,78,74,75,76,77,79,82,78,80,78,83,78,75,78,84,78,80,72,77,88,79,74,78,75,81,70,77,67,76,79,75,72,78,76,74,69,66,66,60,55,,,,,,,,,,,,,,,,,,,,,,,,,,,,,,,,,,,,,,,,,,,,,,,,,,,,,,,,,,,,,,,,,,,,,,,,,,,,,,,,,,,,,,,,,,,,,,,,,,,,,,,,,,,,,,,,,,,,,,,,,,,,,,,,,,,,,,,,,,,,,,,,,,,,,,,,,,,,,,,,,,,,,,,,,,,,,,,,,,,,,,,,,,,,,,,,
40,60,66,69,62,73,75,68,75,66,78,76,81,73,70,68,77,80,78,80,78,73,76,73,74,80,79,74,81,76,80,73,77,73,74,78,81,76,71,74,78,73,71,75,78,77,74,73,72,70,67,72,69,63,69,61,59,64,52,55,55,55,51,45,47,,,,,,,,,,,,,,,,,,,,,,,,,,,,,,,,,,,,,,,,,,,,,,,,,,,,,,,,,,,,,,,,,,,,,,,,,,,,,,,,,,,,,,,,,,,,,,,,,,,,,,,,,,,,,,,,,,,,,,,,,,,,,,,,,,,,,,,,,,,,,,,,,,,,,,,,,,,,,,,,,,,,,,,,,,,,,,,,,,,,,,,,,,,,,,,,
41,32,34,38,36,40,39,43,51,47,44,45,43,44,45,46,45,51,44,47,46,52,56,62,58,55,56,58,58,64,70,67,67,71,67,70,65,75,69,78,76,77,78,76,82,81,83,74,71,78,78,74,73,74,76,82,75,78,74,72,71,67,57,54,51,,,,,,,,,,,,,,,,,,,,,,,,,,,,,,,,,,,,,,,,,,,,,,,,,,,,,,,,,,,,,,,,,,,,,,,,,,,,,,,,,,,,,,,,,,,,,,,,,,,,,,,,,,,,,,,,,,,,,,,,,,,,,,,,,,,,,,,,,,,,,,,,,,,,,,,,,,,,,,,,,,,,,,,,,,,,,,,,,,,,,,,,,,,,,,,,
42,56,63,65,69,64,67,65,76,77,67,65,61,64,67,66,70,58,55,57,62,59,54,57,55,48,55,45,43,48,57,43,51,42,51,53,47,52,57,51,54,45,53,43,50,51,50,50,50,49,49,52,50,48,54,47,55,52,52,54,54,53,54,50,52,,,,,,,,,,,,,,,,,,,,,,,,,,,,,,,,,,,,,,,,,,,,,,,,,,,,,,,,,,,,,,,,,,,,,,,,,,,,,,,,,,,,,,,,,,,,,,,,,,,,,,,,,,,,,,,,,,,,,,,,,,,,,,,,,,,,,,,,,,,,,,,,,,,,,,,,,,,,,,,,,,,,,,,,,,,,,,,,,,,,,,,,,,,,,,,,
43,56,69,71,68,68,71,76,78,75,76,70,76,80,73,71,90,82,79,73,78,81,79,78,77,81,81,84,80,68,77,76,79,81,73,81,83,74,82,88,75,79,78,68,70,73,74,73,70,65,60,63,64,68,65,59,61,55,54,58,52,51,47,42,36,,,,,,,,,,,,,,,,,,,,,,,,,,,,,,,,,,,,,,,,,,,,,,,,,,,,,,,,,,,,,,,,,,,,,,,,,,,,,,,,,,,,,,,,,,,,,,,,,,,,,,,,,,,,,,,,,,,,,,,,,,,,,,,,,,,,,,,,,,,,,,,,,,,,,,,,,,,,,,,,,,,,,,,,,,,,,,,,,,,,,,,,,,,,,,,,
44,32,35,39,37,40,38,41,41,40,42,49,47,49,47,51,58,55,58,54,52,57,63,61,62,60,64,73,66,65,72,70,69,84,75,77,71,73,83,74,80,79,82,79,79,81,76,72,76,82,78,77,79,77,76,66,73,74,77,69,77,69,57,57,51,,,,,,,,,,,,,,,,,,,,,,,,,,,,,,,,,,,,,,,,,,,,,,,,,,,,,,,,,,,,,,,,,,,,,,,,,,,,,,,,,,,,,,,,,,,,,,,,,,,,,,,,,,,,,,,,,,,,,,,,,,,,,,,,,,,,,,,,,,,,,,,,,,,,,,,,,,,,,,,,,,,,,,,,,,,,,,,,,,,,,,,,,,,,,,,,
45,52,54,61,57,62,62,62,64,65,58,65,59,54,56,58,52,56,54,54,49,44,45,45,44,49,43,47,50,47,48,44,45,43,46,44,43,42,49,46,48,43,46,44,44,44,41,46,49,46,49,51,51,49,51,54,60,59,59,55,48,52,57,47,48,,,,,,,,,,,,,,,,,,,,,,,,,,,,,,,,,,,,,,,,,,,,,,,,,,,,,,,,,,,,,,,,,,,,,,,,,,,,,,,,,,,,,,,,,,,,,,,,,,,,,,,,,,,,,,,,,,,,,,,,,,,,,,,,,,,,,,,,,,,,,,,,,,,,,,,,,,,,,,,,,,,,,,,,,,,,,,,,,,,,,,,,,,,,,,,,
46,59,64,68,70,74,81,77,72,74,74,71,76,75,74,76,73,74,73,77,78,82,78,73,74,77,76,79,80,72,76,85,70,74,76,69,79,71,71,76,74,74,73,69,64,66,62,66,69,66,59,60,68,60,61,56,56,61,59,47,46,49,37,40,38,,,,,,,,,,,,,,,,,,,,,,,,,,,,,,,,,,,,,,,,,,,,,,,,,,,,,,,,,,,,,,,,,,,,,,,,,,,,,,,,,,,,,,,,,,,,,,,,,,,,,,,,,,,,,,,,,,,,,,,,,,,,,,,,,,,,,,,,,,,,,,,,,,,,,,,,,,,,,,,,,,,,,,,,,,,,,,,,,,,,,,,,,,,,,,,,
47,39,46,48,50,48,50,52,58,54,50,60,62,66,60,64,62,64,69,65,65,70,64,73,79,82,70,73,70,71,79,76,77,76,83,82,86,83,77,72,68,81,78,76,77,79,76,87,79,83,79,76,75,76,87,78,78,74,68,75,71,69,68,64,58,,,,,,,,,,,,,,,,,,,,,,,,,,,,,,,,,,,,,,,,,,,,,,,,,,,,,,,,,,,,,,,,,,,,,,,,,,,,,,,,,,,,,,,,,,,,,,,,,,,,,,,,,,,,,,,,,,,,,,,,,,,,,,,,,,,,,,,,,,,,,,,,,,,,,,,,,,,,,,,,,,,,,,,,,,,,,,,,,,,,,,,,,,,,,,,,
48,63,73,68,72,74,75,81,70,79,78,82,73,83,73,77,76,76,79,81,77,12,79,76,80,77,71,84,76,82,84,77,82,78,88,95,84,78,70,85,84,83,79,75,74,82,83,78,82,72,77,80,73,70,68,65,71,73,61,61,57,59,58,49,47,,,,,,,,,,,,,,,,,,,,,,,,,,,,,,,,,,,,,,,,,,,,,,,,,,,,,,,,,,,,,,,,,,,,,,,,,,,,,,,,,,,,,,,,,,,,,,,,,,,,,,,,,,,,,,,,,,,,,,,,,,,,,,,,,,,,,,,,,,,,,,,,,,,,,,,,,,,,,,,,,,,,,,,,,,,,,,,,,,,,,,,,,,,,,,,,
49,37,40,43,44,44,42,47,49,54,52,44,43,48,45,47,46,48,48,54,57,58,57,59,64,61,66,70,66,75,65,77,74,73,76,72,73,83,74,79,75,81,77,73,77,72,81,79,75,78,74,80,71,69,81,69,75,75,73,69,69,64,68,62,61,,,,,,,,,,,,,,,,,,,,,,,,,,,,,,,,,,,,,,,,,,,,,,,,,,,,,,,,,,,,,,,,,,,,,,,,,,,,,,,,,,,,,,,,,,,,,,,,,,,,,,,,,,,,,,,,,,,,,,,,,,,,,,,,,,,,,,,,,,,,,,,,,,,,,,,,,,,,,,,,,,,,,,,,,,,,,,,,,,,,,,,,,,,,,,,,
50,52,64,57,65,68,66,73,76,71,61,63,64,60,62,65,65,58,53,54,53,57,55,56,54,47,45,45,43,46,45,46,51,47,44,45,47,44,45,43,49,47,50,47,45,50,45,51,46,43,47,43,45,51,48,48,51,52,48,52,52,53,49,51,42,,,,,,,,,,,,,,,,,,,,,,,,,,,,,,,,,,,,,,,,,,,,,,,,,,,,,,,,,,,,,,,,,,,,,,,,,,,,,,,,,,,,,,,,,,,,,,,,,,,,,,,,,,,,,,,,,,,,,,,,,,,,,,,,,,,,,,,,,,,,,,,,,,,,,,,,,,,,,,,,,,,,,,,,,,,,,,,,,,,,,,,,,,,,,,,,
51,60,64,70,72,70,74,73,73,74,70,73,75,78,74,75,81,80,74,80,84,79,77,74,74,72,70,75,69,77,73,79,74,72,73,71,79,69,77,78,74,75,77,71,68,66,72,67,73,69,67,65,66,60,56,58,57,62,53,51,54,50,52,39,37,,,,,,,,,,,,,,,,,,,,,,,,,,,,,,,,,,,,,,,,,,,,,,,,,,,,,,,,,,,,,,,,,,,,,,,,,,,,,,,,,,,,,,,,,,,,,,,,,,,,,,,,,,,,,,,,,,,,,,,,,,,,,,,,,,,,,,,,,,,,,,,,,,,,,,,,,,,,,,,,,,,,,,,,,,,,,,,,,,,,,,,,,,,,,,,,
52,33,37,38,36,40,41,41,41,44,48,47,46,43,49,43,47,54,54,54,51,57,54,59,66,61,65,71,66,68,73,69,71,72,68,79,73,77,77,66,73,75,76,74,75,81,80,77,80,67,70,68,71,72,72,75,74,66,67,71,66,65,58,60,48,,,,,,,,,,,,,,,,,,,,,,,,,,,,,,,,,,,,,,,,,,,,,,,,,,,,,,,,,,,,,,,,,,,,,,,,,,,,,,,,,,,,,,,,,,,,,,,,,,,,,,,,,,,,,,,,,,,,,,,,,,,,,,,,,,,,,,,,,,,,,,,,,,,,,,,,,,,,,,,,,,,,,,,,,,,,,,,,,,,,,,,,,,,,,,,,
53,54,54,60,64,68,64,60,62,65,63,64,65,62,54,61,58,58,54,63,53,50,53,57,48,48,49,54,48,49,55,51,51,52,48,48,50,54,47,48,53,51,53,53,47,52,48,48,50,57,55,54,55,56,56,59,64,64,59,66,61,57,58,61,50,,,,,,,,,,,,,,,,,,,,,,,,,,,,,,,,,,,,,,,,,,,,,,,,,,,,,,,,,,,,,,,,,,,,,,,,,,,,,,,,,,,,,,,,,,,,,,,,,,,,,,,,,,,,,,,,,,,,,,,,,,,,,,,,,,,,,,,,,,,,,,,,,,,,,,,,,,,,,,,,,,,,,,,,,,,,,,,,,,,,,,,,,,,,,,,,
54,60,56,63,67,69,67,64,67,72,74,73,74,74,70,69,73,69,72,85,72,72,74,70,70,75,66,69,75,65,78,74,80,70,74,78,67,68,64,63,69,67,66,60,66,54,60,57,62,58,57,55,53,56,49,50,48,48,44,43,43,42,41,41,35,,,,,,,,,,,,,,,,,,,,,,,,,,,,,,,,,,,,,,,,,,,,,,,,,,,,,,,,,,,,,,,,,,,,,,,,,,,,,,,,,,,,,,,,,,,,,,,,,,,,,,,,,,,,,,,,,,,,,,,,,,,,,,,,,,,,,,,,,,,,,,,,,,,,,,,,,,,,,,,,,,,,,,,,,,,,,,,,,,,,,,,,,,,,,,,,
55,40,47,40,45,54,52,54,54,54,56,60,59,61,66,60,65,67,68,67,64,62,67,71,72,70,76,77,72,74,81,80,75,77,76,83,76,84,86,79,75,76,77,80,79,79,77,77,74,73,75,84,75,77,72,80,73,69,74,81,73,67,61,60,68,,,,,,,,,,,,,,,,,,,,,,,,,,,,,,,,,,,,,,,,,,,,,,,,,,,,,,,,,,,,,,,,,,,,,,,,,,,,,,,,,,,,,,,,,,,,,,,,,,,,,,,,,,,,,,,,,,,,,,,,,,,,,,,,,,,,,,,,,,,,,,,,,,,,,,,,,,,,,,,,,,,,,,,,,,,,,,,,,,,,,,,,,,,,,,,,
56,50,61,60,60,66,66,69,64,67,64,72,79,71,73,70,68,69,73,67,73,72,65,74,69,71,70,72,76,72,71,69,71,68,72,69,78,70,70,67,66,71,69,67,64,67,64,68,70,66,63,63,63,61,60,57,55,49,54,51,49,45,41,39,37,,,,,,,,,,,,,,,,,,,,,,,,,,,,,,,,,,,,,,,,,,,,,,,,,,,,,,,,,,,,,,,,,,,,,,,,,,,,,,,,,,,,,,,,,,,,,,,,,,,,,,,,,,,,,,,,,,,,,,,,,,,,,,,,,,,,,,,,,,,,,,,,,,,,,,,,,,,,,,,,,,,,,,,,,,,,,,,,,,,,,,,,,,,,,,,,
57,34,37,37,48,42,43,42,44,42,50,48,50,48,47,45,45,46,51,49,51,53,54,60,62,57,61,59,65,64,63,67,65,72,69,67,72,66,71,74,79,75,73,70,73,71,77,70,79,74,87,76,77,74,77,73,71,78,73,68,72,64,63,58,54,,,,,,,,,,,,,,,,,,,,,,,,,,,,,,,,,,,,,,,,,,,,,,,,,,,,,,,,,,,,,,,,,,,,,,,,,,,,,,,,,,,,,,,,,,,,,,,,,,,,,,,,,,,,,,,,,,,,,,,,,,,,,,,,,,,,,,,,,,,,,,,,,,,,,,,,,,,,,,,,,,,,,,,,,,,,,,,,,,,,,,,,,,,,,,,,
58,52,57,62,64,52,59,64,64,66,59,56,58,56,55,57,55,50,48,51,50,55,47,46,51,44,39,40,48,39,39,41,38,46,44,41,41,45,43,43,42,38,40,43,39,48,40,44,40,42,42,43,45,47,50,46,44,48,49,48,44,48,43,45,42,,,,,,,,,,,,,,,,,,,,,,,,,,,,,,,,,,,,,,,,,,,,,,,,,,,,,,,,,,,,,,,,,,,,,,,,,,,,,,,,,,,,,,,,,,,,,,,,,,,,,,,,,,,,,,,,,,,,,,,,,,,,,,,,,,,,,,,,,,,,,,,,,,,,,,,,,,,,,,,,,,,,,,,,,,,,,,,,,,,,,,,,,,,,,,,,
59,56,52,65,62,65,66,71,71,70,69,68,73,70,66,71,69,67,66,69,73,64,71,72,69,73,66,67,68,67,68,62,71,73,64,68,74,68,72,71,66,75,60,62,69,66,64,64,58,60,56,61,61,56,57,46,49,49,52,46,46,45,43,34,36,,,,,,,,,,,,,,,,,,,,,,,,,,,,,,,,,,,,,,,,,,,,,,,,,,,,,,,,,,,,,,,,,,,,,,,,,,,,,,,,,,,,,,,,,,,,,,,,,,,,,,,,,,,,,,,,,,,,,,,,,,,,,,,,,,,,,,,,,,,,,,,,,,,,,,,,,,,,,,,,,,,,,,,,,,,,,,,,,,,,,,,,,,,,,,,,
60,33,33,38,39,37,38,40,44,42,44,43,42,45,45,46,46,56,52,52,52,52,58,56,57,56,64,66,65,57,68,66,68,64,70,73,62,66,70,66,67,64,66,67,67,71,74,71,68,70,69,63,67,64,65,68,68,69,69,68,59,63,54,55,48,,,,,,,,,,,,,,,,,,,,,,,,,,,,,,,,,,,,,,,,,,,,,,,,,,,,,,,,,,,,,,,,,,,,,,,,,,,,,,,,,,,,,,,,,,,,,,,,,,,,,,,,,,,,,,,,,,,,,,,,,,,,,,,,,,,,,,,,,,,,,,,,,,,,,,,,,,,,,,,,,,,,,,,,,,,,,,,,,,,,,,,,,,,,,,,,
61,44,46,48,50,49,49,44,52,44,49,46,44,46,45,44,42,43,43,43,37,34,37,37,34,37,37,35,36,35,36,37,35,35,34,36,37,36,35,34,38,38,35,35,37,37,32,37,40,38,37,38,39,39,45,47,46,47,46,45,48,47,42,42,38,,,,,,,,,,,,,,,,,,,,,,,,,,,,,,,,,,,,,,,,,,,,,,,,,,,,,,,,,,,,,,,,,,,,,,,,,,,,,,,,,,,,,,,,,,,,,,,,,,,,,,,,,,,,,,,,,,,,,,,,,,,,,,,,,,,,,,,,,,,,,,,,,,,,,,,,,,,,,,,,,,,,,,,,,,,,,,,,,,,,,,,,,,,,,,,,
62,51,52,53,55,59,57,62,61,57,55,63,65,68,62,58,61,61,57,57,63,62,64,56,57,54,57,62,58,68,61,58,55,65,56,58,62,57,57,56,51,54,51,56,48,54,54,55,50,45,49,48,43,51,46,45,44,44,41,38,36,35,37,35,32,,,,,,,,,,,,,,,,,,,,,,,,,,,,,,,,,,,,,,,,,,,,,,,,,,,,,,,,,,,,,,,,,,,,,,,,,,,,,,,,,,,,,,,,,,,,,,,,,,,,,,,,,,,,,,,,,,,,,,,,,,,,,,,,,,,,,,,,,,,,,,,,,,,,,,,,,,,,,,,,,,,,,,,,,,,,,,,,,,,,,,,,,,,,,,,,
63,31,36,38,36,44,41,43,42,37,42,45,53,49,53,48,49,51,50,51,55,58,60,57,58,58,61,59,60,56,63,62,65,60,64,59,62,63,65,66,64,62,69,65,64,69,68,59,68,62,64,63,60,54,63,58,57,55,61,55,59,59,55,53,47,,,,,,,,,,,,,,,,,,,,,,,,,,,,,,,,,,,,,,,,,,,,,,,,,,,,,,,,,,,,,,,,,,,,,,,,,,,,,,,,,,,,,,,,,,,,,,,,,,,,,,,,,,,,,,,,,,,,,,,,,,,,,,,,,,,,,,,,,,,,,,,,,,,,,,,,,,,,,,,,,,,,,,,,,,,,,,,,,,,,,,,,,,,,,,,,
,,,,,,,,,,,,,,,,,,,,,,,,,,,,,,,,,,,,,,,,,,,,,,,,,,,,,,,,,,,,,,,,,,,,,,,,,,,,,,,,,,,,,,,,,,,,,,,,,,,,,,,,,,,,,,,,,,,,,,,,,,,,,,,,,,,,,,,,,,,,,,,,,,,,,,,,,,,,,,,,,,,,,,,,,,,,,,,,,,,,,,,,,,,,,,,,,,,,,,,,,,,,,,,,,,,,,,,,,,,,,,,,,,,,,,,,,,,,,,,,,,,,,,,,,,,,,,,,
value,0,1,2,3,4,5,6,7,8,9,10,11,12,13,14,15,16,17,18,19,20,21,22,23,24,25,26,27,28,29,30,31,32,33,34,35,36,37,38,39,40,41,42,43,44,45,46,47,48,49,50,51,52,53,54,55,56,57,58,59,60,61,62,63,64,65,66,67,68,69,70,71,72,73,74,75,76,77,78,79,80,81,82,83,84,85,86,87,88,89,90,91,92,93,94,95,96,97,98,99,100,101,102,103,104,105,106,107,108,109,110,111,112,113,114,115,116,117,118,119,120,121,122,123,124,125,126,127,128,129,130,131,132,133,134,135,136,137,138,139,140,141,142,143,144,145,146,147,148,149,150,151,152,153,154,155,156,157,158,159,160,161,162,163,164,165,166,167,168,169,170,171,172,173,174,175,176,177,178,179,180,181,182,183,184,185,186,187,188,189,190,191,192,193,194,195,196,197,198,199,200,201,202,203,204,205,206,207,208,209,210,211,212,213,214,215,216,217,218,219,220,221,222,223,224,225,226,227,228,229,230,231,232,233,234,235,236,237,238,239,240,241,242,243,244,245,246,247,248,249,250,251,252,253,254,255
count,0,0,0,0,0,0,0,0,0,0,0,0,1,0,0,0,0,0,0,0,0,0,0,0,0,0,0,0,0,1,2,4,7,9,16,21,34,45,34,30,42,38,62,78,70,83,80,94,110,92,86,82,92,60,103,85,68,95,87,84,82,94,85,67,87,82,88,92,99,107,97,98,112,127,138,120,123,105,104,92,78,60,43,49,21,18,5,13,8,2,2,1,1,0,0,1,0,0,0,0,0,0,0,0,0,0,0,0,0,0,0,0,0,0,0,0,0,0,0,0,0,0,0,0,0,0,0,0,0,0,0,0,0,0,0,0,0,0,0,0,0,0,0,0,0,0,0,0,0,0,0,0,0,0,0,0,0,0,0,0,0,0,0,0,0,0,0,0,0,0,0,0,0,0,0,0,0,0,0,0,0,0,0,0,0,0,0,0,0,0,0,0,0,0,0,0,0,0,0,0,0,0,0,0,0,0,0,0,0,0,0,0,0,0,0,0,0,0,0,0,0,0,0,0,0,0,0,0,0,0,0,0,0,0,0,0,0,0,0,0,0,0,0,0,0,0,0,0,0,0,0,0,0,0,0,0
,,,,,,,,,,,,,,,,,,,,,,,,,,,,,,,,,,,,,,,,,,,,,,,,,,,,,,,,,,,,,,,,,,,,,,,,,,,,,,,,,,,,,,,,,,,,,,,,,,,,,,,,,,,,,,,,,,,,,,,,,,,,,,,,,,,,,,,,,,,,,,,,,,,,,,,,,,,,,,,,,,,,,,,,,,,,,,,,,,,,,,,,,,,,,,,,,,,,,,,,,,,,,,,,,,,,,,,,,,,,,,,,,,,,,,,,,,,,,,,,,,,,,,,,,,,,,,,,
8,,,,,,,,,,,,,,,,,,,,,,,,,,,,,,,,,,,,,,,,,,,,,,,,,,,,,,,,,,,,,,,,,,,,,,,,,,,,,,,,,,,,,,,,,,,,,,,,,,,,,,,,,,,,,,,,,,,,,,,,,,,,,,,,,,,,,,,,,,,,,,,,,,,,,,,,,,,,,,,,,,,,,,,,,,,,,,,,,,,,,,,,,,,,,,,,,,,,,,,,,,,,,,,,,,,,,,,,,,,,,,,,,,,,,,,,,,,,,,,,,,,,,,,,,,,,,,,,
,0,1,2,3,4,5,6,7,8,9,10,11,12,13,14,15,16,17,18,19,20,21,22,23,24,25,26,27,28,29,30,31,32,33,34,35,36,37,38,39,40,41,42,43,44,45,46,47,48,49,50,51,52,53,54,55,56,57,58,59,60,61,62,63,61.64086914,,,,,,,,,,,,,,,,,,,,,,,,,,,,,,,,,,,,,,,,,,,,,,,,,,,,,,,,,,,,,,,,,,,,,,,,,,,,,,,,,,,,,,,,,,,,,,,,,,,,,,,,,,,,,,,,,,,,,,,,,,,,,,,,,,,,,,,,,,,,,,,,,,,,,,,,,,,,,,,,,,,,,,,,,,,,,,,,,,,,,,,,,,,,,,,
0,47,49,58,58,60,58,56,53,53,53,56,57,59,61,58,61,58,62,66,54,54,54,58,56,60,57,60,61,56,53,63,61,58,55,57,56,62,60,55,55,59,61,53,57,61,59,53,52,58,50,55,51,48,51,49,48,48,51,45,45,43,42,38,35,,,,,,,,,,,,,,,,,,,,,,,,,,,,,,,,,,,,,,,,,,,,,,,,,,,,,,,,,,,,,,,,,,,,,,,,,,,,,,,,,,,,,,,,,,,,,,,,,,,,,,,,,,,,,,,,,,,,,,,,,,,,,,,,,,,,,,,,,,,,,,,,,,,,,,,,,,,,,,,,,,,,,,,,,,,,,,,,,,,,,,,,,,,,,,,,
1,31,34,33,31,37,39,38,36,36,36,41,36,43,45,34,45,43,35,43,42,44,42,44,45,49,48,53,47,54,55,54,58,52,63,62,55,52,51,58,58,56,55,57,57,63,60,63,56,62,63,58,62,61,60,61,60,54,59,61,55,59,52,50,46,,,,,,,,,,,,,,,,,,,,,,,,,,,,,,,,,,,,,,,,,,,,,,,,,,,,,,,,,,,,,,,,,,,,,,,,,,,,,,,,,,,,,,,,,,,,,,,,,,,,,,,,,,,,,,,,,,,,,,,,,,,,,,,,,,,,,,,,,,,,,,,,,,,,,,,,,,,,,,,,,,,,,,,,,,,,,,,,,,,,,,,,,,,,,,,,
2,52,49,50,58,56,58,54,51,61,54,51,57,52,47,51,51,51,47,46,43,48,46,47,40,37,37,40,41,40,40,39,42,38,38,43,40,38,36,38,37,38,40,38,37,34,45,37,45,39,37,38,35,36,43,38,40,42,44,42,44,41,41,37,35,,,,,,,,,,,,,,,,,,,,,,,,,,,,,,,,,,,,,,,,,,,,,,,,,,,,,,,,,,,,,,,,,,,,,,,,,,,,,,,,,,,,,,,,,,,,,,,,,,,,,,,,,,,,,,,,,,,,,,,,,,,,,,,,,,,,,,,,,,,,,,,,,,,,,,,,,,,,,,,,,,,,,,,,,,,,,,,,,,,,,,,,,,,,,,,,
3,47,54,54,57,60,60,60,66,71,62,62,68,64,65,63,67,65,67,68,57,62,67,62,67,59,65,69,65,62,68,64,64,65,65,62,64,67,65,60,65,61,67,67,59,67,59,58,54,57,55,56,55,51,55,42,44,48,40,43,41,41,38,34,33,,,,,,,,,,,,,,,,,,,,,,,,,,,,,,,,,,,,,,,,,,,,,,,,,,,,,,,,,,,,,,,,,,,,,,,,,,,,,,,,,,,,,,,,,,,,,,,,,,,,,,,,,,,,,,,,,,,,,,,,,,,,,,,,,,,,,,,,,,,,,,,,,,,,,,,,,,,,,,,,,,,,,,,,,,,,,,,,,,,,,,,,,,,,,,,,
4,37,36,41,42,43,45,45,46,42,41,45,49,42,49,52,54,50,57,50,57,56,51,60,60,61,60,66,60,59,61,67,61,72,65,71,67,71,67,68,72,68,67,59,78,77,67,68,73,65,69,62,74,74,69,69,65,62,71,67,62,57,72,51,48,,,,,,,,,,,,,,,,,,,,,,,,,,,,,,,,,,,,,,,,,,,,,,,,,,,,,,,,,,,,,,,,,,,,,,,,,,,,,,,,,,,,,,,,,,,,,,,,,,,,,,,,,,,,,,,,,,,,,,,,,,,,,,,,,,,,,,,,,,,,,,,,,,,,,,,,,,,,,,,,,,,,,,,,,,,,,,,,,,,,,,,,,,,,,,,,
5,42,44,55,54,52,51,53,53,59,59,50,52,44,50,46,51,48,47,43,40,40,41,39,35,38,35,43,36,40,40,38,40,36,36,40,35,36,42,40,38,36,37,40,38,34,38,38,37,42,44,43,44,46,47,49,53,48,49,47,49,55,47,44,41,,,,,,,,,,,,,,,,,,,,,,,,,,,,,,,,,,,,,,,,,,,,,,,,,,,,,,,,,,,,,,,,,,,,,,,,,,,,,,,,,,,,,,,,,,,,,,,,,,,,,,,,,,,,,,,,,,,,,,,,,,,,,,,,,,,,,,,,,,,,,,,,,,,,,,,,,,,,,,,,,,,,,,,,,,,,,,,,,,,,,,,,,,,,,,,,
6,52,56,63,63,68,63,71,74,70,69,70,66,67,70,67,69,73,67,68,73,72,67,63,71,65,69,66,74,65,69,65,66,64,70,62,66,60,57,61,69,65,63,56,61,60,56,58,58,50,54,51,56,62,49,52,56,45,48,41,37,38,34,34,32,,,,,,,,,,,,,,,,,,,,,,,,,,,,,,,,,,,,,,,,,,,,,,,,,,,,,,,,,,,,,,,,,,,,,,,,,,,,,,,,,,,,,,,,,,,,,,,,,,,,,,,,,,,,,,,,,,,,,,,,,,,,,,,,,,,,,,,,,,,,,,,,,,,,,,,,,,,,,,,,,,,,,,,,,,,,,,,,,,,,,,,,,,,,,,,,
7,28,32,32,36,35,38,39,42,47,43,46,53,54,54,52,59,52,59,58,57,57,69,67,67,63,61,69,77,69,68,74,72,76,70,76,71,72,73,83,76,70,82,74,74,70,71,71,72,68,74,82,72,71,79,66,69,68,73,72,65,60,58,48,54,,,,,,,,,,,,,,,,,,,,,,,,,,,,,,,,,,,,,,,,,,,,,,,,,,,,,,,,,,,,,,,,,,,,,,,,,,,,,,,,,,,,,,,,,,,,,,,,,,,,,,,,,,,,,,,,,,,,,,,,,,,,,,,,,,,,,,,,,,,,,,,,,,,,,,,,,,,,,,,,,,,,,,,,,,,,,,,,,,,,,,,,,,,,,,,,
8,59,70,67,73,75,78,77,77,72,77,88,79,71,79,77,75,77,69,71,73,70,74,74,81,78,81,73,81,83,73,81,78,76,82,77,81,77,80,73,74,71,70,82,69,79,74,78,72,69,69,72,67,66,64,62,66,61,63,63,52,52,47,43,43,,,,,,,,,,,,,,,,,,,,,,,,,,,,,,,,,,,,,,,,,,,,,,,,,,,,,,,,,,,,,,,,,,,,,,,,,,,,,,,,,,,,,,,,,,,,,,,,,,,,,,,,,,,,,,,,,,,,,,,,,,,,,,,,,,,,,,,,,,,,,,,,,,,,,,,,,,,,,,,,,,,,,,,,,,,,,,,,,,,,,,,,,,,,,,,,
9,32,35,40,45,39,41,45,44,47,44,44,42,42,46,48,48,51,47,56,50,52,57,57,57,58,62,62,62,61,72,65,78,72,64,70,73,74,75,81,78,83,76,73,87,83,79,70,79,87,73,75,83,77,75,75,72,72,70,69,71,64,64,53,53,,,,,,,,,,,,,,,,,,,,,,,,,,,,,,,,,,,,,,,,,,,,,,,,,,,,,,,,,,,,,,,,,,,,,,,,,,,,,,,,,,,,,,,,,,,,,,,,,,,,,,,,,,,,,,,,,,,,,,,,,,,,,,,,,,,,,,,,,,,,,,,,,,,,,,,,,,,,,,,,,,,,,,,,,,,,,,,,,,,,,,,,,,,,,,,,
10,57,58,63,62,73,71,70,67,69,66,63,64,63,66,62,56,56,55,61,50,54,59,57,50,50,42,49,40,43,49,43,45,42,46,47,45,47,44,49,47,48,44,43,46,45,43,44,46,44,47,48,46,47,46,49,47,49,52,52,54,54,49,51,47,,,,,,,,,,,,,,,,,,,,,,,,,,,,,,,,,,,,,,,,,,,,,,,,,,,,,,,,,,,,,,,,,,,,,,,,,,,,,,,,,,,,,,,,,,,,,,,,,,,,,,,,,,,,,,,,,,,,,,,,,,,,,,,,,,,,,,,,,,,,,,,,,,,,,,,,,,,,,,,,,,,,,,,,,,,,,,,,,,,,,,,,,,,,,,,,
11,59,63,59,61,70,77,75,75,77,67,82,70,73,77,78,77,66,75,74,73,72,83,79,75,76,78,78,80,71,78,76,77,79,76,76,80,84,72,71,75,76,72,67,74,77,72,75,65,68,70,63,69,66,60,57,55,56,53,59,54,49,44,36,36,,,,,,,,,,,,,,,,,,,,,,,,,,,,,,,,,,,,,,,,,,,,,,,,,,,,,,,,,,,,,,,,,,,,,,,,,,,,,,,,,,,,,,,,,,,,,,,,,,,,,,,,,,,,,,,,,,,,,,,,,,,,,,,,,,,,,,,,,,,,,,,,,,,,,,,,,,,,,,,,,,,,,,,,,,,,,,,,,,,,,,,,,,,,,,,,
12,37,42,45,48,54,53,51,53,55,49,55,58,56,59,61,63,65,72,66,70,62,71,65,69,79,80,79,72,77,79,81,80,77,73,89,79,80,87,86,82,77,94,86,84,80,83,87,80,80,90,79,82,71,83,80,79,77,81,81,74,79,71,72,65,,,,,,,,,,,,,,,,,,,,,,,,,,,,,,,,,,,,,,,,,,,,,,,,,,,,,,,,,,,,,,,,,,,,,,,,,,,,,,,,,,,,,,,,,,,,,,,,,,,,,,,,,,,,,,,,,,,,,,,,,,,,,,,,,,,,,,,,,,,,,,,,,,,,,,,,,,,,,,,,,,,,,,,,,,,,,,,,,,,,,,,,,,,,,,,,
13,54,55,53,62,57,55,55,55,59,61,61,56,56,52,51,53,55,55,49,45,46,48,43,46,46,44,45,43,44,47,42,44,49,39,46,45,46,45,45,49,42,44,46,44,44,45,42,47,48,52,46,47,53,52,55,60,58,60,59,59,55,60,49,50,,,,,,,,,,,,,,,,,,,,,,,,,,,,,,,,,,,,,,,,,,,,,,,,,,,,,,,,,,,,,,,,,,,,,,,,,,,,,,,,,,,,,,,,,,,,,,,,,,,,,,,,,,,,,,,,,,,,,,,,,,,,,,,,,,,,,,,,,,,,,,,,,,,,,,,,,,,,,,,,,,,,,,,,,,,,,,,,,,,,,,,,,,,,,,,,
14,53,59,63,72,67,66,77,69,78,73,76,68,74,74,82,77,81,72,72,79,73,78,82,75,73,74,77,79,73,72,71,70,84,72,77,71,74,65,69,62,63,72,58,66,57,62,66,57,57,55,59,51,52,52,50,50,50,44,42,37,39,32,39,31,,,,,,,,,,,,,,,,,,,,,,,,,,,,,,,,,,,,,,,,,,,,,,,,,,,,,,,,,,,,,,,,,,,,,,,,,,,,,,,,,,,,,,,,,,,,,,,,,,,,,,,,,,,,,,,,,,,,,,,,,,,,,,,,,,,,,,,,,,,,,,,,,,,,,,,,,,,,,,,,,,,,,,,,,,,,,,,,,,,,,,,,,,,,,,,,
15,35,38,36,39,41,46,48,50,56,50,48,55,57,58,55,63,64,57,68,68,63,72,70,67,70,65,73,76,75,75,72,77,68,82,76,78,79,80,77,76,79,77,77,85,84,78,78,75,72,80,75,71,76,80,75,71,68,71,69,71,60,62,58,55,,,,,,,,,,,,,,,,,,,,,,,,,,,,,,,,,,,,,,,,,,,,,,,,,,,,,,,,,,,,,,,,,,,,,,,,,,,,,,,,,,,,,,,,,,,,,,,,,,,,,,,,,,,,,,,,,,,,,,,,,,,,,,,,,,,,,,,,,,,,,,,,,,,,,,,,,,,,,,,,,,,,,,,,,,,,,,,,,,,,,,,,,,,,,,,,
16,63,59,63,69,74,78,70,76,77,76,79,78,83,77,76,81,79,80,71,81,78,74,80,78,76,75,80,77,72,78,78,80,74,85,76,76,79,84,73,78,76,71,73,83,75,73,72,70,67,77,70,71,63,64,64,63,63,55,56,53,47,49,40,38,,,,,,,,,,,,,,,,,,,,,,,,,,,,,,,,,,,,,,,,,,,,,,,,,,,,,,,,,,,,,,,,,,,,,,,,,,,,,,,,,,,,,,,,,,,,,,,,,,,,,,,,,,,,,,,,,,,,,,,,,,,,,,,,,,,,,,,,,,,,,,,,,,,,,,,,,,,,,,,,,,,,,,,,,,,,,,,,,,,,,,,,,,,,,,,,
17,40,42,41,51,41,45,51,54,47,53,46,50,55,48,57,54,50,59,59,56,63,69,60,64,64,63,68,69,72,70,79,80,76,77,75,77,83,77,76,75,76,82,84,79,83,83,84,77,82,77,80,78,80,84,77,77,69,79,75,81,75,73,57,56,,,,,,,,,,,,,,,,,,,,,,,,,,,,,,,,,,,,,,,,,,,,,,,,,,,,,,,,,,,,,,,,,,,,,,,,,,,,,,,,,,,,,,,,,,,,,,,,,,,,,,,,,,,,,,,,,,,,,,,,,,,,,,,,,,,,,,,,,,,,,,,,,,,,,,,,,,,,,,,,,,,,,,,,,,,,,,,,,,,,,,,,,,,,,,,,
18,57,62,66,66,70,72,77,64,70,63,63,63,67,64,68,64,52,59,58,59,60,57,59,60,50,53,48,46,54,57,49,53,54,50,46,48,46,49,45,45,51,54,49,48,52,48,53,47,50,54,47,48,57,52,59,54,57,56,52,53,53,50,54,43,,,,,,,,,,,,,,,,,,,,,,,,,,,,,,,,,,,,,,,,,,,,,,,,,,,,,,,,,,,,,,,,,,,,,,,,,,,,,,,,,,,,,,,,,,,,,,,,,,,,,,,,,,,,,,,,,,,,,,,,,,,,,,,,,,,,,,,,,,,,,,,,,,,,,,,,,,,,,,,,,,,,,,,,,,,,,,,,,,,,,,,,,,,,,,,,
19,62,75,73,82,75,84,77,83,84,89,84,77,82,80,86,81,80,80,90,81,88,86,83,87,74,77,78,77,83,85,88,79,83,81,85,74,78,80,77,81,89,84,77,86,81,73,83,77,73,68,79,73,72,74,61,68,71,69,66,65,61,55,46,43,,,,,,,,,,,,,,,,,,,,,,,,,,,,,,,,,,,,,,,,,,,,,,,,,,,,,,,,,,,,,,,,,,,,,,,,,,,,,,,,,,,,,,,,,,,,,,,,,,,,,,,,,,,,,,,,,,,,,,,,,,,,,,,,,,,,,,,,,,,,,,,,,,,,,,,,,,,,,,,,,,,,,,,,,,,,,,,,,,,,,,,,,,,,,,,,
20,36,37,40,38,39,41,47,47,40,47,51,53,50,51,53,53,62,56,59,56,59,61,68,68,69,63,69,70,72,69,68,73,69,76,76,74,70,75,74,85,79,74,80,78,78,74,71,76,77,77,84,74,69,87,80,71,70,74,70,73,62,62,60,55,,,,,,,,,,,,,,,,,,,,,,,,,,,,,,,,,,,,,,,,,,,,,,,,,,,,,,,,,,,,,,,,,,,,,,,,,,,,,,,,,,,,,,,,,,,,,,,,,,,,,,,,,,,,,,,,,,,,,,,,,,,,,,,,,,,,,,,,,,,,,,,,,,,,,,,,,,,,,,,,,,,,,,,,,,,,,,,,,,,,,,,,,,,,,,,,
21,53,55,57,66,63,60,59,60,63,59,61,59,55,57,58,64,51,54,54,52,44,46,45,46,47,42,46,44,45,47,49,47,44,45,45,48,47,48,48,47,46,44,42,43,48,44,45,44,46,47,49,55,52,56,57,61,59,56,54,55,62,61,54,50,,,,,,,,,,,,,,,,,,,,,,,,,,,,,,,,,,,,,,,,,,,,,,,,,,,,,,,,,,,,,,,,,,,,,,,,,,,,,,,,,,,,,,,,,,,,,,,,,,,,,,,,,,,,,,,,,,,,,,,,,,,,,,,,,,,,,,,,,,,,,,,,,,,,,,,,,,,,,,,,,,,,,,,,,,,,,,,,,,,,,,,,,,,,,,,,
22,56,62,64,69,74,71,71,75,73,72,87,84,78,79,72,78,73,83,73,79,83,84,80,73,77,81,75,81,79,82,83,75,74,78,85,82,69,74,72,70,72,71,67,65,62,65,67,63,64,62,57,56,57,54,50,58,48,43,43,48,38,40,38,36,,,,,,,,,,,,,,,,,,,,,,,,,,,,,,,,,,,,,,,,,,,,,,,,,,,,,,,,,,,,,,,,,,,,,,,,,,,,,,,,,,,,,,,,,,,,,,,,,,,,,,,,,,,,,,,,,,,,,,,,,,,,,,,,,,,,,,,,,,,,,,,,,,,,,,,,,,,,,,,,,,,,,,,,,,,,,,,,,,,,,,,,,,,,,,,,
23,32,36,40,36,42,46,42,48,48,51,54,56,51,57,61,60,61,58,62,60,69,72,72,73,66,73,77,79,85,86,73,79,74,79,77,73,85,82,80,77,72,81,79,78,78,77,78,78,80,82,82,73,78,88,87,79,79,77,72,72,66,57,57,56,,,,,,,,,,,,,,,,,,,,,,,,,,,,,,,,,,,,,,,,,,,,,,,,,,,,,,,,,,,,,,,,,,,,,,,,,,,,,,,,,,,,,,,,,,,,,,,,,,,,,,,,,,,,,,,,,,,,,,,,,,,,,,,,,,,,,,,,,,,,,,,,,,,,,,,,,,,,,,,,,,,,,,,,,,,,,,,,,,,,,,,,,,,,,,,,
24,65,64,70,70,74,71,76,75,70,75,80,74,76,79,76,77,77,71,76,72,80,75,75,79,79,85,81,71,72,75,73,83,79,71,77,73,68,80,77,78,70,83,72,73,72,70,76,76,70,67,74,71,77,67,63,60,68,60,57,57,51,52,50,47,,,,,,,,,,,,,,,,,,,,,,,,,,,,,,,,,,,,,,,,,,,,,,,,,,,,,,,,,,,,,,,,,,,,,,,,,,,,,,,,,,,,,,,,,,,,,,,,,,,,,,,,,,,,,,,,,,,,,,,,,,,,,,,,,,,,,,,,,,,,,,,,,,,,,,,,,,,,,,,,,,,,,,,,,,,,,,,,,,,,,,,,,,,,,,,,
25,34,38,35,43,39,43,45,41,41,47,43,42,41,45,52,50,49,49,49,46,50,55,55,56,59,61,59,62,59,63,65,71,65,69,69,71,72,67,75,78,73,73,80,87,76,71,76,74,74,74,71,71,74,71,74,66,75,70,70,70,66,58,57,58,,,,,,,,,,,,,,,,,,,,,,,,,,,,,,,,,,,,,,,,,,,,,,,,,,,,,,,,,,,,,,,,,,,,,,,,,,,,,,,,,,,,,,,,,,,,,,,,,,,,,,,,,,,,,,,,,,,,,,,,,,,,,,,,,,,,,,,,,,,,,,,,,,,,,,,,,,,,,,,,,,,,,,,,,,,,,,,,,,,,,,,,,,,,,,,,
26,55,58,61,66,65,65,65,65,65,68,63,57,62,60,68,57,59,56,58,54,54,59,55,53,49,54,45,51,49,41,43,47,49,48,43,45,51,42,51,45,48,48,49,46,43,49,49,50,48,44,46,52,52,55,49,50,46,51,57,51,54,54,48,51,,,,,,,,,,,,,,,,,,,,,,,,,,,,,,,,,,,,,,,,,,,,,,,,,,,,,,,,,,,,,,,,,,,,,,,,,,,,,,,,,,,,,,,,,,,,,,,,,,,,,,,,,,,,,,,,,,,,,,,,,,,,,,,,,,,,,,,,,,,,,,,,,,,,,,,,,,,,,,,,,,,,,,,,,,,,,,,,,,,,,,,,,,,,,,,,
27,52,60,63,65,71,68,67,77,77,79,72,77,74,75,70,73,77,77,66,72,80,73,69,67,73,83,77,72,71,74,77,74,73,78,83,77,78,78,72,74,72,70,72,70,69,62,67,65,65,65,66,60,63,58,59,53,54,52,48,53,54,43,39,37,,,,,,,,,,,,,,,,,,,,,,,,,,,,,,,,,,,,,,,,,,,,,,,,,,,,,,,,,,,,,,,,,,,,,,,,,,,,,,,,,,,,,,,,,,,,,,,,,,,,,,,,,,,,,,,,,,,,,,,,,,,,,,,,,,,,,,,,,,,,,,,,,,,,,,,,,,,,,,,,,,,,,,,,,,,,,,,,,,,,,,,,,,,,,,,,
28,35,43,39,45,45,44,44,46,46,42,46,47,50,46,53,61,54,58,57,60,56,64,60,61,65,66,72,65,67,68,70,71,71,69,72,71,77,73,76,77,77,70,77,74,73,82,84,74,74,73,73,76,68,74,71,79,78,71,72,70,65,64,54,55,,,,,,,,,,,,,,,,,,,,,,,,,,,,,,,,,,,,,,,,,,,,,,,,,,,,,,,,,,,,,,,,,,,,,,,,,,,,,,,,,,,,,,,,,,,,,,,,,,,,,,,,,,,,,,,,,,,,,,,,,,,,,,,,,,,,,,,,,,,,,,,,,,,,,,,,,,,,,,,,,,,,,,,,,,,,,,,,,,,,,,,,,,,,,,,,
29,53,52,54,62,58,60,53,62,61,60,57,57,53,53,52,53,53,52,54,48,45,44,42,42,47,39,43,47,47,49,48,47,44,43,45,45,46,47,45,44,46,47,42,47,43,46,49,50,51,52,43,47,46,52,55,55,53,56,54,50,55,54,51,46,,,,,,,,,,,,,,,,,,,,,,,,,,,,,,,,,,,,,,,,,,,,,,,,,,,,,,,,,,,,,,,,,,,,,,,,,,,,,,,,,,,,,,,,,,,,,,,,,,,,,,,,,,,,,,,,,,,,,,,,,,,,,,,,,,,,,,,,,,,,,,,,,,,,,,,,,,,,,,,,,,,,,,,,,,,,,,,,,,,,,,,,,,,,,,,,
30,54,59,64,67,72,68,69,70,79,73,75,73,70,76,75,71,74,70,77,68,75,73,84,75,74,78,80,78,78,77,71,77,73,74,74,70,67,74,71,63,70,66,68,62,62,62,63,59,58,57,53,51,56,52,60,52,46,42,45,40,41,39,41,35,,,,,,,,,,,,,,,,,,,,,,,,,,,,,,,,,,,,,,,,,,,,,,,,,,,,,,,,,,,,,,,,,,,,,,,,,,,,,,,,,,,,,,,,,,,,,,,,,,,,,,,,,,,,,,,,,,,,,,,,,,,,,,,,,,,,,,,,,,,,,,,,,,,,,,,,,,,,,,,,,,,,,,,,,,,,,,,,,,,,,,,,,,,,,,,,
31,33,39,37,45,41,46,46,49,43,50,49,60,57,61,59,59,59,65,69,67,68,69,70,74,71,73,68,79,75,74,80,81,81,91,79,78,85,78,80,80,76,78,73,74,74,81,87,81,75,74,75,85,70,77,73,75,67,78,69,61,67,61,57,56,,,,,,,,,,,,,,,,,,,,,,,,,,,,,,,,,,,,,,,,,,,,,,,,,,,,,,,,,,,,,,,,,,,,,,,,,,,,,,,,,,,,,,,,,,,,,,,,,,,,,,,,,,,,,,,,,,,,,,,,,,,,,,,,,,,,,,,,,,,,,,,,,,,,,,,,,,,,,,,,,,,,,,,,,,,,,,,,,,,,,,,,,,,,,,,,
32,65,59,72,71,71,70,79,80,80,77,79,81,78,83,75,72,77,74,82,75,94,77,85,81,83,76,75,71,79,81,80,81,81,78,76,85,84,70,75,76,77,76,79,87,80,79,76,71,69,70,71,69,58,70,69,67,69,70,65,57,52,52,48,49,,,,,,,,,,,,,,,,,,,,,,,,,,,,,,,,,,,,,,,,,,,,,,,,,,,,,,,,,,,,,,,,,,,,,,,,,,,,,,,,,,,,,,,,,,,,,,,,,,,,,,,,,,,,,,,,,,,,,,,,,,,,,,,,,,,,,,,,,,,,,,,,,,,,,,,,,,,,,,,,,,,,,,,,,,,,,,,,,,,,,,,,,,,,,,,,
33,35,36,44,44,42,46,46,47,47,47,46,44,49,51,53,50,48,49,48,52,59,61,55,59,60,61,63,63,68,69,69,71,69,69,70,69,71,73,75,84,78,78,70,81,76,82,76,78,75,83,81,82,85,73,80,71,78,72,71,81,63,64,58,55,,,,,,,,,,,,,,,,,,,,,,,,,,,,,,,,,,,,,,,,,,,,,,,,,,,,,,,,,,,,,,,,,,,,,,,,,,,,,,,,,,,,,,,,,,,,,,,,,,,,,,,,,,,,,,,,,,,,,,,,,,,,,,,,,,,,,,,,,,,,,,,,,,,,,,,,,,,,,,,,,,,,,,,,,,,,,,,,,,,,,,,,,,,,,,,,
34,59,57,65,64,64,69,76,69,74,69,67,66,66,72,69,63,63,62,64,59,56,52,58,58,48,50,47,49,48,49,49,51,51,51,47,49,50,48,53,50,49,51,56,53,49,53,54,51,48,48,48,47,50,53,54,50,53,52,54,60,56,53,48,54,,,,,,,,,,,,,,,,,,,,,,,,,,,,,,,,,,,,,,,,,,,,,,,,,,,,,,,,,,,,,,,,,,,,,,,,,,,,,,,,,,,,,,,,,,,,,,,,,,,,,,,,,,,,,,,,,,,,,,,,,,,,,,,,,,,,,,,,,,,,,,,,,,,,,,,,,,,,,,,,,,,,,,,,,,,,,,,,,,,,,,,,,,,,,,,,
35,59,62,67,66,72,72,74,78,72,83,81,75,77,77,74,84,81,72,77,79,76,70,77,73,81,75,75,84,74,80,80,83,74,81,81,78,79,83,76,74,73,73,76,71,71,73,73,64,64,63,64,64,69,61,58,55,54,57,56,53,50,46,42,40,,,,,,,,,,,,,,,,,,,,,,,,,,,,,,,,,,,,,,,,,,,,,,,,,,,,,,,,,,,,,,,,,,,,,,,,,,,,,,,,,,,,,,,,,,,,,,,,,,,,,,,,,,,,,,,,,,,,,,,,,,,,,,,,,,,,,,,,,,,,,,,,,,,,,,,,,,,,,,,,,,,,,,,,,,,,,,,,,,,,,,,,,,,,,,,,
36,37,45,46,41,47,46,47,49,46,45,48,51,47,49,55,56,55,65,61,63,64,62,70,62,71,66,74,67,77,72,75,70,71,72,83,71,74,78,80,81,86,85,81,83,72,79,75,82,73,79,76,84,77,73,75,74,79,73,75,68,62,59,56,56,,,,,,,,,,,,,,,,,,,,,,,,,,,,,,,,,,,,,,,,,,,,,,,,,,,,,,,,,,,,,,,,,,,,,,,,,,,,,,,,,,,,,,,,,,,,,,,,,,,,,,,,,,,,,,,,,,,,,,,,,,,,,,,,,,,,,,,,,,,,,,,,,,,,,,,,,,,,,,,,,,,,,,,,,,,,,,,,,,,,,,,,,,,,,,,,
37,58,64,55,67,64,64,65,65,62,66,64,58,58,62,64,51,58,54,59,49,51,48,46,49,50,51,51,50,48,46,50,50,48,45,51,46,45,50,53,53,47,47,47,49,47,54,42,55,52,53,50,50,55,52,64,62,59,56,65,55,62,56,49,50,,,,,,,,,,,,,,,,,,,,,,,,,,,,,,,,,,,,,,,,,,,,,,,,,,,,,,,,,,,,,,,,,,,,,,,,,,,,,,,,,,,,,,,,,,,,,,,,,,,,,,,,,,,,,,,,,,,,,,,,,,,,,,,,,,,,,,,,,,,,,,,,,,,,,,,,,,,,,,,,,,,,,,,,,,,,,,,,,,,,,,,,,,,,,,,,
38,51,63,62,66,69,66,65,78,74,82,81,75,77,76,74,78,78,81,69,85,75,81,77,80,75,74,73,77,80,79,79,78,78,78,67,79,75,73,70,73,77,71,65,66,67,64,66,70,60,53,58,55,55,57,54,50,48,46,39,37,40,41,38,33,,,,,,,,,,,,,,,,,,,,,,,,,,,,,,,,,,,,,,,,,,,,,,,,,,,,,,,,,,,,,,,,,,,,,,,,,,,,,,,,,,,,,,,,,,,,,,,,,,,,,,,,,,,,,,,,,,,,,,,,,,,,,,,,,,,,,,,,,,,,,,,,,,,,,,,,,,,,,,,,,,,,,,,,,,,,,,,,,,,,,,,,,,,,,,,,
39,39,39,44,45,40,48,44,54,47,55,50,58,59,66,61,65,60,68,68,60,67,72,76,69,76,75,73,80,80,83,81,81,81,79,77,74,77,76,85,78,85,73,77,87,78,75,76,78,81,74,74,66,78,79,72,76,74,75,78,70,69,65,57,54,,,,,,,,,,,,,,,,,,,,,,,,,,,,,,,,,,,,,,,,,,,,,,,,,,,,,,,,,,,,,,,,,,,,,,,,,,,,,,,,,,,,,,,,,,,,,,,,,,,,,,,,,,,,,,,,,,,,,,,,,,,,,,,,,,,,,,,,,,,,,,,,,,,,,,,,,,,,,,,,,,,,,,,,,,,,,,,,,,,,,,,,,,,,,,,,
40,61,67,68,66,74,80,69,72,69,75,76,78,74,69,72,74,76,79,75,80,75,76,76,80,78,83,70,83,75,78,75,81,71,71,80,78,74,71,71,76,71,71,71,79,79,76,70,69,66,65,71,70,65,63,59,60,63,53,55,58,54,49,48,46,,,,,,,,,,,,,,,,,,,,,,,,,,,,,,,,,,,,,,,,,,,,,,,,,,,,,,,,,,,,,,,,,,,,,,,,,,,,,,,,,,,,,,,,,,,,,,,,,,,,,,,,,,,,,,,,,,,,,,,,,,,,,,,,,,,,,,,,,,,,,,,,,,,,,,,,,,,,,,,,,,,,,,,,,,,,,,,,,,,,,,,,,,,,,,,,
41,34,36,37,36,39,39,45,48,46,42,46,43,45,46,51,50,54,46,49,45,51,54,58,54,51,57,58,60,66,70,67,68,71,65,74,64,69,70,77,76,79,78,83,80,76,78,74,69,79,76,72,70,68,78,83,77,78,68,71,69,67,59,55,51,,,,,,,,,,,,,,,,,,,,,,,,,,,,,,,,,,,,,,,,,,,,,,,,,,,,,,,,,,,,,,,,,,,,,,,,,,,,,,,,,,,,,,,,,,,,,,,,,,,,,,,,,,,,,,,,,,,,,,,,,,,,,,,,,,,,,,,,,,,,,,,,,,,,,,,,,,,,,,,,,,,,,,,,,,,,,,,,,,,,,,,,,,,,,,,,
42,55,58,64,65,67,67,66,72,80,63,65,63,64,66,61,71,61,56,59,61,60,56,57,53,48,59,47,48,49,55,44,53,46,49,53,48,55,55,49,52,44,55,43,50,47,53,46,49,48,46,51,49,46,56,51,55,53,51,53,53,54,55,47,55,,,,,,,,,,,,,,,,,,,,,,,,,,,,,,,,,,,,,,,,,,,,,,,,,,,,,,,,,,,,,,,,,,,,,,,,,,,,,,,,,,,,,,,,,,,,,,,,,,,,,,,,,,,,,,,,,,,,,,,,,,,,,,,,,,,,,,,,,,,,,,,,,,,,,,,,,,,,,,,,,,,,,,,,,,,,,,,,,,,,,,,,,,,,,,,,
43,55,62,70,73,68,72,74,79,71,73,69,70,79,78,71,85,75,79,73,80,82,81,77,80,81,79,84,83,68,77,78,78,75,74,87,86,78,79,80,71,76,78,67,66,72,72,74,72,64,64,63,65,66,64,57,60,59,52,54,51,49,44,40,38,,,,,,,,,,,,,,,,,,,,,,,,,,,,,,,,,,,,,,,,,,,,,,,,,,,,,,,,,,,,,,,,,,,,,,,,,,,,,,,,,,,,,,,,,,,,,,,,,,,,,,,,,,,,,,,,,,,,,,,,,,,,,,,,,,,,,,,,,,,,,,,,,,,,,,,,,,,,,,,,,,,,,,,,,,,,,,,,,,,,,,,,,,,,,,,,
44,34,36,42,39,42,39,41,42,40,41,46,47,50,48,52,55,58,56,56,55,59,61,62,61,64,66,75,70,70,74,67,71,79,71,74,68,77,83,76,82,89,81,77,77,84,72,76,75,84,78,79,77,73,78,74,71,79,82,67,76,66,55,58,51,,,,,,,,,,,,,,,,,,,,,,,,,,,,,,,,,,,,,,,,,,,,,,,,,,,,,,,,,,,,,,,,,,,,,,,,,,,,,,,,,,,,,,,,,,,,,,,,,,,,,,,,,,,,,,,,,,,,,,,,,,,,,,,,,,,,,,,,,,,,,,,,,,,,,,,,,,,,,,,,,,,,,,,,,,,,,,,,,,,,,,,,,,,,,,,,
45,57,55,59,56,60,55,61,62,65,60,56,57,56,55,59,53,55,55,55,48,46,42,41,47,47,42,48,52,45,43,44,46,41,48,44,42,44,45,47,49,41,43,44,46,43,43,45,46,46,50,51,49,47,53,55,60,58,55,56,49,54,58,50,47,,,,,,,,,,,,,,,,,,,,,,,,,,,,,,,,,,,,,,,,,,,,,,,,,,,,,,,,,,,,,,,,,,,,,,,,,,,,,,,,,,,,,,,,,,,,,,,,,,,,,,,,,,,,,,,,,,,,,,,,,,,,,,,,,,,,,,,,,,,,,,,,,,,,,,,,,,,,,,,,,,,,,,,,,,,,,,,,,,,,,,,,,,,,,,,,
46,58,66,64,69,76,77,74,75,70,74,70,72,75,78,79,70,81,73,75,77,80,77,74,76,80,77,78,74,78,76,85,69,82,74,74,82,75,68,76,69,70,75,69,67,72,61,68,71,64,62,57,67,62,62,56,55,60,56,48,49,48,37,42,40,,,,,,,,,,,,,,,,,,,,,,,,,,,,,,,,,,,,,,,,,,,,,,,,,,,,,,,,,,,,,,,,,,,,,,,,,,,,,,,,,,,,,,,,,,,,,,,,,,,,,,,,,,,,,,,,,,,,,,,,,,,,,,,,,,,,,,,,,,,,,,,,,,,,,,,,,,,,,,,,,,,,,,,,,,,,,,,,,,,,,,,,,,,,,,,,
47,37,43,46,53,48,49,51,58,52,50,61,61,66,60,64,65,69,74,65,65,63,67,73,75,79,68,73,70,74,78,76,75,76,83,82,88,82,80,75,73,81,82,71,76,75,77,87,81,80,76,75,78,78,85,80,82,75,69,76,70,70,63,63,61,,,,,,,,,,,,,,,,,,,,,,,,,,,,,,,,,,,,,,,,,,,,,,,,,,,,,,,,,,,,,,,,,,,,,,,,,,,,,,,,,,,,,,,,,,,,,,,,,,,,,,,,,,,,,,,,,,,,,,,,,,,,,,,,,,,,,,,,,,,,,,,,,,,,,,,,,,,,,,,,,,,,,,,,,,,,,,,,,,,,,,,,,,,,,,,,
48,63,75,68,71,73,70,79,70,79,75,84,74,81,73,74,75,75,74,82,77,84,79,77,81,78,69,86,77,85,85,85,82,81,90,93,87,81,72,80,79,82,75,77,75,82,81,75,82,71,76,78,71,67,67,69,68,70,62,65,58,56,54,47,43,,,,,,,,,,,,,,,,,,,,,,,,,,,,,,,,,,,,,,,,,,,,,,,,,,,,,,,,,,,,,,,,,,,,,,,,,,,,,,,,,,,,,,,,,,,,,,,,,,,,,,,,,,,,,,,,,,,,,,,,,,,,,,,,,,,,,,,,,,,,,,,,,,,,,,,,,,,,,,,,,,,,,,,,,,,,,,,,,,,,,,,,,,,,,,,,
49,38,41,40,43,44,44,49,49,51,48,43,44,47,48,47,49,48,47,56,57,56,56,57,64,61,65,69,65,71,63,79,75,77,73,78,75,76,78,80,76,79,77,76,76,76,82,77,73,78,80,82,71,73,80,73,74,74,77,69,64,65,65,63,61,,,,,,,,,,,,,,,,,,,,,,,,,,,,,,,,,,,,,,,,,,,,,,,,,,,,,,,,,,,,,,,,,,,,,,,,,,,,,,,,,,,,,,,,,,,,,,,,,,,,,,,,,,,,,,,,,,,,,,,,,,,,,,,,,,,,,,,,,,,,,,,,,,,,,,,,,,,,,,,,,,,,,,,,,,,,,,,,,,,,,,,,,,,,,,,,
50,51,61,56,66,65,68,69,76,68,61,59,64,57,60,63,60,58,53,56,54,58,56,51,50,46,44,44,43,49,43,46,49,45,44,45,45,47,44,42,51,48,48,46,41,47,44,47,45,44,49,41,45,51,48,44,50,50,48,52,53,50,51,50,42,,,,,,,,,,,,,,,,,,,,,,,,,,,,,,,,,,,,,,,,,,,,,,,,,,,,,,,,,,,,,,,,,,,,,,,,,,,,,,,,,,,,,,,,,,,,,,,,,,,,,,,,,,,,,,,,,,,,,,,,,,,,,,,,,,,,,,,,,,,,,,,,,,,,,,,,,,,,,,,,,,,,,,,,,,,,,,,,,,,,,,,,,,,,,,,,
51,61,63,69,70,66,76,65,72,76,66,72,77,78,79,75,78,79,73,87,86,81,77,74,76,73,76,73,73,75,73,76,69,73,76,70,76,67,77,79,74,76,73,71,72,72,71,71,71,68,68,62,65,59,54,57,58,60,53,50,53,51,48,42,39,,,,,,,,,,,,,,,,,,,,,,,,,,,,,,,,,,,,,,,,,,,,,,,,,,,,,,,,,,,,,,,,,,,,,,,,,,,,,,,,,,,,,,,,,,,,,,,,,,,,,,,,,,,,,,,,,,,,,,,,,,,,,,,,,,,,,,,,,,,,,,,,,,,,,,,,,,,,,,,,,,,,,,,,,,,,,,,,,,,,,,,,,,,,,,,,
52,35,36,43,38,41,38,42,43,42,47,45,50,44,48,44,48,59,57,57,52,60,56,61,62,60,68,70,67,67,69,66,69,74,68,72,68,75,73,68,70,75,75,71,76,80,77,75,79,64,68,74,73,75,77,76,72,71,67,73,66,60,59,56,46,,,,,,,,,,,,,,,,,,,,,,,,,,,,,,,,,,,,,,,,,,,,,,,,,,,,,,,,,,,,,,,,,,,,,,,,,,,,,,,,,,,,,,,,,,,,,,,,,,,,,,,,,,,,,,,,,,,,,,,,,,,,,,,,,,,,,,,,,,,,,,,,,,,,,,,,,,,,,,,,,,,,,,,,,,,,,,,,,,,,,,,,,,,,,,,,
53,52,52,63,61,71,64,61,61,67,65,61,65,64,57,62,59,58,53,60,53,50,53,52,49,47,46,52,45,53,55,49,47,53,50,48,51,55,46,53,54,54,51,50,49,53,49,47,51,56,56,53,55,53,58,59,65,62,61,68,62,59,58,59,50,,,,,,,,,,,,,,,,,,,,,,,,,,,,,,,,,,,,,,,,,,,,,,,,,,,,,,,,,,,,,,,,,,,,,,,,,,,,,,,,,,,,,,,,,,,,,,,,,,,,,,,,,,,,,,,,,,,,,,,,,,,,,,,,,,,,,,,,,,,,,,,,,,,,,,,,,,,,,,,,,,,,,,,,,,,,,,,,,,,,,,,,,,,,,,,,
54,59,58,62,67,66,66,68,66,74,71,74,74,75,73,69,70,72,73,83,74,71,68,75,74,74,68,68,75,65,80,74,79,75,75,78,67,65,63,61,66,67,68,65,65,58,60,63,64,57,60,56,52,56,51,49,47,46,43,43,45,44,40,40,34,,,,,,,,,,,,,,,,,,,,,,,,,,,,,,,,,,,,,,,,,,,,,,,,,,,,,,,,,,,,,,,,,,,,,,,,,,,,,,,,,,,,,,,,,,,,,,,,,,,,,,,,,,,,,,,,,,,,,,,,,,,,,,,,,,,,,,,,,,,,,,,,,,,,,,,,,,,,,,,,,,,,,,,,,,,,,,,,,,,,,,,,,,,,,,,,
55,43,46,42,47,52,55,50,54,51,55,57,60,61,65,60,65,70,76,65,65,63,68,72,70,68,77,74,68,80,83,79,77,75,76,80,77,81,90,81,75,72,77,77,75,75,76,79,73,70,76,84,74,78,74,72,71,71,77,84,70,62,59,62,68,,,,,,,,,,,,,,,,,,,,,,,,,,,,,,,,,,,,,,,,,,,,,,,,,,,,,,,,,,,,,,,,,,,,,,,,,,,,,,,,,,,,,,,,,,,,,,,,,,,,,,,,,,,,,,,,,,,,,,,,,,,,,,,,,,,,,,,,,,,,,,,,,,,,,,,,,,,,,,,,,,,,,,,,,,,,,,,,,,,,,,,,,,,,,,,,
56,48,60,60,62,67,69,65,65,67,66,74,73,69,70,71,66,69,75,66,76,73,67,81,72,74,69,71,71,71,68,74,69,66,72,70,73,71,76,69,65,71,72,71,68,74,66,63,67,63,61,66,58,60,55,54,57,50,54,56,48,45,40,40,36,,,,,,,,,,,,,,,,,,,,,,,,,,,,,,,,,,,,,,,,,,,,,,,,,,,,,,,,,,,,,,,,,,,,,,,,,,,,,,,,,,,,,,,,,,,,,,,,,,,,,,,,,,,,,,,,,,,,,,,,,,,,,,,,,,,,,,,,,,,,,,,,,,,,,,,,,,,,,,,,,,,,,,,,,,,,,,,,,,,,,,,,,,,,,,,,
57,33,39,38,43,42,41,45,46,44,46,45,47,48,46,47,48,44,50,48,50,52,54,58,64,58,64,61,63,64,65,68,66,71,66,67,70,66,72,71,75,73,73,71,72,70,78,68,78,74,81,76,78,73,79,74,67,71,70,64,73,65,59,59,53,,,,,,,,,,,,,,,,,,,,,,,,,,,,,,,,,,,,,,,,,,,,,,,,,,,,,,,,,,,,,,,,,,,,,,,,,,,,,,,,,,,,,,,,,,,,,,,,,,,,,,,,,,,,,,,,,,,,,,,,,,,,,,,,,,,,,,,,,,,,,,,,,,,,,,,,,,,,,,,,,,,,,,,,,,,,,,,,,,,,,,,,,,,,,,,,
58,54,55,61,62,54,59,63,64,67,60,55,57,55,58,57,57,54,49,52,47,50,52,50,47,43,41,38,45,42,39,41,39,46,43,44,38,46,45,42,41,37,42,45,42,48,41,42,39,41,43,43,46,46,48,44,44,50,51,47,47,52,44,46,42,,,,,,,,,,,,,,,,,,,,,,,,,,,,,,,,,,,,,,,,,,,,,,,,,,,,,,,,,,,,,,,,,,,,,,,,,,,,,,,,,,,,,,,,,,,,,,,,,,,,,,,,,,,,,,,,,,,,,,,,,,,,,,,,,,,,,,,,,,,,,,,,,,,,,,,,,,,,,,,,,,,,,,,,,,,,,,,,,,,,,,,,,,,,,,,,
59,52,53,63,64,67,66,65,63,74,71,66,75,71,69,70,65,67,70,66,73,66,70,74,66,74,68,68,65,69,69,65,70,68,67,71,70,65,66,71,70,74,60,64,62,69,63,63,60,59,57,58,58,57,57,51,49,50,50,51,48,46,42,36,34,,,,,,,,,,,,,,,,,,,,,,,,,,,,,,,,,,,,,,,,,,,,,,,,,,,,,,,,,,,,,,,,,,,,,,,,,,,,,,,,,,,,,,,,,,,,,,,,,,,,,,,,,,,,,,,,,,,,,,,,,,,,,,,,,,,,,,,,,,,,,,,,,,,,,,,,,,,,,,,,,,,,,,,,,,,,,,,,,,,,,,,,,,,,,,,,
60,33,34,38,38,36,39,38,41,42,43,45,42,43,46,49,49,55,53,55,52,54,56,58,57,60,63,65,65,61,65,66,69,63,68,71,64,69,68,68,67,68,70,71,67,71,73,72,69,74,74,61,69,63,65,64,64,71,66,67,62,63,56,53,45,,,,,,,,,,,,,,,,,,,,,,,,,,,,,,,,,,,,,,,,,,,,,,,,,,,,,,,,,,,,,,,,,,,,,,,,,,,,,,,,,,,,,,,,,,,,,,,,,,,,,,,,,,,,,,,,,,,,,,,,,,,,,,,,,,,,,,,,,,,,,,,,,,,,,,,,,,,,,,,,,,,,,,,,,,,,,,,,,,,,,,,,,,,,,,,,
61,43,41,47,49,50,46,45,49,50,48,45,43,46,45,42,43,44,43,43,38,34,35,35,35,38,37,35,37,36,35,37,37,35,38,36,38,37,35,36,34,37,37,34,37,35,33,36,40,39,37,36,38,41,46,46,45,44,48,43,45,49,43,41,38,,,,,,,,,,,,,,,,,,,,,,,,,,,,,,,,,,,,,,,,,,,,,,,,,,,,,,,,,,,,,,,,,,,,,,,,,,,,,,,,,,,,,,,,,,,,,,,,,,,,,,,,,,,,,,,,,,,,,,,,,,,,,,,,,,,,,,,,,,,,,,,,,,,,,,,,,,,,,,,,,,,,,,,,,,,,,,,,,,,,,,,,,,,,,,,,
62,52,52,51,56,59,56,58,60,58,57,63,62,67,61,54,58,59,56,55,64,59,60,55,60,57,60,62,54,70,63,56,59,61,54,59,61,56,59,56,54,51,53,61,47,53,52,56,48,47,50,47,43,49,45,46,42,42,40,39,37,38,34,35,33,,,,,,,,,,,,,,,,,,,,,,,,,,,,,,,,,,,,,,,,,,,,,,,,,,,,,,,,,,,,,,,,,,,,,,,,,,,,,,,,,,,,,,,,,,,,,,,,,,,,,,,,,,,,,,,,,,,,,,,,,,,,,,,,,,,,,,,,,,,,,,,,,,,,,,,,,,,,,,,,,,,,,,,,,,,,,,,,,,,,,,,,,,,,,,,,
63,36,37,38,39,41,39,42,39,38,47,50,50,49,57,49,49,53,55,53,62,58,60,55,59,58,63,62,60,58,60,61,61,58,68,58,61,63,65,67,65,64,69,64,62,70,65,60,69,64,67,66,61,53,63,58,59,58,60,62,60,61,55,58,49,,,,,,,,,,,,,,,,,,,,,,,,,,,,,,,,,,,,,,,,,,,,,,,,,,,,,,,,,,,,,,,,,,,,,,,,,,,,,,,,,,,,,,,,,,,,,,,,,,,,,,,,,,,,,,,,,,,,,,,,,,,,,,,,,,,,,,,,,,,,,,,,,,,,,,,,,,,,,,,,,,,,,,,,,,,,,,,,,,,,,,,,,,,,,,,,
,,,,,,,,,,,,,,,,,,,,,,,,,,,,,,,,,,,,,,,,,,,,,,,,,,,,,,,,,,,,,,,,,,,,,,,,,,,,,,,,,,,,,,,,,,,,,,,,,,,,,,,,,,,,,,,,,,,,,,,,,,,,,,,,,,,,,,,,,,,,,,,,,,,,,,,,,,,,,,,,,,,,,,,,,,,,,,,,,,,,,,,,,,,,,,,,,,,,,,,,,,,,,,,,,,,,,,,,,,,,,,,,,,,,,,,,,,,,,,,,,,,,,,,,,,,,,,,,
value,0,1,2,3,4,5,6,7,8,9,10,11,12,13,14,15,16,17,18,19,20,21,22,23,24,25,26,27,28,29,30,31,32,33,34,35,36,37,38,39,40,41,42,43,44,45,46,47,48,49,50,51,52,53,54,55,56,57,58,59,60,61,62,63,64,65,66,67,68,69,70,71,72,73,74,75,76,77,78,79,80,81,82,83,84,85,86,87,88,89,90,91,92,93,94,95,96,97,98,99,100,101,102,103,104,105,106,107,108,109,110,111,112,113,114,115,116,117,118,119,120,121,122,123,124,125,126,127,128,129,130,131,132,133,134,135,136,137,138,139,140,141,142,143,144,145,146,147,148,149,150,151,152,153,154,155,156,157,158,159,160,161,162,163,164,165,166,167,168,169,170,171,172,173,174,175,176,177,178,179,180,181,182,183,184,185,186,187,188,189,190,191,192,193,194,195,196,197,198,199,200,201,202,203,204,205,206,207,208,209,210,211,212,213,214,215,216,217,218,219,220,221,222,223,224,225,226,227,228,229,230,231,232,233,234,235,236,237,238,239,240,241,242,243,244,245,246,247,248,249,250,251,252,253,254,255
count,0,0,0,0,0,0,0,0,0,0,0,0,0,0,0,0,0,0,0,0,0,0,0,0,0,0,0,0,1,0,0,3,6,8,17,24,34,34,45,35,38,45,66,71,70,77,98,96,93,93,84,79,71,88,85,97,84,86,86,89,84,83,80,87,72,99,80,88,83,104,110,126,103,112,130,114,104,125,102,90,72,65,41,43,29,24,10,16,5,4,4,1,0,1,2,0,0,0,0,0,0,0,0,0,0,0,0,0,0,0,0,0,0,0,0,0,0,0,0,0,0,0,0,0,0,0,0,0,0,0,0,0,0,0,0,0,0,0,0,0,0,0,0,0,0,0,0,0,0,0,0,0,0,0,0,0,0,0,0,0,0,0,0,0,0,0,0,0,0,0,0,0,0,0,0,0,0,0,0,0,0,0,0,0,0,0,0,0,0,0,0,0,0,0,0,0,0,0,0,0,0,0,0,0,0,0,0,0,0,0,0,0,0,0,0,0,0,0,0,0,0,0,0,0,0,0,0,0,0,0,0,0,0,0,0,0,0,0,0,0,0,0,0,0,0,0,0,0,0,0,0,0,0,0,0,0
,,,,,,,,,,,,,,,,,,,,,,,,,,,,,,,,,,,,,,,,,,,,,,,,,,,,,,,,,,,,,,,,,,,,,,,,,,,,,,,,,,,,,,,,,,,,,,,,,,,,,,,,,,,,,,,,,,,,,,,,,,,,,,,,,,,,,,,,,,,,,,,,,,,,,,,,,,,,,,,,,,,,,,,,,,,,,,,,,,,,,,,,,,,,,,,,,,,,,,,,,,,,,,,,,,,,,,,,,,,,,,,,,,,,,,,,,,,,,,,,,,,,,,,,,,,,,,,,
9,,,,,,,,,,,,,,,,,,,,,,,,,,,,,,,,,,,,,,,,,,,,,,,,,,,,,,,,,,,,,,,,,,,,,,,,,,,,,,,,,,,,,,,,,,,,,,,,,,,,,,,,,,,,,,,,,,,,,,,,,,,,,,,,,,,,,,,,,,,,,,,,,,,,,,,,,,,,,,,,,,,,,,,,,,,,,,,,,,,,,,,,,,,,,,,,,,,,,,,,,,,,,,,,,,,,,,,,,,,,,,,,,,,,,,,,,,,,,,,,,,,,,,,,,,,,,,,,
,0,1,2,3,4,5,6,7,8,9,10,11,12,13,14,15,16,17,18,19,20,21,22,23,24,25,26,27,28,29,30,31,32,33,34,35,36,37,38,39,40,41,42,43,44,45,46,47,48,49,50,51,52,53,54,55,56,57,58,59,60,61,62,63,61.62475586,,,,,,,,,,,,,,,,,,,,,,,,,,,,,,,,,,,,,,,,,,,,,,,,,,,,,,,,,,,,,,,,,,,,,,,,,,,,,,,,,,,,,,,,,,,,,,,,,,,,,,,,,,,,,,,,,,,,,,,,,,,,,,,,,,,,,,,,,,,,,,,,,,,,,,,,,,,,,,,,,,,,,,,,,,,,,,,,,,,,,,,,,,,,,,,
0,45,46,62,57,60,55,56,53,50,55,59,57,58,58,59,57,58,62,63,53,56,54,59,54,61,57,60,64,55,50,62,60,58,56,56,54,56,57,56,58,61,59,52,54,60,55,53,49,57,51,54,52,48,49,52,49,47,50,45,43,41,40,38,32,,,,,,,,,,,,,,,,,,,,,,,,,,,,,,,,,,,,,,,,,,,,,,,,,,,,,,,,,,,,,,,,,,,,,,,,,,,,,,,,,,,,,,,,,,,,,,,,,,,,,,,,,,,,,,,,,,,,,,,,,,,,,,,,,,,,,,,,,,,,,,,,,,,,,,,,,,,,,,,,,,,,,,,,,,,,,,,,,,,,,,,,,,,,,,,,
1,31,34,35,32,38,40,38,32,36,37,40,35,39,44,34,42,43,37,41,41,44,41,46,46,46,46,51,48,53,55,53,55,52,60,61,54,52,55,60,58,56,53,58,58,63,60,63,56,58,62,58,62,61,61,59,62,53,61,56,58,57,54,49,45,,,,,,,,,,,,,,,,,,,,,,,,,,,,,,,,,,,,,,,,,,,,,,,,,,,,,,,,,,,,,,,,,,,,,,,,,,,,,,,,,,,,,,,,,,,,,,,,,,,,,,,,,,,,,,,,,,,,,,,,,,,,,,,,,,,,,,,,,,,,,,,,,,,,,,,,,,,,,,,,,,,,,,,,,,,,,,,,,,,,,,,,,,,,,,,,
2,52,52,53,60,57,58,55,52,61,55,54,55,54,49,51,54,47,45,47,41,47,45,45,43,36,37,38,43,42,38,39,40,37,38,40,40,38,38,38,35,39,39,39,38,36,43,38,44,38,38,37,37,34,45,40,38,44,40,39,44,40,39,40,34,,,,,,,,,,,,,,,,,,,,,,,,,,,,,,,,,,,,,,,,,,,,,,,,,,,,,,,,,,,,,,,,,,,,,,,,,,,,,,,,,,,,,,,,,,,,,,,,,,,,,,,,,,,,,,,,,,,,,,,,,,,,,,,,,,,,,,,,,,,,,,,,,,,,,,,,,,,,,,,,,,,,,,,,,,,,,,,,,,,,,,,,,,,,,,,,
3,50,54,60,60,59,57,61,66,71,61,65,68,63,65,64,68,61,67,64,57,63,66,62,66,58,62,69,65,66,70,64,62,66,62,64,59,69,65,63,65,58,68,67,60,61,58,57,54,59,53,55,51,54,53,45,43,49,40,45,45,45,36,31,30,,,,,,,,,,,,,,,,,,,,,,,,,,,,,,,,,,,,,,,,,,,,,,,,,,,,,,,,,,,,,,,,,,,,,,,,,,,,,,,,,,,,,,,,,,,,,,,,,,,,,,,,,,,,,,,,,,,,,,,,,,,,,,,,,,,,,,,,,,,,,,,,,,,,,,,,,,,,,,,,,,,,,,,,,,,,,,,,,,,,,,,,,,,,,,,,
4,35,36,40,41,42,40,45,50,42,40,45,49,46,48,50,52,54,56,49,57,57,52,60,60,62,60,66,61,62,62,67,59,67,72,72,72,71,72,67,74,67,68,60,76,77,66,66,73,69,66,60,72,73,70,64,60,63,68,68,62,56,69,53,49,,,,,,,,,,,,,,,,,,,,,,,,,,,,,,,,,,,,,,,,,,,,,,,,,,,,,,,,,,,,,,,,,,,,,,,,,,,,,,,,,,,,,,,,,,,,,,,,,,,,,,,,,,,,,,,,,,,,,,,,,,,,,,,,,,,,,,,,,,,,,,,,,,,,,,,,,,,,,,,,,,,,,,,,,,,,,,,,,,,,,,,,,,,,,,,,
5,42,48,54,51,52,52,53,52,57,56,50,52,46,49,43,53,48,46,44,39,37,39,37,34,41,32,41,36,37,38,40,37,40,36,36,36,37,41,39,41,36,41,40,38,37,36,41,37,44,42,46,45,48,48,53,51,51,51,48,52,54,47,42,42,,,,,,,,,,,,,,,,,,,,,,,,,,,,,,,,,,,,,,,,,,,,,,,,,,,,,,,,,,,,,,,,,,,,,,,,,,,,,,,,,,,,,,,,,,,,,,,,,,,,,,,,,,,,,,,,,,,,,,,,,,,,,,,,,,,,,,,,,,,,,,,,,,,,,,,,,,,,,,,,,,,,,,,,,,,,,,,,,,,,,,,,,,,,,,,,
6,51,55,65,62,72,69,74,72,65,70,68,66,71,68,68,72,69,67,70,73,71,68,65,71,67,72,65,74,63,72,67,65,67,73,67,68,60,60,63,67,69,63,56,57,60,56,56,59,53,54,52,58,63,51,54,52,45,47,42,37,43,34,35,32,,,,,,,,,,,,,,,,,,,,,,,,,,,,,,,,,,,,,,,,,,,,,,,,,,,,,,,,,,,,,,,,,,,,,,,,,,,,,,,,,,,,,,,,,,,,,,,,,,,,,,,,,,,,,,,,,,,,,,,,,,,,,,,,,,,,,,,,,,,,,,,,,,,,,,,,,,,,,,,,,,,,,,,,,,,,,,,,,,,,,,,,,,,,,,,,
7,29,34,31,37,33,41,42,44,47,45,50,50,54,54,52,59,53,65,57,66,62,69,64,65,66,61,73,74,69,66,71,73,78,72,77,70,78,76,84,79,68,82,74,76,69,70,68,71,68,76,79,76,68,76,63,72,68,68,74,63,60,56,50,51,,,,,,,,,,,,,,,,,,,,,,,,,,,,,,,,,,,,,,,,,,,,,,,,,,,,,,,,,,,,,,,,,,,,,,,,,,,,,,,,,,,,,,,,,,,,,,,,,,,,,,,,,,,,,,,,,,,,,,,,,,,,,,,,,,,,,,,,,,,,,,,,,,,,,,,,,,,,,,,,,,,,,,,,,,,,,,,,,,,,,,,,,,,,,,,,
8,63,67,67,72,77,77,79,80,77,77,85,77,68,77,77,75,74,74,72,77,77,75,76,79,75,83,70,81,83,76,79,77,78,84,74,74,76,80,74,79,71,76,78,68,82,74,79,70,65,70,71,67,68,63,66,66,61,65,63,48,51,48,44,45,,,,,,,,,,,,,,,,,,,,,,,,,,,,,,,,,,,,,,,,,,,,,,,,,,,,,,,,,,,,,,,,,,,,,,,,,,,,,,,,,,,,,,,,,,,,,,,,,,,,,,,,,,,,,,,,,,,,,,,,,,,,,,,,,,,,,,,,,,,,,,,,,,,,,,,,,,,,,,,,,,,,,,,,,,,,,,,,,,,,,,,,,,,,,,,,
9,35,34,41,46,45,44,44,43,45,46,43,44,40,45,47,44,52,48,54,50,54,57,58,58,59,63,66,58,60,70,63,76,69,66,66,70,73,77,80,81,77,76,75,86,79,77,70,74,81,74,76,81,85,75,74,67,73,73,67,70,63,64,56,54,,,,,,,,,,,,,,,,,,,,,,,,,,,,,,,,,,,,,,,,,,,,,,,,,,,,,,,,,,,,,,,,,,,,,,,,,,,,,,,,,,,,,,,,,,,,,,,,,,,,,,,,,,,,,,,,,,,,,,,,,,,,,,,,,,,,,,,,,,,,,,,,,,,,,,,,,,,,,,,,,,,,,,,,,,,,,,,,,,,,,,,,,,,,,,,,
10,60,61,62,63,68,68,72,65,68,62,61,64,62,66,62,61,56,55,59,54,52,59,57,52,48,43,45,45,42,49,44,45,43,45,45,48,46,47,46,46,46,42,44,46,43,44,38,51,44,44,45,44,48,45,51,45,47,49,53,50,53,51,52,47,,,,,,,,,,,,,,,,,,,,,,,,,,,,,,,,,,,,,,,,,,,,,,,,,,,,,,,,,,,,,,,,,,,,,,,,,,,,,,,,,,,,,,,,,,,,,,,,,,,,,,,,,,,,,,,,,,,,,,,,,,,,,,,,,,,,,,,,,,,,,,,,,,,,,,,,,,,,,,,,,,,,,,,,,,,,,,,,,,,,,,,,,,,,,,,,
11,58,66,60,62,71,75,71,73,79,66,79,77,73,76,77,76,67,71,71,74,77,83,81,73,73,76,78,78,72,78,76,75,76,77,71,81,80,72,72,76,73,74,71,80,74,67,71,66,69,67,60,64,64,59,54,54,53,51,64,57,51,45,38,34,,,,,,,,,,,,,,,,,,,,,,,,,,,,,,,,,,,,,,,,,,,,,,,,,,,,,,,,,,,,,,,,,,,,,,,,,,,,,,,,,,,,,,,,,,,,,,,,,,,,,,,,,,,,,,,,,,,,,,,,,,,,,,,,,,,,,,,,,,,,,,,,,,,,,,,,,,,,,,,,,,,,,,,,,,,,,,,,,,,,,,,,,,,,,,,,
12,39,43,44,53,54,50,52,56,57,49,55,59,58,59,59,60,67,72,64,73,64,71,65,66,79,82,78,77,77,75,84,78,81,75,88,81,79,86,90,82,75,93,85,85,79,83,87,86,82,84,80,81,72,80,79,81,80,81,77,72,77,73,71,66,,,,,,,,,,,,,,,,,,,,,,,,,,,,,,,,,,,,,,,,,,,,,,,,,,,,,,,,,,,,,,,,,,,,,,,,,,,,,,,,,,,,,,,,,,,,,,,,,,,,,,,,,,,,,,,,,,,,,,,,,,,,,,,,,,,,,,,,,,,,,,,,,,,,,,,,,,,,,,,,,,,,,,,,,,,,,,,,,,,,,,,,,,,,,,,,
13,54,59,54,58,59,57,55,59,57,63,60,54,56,52,48,56,56,56,49,44,48,47,40,44,44,44,46,44,42,43,42,48,48,41,46,42,43,48,45,47,41,45,45,44,48,47,45,49,47,50,46,50,53,54,57,59,56,61,62,57,58,57,48,52,,,,,,,,,,,,,,,,,,,,,,,,,,,,,,,,,,,,,,,,,,,,,,,,,,,,,,,,,,,,,,,,,,,,,,,,,,,,,,,,,,,,,,,,,,,,,,,,,,,,,,,,,,,,,,,,,,,,,,,,,,,,,,,,,,,,,,,,,,,,,,,,,,,,,,,,,,,,,,,,,,,,,,,,,,,,,,,,,,,,,,,,,,,,,,,,
14,53,63,65,71,67,66,74,72,79,77,72,70,73,72,82,76,84,74,75,78,75,75,83,70,68,76,79,81,77,72,74,71,83,72,73,73,72,66,68,63,69,70,56,67,59,66,66,59,59,53,63,54,58,53,49,50,48,45,41,37,41,34,36,33,,,,,,,,,,,,,,,,,,,,,,,,,,,,,,,,,,,,,,,,,,,,,,,,,,,,,,,,,,,,,,,,,,,,,,,,,,,,,,,,,,,,,,,,,,,,,,,,,,,,,,,,,,,,,,,,,,,,,,,,,,,,,,,,,,,,,,,,,,,,,,,,,,,,,,,,,,,,,,,,,,,,,,,,,,,,,,,,,,,,,,,,,,,,,,,,
15,34,37,36,39,45,44,49,48,54,49,50,60,56,61,58,64,62,60,69,70,65,76,69,67,70,66,74,71,77,77,74,71,70,85,74,77,75,81,84,74,76,81,75,85,80,78,70,73,72,77,78,69,75,81,71,71,73,71,67,73,60,59,59,54,,,,,,,,,,,,,,,,,,,,,,,,,,,,,,,,,,,,,,,,,,,,,,,,,,,,,,,,,,,,,,,,,,,,,,,,,,,,,,,,,,,,,,,,,,,,,,,,,,,,,,,,,,,,,,,,,,,,,,,,,,,,,,,,,,,,,,,,,,,,,,,,,,,,,,,,,,,,,,,,,,,,,,,,,,,,,,,,,,,,,,,,,,,,,,,,
16,58,60,61,69,71,76,68,72,72,76,78,78,79,83,75,84,78,76,71,77,74,78,90,83,67,77,78,77,75,75,76,78,72,82,72,78,82,85,74,76,81,69,74,81,74,76,73,70,65,73,68,75,64,65,68,62,60,57,57,48,47,49,42,38,,,,,,,,,,,,,,,,,,,,,,,,,,,,,,,,,,,,,,,,,,,,,,,,,,,,,,,,,,,,,,,,,,,,,,,,,,,,,,,,,,,,,,,,,,,,,,,,,,,,,,,,,,,,,,,,,,,,,,,,,,,,,,,,,,,,,,,,,,,,,,,,,,,,,,,,,,,,,,,,,,,,,,,,,,,,,,,,,,,,,,,,,,,,,,,,
17,36,42,41,48,43,46,46,54,50,54,48,53,55,48,55,55,52,55,59,55,62,68,66,63,63,63,67,71,73,73,80,83,75,75,78,76,85,79,75,75,73,83,83,79,83,78,79,77,79,77,86,75,79,86,76,77,70,82,75,75,69,74,57,57,,,,,,,,,,,,,,,,,,,,,,,,,,,,,,,,,,,,,,,,,,,,,,,,,,,,,,,,,,,,,,,,,,,,,,,,,,,,,,,,,,,,,,,,,,,,,,,,,,,,,,,,,,,,,,,,,,,,,,,,,,,,,,,,,,,,,,,,,,,,,,,,,,,,,,,,,,,,,,,,,,,,,,,,,,,,,,,,,,,,,,,,,,,,,,,,
18,58,64,70,65,69,68,73,72,69,64,68,66,67,69,72,68,53,58,59,60,58,57,58,61,50,52,50,49,53,54,52,54,50,52,45,47,46,47,47,47,54,50,47,48,51,50,53,48,47,53,47,49,60,50,60,54,55,57,54,54,51,48,54,41,,,,,,,,,,,,,,,,,,,,,,,,,,,,,,,,,,,,,,,,,,,,,,,,,,,,,,,,,,,,,,,,,,,,,,,,,,,,,,,,,,,,,,,,,,,,,,,,,,,,,,,,,,,,,,,,,,,,,,,,,,,,,,,,,,,,,,,,,,,,,,,,,,,,,,,,,,,,,,,,,,,,,,,,,,,,,,,,,,,,,,,,,,,,,,,,
19,62,78,73,86,80,84,75,80,78,89,86,81,78,83,87,81,79,84,84,80,93,85,85,87,78,77,75,74,85,81,85,78,85,79,81,78,77,81,78,85,91,79,81,89,80,73,81,80,70,70,74,72,75,74,61,66,71,67,64,64,63,58,47,43,,,,,,,,,,,,,,,,,,,,,,,,,,,,,,,,,,,,,,,,,,,,,,,,,,,,,,,,,,,,,,,,,,,,,,,,,,,,,,,,,,,,,,,,,,,,,,,,,,,,,,,,,,,,,,,,,,,,,,,,,,,,,,,,,,,,,,,,,,,,,,,,,,,,,,,,,,,,,,,,,,,,,,,,,,,,,,,,,,,,,,,,,,,,,,,,
20,33,38,41,37,43,39,47,48,44,47,52,51,53,52,52,55,63,55,59,55,57,63,65,70,67,63,65,77,69,67,68,68,72,73,74,75,69,76,74,81,78,80,78,76,84,73,70,74,77,74,80,81,69,82,73,71,72,73,72,72,64,60,60,56,,,,,,,,,,,,,,,,,,,,,,,,,,,,,,,,,,,,,,,,,,,,,,,,,,,,,,,,,,,,,,,,,,,,,,,,,,,,,,,,,,,,,,,,,,,,,,,,,,,,,,,,,,,,,,,,,,,,,,,,,,,,,,,,,,,,,,,,,,,,,,,,,,,,,,,,,,,,,,,,,,,,,,,,,,,,,,,,,,,,,,,,,,,,,,,,
21,51,57,55,66,60,62,57,59,60,58,62,60,58,56,56,67,53,51,56,50,42,48,42,45,48,41,47,43,46,46,45,47,45,46,49,48,44,49,48,45,44,46,44,43,47,44,46,44,49,46,49,53,56,54,58,63,64,56,53,57,65,63,54,48,,,,,,,,,,,,,,,,,,,,,,,,,,,,,,,,,,,,,,,,,,,,,,,,,,,,,,,,,,,,,,,,,,,,,,,,,,,,,,,,,,,,,,,,,,,,,,,,,,,,,,,,,,,,,,,,,,,,,,,,,,,,,,,,,,,,,,,,,,,,,,,,,,,,,,,,,,,,,,,,,,,,,,,,,,,,,,,,,,,,,,,,,,,,,,,,
22,58,60,63,70,72,69,72,71,74,78,85,81,75,75,74,76,75,83,69,78,82,81,79,69,84,83,74,81,78,86,83,80,77,74,81,80,72,73,72,69,74,71,65,64,67,62,69,62,62,62,56,58,57,51,54,60,50,39,42,49,37,35,35,33,,,,,,,,,,,,,,,,,,,,,,,,,,,,,,,,,,,,,,,,,,,,,,,,,,,,,,,,,,,,,,,,,,,,,,,,,,,,,,,,,,,,,,,,,,,,,,,,,,,,,,,,,,,,,,,,,,,,,,,,,,,,,,,,,,,,,,,,,,,,,,,,,,,,,,,,,,,,,,,,,,,,,,,,,,,,,,,,,,,,,,,,,,,,,,,,
23,33,35,37,39,41,47,44,47,50,48,54,57,54,58,59,61,60,56,61,60,76,72,76,72,74,70,80,80,81,81,78,82,72,79,79,75,81,76,79,73,71,80,82,76,78,76,79,80,74,77,76,72,74,85,86,86,75,76,70,70,65,59,58,58,,,,,,,,,,,,,,,,,,,,,,,,,,,,,,,,,,,,,,,,,,,,,,,,,,,,,,,,,,,,,,,,,,,,,,,,,,,,,,,,,,,,,,,,,,,,,,,,,,,,,,,,,,,,,,,,,,,,,,,,,,,,,,,,,,,,,,,,,,,,,,,,,,,,,,,,,,,,,,,,,,,,,,,,,,,,,,,,,,,,,,,,,,,,,,,,
24,65,66,74,69,74,71,77,76,69,75,77,69,76,79,78,83,75,74,77,73,81,78,78,78,77,80,77,73,73,75,73,77,75,77,76,73,67,77,77,77,72,86,75,71,74,71,78,74,72,69,73,67,75,66,64,62,68,63,61,56,53,53,56,49,,,,,,,,,,,,,,,,,,,,,,,,,,,,,,,,,,,,,,,,,,,,,,,,,,,,,,,,,,,,,,,,,,,,,,,,,,,,,,,,,,,,,,,,,,,,,,,,,,,,,,,,,,,,,,,,,,,,,,,,,,,,,,,,,,,,,,,,,,,,,,,,,,,,,,,,,,,,,,,,,,,,,,,,,,,,,,,,,,,,,,,,,,,,,,,,
25,34,37,33,41,41,40,42,43,42,49,43,43,44,41,47,50,49,52,49,50,53,55,58,59,56,58,58,63,56,63,68,72,67,69,69,67,72,68,76,76,78,70,80,85,75,67,79,72,78,76,77,75,75,69,72,72,74,70,67,69,62,56,58,58,,,,,,,,,,,,,,,,,,,,,,,,,,,,,,,,,,,,,,,,,,,,,,,,,,,,,,,,,,,,,,,,,,,,,,,,,,,,,,,,,,,,,,,,,,,,,,,,,,,,,,,,,,,,,,,,,,,,,,,,,,,,,,,,,,,,,,,,,,,,,,,,,,,,,,,,,,,,,,,,,,,,,,,,,,,,,,,,,,,,,,,,,,,,,,,,
26,56,64,65,66,64,63,66,69,66,66,62,59,63,63,70,57,57,58,57,54,52,57,53,53,45,52,45,48,46,41,46,46,48,47,44,46,50,46,48,48,49,46,48,46,44,50,48,48,47,44,45,53,51,54,49,50,45,48,55,52,57,52,48,45,,,,,,,,,,,,,,,,,,,,,,,,,,,,,,,,,,,,,,,,,,,,,,,,,,,,,,,,,,,,,,,,,,,,,,,,,,,,,,,,,,,,,,,,,,,,,,,,,,,,,,,,,,,,,,,,,,,,,,,,,,,,,,,,,,,,,,,,,,,,,,,,,,,,,,,,,,,,,,,,,,,,,,,,,,,,,,,,,,,,,,,,,,,,,,,,
27,53,60,65,64,68,68,65,78,77,79,69,80,72,71,70,73,77,72,67,72,79,73,72,69,75,78,75,72,72,75,73,75,80,73,85,78,81,72,76,77,77,69,71,69,67,61,66,63,62,62,62,59,61,61,57,54,53,50,49,55,55,40,35,36,,,,,,,,,,,,,,,,,,,,,,,,,,,,,,,,,,,,,,,,,,,,,,,,,,,,,,,,,,,,,,,,,,,,,,,,,,,,,,,,,,,,,,,,,,,,,,,,,,,,,,,,,,,,,,,,,,,,,,,,,,,,,,,,,,,,,,,,,,,,,,,,,,,,,,,,,,,,,,,,,,,,,,,,,,,,,,,,,,,,,,,,,,,,,,,,
28,35,42,37,43,47,40,44,47,46,41,44,48,51,49,54,61,56,61,57,59,59,63,58,61,64,64,69,68,65,73,71,71,70,72,71,78,76,77,74,79,77,72,79,72,70,83,83,74,74,71,72,80,65,70,68,78,77,68,69,69,69,63,56,59,,,,,,,,,,,,,,,,,,,,,,,,,,,,,,,,,,,,,,,,,,,,,,,,,,,,,,,,,,,,,,,,,,,,,,,,,,,,,,,,,,,,,,,,,,,,,,,,,,,,,,,,,,,,,,,,,,,,,,,,,,,,,,,,,,,,,,,,,,,,,,,,,,,,,,,,,,,,,,,,,,,,,,,,,,,,,,,,,,,,,,,,,,,,,,,,
29,53,51,56,62,56,60,55,64,61,65,57,57,56,54,52,54,54,53,53,44,43,42,39,41,48,39,43,45,41,45,46,47,43,40,46,46,46,45,47,48,46,44,40,46,46,45,48,45,50,55,46,49,50,50,57,61,55,53,56,49,57,53,51,48,,,,,,,,,,,,,,,,,,,,,,,,,,,,,,,,,,,,,,,,,,,,,,,,,,,,,,,,,,,,,,,,,,,,,,,,,,,,,,,,,,,,,,,,,,,,,,,,,,,,,,,,,,,,,,,,,,,,,,,,,,,,,,,,,,,,,,,,,,,,,,,,,,,,,,,,,,,,,,,,,,,,,,,,,,,,,,,,,,,,,,,,,,,,,,,,
30,55,58,69,61,72,66,67,71,77,72,80,75,70,75,80,72,73,68,77,73,74,77,83,74,78,78,78,80,80,77,73,76,68,76,69,73,69,72,70,68,66,68,63,62,66,63,63,58,62,56,54,53,56,50,59,53,48,41,42,41,40,35,40,36,,,,,,,,,,,,,,,,,,,,,,,,,,,,,,,,,,,,,,,,,,,,,,,,,,,,,,,,,,,,,,,,,,,,,,,,,,,,,,,,,,,,,,,,,,,,,,,,,,,,,,,,,,,,,,,,,,,,,,,,,,,,,,,,,,,,,,,,,,,,,,,,,,,,,,,,,,,,,,,,,,,,,,,,,,,,,,,,,,,,,,,,,,,,,,,,
31,35,36,36,44,42,39,49,48,47,51,51,54,53,61,60,62,59,64,67,67,71,73,71,73,71,74,68,75,70,77,79,79,76,88,79,81,80,71,77,78,79,75,72,75,70,75,80,84,75,77,80,82,68,75,72,71,66,76,70,64,61,62,56,56,,,,,,,,,,,,,,,,,,,,,,,,,,,,,,,,,,,,,,,,,,,,,,,,,,,,,,,,,,,,,,,,,,,,,,,,,,,,,,,,,,,,,,,,,,,,,,,,,,,,,,,,,,,,,,,,,,,,,,,,,,,,,,,,,,,,,,,,,,,,,,,,,,,,,,,,,,,,,,,,,,,,,,,,,,,,,,,,,,,,,,,,,,,,,,,,
32,65,59,69,71,75,71,76,82,78,81,83,79,77,82,79,68,76,75,80,76,92,73,85,82,80,75,77,76,76,81,80,82,83,77,80,83,82,75,75,75,76,76,77,84,76,78,75,71,69,72,72,69,57,68,70,66,73,70,66,59,49,51,47,48,,,,,,,,,,,,,,,,,,,,,,,,,,,,,,,,,,,,,,,,,,,,,,,,,,,,,,,,,,,,,,,,,,,,,,,,,,,,,,,,,,,,,,,,,,,,,,,,,,,,,,,,,,,,,,,,,,,,,,,,,,,,,,,,,,,,,,,,,,,,,,,,,,,,,,,,,,,,,,,,,,,,,,,,,,,,,,,,,,,,,,,,,,,,,,,,
33,35,35,42,41,43,44,45,47,45,45,47,45,44,48,52,51,48,50,48,53,60,61,56,58,62,63,63,64,66,69,67,66,70,70,70,72,72,75,75,81,80,78,75,82,79,83,74,82,76,79,79,79,78,75,78,75,79,72,67,78,63,68,59,54,,,,,,,,,,,,,,,,,,,,,,,,,,,,,,,,,,,,,,,,,,,,,,,,,,,,,,,,,,,,,,,,,,,,,,,,,,,,,,,,,,,,,,,,,,,,,,,,,,,,,,,,,,,,,,,,,,,,,,,,,,,,,,,,,,,,,,,,,,,,,,,,,,,,,,,,,,,,,,,,,,,,,,,,,,,,,,,,,,,,,,,,,,,,,,,,
34,61,57,69,62,66,66,73,73,73,71,66,69,67,73,66,63,62,59,67,59,55,53,58,57,48,50,44,49,51,51,49,48,50,50,48,48,50,52,54,50,48,52,55,52,47,52,50,51,49,50,47,48,50,56,54,50,53,49,55,60,56,50,47,55,,,,,,,,,,,,,,,,,,,,,,,,,,,,,,,,,,,,,,,,,,,,,,,,,,,,,,,,,,,,,,,,,,,,,,,,,,,,,,,,,,,,,,,,,,,,,,,,,,,,,,,,,,,,,,,,,,,,,,,,,,,,,,,,,,,,,,,,,,,,,,,,,,,,,,,,,,,,,,,,,,,,,,,,,,,,,,,,,,,,,,,,,,,,,,,,
35,59,61,67,66,70,73,74,75,69,82,78,77,76,76,70,82,77,74,77,83,74,70,76,76,84,75,80,88,80,83,84,84,78,82,87,78,79,86,73,72,71,69,77,71,70,74,66,65,61,64,62,65,67,62,59,55,51,56,57,55,52,46,40,35,,,,,,,,,,,,,,,,,,,,,,,,,,,,,,,,,,,,,,,,,,,,,,,,,,,,,,,,,,,,,,,,,,,,,,,,,,,,,,,,,,,,,,,,,,,,,,,,,,,,,,,,,,,,,,,,,,,,,,,,,,,,,,,,,,,,,,,,,,,,,,,,,,,,,,,,,,,,,,,,,,,,,,,,,,,,,,,,,,,,,,,,,,,,,,,,
36,39,44,45,42,45,46,48,48,49,45,49,52,53,51,57,57,52,66,61,64,63,64,71,65,72,66,71,72,77,69,77,71,70,75,80,76,76,74,76,84,84,85,81,82,72,77,73,82,72,76,74,82,76,77,77,74,78,75,76,67,63,60,57,54,,,,,,,,,,,,,,,,,,,,,,,,,,,,,,,,,,,,,,,,,,,,,,,,,,,,,,,,,,,,,,,,,,,,,,,,,,,,,,,,,,,,,,,,,,,,,,,,,,,,,,,,,,,,,,,,,,,,,,,,,,,,,,,,,,,,,,,,,,,,,,,,,,,,,,,,,,,,,,,,,,,,,,,,,,,,,,,,,,,,,,,,,,,,,,,,
37,58,60,59,66,63,62,61,63,63,70,65,59,54,59,64,55,56,55,60,47,51,48,47,49,51,51,48,56,47,50,49,49,51,42,51,48,45,47,51,51,48,48,46,51,47,52,45,49,53,52,51,51,53,54,66,61,62,55,65,56,62,56,50,51,,,,,,,,,,,,,,,,,,,,,,,,,,,,,,,,,,,,,,,,,,,,,,,,,,,,,,,,,,,,,,,,,,,,,,,,,,,,,,,,,,,,,,,,,,,,,,,,,,,,,,,,,,,,,,,,,,,,,,,,,,,,,,,,,,,,,,,,,,,,,,,,,,,,,,,,,,,,,,,,,,,,,,,,,,,,,,,,,,,,,,,,,,,,,,,,
38,53,59,64,65,70,74,68,75,71,82,82,76,72,75,72,78,80,77,72,82,72,75,82,79,75,78,72,82,81,74,79,81,79,78,70,83,77,70,72,73,70,70,63,65,65,63,67,69,61,53,64,53,52,59,54,48,47,43,38,35,41,41,36,35,,,,,,,,,,,,,,,,,,,,,,,,,,,,,,,,,,,,,,,,,,,,,,,,,,,,,,,,,,,,,,,,,,,,,,,,,,,,,,,,,,,,,,,,,,,,,,,,,,,,,,,,,,,,,,,,,,,,,,,,,,,,,,,,,,,,,,,,,,,,,,,,,,,,,,,,,,,,,,,,,,,,,,,,,,,,,,,,,,,,,,,,,,,,,,,,
39,38,38,40,45,44,50,46,54,51,50,52,60,57,66,60,64,61,67,69,60,66,73,74,71,78,77,78,77,82,80,80,79,80,80,81,77,75,75,84,77,84,74,76,87,74,75,81,72,88,70,75,73,77,79,76,75,72,72,75,74,67,69,58,57,,,,,,,,,,,,,,,,,,,,,,,,,,,,,,,,,,,,,,,,,,,,,,,,,,,,,,,,,,,,,,,,,,,,,,,,,,,,,,,,,,,,,,,,,,,,,,,,,,,,,,,,,,,,,,,,,,,,,,,,,,,,,,,,,,,,,,,,,,,,,,,,,,,,,,,,,,,,,,,,,,,,,,,,,,,,,,,,,,,,,,,,,,,,,,,,
40,60,69,71,65,71,80,69,75,71,78,77,76,73,70,69,76,77,78,76,82,75,78,74,78,76,78,72,85,78,78,76,81,73,73,76,77,75,72,75,77,75,72,70,76,79,72,73,71,71,66,69,70,62,65,61,58,65,55,55,53,53,48,42,49,,,,,,,,,,,,,,,,,,,,,,,,,,,,,,,,,,,,,,,,,,,,,,,,,,,,,,,,,,,,,,,,,,,,,,,,,,,,,,,,,,,,,,,,,,,,,,,,,,,,,,,,,,,,,,,,,,,,,,,,,,,,,,,,,,,,,,,,,,,,,,,,,,,,,,,,,,,,,,,,,,,,,,,,,,,,,,,,,,,,,,,,,,,,,,,,
41,32,35,39,36,39,40,43,49,47,45,44,40,43,45,50,49,52,44,47,47,48,57,61,56,51,59,58,58,63,69,66,68,72,68,70,67,67,73,80,75,75,76,75,81,77,79,77,70,76,79,75,72,71,78,81,81,77,74,69,72,65,57,55,49,,,,,,,,,,,,,,,,,,,,,,,,,,,,,,,,,,,,,,,,,,,,,,,,,,,,,,,,,,,,,,,,,,,,,,,,,,,,,,,,,,,,,,,,,,,,,,,,,,,,,,,,,,,,,,,,,,,,,,,,,,,,,,,,,,,,,,,,,,,,,,,,,,,,,,,,,,,,,,,,,,,,,,,,,,,,,,,,,,,,,,,,,,,,,,,,
42,54,58,65,67,62,69,71,75,74,63,68,60,67,70,62,71,63,58,60,60,60,56,56,56,49,59,45,47,49,54,46,52,48,52,56,50,54,56,52,54,46,53,42,52,46,51,49,50,49,48,51,51,50,55,50,58,52,49,55,53,54,53,51,55,,,,,,,,,,,,,,,,,,,,,,,,,,,,,,,,,,,,,,,,,,,,,,,,,,,,,,,,,,,,,,,,,,,,,,,,,,,,,,,,,,,,,,,,,,,,,,,,,,,,,,,,,,,,,,,,,,,,,,,,,,,,,,,,,,,,,,,,,,,,,,,,,,,,,,,,,,,,,,,,,,,,,,,,,,,,,,,,,,,,,,,,,,,,,,,,
43,55,66,69,70,71,69,79,76,71,75,70,77,83,76,75,85,78,78,74,76,80,80,77,80,79,82,84,82,72,79,76,79,78,74,85,82,75,80,86,74,76,72,68,63,73,75,72,71,66,62,63,63,70,66,58,59,57,56,56,53,54,45,41,35,,,,,,,,,,,,,,,,,,,,,,,,,,,,,,,,,,,,,,,,,,,,,,,,,,,,,,,,,,,,,,,,,,,,,,,,,,,,,,,,,,,,,,,,,,,,,,,,,,,,,,,,,,,,,,,,,,,,,,,,,,,,,,,,,,,,,,,,,,,,,,,,,,,,,,,,,,,,,,,,,,,,,,,,,,,,,,,,,,,,,,,,,,,,,,,,
44,31,35,41,39,41,36,41,42,42,41,49,47,49,46,49,55,58,53,56,56,59,59,61,64,63,59,77,71,67,73,69,75,83,79,77,66,78,80,75,79,85,81,79,81,79,73,74,74,80,80,84,75,79,75,70,70,78,75,72,70,69,52,57,54,,,,,,,,,,,,,,,,,,,,,,,,,,,,,,,,,,,,,,,,,,,,,,,,,,,,,,,,,,,,,,,,,,,,,,,,,,,,,,,,,,,,,,,,,,,,,,,,,,,,,,,,,,,,,,,,,,,,,,,,,,,,,,,,,,,,,,,,,,,,,,,,,,,,,,,,,,,,,,,,,,,,,,,,,,,,,,,,,,,,,,,,,,,,,,,,
45,52,55,57,54,62,57,63,65,60,61,55,58,53,55,56,54,55,55,55,43,47,45,45,45,46,41,47,48,43,48,42,45,47,46,46,46,44,47,43,48,43,44,43,43,45,44,46,44,44,48,51,50,49,56,58,59,60,57,52,50,55,59,50,45,,,,,,,,,,,,,,,,,,,,,,,,,,,,,,,,,,,,,,,,,,,,,,,,,,,,,,,,,,,,,,,,,,,,,,,,,,,,,,,,,,,,,,,,,,,,,,,,,,,,,,,,,,,,,,,,,,,,,,,,,,,,,,,,,,,,,,,,,,,,,,,,,,,,,,,,,,,,,,,,,,,,,,,,,,,,,,,,,,,,,,,,,,,,,,,,
46,62,64,65,67,70,79,74,73,67,77,74,76,77,75,79,76,75,76,75,77,78,78,76,78,78,74,77,78,74,78,84,67,76,72,72,78,72,71,78,73,76,72,67,66,68,60,67,70,67,61,57,65,63,64,55,56,56,58,49,45,51,39,41,41,,,,,,,,,,,,,,,,,,,,,,,,,,,,,,,,,,,,,,,,,,,,,,,,,,,,,,,,,,,,,,,,,,,,,,,,,,,,,,,,,,,,,,,,,,,,,,,,,,,,,,,,,,,,,,,,,,,,,,,,,,,,,,,,,,,,,,,,,,,,,,,,,,,,,,,,,,,,,,,,,,,,,,,,,,,,,,,,,,,,,,,,,,,,,,,,
47,38,44,44,55,47,49,51,57,53,52,61,63,65,61,62,65,65,68,66,67,68,64,70,77,82,70,71,72,77,78,76,75,76,80,79,87,87,78,75,72,78,81,73,77,75,78,85,76,80,78,77,78,78,86,78,79,74,67,78,70,67,66,62,59,,,,,,,,,,,,,,,,,,,,,,,,,,,,,,,,,,,,,,,,,,,,,,,,,,,,,,,,,,,,,,,,,,,,,,,,,,,,,,,,,,,,,,,,,,,,,,,,,,,,,,,,,,,,,,,,,,,,,,,,,,,,,,,,,,,,,,,,,,,,,,,,,,,,,,,,,,,,,,,,,,,,,,,,,,,,,,,,,,,,,,,,,,,,,,,,
48,67,76,69,66,71,73,79,74,78,81,85,79,81,74,77,75,77,78,82,74,81,78,77,81,83,71,84,77,83,83,79,76,81,92,92,82,77,72,75,85,82,77,72,72,77,81,72,80,71,78,77,75,66,68,66,69,70,64,65,57,58,58,52,44,,,,,,,,,,,,,,,,,,,,,,,,,,,,,,,,,,,,,,,,,,,,,,,,,,,,,,,,,,,,,,,,,,,,,,,,,,,,,,,,,,,,,,,,,,,,,,,,,,,,,,,,,,,,,,,,,,,,,,,,,,,,,,,,,,,,,,,,,,,,,,,,,,,,,,,,,,,,,,,,,,,,,,,,,,,,,,,,,,,,,,,,,,,,,,,,
49,37,41,42,47,45,44,46,50,52,56,44,43,48,47,50,47,46,47,54,57,58,56,56,64,58,69,66,67,73,66,76,76,73,75,76,68,76,79,76,74,77,76,78,76,78,82,75,74,78,75,85,70,70,83,69,72,68,76,73,69,62,66,63,58,,,,,,,,,,,,,,,,,,,,,,,,,,,,,,,,,,,,,,,,,,,,,,,,,,,,,,,,,,,,,,,,,,,,,,,,,,,,,,,,,,,,,,,,,,,,,,,,,,,,,,,,,,,,,,,,,,,,,,,,,,,,,,,,,,,,,,,,,,,,,,,,,,,,,,,,,,,,,,,,,,,,,,,,,,,,,,,,,,,,,,,,,,,,,,,,
50,55,60,55,64,69,64,71,75,70,58,59,59,59,65,64,59,57,52,57,54,58,54,55,55,44,49,47,44,49,41,43,49,46,44,46,47,47,46,44,49,46,48,46,44,48,46,46,46,44,45,44,46,49,46,46,53,50,46,54,54,53,50,49,40,,,,,,,,,,,,,,,,,,,,,,,,,,,,,,,,,,,,,,,,,,,,,,,,,,,,,,,,,,,,,,,,,,,,,,,,,,,,,,,,,,,,,,,,,,,,,,,,,,,,,,,,,,,,,,,,,,,,,,,,,,,,,,,,,,,,,,,,,,,,,,,,,,,,,,,,,,,,,,,,,,,,,,,,,,,,,,,,,,,,,,,,,,,,,,,,
51,60,64,66,70,66,73,70,67,75,71,73,75,78,74,71,77,80,74,75,82,74,74,74,74,70,73,77,70,79,72,77,73,71,74,70,75,66,80,79,73,73,77,70,70,72,74,70,73,67,66,64,62,61,55,59,56,60,53,52,54,51,48,40,37,,,,,,,,,,,,,,,,,,,,,,,,,,,,,,,,,,,,,,,,,,,,,,,,,,,,,,,,,,,,,,,,,,,,,,,,,,,,,,,,,,,,,,,,,,,,,,,,,,,,,,,,,,,,,,,,,,,,,,,,,,,,,,,,,,,,,,,,,,,,,,,,,,,,,,,,,,,,,,,,,,,,,,,,,,,,,,,,,,,,,,,,,,,,,,,,
52,35,36,43,38,41,38,42,43,42,47,45,50,44,48,44,48,59,57,57,52,60,56,61,62,60,68,70,67,67,69,66,69,74,68,72,68,75,73,68,70,75,75,71,76,80,77,75,79,64,68,74,73,75,77,76,72,71,67,73,66,60,59,56,46,,,,,,,,,,,,,,,,,,,,,,,,,,,,,,,,,,,,,,,,,,,,,,,,,,,,,,,,,,,,,,,,,,,,,,,,,,,,,,,,,,,,,,,,,,,,,,,,,,,,,,,,,,,,,,,,,,,,,,,,,,,,,,,,,,,,,,,,,,,,,,,,,,,,,,,,,,,,,,,,,,,,,,,,,,,,,,,,,,,,,,,,,,,,,,,,
53,55,57,64,59,69,66,62,64,65,66,63,64,63,55,60,61,58,53,62,49,49,51,54,45,48,47,51,46,48,52,53,49,54,48,47,52,54,44,50,53,54,53,52,50,51,48,50,48,58,54,54,56,54,57,60,64,63,60,66,68,57,57,58,54,,,,,,,,,,,,,,,,,,,,,,,,,,,,,,,,,,,,,,,,,,,,,,,,,,,,,,,,,,,,,,,,,,,,,,,,,,,,,,,,,,,,,,,,,,,,,,,,,,,,,,,,,,,,,,,,,,,,,,,,,,,,,,,,,,,,,,,,,,,,,,,,,,,,,,,,,,,,,,,,,,,,,,,,,,,,,,,,,,,,,,,,,,,,,,,,
54,59,59,64,69,69,68,68,67,74,74,78,77,72,70,69,70,70,72,84,73,70,69,78,72,75,71,70,74,65,81,73,81,72,73,77,65,61,65,64,69,69,66,60,68,57,59,60,62,58,59,57,52,54,51,53,47,50,43,42,40,46,39,41,34,,,,,,,,,,,,,,,,,,,,,,,,,,,,,,,,,,,,,,,,,,,,,,,,,,,,,,,,,,,,,,,,,,,,,,,,,,,,,,,,,,,,,,,,,,,,,,,,,,,,,,,,,,,,,,,,,,,,,,,,,,,,,,,,,,,,,,,,,,,,,,,,,,,,,,,,,,,,,,,,,,,,,,,,,,,,,,,,,,,,,,,,,,,,,,,,
55,41,46,37,47,53,52,54,55,52,55,60,58,58,64,59,68,72,65,69,73,66,67,70,72,72,77,74,69,77,84,79,76,80,76,84,79,80,89,81,75,73,77,74,76,71,75,81,73,74,78,84,78,78,73,72,73,72,72,88,77,63,61,61,66,,,,,,,,,,,,,,,,,,,,,,,,,,,,,,,,,,,,,,,,,,,,,,,,,,,,,,,,,,,,,,,,,,,,,,,,,,,,,,,,,,,,,,,,,,,,,,,,,,,,,,,,,,,,,,,,,,,,,,,,,,,,,,,,,,,,,,,,,,,,,,,,,,,,,,,,,,,,,,,,,,,,,,,,,,,,,,,,,,,,,,,,,,,,,,,,
56,47,58,59,60,68,68,67,65,68,65,70,77,69,69,68,71,73,74,67,75,75,69,77,74,79,71,73,73,69,72,73,72,65,74,70,68,67,71,70,67,70,69,65,66,69,66,63,66,64,71,65,62,60,58,56,57,52,53,55,46,44,42,43,37,,,,,,,,,,,,,,,,,,,,,,,,,,,,,,,,,,,,,,,,,,,,,,,,,,,,,,,,,,,,,,,,,,,,,,,,,,,,,,,,,,,,,,,,,,,,,,,,,,,,,,,,,,,,,,,,,,,,,,,,,,,,,,,,,,,,,,,,,,,,,,,,,,,,,,,,,,,,,,,,,,,,,,,,,,,,,,,,,,,,,,,,,,,,,,,,
57,34,39,38,47,38,44,44,45,47,47,46,48,46,46,48,47,48,49,48,50,53,55,57,60,57,62,55,65,63,64,65,68,70,69,67,71,65,75,77,77,74,71,73,71,68,79,68,76,74,85,77,74,73,77,74,71,73,73,64,71,59,60,56,54,,,,,,,,,,,,,,,,,,,,,,,,,,,,,,,,,,,,,,,,,,,,,,,,,,,,,,,,,,,,,,,,,,,,,,,,,,,,,,,,,,,,,,,,,,,,,,,,,,,,,,,,,,,,,,,,,,,,,,,,,,,,,,,,,,,,,,,,,,,,,,,,,,,,,,,,,,,,,,,,,,,,,,,,,,,,,,,,,,,,,,,,,,,,,,,,
58,54,57,61,64,54,59,62,64,63,58,54,57,57,59,58,55,51,51,53,46,53,54,49,48,40,42,41,46,40,39,43,39,45,42,41,42,47,43,42,42,38,42,45,41,49,42,42,40,41,39,46,47,45,50,45,45,47,47,48,44,48,45,49,42,,,,,,,,,,,,,,,,,,,,,,,,,,,,,,,,,,,,,,,,,,,,,,,,,,,,,,,,,,,,,,,,,,,,,,,,,,,,,,,,,,,,,,,,,,,,,,,,,,,,,,,,,,,,,,,,,,,,,,,,,,,,,,,,,,,,,,,,,,,,,,,,,,,,,,,,,,,,,,,,,,,,,,,,,,,,,,,,,,,,,,,,,,,,,,,,
59,52,53,61,62,64,66,66,66,69,68,68,76,69,67,67,65,69,67,67,72,67,69,76,66,76,69,66,68,69,70,65,68,70,65,69,71,65,75,76,69,73,64,61,64,64,63,64,59,57,59,59,60,60,61,49,50,44,50,49,46,48,41,34,32,,,,,,,,,,,,,,,,,,,,,,,,,,,,,,,,,,,,,,,,,,,,,,,,,,,,,,,,,,,,,,,,,,,,,,,,,,,,,,,,,,,,,,,,,,,,,,,,,,,,,,,,,,,,,,,,,,,,,,,,,,,,,,,,,,,,,,,,,,,,,,,,,,,,,,,,,,,,,,,,,,,,,,,,,,,,,,,,,,,,,,,,,,,,,,,,
60,33,33,36,38,36,39,39,42,42,42,44,44,44,48,49,47,59,52,53,55,55,58,53,56,58,65,63,67,57,67,71,66,61,67,71,64,66,67,63,70,67,69,70,66,74,70,69,67,72,71,66,70,64,64,65,69,71,67,67,59,62,56,55,45,,,,,,,,,,,,,,,,,,,,,,,,,,,,,,,,,,,,,,,,,,,,,,,,,,,,,,,,,,,,,,,,,,,,,,,,,,,,,,,,,,,,,,,,,,,,,,,,,,,,,,,,,,,,,,,,,,,,,,,,,,,,,,,,,,,,,,,,,,,,,,,,,,,,,,,,,,,,,,,,,,,,,,,,,,,,,,,,,,,,,,,,,,,,,,,,
61,41,43,45,51,51,47,43,49,49,50,46,42,45,43,42,41,46,43,41,34,35,35,35,38,38,35,34,34,38,36,37,36,35,35,35,36,35,38,35,37,39,36,35,37,36,32,37,42,40,35,39,38,40,45,50,43,47,47,44,48,49,45,42,38,,,,,,,,,,,,,,,,,,,,,,,,,,,,,,,,,,,,,,,,,,,,,,,,,,,,,,,,,,,,,,,,,,,,,,,,,,,,,,,,,,,,,,,,,,,,,,,,,,,,,,,,,,,,,,,,,,,,,,,,,,,,,,,,,,,,,,,,,,,,,,,,,,,,,,,,,,,,,,,,,,,,,,,,,,,,,,,,,,,,,,,,,,,,,,,,
62,52,51,53,55,59,54,61,58,54,59,64,64,65,64,57,62,58,59,59,66,60,63,56,58,60,57,60,58,69,63,57,60,63,57,59,61,54,58,57,52,54,49,57,47,56,52,56,47,50,50,50,45,46,47,45,45,44,42,35,35,38,37,35,34,,,,,,,,,,,,,,,,,,,,,,,,,,,,,,,,,,,,,,,,,,,,,,,,,,,,,,,,,,,,,,,,,,,,,,,,,,,,,,,,,,,,,,,,,,,,,,,,,,,,,,,,,,,,,,,,,,,,,,,,,,,,,,,,,,,,,,,,,,,,,,,,,,,,,,,,,,,,,,,,,,,,,,,,,,,,,,,,,,,,,,,,,,,,,,,,
63,33,38,35,38,44,43,40,39,38,44,47,51,49,52,51,48,51,58,49,62,61,59,56,57,57,59,61,59,56,62,62,61,59,66,64,64,64,65,66,61,60,67,65,62,67,67,61,71,63,66,65,60,54,66,58,58,56,59,56,63,59,53,52,49,,,,,,,,,,,,,,,,,,,,,,,,,,,,,,,,,,,,,,,,,,,,,,,,,,,,,,,,,,,,,,,,,,,,,,,,,,,,,,,,,,,,,,,,,,,,,,,,,,,,,,,,,,,,,,,,,,,,,,,,,,,,,,,,,,,,,,,,,,,,,,,,,,,,,,,,,,,,,,,,,,,,,,,,,,,,,,,,,,,,,,,,,,,,,,,,
,,,,,,,,,,,,,,,,,,,,,,,,,,,,,,,,,,,,,,,,,,,,,,,,,,,,,,,,,,,,,,,,,,,,,,,,,,,,,,,,,,,,,,,,,,,,,,,,,,,,,,,,,,,,,,,,,,,,,,,,,,,,,,,,,,,,,,,,,,,,,,,,,,,,,,,,,,,,,,,,,,,,,,,,,,,,,,,,,,,,,,,,,,,,,,,,,,,,,,,,,,,,,,,,,,,,,,,,,,,,,,,,,,,,,,,,,,,,,,,,,,,,,,,,,,,,,,,,
value,0,1,2,3,4,5,6,7,8,9,10,11,12,13,14,15,16,17,18,19,20,21,22,23,24,25,26,27,28,29,30,31,32,33,34,35,36,37,38,39,40,41,42,43,44,45,46,47,48,49,50,51,52,53,54,55,56,57,58,59,60,61,62,63,64,65,66,67,68,69,70,71,72,73,74,75,76,77,78,79,80,81,82,83,84,85,86,87,88,89,90,91,92,93,94,95,96,97,98,99,100,101,102,103,104,105,106,107,108,109,110,111,112,113,114,115,116,117,118,119,120,121,122,123,124,125,126,127,128,129,130,131,132,133,134,135,136,137,138,139,140,141,142,143,144,145,146,147,148,149,150,151,152,153,154,155,156,157,158,159,160,161,162,163,164,165,166,167,168,169,170,171,172,173,174,175,176,177,178,179,180,181,182,183,184,185,186,187,188,189,190,191,192,193,194,195,196,197,198,199,200,201,202,203,204,205,206,207,208,209,210,211,212,213,214,215,216,217,218,219,220,221,222,223,224,225,226,227,228,229,230,231,232,233,234,235,236,237,238,239,240,241,242,243,244,245,246,247,248,249,250,251,252,253,254,255
count,0,0,0,0,0,0,0,0,0,0,0,0,0,0,0,0,0,0,0,0,0,0,0,0,0,0,0,0,0,1,1,4,8,9,19,37,29,31,40,33,39,56,56,52,82,90,86,90,101,86,78,69,79,85,100,76,90,94,90,95,87,70,75,83,78,78,104,98,84,109,108,99,130,107,113,131,118,132,109,80,65,61,43,33,29,29,14,7,5,3,2,1,3,2,0,0,0,0,0,0,0,0,0,0,0,0,0,0,0,0,0,0,0,0,0,0,0,0,0,0,0,0,0,0,0,0,0,0,0,0,0,0,0,0,0,0,0,0,0,0,0,0,0,0,0,0,0,0,0,0,0,0,0,0,0,0,0,0,0,0,0,0,0,0,0,0,0,0,0,0,0,0,0,0,0,0,0,0,0,0,0,0,0,0,0,0,0,0,0,0,0,0,0,0,0,0,0,0,0,0,0,0,0,0,0,0,0,0,0,0,0,0,0,0,0,0,0,0,0,0,0,0,0,0,0,0,0,0,0,0,0,0,0,0,0,0,0,0,0,0,0,0,0,0,0,0,0,0,0,0,0,0,0,0,0,0
,,,,,,,,,,,,,,,,,,,,,,,,,,,,,,,,,,,,,,,,,,,,,,,,,,,,,,,,,,,,,,,,,,,,,,,,,,,,,,,,,,,,,,,,,,,,,,,,,,,,,,,,,,,,,,,,,,,,,,,,,,,,,,,,,,,,,,,,,,,,,,,,,,,,,,,,,,,,,,,,,,,,,,,,,,,,,,,,,,,,,,,,,,,,,,,,,,,,,,,,,,,,,,,,,,,,,,,,,,,,,,,,,,,,,,,,,,,,,,,,,,,,,,,,,,,,,,,,
10,,,,,,,,,,,,,,,,,,,,,,,,,,,,,,,,,,,,,,,,,,,,,,,,,,,,,,,,,,,,,,,,,,,,,,,,,,,,,,,,,,,,,,,,,,,,,,,,,,,,,,,,,,,,,,,,,,,,,,,,,,,,,,,,,,,,,,,,,,,,,,,,,,,,,,,,,,,,,,,,,,,,,,,,,,,,,,,,,,,,,,,,,,,,,,,,,,,,,,,,,,,,,,,,,,,,,,,,,,,,,,,,,,,,,,,,,,,,,,,,,,,,,,,,,,,,,,,,
,0,1,2,3,4,5,6,7,8,9,10,11,12,13,14,15,16,17,18,19,20,21,22,23,24,25,26,27,28,29,30,31,32,33,34,35,36,37,38,39,40,41,42,43,44,45,46,47,48,49,50,51,52,53,54,55,56,57,58,59,60,61,62,63,61.64428711,,,,,,,,,,,,,,,,,,,,,,,,,,,,,,,,,,,,,,,,,,,,,,,,,,,,,,,,,,,,,,,,,,,,,,,,,,,,,,,,,,,,,,,,,,,,,,,,,,,,,,,,,,,,,,,,,,,,,,,,,,,,,,,,,,,,,,,,,,,,,,,,,,,,,,,,,,,,,,,,,,,,,,,,,,,,,,,,,,,,,,,,,,,,,,,
0,47,45,59,54,61,56,55,55,53,53,58,54,59,58,58,60,60,63,67,53,57,55,59,56,62,56,61,58,54,52,61,58,60,54,55,58,63,60,57,60,59,58,53,54,59,58,53,49,57,51,54,50,48,48,49,49,48,51,42,45,40,40,39,33,,,,,,,,,,,,,,,,,,,,,,,,,,,,,,,,,,,,,,,,,,,,,,,,,,,,,,,,,,,,,,,,,,,,,,,,,,,,,,,,,,,,,,,,,,,,,,,,,,,,,,,,,,,,,,,,,,,,,,,,,,,,,,,,,,,,,,,,,,,,,,,,,,,,,,,,,,,,,,,,,,,,,,,,,,,,,,,,,,,,,,,,,,,,,,,,
1,32,36,33,34,42,43,38,34,36,38,42,33,41,45,38,43,41,40,38,43,46,44,48,45,47,48,52,51,51,57,55,55,53,62,60,56,53,51,60,61,57,55,58,58,59,61,65,58,59,58,60,63,59,59,60,62,52,63,62,53,57,55,51,47,,,,,,,,,,,,,,,,,,,,,,,,,,,,,,,,,,,,,,,,,,,,,,,,,,,,,,,,,,,,,,,,,,,,,,,,,,,,,,,,,,,,,,,,,,,,,,,,,,,,,,,,,,,,,,,,,,,,,,,,,,,,,,,,,,,,,,,,,,,,,,,,,,,,,,,,,,,,,,,,,,,,,,,,,,,,,,,,,,,,,,,,,,,,,,,,
2,50,52,50,56,58,60,50,55,57,54,52,54,57,47,52,53,46,48,48,44,50,45,46,42,35,37,38,41,37,40,39,38,38,38,40,42,37,38,40,33,36,40,40,38,33,42,38,46,37,40,40,38,38,42,42,37,45,42,43,43,41,41,36,35,,,,,,,,,,,,,,,,,,,,,,,,,,,,,,,,,,,,,,,,,,,,,,,,,,,,,,,,,,,,,,,,,,,,,,,,,,,,,,,,,,,,,,,,,,,,,,,,,,,,,,,,,,,,,,,,,,,,,,,,,,,,,,,,,,,,,,,,,,,,,,,,,,,,,,,,,,,,,,,,,,,,,,,,,,,,,,,,,,,,,,,,,,,,,,,,
3,49,56,56,61,60,58,64,68,71,62,61,67,61,63,68,69,65,67,67,61,63,66,62,66,63,63,67,66,63,71,61,65,65,62,63,59,67,60,63,66,58,65,65,62,64,63,58,51,57,57,54,54,52,54,42,45,47,41,45,41,43,40,35,29,,,,,,,,,,,,,,,,,,,,,,,,,,,,,,,,,,,,,,,,,,,,,,,,,,,,,,,,,,,,,,,,,,,,,,,,,,,,,,,,,,,,,,,,,,,,,,,,,,,,,,,,,,,,,,,,,,,,,,,,,,,,,,,,,,,,,,,,,,,,,,,,,,,,,,,,,,,,,,,,,,,,,,,,,,,,,,,,,,,,,,,,,,,,,,,,
4,33,31,38,40,42,45,46,48,45,40,46,48,42,47,53,52,52,54,51,57,55,54,61,60,61,62,63,60,63,61,69,63,71,73,69,72,70,70,69,73,69,71,59,75,78,67,67,72,67,66,64,67,75,69,70,62,66,68,70,64,57,68,51,52,,,,,,,,,,,,,,,,,,,,,,,,,,,,,,,,,,,,,,,,,,,,,,,,,,,,,,,,,,,,,,,,,,,,,,,,,,,,,,,,,,,,,,,,,,,,,,,,,,,,,,,,,,,,,,,,,,,,,,,,,,,,,,,,,,,,,,,,,,,,,,,,,,,,,,,,,,,,,,,,,,,,,,,,,,,,,,,,,,,,,,,,,,,,,,,,
5,40,48,56,53,50,51,53,50,58,56,49,52,43,46,46,54,48,45,43,39,37,37,38,36,40,35,44,36,37,36,40,38,37,37,40,36,38,41,39,40,36,40,38,36,36,37,41,38,43,41,44,45,42,48,49,51,50,53,47,51,55,47,43,41,,,,,,,,,,,,,,,,,,,,,,,,,,,,,,,,,,,,,,,,,,,,,,,,,,,,,,,,,,,,,,,,,,,,,,,,,,,,,,,,,,,,,,,,,,,,,,,,,,,,,,,,,,,,,,,,,,,,,,,,,,,,,,,,,,,,,,,,,,,,,,,,,,,,,,,,,,,,,,,,,,,,,,,,,,,,,,,,,,,,,,,,,,,,,,,,
6,52,59,65,60,71,65,76,74,68,70,67,65,66,74,66,69,73,68,69,73,69,65,61,76,67,73,68,76,65,70,66,71,68,71,65,67,61,58,61,70,67,58,57,55,60,57,59,61,48,50,51,58,61,50,53,55,45,45,41,40,40,34,36,30,,,,,,,,,,,,,,,,,,,,,,,,,,,,,,,,,,,,,,,,,,,,,,,,,,,,,,,,,,,,,,,,,,,,,,,,,,,,,,,,,,,,,,,,,,,,,,,,,,,,,,,,,,,,,,,,,,,,,,,,,,,,,,,,,,,,,,,,,,,,,,,,,,,,,,,,,,,,,,,,,,,,,,,,,,,,,,,,,,,,,,,,,,,,,,,,
7,28,34,36,40,36,41,40,44,48,43,50,53,52,52,50,60,52,61,58,62,59,68,65,67,65,65,72,70,69,69,73,72,75,73,78,72,76,71,83,79,74,86,75,77,71,71,73,72,67,71,81,73,72,77,65,69,67,67,72,67,60,58,50,51,,,,,,,,,,,,,,,,,,,,,,,,,,,,,,,,,,,,,,,,,,,,,,,,,,,,,,,,,,,,,,,,,,,,,,,,,,,,,,,,,,,,,,,,,,,,,,,,,,,,,,,,,,,,,,,,,,,,,,,,,,,,,,,,,,,,,,,,,,,,,,,,,,,,,,,,,,,,,,,,,,,,,,,,,,,,,,,,,,,,,,,,,,,,,,,,
8,60,66,68,73,77,75,78,80,77,80,82,74,75,72,79,74,71,71,76,72,73,72,76,80,77,83,73,75,86,73,81,81,78,82,77,77,81,76,73,78,74,70,79,69,79,75,77,72,70,71,71,66,68,62,66,64,58,63,62,50,50,46,43,46,,,,,,,,,,,,,,,,,,,,,,,,,,,,,,,,,,,,,,,,,,,,,,,,,,,,,,,,,,,,,,,,,,,,,,,,,,,,,,,,,,,,,,,,,,,,,,,,,,,,,,,,,,,,,,,,,,,,,,,,,,,,,,,,,,,,,,,,,,,,,,,,,,,,,,,,,,,,,,,,,,,,,,,,,,,,,,,,,,,,,,,,,,,,,,,,
9,34,33,39,48,42,45,44,45,46,43,42,44,41,44,45,44,50,50,56,50,56,62,57,56,61,62,66,60,59,67,63,79,73,65,69,71,71,78,75,76,77,75,72,87,84,78,75,73,84,70,72,80,80,75,72,75,73,71,67,69,66,61,50,54,,,,,,,,,,,,,,,,,,,,,,,,,,,,,,,,,,,,,,,,,,,,,,,,,,,,,,,,,,,,,,,,,,,,,,,,,,,,,,,,,,,,,,,,,,,,,,,,,,,,,,,,,,,,,,,,,,,,,,,,,,,,,,,,,,,,,,,,,,,,,,,,,,,,,,,,,,,,,,,,,,,,,,,,,,,,,,,,,,,,,,,,,,,,,,,,
10,56,59,62,60,72,67,68,66,71,66,63,64,67,64,61,54,56,55,58,50,53,58,56,49,48,44,45,43,44,49,47,46,47,46,47,45,46,46,47,48,45,47,45,46,45,42,45,46,43,46,49,47,47,44,49,47,50,51,53,55,52,51,48,49,,,,,,,,,,,,,,,,,,,,,,,,,,,,,,,,,,,,,,,,,,,,,,,,,,,,,,,,,,,,,,,,,,,,,,,,,,,,,,,,,,,,,,,,,,,,,,,,,,,,,,,,,,,,,,,,,,,,,,,,,,,,,,,,,,,,,,,,,,,,,,,,,,,,,,,,,,,,,,,,,,,,,,,,,,,,,,,,,,,,,,,,,,,,,,,,
11,61,65,59,64,70,75,73,75,77,71,78,75,69,78,81,73,66,74,72,72,74,85,78,82,77,76,79,83,72,77,76,76,75,77,73,79,77,75,70,75,71,74,68,78,76,71,73,67,68,67,65,66,66,60,56,55,56,53,61,56,51,43,36,32,,,,,,,,,,,,,,,,,,,,,,,,,,,,,,,,,,,,,,,,,,,,,,,,,,,,,,,,,,,,,,,,,,,,,,,,,,,,,,,,,,,,,,,,,,,,,,,,,,,,,,,,,,,,,,,,,,,,,,,,,,,,,,,,,,,,,,,,,,,,,,,,,,,,,,,,,,,,,,,,,,,,,,,,,,,,,,,,,,,,,,,,,,,,,,,,
12,38,42,46,51,55,49,51,58,57,50,55,60,55,62,59,62,63,73,67,66,62,72,67,67,82,80,77,76,78,81,83,76,77,79,89,82,83,85,86,86,75,94,84,85,82,84,84,83,84,80,77,81,70,88,83,84,80,81,77,73,76,70,72,67,,,,,,,,,,,,,,,,,,,,,,,,,,,,,,,,,,,,,,,,,,,,,,,,,,,,,,,,,,,,,,,,,,,,,,,,,,,,,,,,,,,,,,,,,,,,,,,,,,,,,,,,,,,,,,,,,,,,,,,,,,,,,,,,,,,,,,,,,,,,,,,,,,,,,,,,,,,,,,,,,,,,,,,,,,,,,,,,,,,,,,,,,,,,,,,,
13,52,59,55,59,57,57,57,54,55,65,56,51,53,53,50,55,58,54,49,46,46,44,43,45,44,44,44,43,44,45,43,43,47,39,45,46,42,45,46,46,42,45,46,45,46,49,46,47,50,53,47,53,53,55,56,58,60,65,63,58,60,59,51,52,,,,,,,,,,,,,,,,,,,,,,,,,,,,,,,,,,,,,,,,,,,,,,,,,,,,,,,,,,,,,,,,,,,,,,,,,,,,,,,,,,,,,,,,,,,,,,,,,,,,,,,,,,,,,,,,,,,,,,,,,,,,,,,,,,,,,,,,,,,,,,,,,,,,,,,,,,,,,,,,,,,,,,,,,,,,,,,,,,,,,,,,,,,,,,,,
14,53,58,64,68,68,65,80,72,83,75,73,68,71,75,79,73,83,73,71,79,73,82,77,73,70,74,76,81,72,73,74,72,80,69,70,70,74,68,67,65,65,71,57,69,58,65,62,61,56,51,61,52,56,54,50,51,47,43,41,39,40,35,37,32,,,,,,,,,,,,,,,,,,,,,,,,,,,,,,,,,,,,,,,,,,,,,,,,,,,,,,,,,,,,,,,,,,,,,,,,,,,,,,,,,,,,,,,,,,,,,,,,,,,,,,,,,,,,,,,,,,,,,,,,,,,,,,,,,,,,,,,,,,,,,,,,,,,,,,,,,,,,,,,,,,,,,,,,,,,,,,,,,,,,,,,,,,,,,,,,
15,34,37,35,42,46,45,49,49,55,49,51,58,57,57,58,64,63,61,68,70,63,75,70,68,75,67,74,71,79,79,71,75,72,81,75,74,74,81,86,74,77,73,82,83,81,74,75,78,72,72,78,75,76,81,79,71,72,71,69,69,62,62,57,53,,,,,,,,,,,,,,,,,,,,,,,,,,,,,,,,,,,,,,,,,,,,,,,,,,,,,,,,,,,,,,,,,,,,,,,,,,,,,,,,,,,,,,,,,,,,,,,,,,,,,,,,,,,,,,,,,,,,,,,,,,,,,,,,,,,,,,,,,,,,,,,,,,,,,,,,,,,,,,,,,,,,,,,,,,,,,,,,,,,,,,,,,,,,,,,,
16,61,64,65,70,71,78,71,75,75,72,81,79,82,83,75,85,77,77,71,79,78,79,81,76,73,72,74,80,75,76,74,80,78,81,76,77,81,80,77,79,82,74,72,84,75,77,71,72,71,77,72,64,68,67,66,64,60,56,54,50,45,49,44,40,,,,,,,,,,,,,,,,,,,,,,,,,,,,,,,,,,,,,,,,,,,,,,,,,,,,,,,,,,,,,,,,,,,,,,,,,,,,,,,,,,,,,,,,,,,,,,,,,,,,,,,,,,,,,,,,,,,,,,,,,,,,,,,,,,,,,,,,,,,,,,,,,,,,,,,,,,,,,,,,,,,,,,,,,,,,,,,,,,,,,,,,,,,,,,,,
17,39,43,45,50,41,48,48,50,49,54,52,50,53,49,53,55,54,59,58,60,66,69,66,64,60,64,68,72,76,72,86,81,77,70,79,73,83,79,75,77,78,81,82,78,81,84,78,77,81,77,87,77,78,83,75,79,66,81,74,76,70,73,59,57,,,,,,,,,,,,,,,,,,,,,,,,,,,,,,,,,,,,,,,,,,,,,,,,,,,,,,,,,,,,,,,,,,,,,,,,,,,,,,,,,,,,,,,,,,,,,,,,,,,,,,,,,,,,,,,,,,,,,,,,,,,,,,,,,,,,,,,,,,,,,,,,,,,,,,,,,,,,,,,,,,,,,,,,,,,,,,,,,,,,,,,,,,,,,,,,
18,58,62,66,64,71,66,75,68,67,61,66,64,69,69,69,65,54,60,58,60,59,60,61,57,48,51,45,47,50,56,49,54,51,51,47,46,49,49,46,44,51,54,49,48,51,50,55,48,47,52,48,48,55,51,58,58,58,53,53,55,53,50,53,45,,,,,,,,,,,,,,,,,,,,,,,,,,,,,,,,,,,,,,,,,,,,,,,,,,,,,,,,,,,,,,,,,,,,,,,,,,,,,,,,,,,,,,,,,,,,,,,,,,,,,,,,,,,,,,,,,,,,,,,,,,,,,,,,,,,,,,,,,,,,,,,,,,,,,,,,,,,,,,,,,,,,,,,,,,,,,,,,,,,,,,,,,,,,,,,,
19,63,75,72,87,75,83,78,83,79,88,84,77,79,86,86,79,79,88,84,78,88,83,81,89,79,77,74,74,83,85,91,85,84,81,87,79,79,78,77,87,92,81,80,87,80,74,80,77,70,70,72,70,72,71,60,70,75,66,70,63,66,56,46,41,,,,,,,,,,,,,,,,,,,,,,,,,,,,,,,,,,,,,,,,,,,,,,,,,,,,,,,,,,,,,,,,,,,,,,,,,,,,,,,,,,,,,,,,,,,,,,,,,,,,,,,,,,,,,,,,,,,,,,,,,,,,,,,,,,,,,,,,,,,,,,,,,,,,,,,,,,,,,,,,,,,,,,,,,,,,,,,,,,,,,,,,,,,,,,,,
20,34,37,40,37,43,41,47,49,41,48,52,50,51,50,53,56,63,55,61,56,56,64,64,65,68,66,69,73,72,68,68,72,71,74,78,77,74,76,74,82,77,80,84,72,82,71,68,75,78,80,79,75,68,82,77,67,70,73,70,73,61,61,59,54,,,,,,,,,,,,,,,,,,,,,,,,,,,,,,,,,,,,,,,,,,,,,,,,,,,,,,,,,,,,,,,,,,,,,,,,,,,,,,,,,,,,,,,,,,,,,,,,,,,,,,,,,,,,,,,,,,,,,,,,,,,,,,,,,,,,,,,,,,,,,,,,,,,,,,,,,,,,,,,,,,,,,,,,,,,,,,,,,,,,,,,,,,,,,,,,
21,49,57,56,63,59,58,61,59,59,56,59,57,56,57,56,64,51,55,56,49,42,49,42,48,47,41,48,45,46,48,50,51,45,43,46,49,47,48,49,46,43,46,40,43,43,45,46,48,48,47,49,55,52,54,58,58,62,57,53,56,63,57,54,48,,,,,,,,,,,,,,,,,,,,,,,,,,,,,,,,,,,,,,,,,,,,,,,,,,,,,,,,,,,,,,,,,,,,,,,,,,,,,,,,,,,,,,,,,,,,,,,,,,,,,,,,,,,,,,,,,,,,,,,,,,,,,,,,,,,,,,,,,,,,,,,,,,,,,,,,,,,,,,,,,,,,,,,,,,,,,,,,,,,,,,,,,,,,,,,,
22,59,62,62,67,73,74,75,73,75,72,83,83,76,75,75,77,71,81,67,77,78,83,80,74,80,80,74,82,77,83,84,83,67,74,79,76,74,69,73,71,70,69,68,66,65,66,67,60,57,60,57,60,56,55,53,59,52,40,44,47,40,38,33,36,,,,,,,,,,,,,,,,,,,,,,,,,,,,,,,,,,,,,,,,,,,,,,,,,,,,,,,,,,,,,,,,,,,,,,,,,,,,,,,,,,,,,,,,,,,,,,,,,,,,,,,,,,,,,,,,,,,,,,,,,,,,,,,,,,,,,,,,,,,,,,,,,,,,,,,,,,,,,,,,,,,,,,,,,,,,,,,,,,,,,,,,,,,,,,,,
23,33,37,38,37,41,45,43,47,48,48,55,57,51,57,61,60,59,60,64,63,73,75,74,71,65,73,79,84,83,86,78,83,76,77,80,77,83,80,82,76,70,78,80,78,80,76,76,77,75,81,79,75,76,80,89,82,75,76,72,68,66,57,54,53,,,,,,,,,,,,,,,,,,,,,,,,,,,,,,,,,,,,,,,,,,,,,,,,,,,,,,,,,,,,,,,,,,,,,,,,,,,,,,,,,,,,,,,,,,,,,,,,,,,,,,,,,,,,,,,,,,,,,,,,,,,,,,,,,,,,,,,,,,,,,,,,,,,,,,,,,,,,,,,,,,,,,,,,,,,,,,,,,,,,,,,,,,,,,,,,
24,64,66,75,72,76,71,79,75,70,77,78,73,78,77,81,80,73,78,78,76,79,78,77,76,76,83,79,75,74,73,75,81,75,75,75,71,67,78,74,78,70,83,74,74,71,71,80,72,73,70,71,66,75,67,64,65,64,61,54,56,51,56,50,50,,,,,,,,,,,,,,,,,,,,,,,,,,,,,,,,,,,,,,,,,,,,,,,,,,,,,,,,,,,,,,,,,,,,,,,,,,,,,,,,,,,,,,,,,,,,,,,,,,,,,,,,,,,,,,,,,,,,,,,,,,,,,,,,,,,,,,,,,,,,,,,,,,,,,,,,,,,,,,,,,,,,,,,,,,,,,,,,,,,,,,,,,,,,,,,,
25,32,35,35,46,40,42,43,43,40,48,42,41,42,44,47,48,51,48,49,48,56,55,55,57,58,61,58,63,58,65,67,72,66,68,69,69,75,71,77,73,76,70,77,83,78,67,77,77,71,73,75,73,71,72,72,75,75,74,72,71,68,56,58,59,,,,,,,,,,,,,,,,,,,,,,,,,,,,,,,,,,,,,,,,,,,,,,,,,,,,,,,,,,,,,,,,,,,,,,,,,,,,,,,,,,,,,,,,,,,,,,,,,,,,,,,,,,,,,,,,,,,,,,,,,,,,,,,,,,,,,,,,,,,,,,,,,,,,,,,,,,,,,,,,,,,,,,,,,,,,,,,,,,,,,,,,,,,,,,,,
26,57,62,61,63,65,68,64,66,68,67,62,58,64,59,68,55,55,56,57,56,55,55,54,54,47,50,46,51,47,45,43,46,48,48,41,43,48,41,47,44,49,47,47,47,43,49,48,48,46,43,45,53,48,53,49,50,44,49,57,52,55,52,46,46,,,,,,,,,,,,,,,,,,,,,,,,,,,,,,,,,,,,,,,,,,,,,,,,,,,,,,,,,,,,,,,,,,,,,,,,,,,,,,,,,,,,,,,,,,,,,,,,,,,,,,,,,,,,,,,,,,,,,,,,,,,,,,,,,,,,,,,,,,,,,,,,,,,,,,,,,,,,,,,,,,,,,,,,,,,,,,,,,,,,,,,,,,,,,,,,
27,55,59,61,68,67,69,67,73,77,82,73,79,77,74,70,74,79,78,68,71,80,72,72,72,76,80,74,73,71,78,73,75,76,74,79,79,81,76,77,77,75,70,69,69,70,61,68,62,63,62,61,61,61,61,57,54,52,49,49,53,55,42,36,35,,,,,,,,,,,,,,,,,,,,,,,,,,,,,,,,,,,,,,,,,,,,,,,,,,,,,,,,,,,,,,,,,,,,,,,,,,,,,,,,,,,,,,,,,,,,,,,,,,,,,,,,,,,,,,,,,,,,,,,,,,,,,,,,,,,,,,,,,,,,,,,,,,,,,,,,,,,,,,,,,,,,,,,,,,,,,,,,,,,,,,,,,,,,,,,,
28,35,41,37,44,45,43,45,44,46,43,42,48,50,46,55,59,56,62,59,59,56,63,63,61,66,66,71,67,67,70,68,72,72,71,71,74,79,73,76,76,72,74,77,73,73,82,82,71,77,74,70,75,71,70,75,81,80,70,70,71,69,61,56,56,,,,,,,,,,,,,,,,,,,,,,,,,,,,,,,,,,,,,,,,,,,,,,,,,,,,,,,,,,,,,,,,,,,,,,,,,,,,,,,,,,,,,,,,,,,,,,,,,,,,,,,,,,,,,,,,,,,,,,,,,,,,,,,,,,,,,,,,,,,,,,,,,,,,,,,,,,,,,,,,,,,,,,,,,,,,,,,,,,,,,,,,,,,,,,,,
29,50,51,55,60,52,57,53,62,61,63,56,58,53,54,50,51,53,51,53,43,44,43,41,44,49,38,44,48,45,45,48,47,44,42,47,45,45,48,47,45,48,41,42,45,45,46,53,49,52,51,47,47,44,53,56,57,53,56,55,54,56,54,52,47,,,,,,,,,,,,,,,,,,,,,,,,,,,,,,,,,,,,,,,,,,,,,,,,,,,,,,,,,,,,,,,,,,,,,,,,,,,,,,,,,,,,,,,,,,,,,,,,,,,,,,,,,,,,,,,,,,,,,,,,,,,,,,,,,,,,,,,,,,,,,,,,,,,,,,,,,,,,,,,,,,,,,,,,,,,,,,,,,,,,,,,,,,,,,,,,
30,54,59,68,64,71,69,68,78,78,74,76,74,71,75,77,71,71,71,80,74,74,74,79,82,76,78,79,79,76,77,74,79,75,77,67,72,70,75,71,64,67,65,66,60,63,65,62,61,57,54,52,52,54,52,59,53,50,40,45,41,40,40,38,36,,,,,,,,,,,,,,,,,,,,,,,,,,,,,,,,,,,,,,,,,,,,,,,,,,,,,,,,,,,,,,,,,,,,,,,,,,,,,,,,,,,,,,,,,,,,,,,,,,,,,,,,,,,,,,,,,,,,,,,,,,,,,,,,,,,,,,,,,,,,,,,,,,,,,,,,,,,,,,,,,,,,,,,,,,,,,,,,,,,,,,,,,,,,,,,,
31,35,38,36,43,41,42,48,50,41,53,52,59,55,56,58,59,60,64,69,62,72,71,74,73,68,71,73,72,74,77,80,78,82,83,80,75,86,71,75,78,78,78,74,76,75,78,89,84,74,74,80,80,71,79,69,74,67,76,70,62,68,59,56,52,,,,,,,,,,,,,,,,,,,,,,,,,,,,,,,,,,,,,,,,,,,,,,,,,,,,,,,,,,,,,,,,,,,,,,,,,,,,,,,,,,,,,,,,,,,,,,,,,,,,,,,,,,,,,,,,,,,,,,,,,,,,,,,,,,,,,,,,,,,,,,,,,,,,,,,,,,,,,,,,,,,,,,,,,,,,,,,,,,,,,,,,,,,,,,,,
32,62,62,69,70,72,77,80,79,78,78,82,77,78,82,75,69,73,71,82,78,90,74,80,81,81,77,76,72,73,82,78,80,84,77,80,78,82,75,75,74,75,76,76,85,81,75,77,72,69,72,71,71,59,68,71,64,73,70,64,56,51,50,49,49,,,,,,,,,,,,,,,,,,,,,,,,,,,,,,,,,,,,,,,,,,,,,,,,,,,,,,,,,,,,,,,,,,,,,,,,,,,,,,,,,,,,,,,,,,,,,,,,,,,,,,,,,,,,,,,,,,,,,,,,,,,,,,,,,,,,,,,,,,,,,,,,,,,,,,,,,,,,,,,,,,,,,,,,,,,,,,,,,,,,,,,,,,,,,,,,
33,33,36,42,43,45,44,47,44,45,48,46,43,47,48,46,50,50,54,44,51,61,61,54,62,63,65,65,64,71,66,71,65,71,70,70,72,75,75,75,84,79,74,72,79,75,81,73,82,76,79,80,77,78,73,81,78,78,73,69,75,60,64,59,55,,,,,,,,,,,,,,,,,,,,,,,,,,,,,,,,,,,,,,,,,,,,,,,,,,,,,,,,,,,,,,,,,,,,,,,,,,,,,,,,,,,,,,,,,,,,,,,,,,,,,,,,,,,,,,,,,,,,,,,,,,,,,,,,,,,,,,,,,,,,,,,,,,,,,,,,,,,,,,,,,,,,,,,,,,,,,,,,,,,,,,,,,,,,,,,,
34,59,57,65,63,67,67,75,74,71,71,68,64,66,72,70,64,58,62,62,60,58,54,63,56,48,51,42,49,51,50,48,53,51,50,46,51,47,50,51,46,48,50,54,56,49,54,53,49,46,50,51,49,51,55,55,48,56,55,55,63,55,52,44,54,,,,,,,,,,,,,,,,,,,,,,,,,,,,,,,,,,,,,,,,,,,,,,,,,,,,,,,,,,,,,,,,,,,,,,,,,,,,,,,,,,,,,,,,,,,,,,,,,,,,,,,,,,,,,,,,,,,,,,,,,,,,,,,,,,,,,,,,,,,,,,,,,,,,,,,,,,,,,,,,,,,,,,,,,,,,,,,,,,,,,,,,,,,,,,,,
35,60,63,65,67,71,75,77,75,70,83,79,76,79,77,69,73,79,74,80,78,73,72,76,73,76,75,68,86,75,80,82,82,74,84,83,80,73,81,78,74,72,73,74,66,67,72,65,63,58,62,63,67,69,64,57,56,53,55,55,55,50,44,39,37,,,,,,,,,,,,,,,,,,,,,,,,,,,,,,,,,,,,,,,,,,,,,,,,,,,,,,,,,,,,,,,,,,,,,,,,,,,,,,,,,,,,,,,,,,,,,,,,,,,,,,,,,,,,,,,,,,,,,,,,,,,,,,,,,,,,,,,,,,,,,,,,,,,,,,,,,,,,,,,,,,,,,,,,,,,,,,,,,,,,,,,,,,,,,,,,
36,37,43,42,43,46,46,48,47,48,45,50,54,50,51,57,57,54,62,63,63,66,66,71,65,73,69,71,70,76,70,76,70,76,72,78,75,75,75,78,81,85,88,85,81,74,79,76,82,80,77,73,82,76,76,77,79,76,73,75,66,59,61,58,57,,,,,,,,,,,,,,,,,,,,,,,,,,,,,,,,,,,,,,,,,,,,,,,,,,,,,,,,,,,,,,,,,,,,,,,,,,,,,,,,,,,,,,,,,,,,,,,,,,,,,,,,,,,,,,,,,,,,,,,,,,,,,,,,,,,,,,,,,,,,,,,,,,,,,,,,,,,,,,,,,,,,,,,,,,,,,,,,,,,,,,,,,,,,,,,,
37,55,62,61,65,66,63,63,63,61,68,61,57,55,61,63,52,56,56,56,48,49,48,46,48,49,48,50,55,47,47,49,48,51,46,52,50,47,51,52,50,48,49,48,50,48,53,46,52,53,52,51,49,55,53,62,62,61,56,65,56,63,55,52,53,,,,,,,,,,,,,,,,,,,,,,,,,,,,,,,,,,,,,,,,,,,,,,,,,,,,,,,,,,,,,,,,,,,,,,,,,,,,,,,,,,,,,,,,,,,,,,,,,,,,,,,,,,,,,,,,,,,,,,,,,,,,,,,,,,,,,,,,,,,,,,,,,,,,,,,,,,,,,,,,,,,,,,,,,,,,,,,,,,,,,,,,,,,,,,,,
38,52,61,61,65,72,71,71,72,74,82,82,76,75,79,74,80,74,76,71,78,73,82,75,82,72,76,73,82,81,72,77,78,77,79,70,78,76,69,70,74,65,64,61,63,64,62,65,70,59,51,56,53,57,56,53,49,49,46,38,40,41,42,37,35,,,,,,,,,,,,,,,,,,,,,,,,,,,,,,,,,,,,,,,,,,,,,,,,,,,,,,,,,,,,,,,,,,,,,,,,,,,,,,,,,,,,,,,,,,,,,,,,,,,,,,,,,,,,,,,,,,,,,,,,,,,,,,,,,,,,,,,,,,,,,,,,,,,,,,,,,,,,,,,,,,,,,,,,,,,,,,,,,,,,,,,,,,,,,,,,
39,36,41,45,46,42,49,47,53,52,50,52,61,58,65,60,66,62,65,66,63,69,73,76,72,78,76,81,78,78,82,80,78,80,78,79,75,76,77,84,77,86,72,78,89,78,73,78,76,83,69,77,69,80,81,71,72,75,73,76,70,70,66,61,56,,,,,,,,,,,,,,,,,,,,,,,,,,,,,,,,,,,,,,,,,,,,,,,,,,,,,,,,,,,,,,,,,,,,,,,,,,,,,,,,,,,,,,,,,,,,,,,,,,,,,,,,,,,,,,,,,,,,,,,,,,,,,,,,,,,,,,,,,,,,,,,,,,,,,,,,,,,,,,,,,,,,,,,,,,,,,,,,,,,,,,,,,,,,,,,,
40,60,68,69,66,75,75,71,71,70,82,72,77,74,73,70,81,73,77,78,80,74,76,75,75,77,79,69,83,77,80,75,80,71,74,77,76,73,75,74,75,72,70,67,79,80,71,71,69,70,70,73,68,67,67,59,62,66,53,52,56,50,48,46,47,,,,,,,,,,,,,,,,,,,,,,,,,,,,,,,,,,,,,,,,,,,,,,,,,,,,,,,,,,,,,,,,,,,,,,,,,,,,,,,,,,,,,,,,,,,,,,,,,,,,,,,,,,,,,,,,,,,,,,,,,,,,,,,,,,,,,,,,,,,,,,,,,,,,,,,,,,,,,,,,,,,,,,,,,,,,,,,,,,,,,,,,,,,,,,,,
41,34,36,40,39,42,41,42,49,45,43,45,41,43,45,47,47,53,44,49,47,53,60,62,58,54,62,60,62,68,68,65,67,74,69,70,67,75,74,81,73,76,76,81,75,74,81,81,74,76,71,72,72,72,75,86,81,77,71,74,67,65,57,55,50,,,,,,,,,,,,,,,,,,,,,,,,,,,,,,,,,,,,,,,,,,,,,,,,,,,,,,,,,,,,,,,,,,,,,,,,,,,,,,,,,,,,,,,,,,,,,,,,,,,,,,,,,,,,,,,,,,,,,,,,,,,,,,,,,,,,,,,,,,,,,,,,,,,,,,,,,,,,,,,,,,,,,,,,,,,,,,,,,,,,,,,,,,,,,,,,
42,55,59,62,67,67,70,70,74,80,63,68,60,67,67,60,69,60,60,59,61,61,53,55,54,47,58,43,47,49,60,46,51,47,49,58,50,51,54,52,52,44,53,44,52,47,50,49,48,47,48,51,51,48,55,48,56,49,51,60,55,52,54,50,53,,,,,,,,,,,,,,,,,,,,,,,,,,,,,,,,,,,,,,,,,,,,,,,,,,,,,,,,,,,,,,,,,,,,,,,,,,,,,,,,,,,,,,,,,,,,,,,,,,,,,,,,,,,,,,,,,,,,,,,,,,,,,,,,,,,,,,,,,,,,,,,,,,,,,,,,,,,,,,,,,,,,,,,,,,,,,,,,,,,,,,,,,,,,,,,,
43,58,65,69,69,71,72,78,79,73,74,70,78,78,74,73,83,78,80,76,77,76,79,74,75,81,82,86,88,72,77,79,78,79,72,85,83,77,80,83,73,74,75,68,67,70,75,72,66,65,62,67,65,66,63,55,59,58,56,58,52,54,44,44,34,,,,,,,,,,,,,,,,,,,,,,,,,,,,,,,,,,,,,,,,,,,,,,,,,,,,,,,,,,,,,,,,,,,,,,,,,,,,,,,,,,,,,,,,,,,,,,,,,,,,,,,,,,,,,,,,,,,,,,,,,,,,,,,,,,,,,,,,,,,,,,,,,,,,,,,,,,,,,,,,,,,,,,,,,,,,,,,,,,,,,,,,,,,,,,,,
44,33,35,40,40,42,38,39,44,43,42,44,47,46,47,50,57,55,54,56,55,60,61,65,63,67,63,77,67,67,71,67,73,87,80,76,68,76,80,78,79,80,82,75,82,84,73,73,77,77,78,77,79,72,76,66,72,75,77,73,76,67,54,53,53,,,,,,,,,,,,,,,,,,,,,,,,,,,,,,,,,,,,,,,,,,,,,,,,,,,,,,,,,,,,,,,,,,,,,,,,,,,,,,,,,,,,,,,,,,,,,,,,,,,,,,,,,,,,,,,,,,,,,,,,,,,,,,,,,,,,,,,,,,,,,,,,,,,,,,,,,,,,,,,,,,,,,,,,,,,,,,,,,,,,,,,,,,,,,,,,
45,51,58,62,53,61,59,64,65,64,62,56,54,56,54,54,52,55,52,54,44,44,45,45,46,48,40,47,46,45,43,44,43,44,46,44,43,45,47,43,49,40,45,44,45,43,44,49,45,44,50,49,51,48,55,53,59,60,57,52,50,56,59,48,47,,,,,,,,,,,,,,,,,,,,,,,,,,,,,,,,,,,,,,,,,,,,,,,,,,,,,,,,,,,,,,,,,,,,,,,,,,,,,,,,,,,,,,,,,,,,,,,,,,,,,,,,,,,,,,,,,,,,,,,,,,,,,,,,,,,,,,,,,,,,,,,,,,,,,,,,,,,,,,,,,,,,,,,,,,,,,,,,,,,,,,,,,,,,,,,,
46,60,66,65,67,73,78,75,74,71,72,74,73,77,75,80,76,73,75,78,82,82,76,74,80,77,77,80,78,71,74,87,74,80,75,73,77,70,71,78,70,76,71,65,64,70,62,69,71,62,60,59,65,62,62,56,56,56,57,50,48,46,39,39,40,,,,,,,,,,,,,,,,,,,,,,,,,,,,,,,,,,,,,,,,,,,,,,,,,,,,,,,,,,,,,,,,,,,,,,,,,,,,,,,,,,,,,,,,,,,,,,,,,,,,,,,,,,,,,,,,,,,,,,,,,,,,,,,,,,,,,,,,,,,,,,,,,,,,,,,,,,,,,,,,,,,,,,,,,,,,,,,,,,,,,,,,,,,,,,,,
47,40,46,48,54,49,52,53,59,52,52,60,62,62,60,64,66,64,69,66,62,67,65,72,78,84,69,73,69,74,79,80,76,77,81,81,87,88,77,74,71,84,77,76,76,75,74,89,78,83,78,75,75,76,82,85,79,76,73,77,70,64,67,61,56,,,,,,,,,,,,,,,,,,,,,,,,,,,,,,,,,,,,,,,,,,,,,,,,,,,,,,,,,,,,,,,,,,,,,,,,,,,,,,,,,,,,,,,,,,,,,,,,,,,,,,,,,,,,,,,,,,,,,,,,,,,,,,,,,,,,,,,,,,,,,,,,,,,,,,,,,,,,,,,,,,,,,,,,,,,,,,,,,,,,,,,,,,,,,,,,
48,62,73,69,68,74,75,82,69,73,78,82,73,83,71,76,78,71,75,82,77,82,77,74,83,81,71,81,74,85,85,79,77,80,91,95,82,79,75,82,82,78,77,75,74,79,81,75,82,72,76,79,70,66,70,67,68,69,64,63,54,56,58,50,46,,,,,,,,,,,,,,,,,,,,,,,,,,,,,,,,,,,,,,,,,,,,,,,,,,,,,,,,,,,,,,,,,,,,,,,,,,,,,,,,,,,,,,,,,,,,,,,,,,,,,,,,,,,,,,,,,,,,,,,,,,,,,,,,,,,,,,,,,,,,,,,,,,,,,,,,,,,,,,,,,,,,,,,,,,,,,,,,,,,,,,,,,,,,,,,,
49,37,40,42,44,45,45,46,51,50,52,45,41,47,46,49,48,51,47,56,58,61,57,59,63,61,66,70,68,74,66,78,78,73,73,79,69,81,76,74,75,78,74,73,77,72,80,77,75,79,77,83,70,40,82,72,73,74,81,69,69,61,65,62,62,,,,,,,,,,,,,,,,,,,,,,,,,,,,,,,,,,,,,,,,,,,,,,,,,,,,,,,,,,,,,,,,,,,,,,,,,,,,,,,,,,,,,,,,,,,,,,,,,,,,,,,,,,,,,,,,,,,,,,,,,,,,,,,,,,,,,,,,,,,,,,,,,,,,,,,,,,,,,,,,,,,,,,,,,,,,,,,,,,,,,,,,,,,,,,,,
50,55,66,55,68,70,66,69,78,69,58,60,59,60,64,65,58,60,51,59,52,58,56,55,51,44,46,44,43,48,42,44,46,49,44,46,46,45,45,45,50,47,48,47,42,47,47,48,44,40,48,47,48,52,48,48,52,50,47,55,54,54,49,49,42,,,,,,,,,,,,,,,,,,,,,,,,,,,,,,,,,,,,,,,,,,,,,,,,,,,,,,,,,,,,,,,,,,,,,,,,,,,,,,,,,,,,,,,,,,,,,,,,,,,,,,,,,,,,,,,,,,,,,,,,,,,,,,,,,,,,,,,,,,,,,,,,,,,,,,,,,,,,,,,,,,,,,,,,,,,,,,,,,,,,,,,,,,,,,,,,
51,63,62,67,75,70,75,72,70,71,69,74,78,76,76,73,81,82,74,80,79,72,76,74,77,71,74,75,70,77,71,76,73,74,78,70,74,70,77,77,74,75,73,71,66,72,76,66,72,69,69,63,66,59,55,56,59,61,52,51,57,52,46,41,39,,,,,,,,,,,,,,,,,,,,,,,,,,,,,,,,,,,,,,,,,,,,,,,,,,,,,,,,,,,,,,,,,,,,,,,,,,,,,,,,,,,,,,,,,,,,,,,,,,,,,,,,,,,,,,,,,,,,,,,,,,,,,,,,,,,,,,,,,,,,,,,,,,,,,,,,,,,,,,,,,,,,,,,,,,,,,,,,,,,,,,,,,,,,,,,,
52,35,36,43,38,41,38,42,43,42,47,45,50,44,48,44,48,59,57,57,52,60,56,61,62,60,68,70,67,67,69,66,69,74,68,72,68,75,73,68,70,75,75,71,76,80,77,75,79,64,68,74,73,75,77,76,72,71,67,73,66,60,59,56,46,,,,,,,,,,,,,,,,,,,,,,,,,,,,,,,,,,,,,,,,,,,,,,,,,,,,,,,,,,,,,,,,,,,,,,,,,,,,,,,,,,,,,,,,,,,,,,,,,,,,,,,,,,,,,,,,,,,,,,,,,,,,,,,,,,,,,,,,,,,,,,,,,,,,,,,,,,,,,,,,,,,,,,,,,,,,,,,,,,,,,,,,,,,,,,,,
53,52,53,63,59,68,64,63,61,67,66,59,61,62,54,61,59,58,53,57,49,47,51,54,48,47,49,52,48,50,54,52,52,53,50,47,48,52,46,52,55,53,55,54,50,53,51,50,50,55,55,52,54,54,59,59,64,62,61,69,63,58,59,61,55,,,,,,,,,,,,,,,,,,,,,,,,,,,,,,,,,,,,,,,,,,,,,,,,,,,,,,,,,,,,,,,,,,,,,,,,,,,,,,,,,,,,,,,,,,,,,,,,,,,,,,,,,,,,,,,,,,,,,,,,,,,,,,,,,,,,,,,,,,,,,,,,,,,,,,,,,,,,,,,,,,,,,,,,,,,,,,,,,,,,,,,,,,,,,,,,
54,59,60,68,69,67,69,65,65,74,71,72,78,74,71,71,72,69,75,81,70,73,68,74,73,70,65,72,75,66,82,71,86,70,76,80,66,65,63,62,68,69,69,61,61,58,57,60,64,59,57,55,53,55,49,52,46,50,42,43,42,45,38,41,34,,,,,,,,,,,,,,,,,,,,,,,,,,,,,,,,,,,,,,,,,,,,,,,,,,,,,,,,,,,,,,,,,,,,,,,,,,,,,,,,,,,,,,,,,,,,,,,,,,,,,,,,,,,,,,,,,,,,,,,,,,,,,,,,,,,,,,,,,,,,,,,,,,,,,,,,,,,,,,,,,,,,,,,,,,,,,,,,,,,,,,,,,,,,,,,,
55,38,46,39,49,54,52,52,54,50,54,62,62,61,62,58,70,71,67,64,66,64,65,73,71,68,75,74,68,81,87,77,74,78,77,85,79,81,88,86,74,77,77,81,76,75,73,79,71,74,71,83,74,80,74,77,73,72,74,85,77,62,64,58,65,,,,,,,,,,,,,,,,,,,,,,,,,,,,,,,,,,,,,,,,,,,,,,,,,,,,,,,,,,,,,,,,,,,,,,,,,,,,,,,,,,,,,,,,,,,,,,,,,,,,,,,,,,,,,,,,,,,,,,,,,,,,,,,,,,,,,,,,,,,,,,,,,,,,,,,,,,,,,,,,,,,,,,,,,,,,,,,,,,,,,,,,,,,,,,,,
56,48,61,62,62,63,70,70,64,66,66,75,77,72,73,73,69,74,73,69,73,78,67,74,73,76,72,74,70,69,73,69,69,66,75,71,71,71,71,71,67,72,74,70,65,71,65,63,69,66,64,64,56,58,55,55,57,54,52,53,47,45,40,38,38,,,,,,,,,,,,,,,,,,,,,,,,,,,,,,,,,,,,,,,,,,,,,,,,,,,,,,,,,,,,,,,,,,,,,,,,,,,,,,,,,,,,,,,,,,,,,,,,,,,,,,,,,,,,,,,,,,,,,,,,,,,,,,,,,,,,,,,,,,,,,,,,,,,,,,,,,,,,,,,,,,,,,,,,,,,,,,,,,,,,,,,,,,,,,,,,
57,33,38,38,47,41,45,45,46,43,49,44,45,48,49,48,44,48,50,50,52,53,56,57,60,58,64,61,64,66,63,67,69,67,67,69,71,66,72,78,75,74,71,68,71,69,76,68,75,70,86,76,77,71,75,76,67,71,77,66,73,61,59,58,56,,,,,,,,,,,,,,,,,,,,,,,,,,,,,,,,,,,,,,,,,,,,,,,,,,,,,,,,,,,,,,,,,,,,,,,,,,,,,,,,,,,,,,,,,,,,,,,,,,,,,,,,,,,,,,,,,,,,,,,,,,,,,,,,,,,,,,,,,,,,,,,,,,,,,,,,,,,,,,,,,,,,,,,,,,,,,,,,,,,,,,,,,,,,,,,,
58,53,56,59,62,54,61,62,67,65,60,54,59,58,59,57,53,52,49,52,49,53,51,50,44,42,38,39,45,42,41,42,39,47,42,43,40,46,43,41,39,40,44,45,43,47,40,44,37,41,43,43,47,44,47,44,45,45,50,48,48,50,45,46,43,,,,,,,,,,,,,,,,,,,,,,,,,,,,,,,,,,,,,,,,,,,,,,,,,,,,,,,,,,,,,,,,,,,,,,,,,,,,,,,,,,,,,,,,,,,,,,,,,,,,,,,,,,,,,,,,,,,,,,,,,,,,,,,,,,,,,,,,,,,,,,,,,,,,,,,,,,,,,,,,,,,,,,,,,,,,,,,,,,,,,,,,,,,,,,,,
59,52,54,59,61,66,68,67,65,69,70,67,72,67,70,68,67,68,69,66,75,68,73,70,68,74,67,67,65,69,69,67,69,71,69,70,75,65,75,78,66,71,64,62,62,65,61,62,58,59,54,61,60,56,57,46,47,46,49,49,46,44,41,34,31,,,,,,,,,,,,,,,,,,,,,,,,,,,,,,,,,,,,,,,,,,,,,,,,,,,,,,,,,,,,,,,,,,,,,,,,,,,,,,,,,,,,,,,,,,,,,,,,,,,,,,,,,,,,,,,,,,,,,,,,,,,,,,,,,,,,,,,,,,,,,,,,,,,,,,,,,,,,,,,,,,,,,,,,,,,,,,,,,,,,,,,,,,,,,,,,
60,33,35,38,36,37,39,40,40,43,43,45,46,45,47,48,44,58,55,56,55,54,56,57,55,60,68,66,62,59,64,71,70,62,69,73,65,70,68,68,65,68,69,68,67,72,71,69,69,71,72,62,63,67,65,65,67,66,70,64,61,59,51,54,47,,,,,,,,,,,,,,,,,,,,,,,,,,,,,,,,,,,,,,,,,,,,,,,,,,,,,,,,,,,,,,,,,,,,,,,,,,,,,,,,,,,,,,,,,,,,,,,,,,,,,,,,,,,,,,,,,,,,,,,,,,,,,,,,,,,,,,,,,,,,,,,,,,,,,,,,,,,,,,,,,,,,,,,,,,,,,,,,,,,,,,,,,,,,,,,,
61,39,44,48,49,50,48,43,52,49,50,42,43,43,43,43,39,43,42,41,36,32,35,35,38,40,37,34,35,37,35,37,37,37,35,38,38,36,35,34,38,38,35,35,37,35,34,39,40,40,37,38,38,39,44,47,44,48,45,47,49,48,45,44,41,,,,,,,,,,,,,,,,,,,,,,,,,,,,,,,,,,,,,,,,,,,,,,,,,,,,,,,,,,,,,,,,,,,,,,,,,,,,,,,,,,,,,,,,,,,,,,,,,,,,,,,,,,,,,,,,,,,,,,,,,,,,,,,,,,,,,,,,,,,,,,,,,,,,,,,,,,,,,,,,,,,,,,,,,,,,,,,,,,,,,,,,,,,,,,,,
62,53,54,53,58,56,59,58,58,60,57,65,60,65,59,54,60,61,55,57,64,58,63,53,61,59,60,63,57,68,64,57,59,60,55,59,60,56,58,55,54,53,53,57,46,55,49,57,47,47,45,48,45,49,45,45,41,43,40,41,37,34,37,33,31,,,,,,,,,,,,,,,,,,,,,,,,,,,,,,,,,,,,,,,,,,,,,,,,,,,,,,,,,,,,,,,,,,,,,,,,,,,,,,,,,,,,,,,,,,,,,,,,,,,,,,,,,,,,,,,,,,,,,,,,,,,,,,,,,,,,,,,,,,,,,,,,,,,,,,,,,,,,,,,,,,,,,,,,,,,,,,,,,,,,,,,,,,,,,,,,
63,33,35,38,39,42,40,43,39,38,43,48,54,49,49,47,51,52,50,54,60,61,61,57,55,61,60,61,58,57,63,61,63,59,62,61,63,65,63,68,59,61,66,62,66,68,66,63,70,63,65,63,58,52,67,57,56,58,59,59,59,60,55,53,48,,,,,,,,,,,,,,,,,,,,,,,,,,,,,,,,,,,,,,,,,,,,,,,,,,,,,,,,,,,,,,,,,,,,,,,,,,,,,,,,,,,,,,,,,,,,,,,,,,,,,,,,,,,,,,,,,,,,,,,,,,,,,,,,,,,,,,,,,,,,,,,,,,,,,,,,,,,,,,,,,,,,,,,,,,,,,,,,,,,,,,,,,,,,,,,,
,,,,,,,,,,,,,,,,,,,,,,,,,,,,,,,,,,,,,,,,,,,,,,,,,,,,,,,,,,,,,,,,,,,,,,,,,,,,,,,,,,,,,,,,,,,,,,,,,,,,,,,,,,,,,,,,,,,,,,,,,,,,,,,,,,,,,,,,,,,,,,,,,,,,,,,,,,,,,,,,,,,,,,,,,,,,,,,,,,,,,,,,,,,,,,,,,,,,,,,,,,,,,,,,,,,,,,,,,,,,,,,,,,,,,,,,,,,,,,,,,,,,,,,,,,,,,,,,
value,0,1,2,3,4,5,6,7,8,9,10,11,12,13,14,15,16,17,18,19,20,21,22,23,24,25,26,27,28,29,30,31,32,33,34,35,36,37,38,39,40,41,42,43,44,45,46,47,48,49,50,51,52,53,54,55,56,57,58,59,60,61,62,63,64,65,66,67,68,69,70,71,72,73,74,75,76,77,78,79,80,81,82,83,84,85,86,87,88,89,90,91,92,93,94,95,96,97,98,99,100,101,102,103,104,105,106,107,108,109,110,111,112,113,114,115,116,117,118,119,120,121,122,123,124,125,126,127,128,129,130,131,132,133,134,135,136,137,138,139,140,141,142,143,144,145,146,147,148,149,150,151,152,153,154,155,156,157,158,159,160,161,162,163,164,165,166,167,168,169,170,171,172,173,174,175,176,177,178,179,180,181,182,183,184,185,186,187,188,189,190,191,192,193,194,195,196,197,198,199,200,201,202,203,204,205,206,207,208,209,210,211,212,213,214,215,216,217,218,219,220,221,222,223,224,225,226,227,228,229,230,231,232,233,234,235,236,237,238,239,240,241,242,243,244,245,246,247,248,249,250,251,252,253,254,255
count,0,0,0,0,0,0,0,0,0,0,0,0,0,0,0,0,0,0,0,0,0,0,0,0,0,0,0,0,1,1,1,3,5,15,15,25,26,33,46,25,56,47,54,74,71,89,85,90,104,85,89,72,82,85,83,93,91,75,85,90,80,96,86,76,63,83,87,101,84,96,103,132,109,121,125,144,104,120,101,76,70,61,56,41,23,15,17,10,8,6,1,2,1,0,1,1,0,0,0,0,0,0,0,0,0,0,0,0,0,0,0,0,0,0,0,0,0,0,0,0,0,0,0,0,0,0,0,0,0,0,0,0,0,0,0,0,0,0,0,0,0,0,0,0,0,0,0,0,0,0,0,0,0,0,0,0,0,0,0,0,0,0,0,0,0,0,0,0,0,0,0,0,0,0,0,0,0,0,0,0,0,0,0,0,0,0,0,0,0,0,0,0,0,0,0,0,0,0,0,0,0,0,0,0,0,0,0,0,0,0,0,0,0,0,0,0,0,0,0,0,0,0,0,0,0,0,0,0,0,0,0,0,0,0,0,0,0,0,0,0,0,0,0,0,0,0,0,0,0,0,0,0,0,0,0,0
,,,,,,,,,,,,,,,,,,,,,,,,,,,,,,,,,,,,,,,,,,,,,,,,,,,,,,,,,,,,,,,,,,,,,,,,,,,,,,,,,,,,,,,,,,,,,,,,,,,,,,,,,,,,,,,,,,,,,,,,,,,,,,,,,,,,,,,,,,,,,,,,,,,,,,,,,,,,,,,,,,,,,,,,,,,,,,,,,,,,,,,,,,,,,,,,,,,,,,,,,,,,,,,,,,,,,,,,,,,,,,,,,,,,,,,,,,,,,,,,,,,,,,,,,,,,,,,,
11,,,,,,,,,,,,,,,,,,,,,,,,,,,,,,,,,,,,,,,,,,,,,,,,,,,,,,,,,,,,,,,,,,,,,,,,,,,,,,,,,,,,,,,,,,,,,,,,,,,,,,,,,,,,,,,,,,,,,,,,,,,,,,,,,,,,,,,,,,,,,,,,,,,,,,,,,,,,,,,,,,,,,,,,,,,,,,,,,,,,,,,,,,,,,,,,,,,,,,,,,,,,,,,,,,,,,,,,,,,,,,,,,,,,,,,,,,,,,,,,,,,,,,,,,,,,,,,,
,0,1,2,3,4,5,6,7,8,9,10,11,12,13,14,15,16,17,18,19,20,21,22,23,24,25,26,27,28,29,30,31,32,33,34,35,36,37,38,39,40,41,42,43,44,45,46,47,48,49,50,51,52,53,54,55,56,57,58,59,60,61,62,63,61.62817383,,,,,,,,,,,,,,,,,,,,,,,,,,,,,,,,,,,,,,,,,,,,,,,,,,,,,,,,,,,,,,,,,,,,,,,,,,,,,,,,,,,,,,,,,,,,,,,,,,,,,,,,,,,,,,,,,,,,,,,,,,,,,,,,,,,,,,,,,,,,,,,,,,,,,,,,,,,,,,,,,,,,,,,,,,,,,,,,,,,,,,,,,,,,,,,
0,47,44,60,56,61,56,57,52,54,58,60,56,60,59,58,60,58,63,69,54,57,57,58,56,62,58,62,63,51,54,62,57,59,54,56,56,60,55,58,61,62,62,55,56,59,55,55,51,56,51,53,50,50,50,48,49,50,52,43,46,40,39,41,35,,,,,,,,,,,,,,,,,,,,,,,,,,,,,,,,,,,,,,,,,,,,,,,,,,,,,,,,,,,,,,,,,,,,,,,,,,,,,,,,,,,,,,,,,,,,,,,,,,,,,,,,,,,,,,,,,,,,,,,,,,,,,,,,,,,,,,,,,,,,,,,,,,,,,,,,,,,,,,,,,,,,,,,,,,,,,,,,,,,,,,,,,,,,,,,,
1,31,36,34,32,41,40,39,34,37,38,41,38,41,45,37,43,44,38,41,41,47,44,46,49,48,46,55,49,54,56,55,56,56,62,60,54,53,52,60,60,58,55,57,57,64,62,63,61,61,62,59,59,62,60,57,61,52,61,61,55,57,55,51,45,,,,,,,,,,,,,,,,,,,,,,,,,,,,,,,,,,,,,,,,,,,,,,,,,,,,,,,,,,,,,,,,,,,,,,,,,,,,,,,,,,,,,,,,,,,,,,,,,,,,,,,,,,,,,,,,,,,,,,,,,,,,,,,,,,,,,,,,,,,,,,,,,,,,,,,,,,,,,,,,,,,,,,,,,,,,,,,,,,,,,,,,,,,,,,,,
2,47,50,51,57,57,60,51,50,56,52,50,56,57,47,50,51,47,47,43,42,50,46,46,41,37,37,39,38,36,37,37,38,38,35,40,41,38,41,38,37,37,39,41,38,35,42,37,47,38,38,37,38,37,43,41,40,40,41,44,43,40,41,38,36,,,,,,,,,,,,,,,,,,,,,,,,,,,,,,,,,,,,,,,,,,,,,,,,,,,,,,,,,,,,,,,,,,,,,,,,,,,,,,,,,,,,,,,,,,,,,,,,,,,,,,,,,,,,,,,,,,,,,,,,,,,,,,,,,,,,,,,,,,,,,,,,,,,,,,,,,,,,,,,,,,,,,,,,,,,,,,,,,,,,,,,,,,,,,,,,
3,46,55,55,57,60,57,63,66,73,61,63,69,63,65,60,67,64,67,67,59,65,65,63,69,60,65,68,66,66,66,65,61,68,63,63,60,64,67,62,66,62,64,68,58,63,60,57,53,56,53,57,53,53,53,43,43,48,40,47,41,41,34,34,31,,,,,,,,,,,,,,,,,,,,,,,,,,,,,,,,,,,,,,,,,,,,,,,,,,,,,,,,,,,,,,,,,,,,,,,,,,,,,,,,,,,,,,,,,,,,,,,,,,,,,,,,,,,,,,,,,,,,,,,,,,,,,,,,,,,,,,,,,,,,,,,,,,,,,,,,,,,,,,,,,,,,,,,,,,,,,,,,,,,,,,,,,,,,,,,,
4,36,38,39,42,40,45,47,48,45,42,47,49,43,48,54,55,50,57,55,56,56,55,61,59,59,61,63,62,59,61,71,60,71,73,70,71,73,73,69,73,70,69,64,73,80,70,68,74,69,64,64,68,73,68,66,64,66,67,66,63,60,66,52,52,,,,,,,,,,,,,,,,,,,,,,,,,,,,,,,,,,,,,,,,,,,,,,,,,,,,,,,,,,,,,,,,,,,,,,,,,,,,,,,,,,,,,,,,,,,,,,,,,,,,,,,,,,,,,,,,,,,,,,,,,,,,,,,,,,,,,,,,,,,,,,,,,,,,,,,,,,,,,,,,,,,,,,,,,,,,,,,,,,,,,,,,,,,,,,,,
5,41,50,53,51,52,51,51,51,56,59,48,49,42,49,47,50,49,46,40,37,40,39,38,36,40,34,43,36,37,38,36,38,37,38,40,37,37,39,37,38,36,40,40,36,35,38,38,36,44,41,40,43,47,48,52,54,50,52,50,52,52,49,44,43,,,,,,,,,,,,,,,,,,,,,,,,,,,,,,,,,,,,,,,,,,,,,,,,,,,,,,,,,,,,,,,,,,,,,,,,,,,,,,,,,,,,,,,,,,,,,,,,,,,,,,,,,,,,,,,,,,,,,,,,,,,,,,,,,,,,,,,,,,,,,,,,,,,,,,,,,,,,,,,,,,,,,,,,,,,,,,,,,,,,,,,,,,,,,,,,
6,53,56,63,62,67,64,73,73,65,67,70,64,67,69,66,70,73,69,69,73,70,67,64,73,62,72,67,71,65,69,68,68,63,70,62,66,62,59,61,71,69,60,57,55,57,57,58,59,47,53,51,57,59,52,52,52,41,45,43,38,39,35,34,32,,,,,,,,,,,,,,,,,,,,,,,,,,,,,,,,,,,,,,,,,,,,,,,,,,,,,,,,,,,,,,,,,,,,,,,,,,,,,,,,,,,,,,,,,,,,,,,,,,,,,,,,,,,,,,,,,,,,,,,,,,,,,,,,,,,,,,,,,,,,,,,,,,,,,,,,,,,,,,,,,,,,,,,,,,,,,,,,,,,,,,,,,,,,,,,,
7,28,32,33,36,34,40,41,44,46,48,50,52,53,54,50,60,54,62,57,65,58,69,64,67,67,66,69,74,68,69,71,73,80,76,73,72,77,76,81,75,71,85,76,77,73,71,68,75,69,68,79,75,69,74,62,74,69,69,73,66,63,57,49,54,,,,,,,,,,,,,,,,,,,,,,,,,,,,,,,,,,,,,,,,,,,,,,,,,,,,,,,,,,,,,,,,,,,,,,,,,,,,,,,,,,,,,,,,,,,,,,,,,,,,,,,,,,,,,,,,,,,,,,,,,,,,,,,,,,,,,,,,,,,,,,,,,,,,,,,,,,,,,,,,,,,,,,,,,,,,,,,,,,,,,,,,,,,,,,,,
8,64,64,66,71,75,72,79,80,74,76,84,78,70,73,80,74,80,74,75,74,73,74,72,81,75,79,73,79,86,73,79,79,79,82,79,75,76,73,75,81,77,75,85,71,76,75,78,69,70,72,71,66,64,62,64,64,64,62,60,51,53,46,45,43,,,,,,,,,,,,,,,,,,,,,,,,,,,,,,,,,,,,,,,,,,,,,,,,,,,,,,,,,,,,,,,,,,,,,,,,,,,,,,,,,,,,,,,,,,,,,,,,,,,,,,,,,,,,,,,,,,,,,,,,,,,,,,,,,,,,,,,,,,,,,,,,,,,,,,,,,,,,,,,,,,,,,,,,,,,,,,,,,,,,,,,,,,,,,,,,
9,35,35,41,47,42,45,45,45,47,44,43,43,41,48,45,46,51,52,55,51,57,61,59,59,61,62,64,62,61,69,65,77,71,63,66,72,74,78,75,81,78,77,80,88,80,77,71,76,81,72,76,80,80,75,73,67,73,71,65,69,66,60,58,51,,,,,,,,,,,,,,,,,,,,,,,,,,,,,,,,,,,,,,,,,,,,,,,,,,,,,,,,,,,,,,,,,,,,,,,,,,,,,,,,,,,,,,,,,,,,,,,,,,,,,,,,,,,,,,,,,,,,,,,,,,,,,,,,,,,,,,,,,,,,,,,,,,,,,,,,,,,,,,,,,,,,,,,,,,,,,,,,,,,,,,,,,,,,,,,,
10,58,59,63,61,70,67,71,62,65,64,60,62,65,66,59,57,56,56,57,52,54,54,56,45,47,43,42,46,43,49,43,45,43,45,47,47,47,47,46,47,47,42,45,49,41,44,44,49,44,47,49,46,46,46,51,49,51,53,55,52,54,52,51,47,,,,,,,,,,,,,,,,,,,,,,,,,,,,,,,,,,,,,,,,,,,,,,,,,,,,,,,,,,,,,,,,,,,,,,,,,,,,,,,,,,,,,,,,,,,,,,,,,,,,,,,,,,,,,,,,,,,,,,,,,,,,,,,,,,,,,,,,,,,,,,,,,,,,,,,,,,,,,,,,,,,,,,,,,,,,,,,,,,,,,,,,,,,,,,,,
11,60,64,59,65,71,76,72,72,72,70,75,74,74,78,77,74,70,76,72,73,73,84,79,73,77,73,79,85,72,80,74,80,78,74,76,82,79,68,71,73,76,72,68,82,77,70,70,63,66,68,63,67,63,61,53,55,54,53,60,58,48,41,37,34,,,,,,,,,,,,,,,,,,,,,,,,,,,,,,,,,,,,,,,,,,,,,,,,,,,,,,,,,,,,,,,,,,,,,,,,,,,,,,,,,,,,,,,,,,,,,,,,,,,,,,,,,,,,,,,,,,,,,,,,,,,,,,,,,,,,,,,,,,,,,,,,,,,,,,,,,,,,,,,,,,,,,,,,,,,,,,,,,,,,,,,,,,,,,,,,
12,37,45,49,49,51,51,57,56,57,51,56,59,56,60,61,63,67,70,66,69,66,76,69,69,84,84,76,78,77,79,83,77,78,78,89,81,79,88,86,84,78,94,87,85,79,84,82,83,83,84,82,86,73,81,81,84,78,78,78,71,78,73,73,66,,,,,,,,,,,,,,,,,,,,,,,,,,,,,,,,,,,,,,,,,,,,,,,,,,,,,,,,,,,,,,,,,,,,,,,,,,,,,,,,,,,,,,,,,,,,,,,,,,,,,,,,,,,,,,,,,,,,,,,,,,,,,,,,,,,,,,,,,,,,,,,,,,,,,,,,,,,,,,,,,,,,,,,,,,,,,,,,,,,,,,,,,,,,,,,,
13,52,56,55,56,60,56,55,60,54,64,56,53,53,51,50,52,58,52,47,40,48,46,41,46,42,44,45,42,45,45,42,44,48,44,47,44,44,45,45,49,41,45,46,44,45,46,42,49,53,52,46,49,54,53,60,59,59,61,62,60,57,59,50,52,,,,,,,,,,,,,,,,,,,,,,,,,,,,,,,,,,,,,,,,,,,,,,,,,,,,,,,,,,,,,,,,,,,,,,,,,,,,,,,,,,,,,,,,,,,,,,,,,,,,,,,,,,,,,,,,,,,,,,,,,,,,,,,,,,,,,,,,,,,,,,,,,,,,,,,,,,,,,,,,,,,,,,,,,,,,,,,,,,,,,,,,,,,,,,,,
14,53,58,63,70,65,64,78,69,80,73,73,67,73,74,79,76,81,74,76,79,72,81,81,72,72,75,72,77,80,70,71,67,83,72,71,70,71,70,73,64,66,67,59,65,60,64,63,58,57,52,60,54,54,52,49,48,46,43,40,40,39,36,37,33,,,,,,,,,,,,,,,,,,,,,,,,,,,,,,,,,,,,,,,,,,,,,,,,,,,,,,,,,,,,,,,,,,,,,,,,,,,,,,,,,,,,,,,,,,,,,,,,,,,,,,,,,,,,,,,,,,,,,,,,,,,,,,,,,,,,,,,,,,,,,,,,,,,,,,,,,,,,,,,,,,,,,,,,,,,,,,,,,,,,,,,,,,,,,,,,
15,31,36,36,40,45,47,48,49,56,52,50,58,57,60,55,63,65,60,70,69,62,74,67,68,73,67,77,80,82,79,74,74,76,79,77,76,74,78,85,73,77,76,76,83,79,76,79,71,71,74,73,74,77,81,72,74,71,70,68,71,61,62,55,53,,,,,,,,,,,,,,,,,,,,,,,,,,,,,,,,,,,,,,,,,,,,,,,,,,,,,,,,,,,,,,,,,,,,,,,,,,,,,,,,,,,,,,,,,,,,,,,,,,,,,,,,,,,,,,,,,,,,,,,,,,,,,,,,,,,,,,,,,,,,,,,,,,,,,,,,,,,,,,,,,,,,,,,,,,,,,,,,,,,,,,,,,,,,,,,,
16,63,64,63,68,71,84,67,74,72,78,79,75,80,78,75,80,84,80,72,79,76,79,84,78,72,74,80,76,75,76,78,80,78,80,72,74,77,85,70,78,82,75,76,84,72,74,71,72,67,75,69,71,65,63,61,62,63,56,52,49,47,49,42,37,,,,,,,,,,,,,,,,,,,,,,,,,,,,,,,,,,,,,,,,,,,,,,,,,,,,,,,,,,,,,,,,,,,,,,,,,,,,,,,,,,,,,,,,,,,,,,,,,,,,,,,,,,,,,,,,,,,,,,,,,,,,,,,,,,,,,,,,,,,,,,,,,,,,,,,,,,,,,,,,,,,,,,,,,,,,,,,,,,,,,,,,,,,,,,,,
17,38,40,43,52,38,52,46,50,49,55,47,50,54,47,58,54,56,58,58,52,67,70,62,66,58,64,75,74,75,73,82,80,72,77,73,77,86,76,76,73,78,84,86,74,81,80,82,74,81,77,86,74,83,80,76,75,69,80,74,78,71,76,61,57,,,,,,,,,,,,,,,,,,,,,,,,,,,,,,,,,,,,,,,,,,,,,,,,,,,,,,,,,,,,,,,,,,,,,,,,,,,,,,,,,,,,,,,,,,,,,,,,,,,,,,,,,,,,,,,,,,,,,,,,,,,,,,,,,,,,,,,,,,,,,,,,,,,,,,,,,,,,,,,,,,,,,,,,,,,,,,,,,,,,,,,,,,,,,,,,
18,57,61,67,67,72,70,74,68,72,64,64,64,68,67,70,66,52,58,57,58,56,56,59,56,51,52,46,47,51,58,47,52,55,49,51,49,47,50,49,47,50,52,51,50,54,50,55,47,50,50,50,47,59,53,60,57,56,54,54,52,55,47,56,42,,,,,,,,,,,,,,,,,,,,,,,,,,,,,,,,,,,,,,,,,,,,,,,,,,,,,,,,,,,,,,,,,,,,,,,,,,,,,,,,,,,,,,,,,,,,,,,,,,,,,,,,,,,,,,,,,,,,,,,,,,,,,,,,,,,,,,,,,,,,,,,,,,,,,,,,,,,,,,,,,,,,,,,,,,,,,,,,,,,,,,,,,,,,,,,,
19,61,78,70,84,73,84,78,86,80,87,81,75,77,81,85,83,85,82,85,81,87,80,87,88,76,81,72,78,81,78,92,84,85,80,86,80,82,80,80,82,91,80,78,82,81,72,80,77,70,68,74,74,74,71,61,68,73,68,67,60,64,50,45,43,,,,,,,,,,,,,,,,,,,,,,,,,,,,,,,,,,,,,,,,,,,,,,,,,,,,,,,,,,,,,,,,,,,,,,,,,,,,,,,,,,,,,,,,,,,,,,,,,,,,,,,,,,,,,,,,,,,,,,,,,,,,,,,,,,,,,,,,,,,,,,,,,,,,,,,,,,,,,,,,,,,,,,,,,,,,,,,,,,,,,,,,,,,,,,,,
20,34,36,40,37,41,41,46,47,43,49,50,53,50,51,55,58,62,56,59,56,58,63,66,67,70,63,69,73,72,69,65,73,75,77,78,76,76,74,74,84,81,81,85,76,80,73,72,78,80,78,78,75,67,81,79,75,69,70,68,70,63,60,59,56,,,,,,,,,,,,,,,,,,,,,,,,,,,,,,,,,,,,,,,,,,,,,,,,,,,,,,,,,,,,,,,,,,,,,,,,,,,,,,,,,,,,,,,,,,,,,,,,,,,,,,,,,,,,,,,,,,,,,,,,,,,,,,,,,,,,,,,,,,,,,,,,,,,,,,,,,,,,,,,,,,,,,,,,,,,,,,,,,,,,,,,,,,,,,,,,
21,54,54,55,66,59,58,60,59,60,56,57,59,58,57,60,61,52,53,50,49,44,47,43,45,46,41,46,43,43,49,47,48,44,46,45,47,48,49,46,48,44,46,41,44,47,44,44,45,49,45,49,56,53,55,60,66,62,56,53,58,61,62,56,49,,,,,,,,,,,,,,,,,,,,,,,,,,,,,,,,,,,,,,,,,,,,,,,,,,,,,,,,,,,,,,,,,,,,,,,,,,,,,,,,,,,,,,,,,,,,,,,,,,,,,,,,,,,,,,,,,,,,,,,,,,,,,,,,,,,,,,,,,,,,,,,,,,,,,,,,,,,,,,,,,,,,,,,,,,,,,,,,,,,,,,,,,,,,,,,,
22,59,61,63,67,69,69,75,75,74,72,90,81,76,77,72,73,72,79,76,74,86,85,78,75,79,79,74,80,77,80,83,79,72,76,81,78,70,74,73,70,71,70,66,62,62,60,68,60,58,59,57,57,60,53,51,57,48,41,42,51,40,39,34,35,,,,,,,,,,,,,,,,,,,,,,,,,,,,,,,,,,,,,,,,,,,,,,,,,,,,,,,,,,,,,,,,,,,,,,,,,,,,,,,,,,,,,,,,,,,,,,,,,,,,,,,,,,,,,,,,,,,,,,,,,,,,,,,,,,,,,,,,,,,,,,,,,,,,,,,,,,,,,,,,,,,,,,,,,,,,,,,,,,,,,,,,,,,,,,,,
23,32,37,39,37,41,50,42,42,46,49,53,56,55,55,57,64,59,62,65,60,78,69,73,74,72,69,79,83,83,86,76,89,81,75,81,75,85,77,80,78,76,76,78,78,76,76,76,81,77,77,75,75,80,83,84,83,77,81,72,70,65,58,57,55,,,,,,,,,,,,,,,,,,,,,,,,,,,,,,,,,,,,,,,,,,,,,,,,,,,,,,,,,,,,,,,,,,,,,,,,,,,,,,,,,,,,,,,,,,,,,,,,,,,,,,,,,,,,,,,,,,,,,,,,,,,,,,,,,,,,,,,,,,,,,,,,,,,,,,,,,,,,,,,,,,,,,,,,,,,,,,,,,,,,,,,,,,,,,,,,
24,66,65,71,71,74,69,77,77,68,75,80,76,74,77,75,79,77,77,77,75,78,74,74,79,78,80,78,69,73,75,72,85,76,74,76,74,69,75,78,79,70,85,78,71,70,73,75,71,72,73,72,66,75,65,66,62,67,60,59,55,50,52,51,48,,,,,,,,,,,,,,,,,,,,,,,,,,,,,,,,,,,,,,,,,,,,,,,,,,,,,,,,,,,,,,,,,,,,,,,,,,,,,,,,,,,,,,,,,,,,,,,,,,,,,,,,,,,,,,,,,,,,,,,,,,,,,,,,,,,,,,,,,,,,,,,,,,,,,,,,,,,,,,,,,,,,,,,,,,,,,,,,,,,,,,,,,,,,,,,,
25,35,37,36,46,39,43,43,44,43,47,41,42,41,44,49,50,52,51,50,48,57,54,54,57,57,57,58,62,60,63,67,73,64,68,73,68,74,72,77,75,74,74,85,87,72,68,81,76,76,70,76,72,75,72,73,72,75,72,69,69,65,59,58,57,,,,,,,,,,,,,,,,,,,,,,,,,,,,,,,,,,,,,,,,,,,,,,,,,,,,,,,,,,,,,,,,,,,,,,,,,,,,,,,,,,,,,,,,,,,,,,,,,,,,,,,,,,,,,,,,,,,,,,,,,,,,,,,,,,,,,,,,,,,,,,,,,,,,,,,,,,,,,,,,,,,,,,,,,,,,,,,,,,,,,,,,,,,,,,,,
26,54,57,64,65,64,65,62,65,65,65,61,57,63,59,69,54,53,56,57,56,54,58,55,51,48,50,47,49,49,43,46,49,48,47,45,46,50,44,49,47,47,47,46,49,43,50,49,49,47,47,43,51,50,56,50,51,44,48,56,53,54,53,49,47,,,,,,,,,,,,,,,,,,,,,,,,,,,,,,,,,,,,,,,,,,,,,,,,,,,,,,,,,,,,,,,,,,,,,,,,,,,,,,,,,,,,,,,,,,,,,,,,,,,,,,,,,,,,,,,,,,,,,,,,,,,,,,,,,,,,,,,,,,,,,,,,,,,,,,,,,,,,,,,,,,,,,,,,,,,,,,,,,,,,,,,,,,,,,,,,
27,54,60,64,65,67,68,66,75,78,80,71,79,77,72,70,72,74,79,68,73,83,74,74,68,75,83,76,70,70,77,73,73,77,71,80,77,81,79,75,73,72,70,69,73,68,59,64,61,61,62,63,61,61,59,57,54,53,51,49,50,52,41,36,36,,,,,,,,,,,,,,,,,,,,,,,,,,,,,,,,,,,,,,,,,,,,,,,,,,,,,,,,,,,,,,,,,,,,,,,,,,,,,,,,,,,,,,,,,,,,,,,,,,,,,,,,,,,,,,,,,,,,,,,,,,,,,,,,,,,,,,,,,,,,,,,,,,,,,,,,,,,,,,,,,,,,,,,,,,,,,,,,,,,,,,,,,,,,,,,,
28,37,41,36,45,43,43,46,44,48,42,43,50,51,46,52,63,55,60,59,62,57,63,64,61,64,68,70,68,66,66,68,69,71,69,72,75,79,74,75,73,76,72,81,72,71,82,84,74,77,74,75,73,72,73,73,80,76,71,69,74,68,61,54,57,,,,,,,,,,,,,,,,,,,,,,,,,,,,,,,,,,,,,,,,,,,,,,,,,,,,,,,,,,,,,,,,,,,,,,,,,,,,,,,,,,,,,,,,,,,,,,,,,,,,,,,,,,,,,,,,,,,,,,,,,,,,,,,,,,,,,,,,,,,,,,,,,,,,,,,,,,,,,,,,,,,,,,,,,,,,,,,,,,,,,,,,,,,,,,,,
29,51,50,56,57,56,60,53,62,59,59,58,59,51,56,52,51,54,52,52,44,43,41,41,42,46,39,44,49,45,48,45,50,45,43,48,47,47,43,47,46,48,45,44,45,44,46,50,48,51,50,42,46,47,53,59,58,52,55,55,54,55,54,53,44,,,,,,,,,,,,,,,,,,,,,,,,,,,,,,,,,,,,,,,,,,,,,,,,,,,,,,,,,,,,,,,,,,,,,,,,,,,,,,,,,,,,,,,,,,,,,,,,,,,,,,,,,,,,,,,,,,,,,,,,,,,,,,,,,,,,,,,,,,,,,,,,,,,,,,,,,,,,,,,,,,,,,,,,,,,,,,,,,,,,,,,,,,,,,,,,
30,56,60,64,66,71,72,71,72,75,70,75,74,67,75,83,70,74,72,77,72,78,75,80,80,74,77,75,76,79,74,73,76,73,77,68,68,69,73,70,65,66,65,67,63,63,62,63,58,55,52,57,54,57,54,55,53,45,42,41,41,41,41,38,36,,,,,,,,,,,,,,,,,,,,,,,,,,,,,,,,,,,,,,,,,,,,,,,,,,,,,,,,,,,,,,,,,,,,,,,,,,,,,,,,,,,,,,,,,,,,,,,,,,,,,,,,,,,,,,,,,,,,,,,,,,,,,,,,,,,,,,,,,,,,,,,,,,,,,,,,,,,,,,,,,,,,,,,,,,,,,,,,,,,,,,,,,,,,,,,,
31,33,37,35,43,42,42,50,50,45,52,53,60,55,62,58,61,60,64,69,67,70,73,70,75,74,73,69,77,76,76,80,80,79,83,77,77,81,70,73,80,80,79,73,76,73,78,82,83,73,70,79,84,67,73,67,74,69,77,69,62,64,57,58,56,,,,,,,,,,,,,,,,,,,,,,,,,,,,,,,,,,,,,,,,,,,,,,,,,,,,,,,,,,,,,,,,,,,,,,,,,,,,,,,,,,,,,,,,,,,,,,,,,,,,,,,,,,,,,,,,,,,,,,,,,,,,,,,,,,,,,,,,,,,,,,,,,,,,,,,,,,,,,,,,,,,,,,,,,,,,,,,,,,,,,,,,,,,,,,,,
32,65,59,69,69,73,73,75,82,78,81,83,82,74,84,75,71,73,75,84,74,89,77,86,80,82,75,77,69,80,80,77,82,78,79,79,78,82,74,78,73,77,75,77,84,76,76,70,71,72,68,70,68,58,70,66,68,74,66,67,58,50,49,48,49,,,,,,,,,,,,,,,,,,,,,,,,,,,,,,,,,,,,,,,,,,,,,,,,,,,,,,,,,,,,,,,,,,,,,,,,,,,,,,,,,,,,,,,,,,,,,,,,,,,,,,,,,,,,,,,,,,,,,,,,,,,,,,,,,,,,,,,,,,,,,,,,,,,,,,,,,,,,,,,,,,,,,,,,,,,,,,,,,,,,,,,,,,,,,,,,
33,38,37,45,43,45,43,47,46,49,46,44,43,45,50,52,51,49,53,48,54,60,62,54,61,58,64,63,67,67,69,70,67,70,75,68,72,76,73,74,78,76,78,74,79,77,82,74,85,79,78,80,76,82,74,79,72,81,70,71,76,62,66,57,51,,,,,,,,,,,,,,,,,,,,,,,,,,,,,,,,,,,,,,,,,,,,,,,,,,,,,,,,,,,,,,,,,,,,,,,,,,,,,,,,,,,,,,,,,,,,,,,,,,,,,,,,,,,,,,,,,,,,,,,,,,,,,,,,,,,,,,,,,,,,,,,,,,,,,,,,,,,,,,,,,,,,,,,,,,,,,,,,,,,,,,,,,,,,,,,,
34,58,54,65,63,70,69,75,69,69,69,63,68,68,72,64,59,60,54,65,62,55,56,57,53,49,50,45,49,48,51,50,50,51,51,45,48,48,51,51,49,46,52,54,54,49,52,52,52,48,49,46,47,47,51,53,51,53,49,54,58,55,53,46,54,,,,,,,,,,,,,,,,,,,,,,,,,,,,,,,,,,,,,,,,,,,,,,,,,,,,,,,,,,,,,,,,,,,,,,,,,,,,,,,,,,,,,,,,,,,,,,,,,,,,,,,,,,,,,,,,,,,,,,,,,,,,,,,,,,,,,,,,,,,,,,,,,,,,,,,,,,,,,,,,,,,,,,,,,,,,,,,,,,,,,,,,,,,,,,,,
35,59,61,68,68,72,72,73,73,70,84,80,84,74,78,74,80,83,74,79,76,76,71,75,73,78,76,77,85,77,77,83,79,77,80,85,76,77,81,77,76,70,70,76,73,69,70,68,64,57,62,65,66,69,60,56,53,51,55,52,52,47,42,41,39,,,,,,,,,,,,,,,,,,,,,,,,,,,,,,,,,,,,,,,,,,,,,,,,,,,,,,,,,,,,,,,,,,,,,,,,,,,,,,,,,,,,,,,,,,,,,,,,,,,,,,,,,,,,,,,,,,,,,,,,,,,,,,,,,,,,,,,,,,,,,,,,,,,,,,,,,,,,,,,,,,,,,,,,,,,,,,,,,,,,,,,,,,,,,,,,
36,38,43,42,42,45,45,47,47,49,45,45,51,49,49,58,57,55,64,63,62,63,64,72,64,73,65,72,67,81,70,72,69,73,74,81,76,78,75,79,79,80,83,78,79,71,79,75,84,77,74,77,81,71,79,79,77,81,73,74,71,62,58,56,54,,,,,,,,,,,,,,,,,,,,,,,,,,,,,,,,,,,,,,,,,,,,,,,,,,,,,,,,,,,,,,,,,,,,,,,,,,,,,,,,,,,,,,,,,,,,,,,,,,,,,,,,,,,,,,,,,,,,,,,,,,,,,,,,,,,,,,,,,,,,,,,,,,,,,,,,,,,,,,,,,,,,,,,,,,,,,,,,,,,,,,,,,,,,,,,,
37,54,63,60,67,68,63,63,65,61,63,65,59,52,64,61,49,59,53,53,47,51,46,45,48,50,48,49,54,47,49,52,48,49,45,48,48,45,50,48,51,50,47,50,49,47,54,46,53,58,50,50,50,55,54,66,61,60,54,65,57,61,56,53,51,,,,,,,,,,,,,,,,,,,,,,,,,,,,,,,,,,,,,,,,,,,,,,,,,,,,,,,,,,,,,,,,,,,,,,,,,,,,,,,,,,,,,,,,,,,,,,,,,,,,,,,,,,,,,,,,,,,,,,,,,,,,,,,,,,,,,,,,,,,,,,,,,,,,,,,,,,,,,,,,,,,,,,,,,,,,,,,,,,,,,,,,,,,,,,,,
38,52,59,60,66,69,71,71,77,74,85,79,75,74,72,79,82,76,81,74,82,74,80,81,80,69,74,73,77,80,75,76,76,76,82,70,80,76,71,71,71,69,65,62,61,66,65,71,70,60,49,58,54,52,56,54,48,45,46,40,40,39,42,36,38,,,,,,,,,,,,,,,,,,,,,,,,,,,,,,,,,,,,,,,,,,,,,,,,,,,,,,,,,,,,,,,,,,,,,,,,,,,,,,,,,,,,,,,,,,,,,,,,,,,,,,,,,,,,,,,,,,,,,,,,,,,,,,,,,,,,,,,,,,,,,,,,,,,,,,,,,,,,,,,,,,,,,,,,,,,,,,,,,,,,,,,,,,,,,,,,
39,38,40,42,46,45,47,47,52,52,56,56,62,60,64,58,62,62,65,69,62,70,72,73,72,78,76,77,81,78,83,77,82,80,79,81,81,77,74,85,75,87,73,80,89,78,71,78,72,85,71,76,67,76,78,79,73,73,74,74,74,70,63,59,54,,,,,,,,,,,,,,,,,,,,,,,,,,,,,,,,,,,,,,,,,,,,,,,,,,,,,,,,,,,,,,,,,,,,,,,,,,,,,,,,,,,,,,,,,,,,,,,,,,,,,,,,,,,,,,,,,,,,,,,,,,,,,,,,,,,,,,,,,,,,,,,,,,,,,,,,,,,,,,,,,,,,,,,,,,,,,,,,,,,,,,,,,,,,,,,,
40,63,66,68,65,70,76,69,75,73,82,74,74,75,70,72,85,78,77,79,79,75,77,79,76,76,84,71,82,78,76,77,80,76,73,76,76,75,71,72,77,74,74,68,77,79,71,67,70,72,66,72,66,63,65,62,57,67,53,53,55,53,50,47,45,,,,,,,,,,,,,,,,,,,,,,,,,,,,,,,,,,,,,,,,,,,,,,,,,,,,,,,,,,,,,,,,,,,,,,,,,,,,,,,,,,,,,,,,,,,,,,,,,,,,,,,,,,,,,,,,,,,,,,,,,,,,,,,,,,,,,,,,,,,,,,,,,,,,,,,,,,,,,,,,,,,,,,,,,,,,,,,,,,,,,,,,,,,,,,,,
41,34,33,40,40,38,40,42,47,45,43,44,42,44,46,50,48,52,46,47,48,54,59,62,55,54,60,57,64,70,72,69,65,70,71,69,65,75,74,81,72,74,80,83,76,79,83,75,73,77,77,72,72,71,75,85,77,81,73,75,69,68,59,52,49,,,,,,,,,,,,,,,,,,,,,,,,,,,,,,,,,,,,,,,,,,,,,,,,,,,,,,,,,,,,,,,,,,,,,,,,,,,,,,,,,,,,,,,,,,,,,,,,,,,,,,,,,,,,,,,,,,,,,,,,,,,,,,,,,,,,,,,,,,,,,,,,,,,,,,,,,,,,,,,,,,,,,,,,,,,,,,,,,,,,,,,,,,,,,,,,
42,53,56,63,66,67,71,63,70,77,63,68,63,65,68,61,66,58,58,57,61,61,56,55,51,46,56,46,45,50,55,45,51,45,49,57,50,54,55,51,52,46,54,44,46,46,50,48,52,48,48,51,49,49,56,51,55,49,52,56,54,55,54,49,54,,,,,,,,,,,,,,,,,,,,,,,,,,,,,,,,,,,,,,,,,,,,,,,,,,,,,,,,,,,,,,,,,,,,,,,,,,,,,,,,,,,,,,,,,,,,,,,,,,,,,,,,,,,,,,,,,,,,,,,,,,,,,,,,,,,,,,,,,,,,,,,,,,,,,,,,,,,,,,,,,,,,,,,,,,,,,,,,,,,,,,,,,,,,,,,,
43,56,66,70,70,69,69,76,76,74,75,73,80,80,75,73,81,78,83,77,77,81,81,75,76,79,81,85,83,75,79,79,78,79,72,78,85,75,82,82,71,77,73,68,63,73,72,71,68,65,63,63,65,68,62,58,60,56,53,54,51,50,44,43,37,,,,,,,,,,,,,,,,,,,,,,,,,,,,,,,,,,,,,,,,,,,,,,,,,,,,,,,,,,,,,,,,,,,,,,,,,,,,,,,,,,,,,,,,,,,,,,,,,,,,,,,,,,,,,,,,,,,,,,,,,,,,,,,,,,,,,,,,,,,,,,,,,,,,,,,,,,,,,,,,,,,,,,,,,,,,,,,,,,,,,,,,,,,,,,,,
44,32,35,40,38,39,39,43,43,43,43,49,46,49,48,50,61,60,54,58,54,62,64,65,60,63,66,76,70,75,76,67,75,88,78,78,69,78,83,77,82,84,83,78,77,83,75,76,78,79,79,78,78,76,75,73,73,75,79,71,73,65,53,58,50,,,,,,,,,,,,,,,,,,,,,,,,,,,,,,,,,,,,,,,,,,,,,,,,,,,,,,,,,,,,,,,,,,,,,,,,,,,,,,,,,,,,,,,,,,,,,,,,,,,,,,,,,,,,,,,,,,,,,,,,,,,,,,,,,,,,,,,,,,,,,,,,,,,,,,,,,,,,,,,,,,,,,,,,,,,,,,,,,,,,,,,,,,,,,,,,
45,55,58,58,54,60,55,65,63,60,59,55,54,53,54,58,53,56,50,50,46,47,47,42,46,47,40,49,49,47,45,43,45,44,46,44,45,45,49,43,48,42,42,44,44,43,43,47,48,48,50,50,49,48,54,58,61,58,58,53,52,58,57,50,49,,,,,,,,,,,,,,,,,,,,,,,,,,,,,,,,,,,,,,,,,,,,,,,,,,,,,,,,,,,,,,,,,,,,,,,,,,,,,,,,,,,,,,,,,,,,,,,,,,,,,,,,,,,,,,,,,,,,,,,,,,,,,,,,,,,,,,,,,,,,,,,,,,,,,,,,,,,,,,,,,,,,,,,,,,,,,,,,,,,,,,,,,,,,,,,,
46,63,63,63,72,73,80,74,73,72,74,72,76,76,73,81,73,76,77,77,78,81,77,76,76,79,72,82,79,77,75,84,70,74,78,70,77,72,71,75,71,70,69,66,65,72,59,67,70,62,56,59,65,62,63,57,55,55,53,49,48,47,41,40,39,,,,,,,,,,,,,,,,,,,,,,,,,,,,,,,,,,,,,,,,,,,,,,,,,,,,,,,,,,,,,,,,,,,,,,,,,,,,,,,,,,,,,,,,,,,,,,,,,,,,,,,,,,,,,,,,,,,,,,,,,,,,,,,,,,,,,,,,,,,,,,,,,,,,,,,,,,,,,,,,,,,,,,,,,,,,,,,,,,,,,,,,,,,,,,,,
47,39,45,45,53,48,49,50,58,54,54,63,62,67,59,62,68,64,74,66,65,69,68,73,78,80,71,72,69,77,81,78,75,80,78,84,84,84,77,73,70,81,79,74,76,77,77,88,81,81,76,74,75,78,81,83,80,72,69,82,71,69,66,62,59,,,,,,,,,,,,,,,,,,,,,,,,,,,,,,,,,,,,,,,,,,,,,,,,,,,,,,,,,,,,,,,,,,,,,,,,,,,,,,,,,,,,,,,,,,,,,,,,,,,,,,,,,,,,,,,,,,,,,,,,,,,,,,,,,,,,,,,,,,,,,,,,,,,,,,,,,,,,,,,,,,,,,,,,,,,,,,,,,,,,,,,,,,,,,,,,
48,66,74,69,68,75,75,81,72,78,82,81,73,86,73,73,75,73,79,83,75,81,79,77,84,81,71,83,82,82,85,80,78,81,92,96,79,75,67,80,84,80,77,74,74,82,82,73,83,72,79,80,69,70,66,66,73,73,62,60,57,58,56,50,45,,,,,,,,,,,,,,,,,,,,,,,,,,,,,,,,,,,,,,,,,,,,,,,,,,,,,,,,,,,,,,,,,,,,,,,,,,,,,,,,,,,,,,,,,,,,,,,,,,,,,,,,,,,,,,,,,,,,,,,,,,,,,,,,,,,,,,,,,,,,,,,,,,,,,,,,,,,,,,,,,,,,,,,,,,,,,,,,,,,,,,,,,,,,,,,,
49,39,38,43,44,43,43,48,52,53,52,45,46,48,47,50,47,50,47,56,57,61,56,58,64,58,65,67,67,69,66,78,76,73,78,76,72,80,76,77,72,81,78,79,78,74,81,79,76,74,72,80,69,77,81,69,73,73,79,71,68,64,65,62,62,,,,,,,,,,,,,,,,,,,,,,,,,,,,,,,,,,,,,,,,,,,,,,,,,,,,,,,,,,,,,,,,,,,,,,,,,,,,,,,,,,,,,,,,,,,,,,,,,,,,,,,,,,,,,,,,,,,,,,,,,,,,,,,,,,,,,,,,,,,,,,,,,,,,,,,,,,,,,,,,,,,,,,,,,,,,,,,,,,,,,,,,,,,,,,,,
50,55,61,54,61,66,64,68,73,66,58,59,61,62,61,65,60,59,53,56,54,58,54,53,50,45,47,46,43,46,44,46,49,45,43,43,48,47,44,45,48,49,48,45,44,49,46,50,47,41,46,45,47,50,47,49,54,53,46,57,53,49,46,49,42,,,,,,,,,,,,,,,,,,,,,,,,,,,,,,,,,,,,,,,,,,,,,,,,,,,,,,,,,,,,,,,,,,,,,,,,,,,,,,,,,,,,,,,,,,,,,,,,,,,,,,,,,,,,,,,,,,,,,,,,,,,,,,,,,,,,,,,,,,,,,,,,,,,,,,,,,,,,,,,,,,,,,,,,,,,,,,,,,,,,,,,,,,,,,,,,
51,59,60,69,68,65,73,72,71,76,71,76,77,77,79,72,82,80,72,81,87,79,77,75,75,71,77,75,73,77,72,79,73,77,73,70,73,70,79,86,73,70,75,72,72,69,70,65,70,66,68,65,62,61,55,59,57,61,56,56,54,48,46,40,39,,,,,,,,,,,,,,,,,,,,,,,,,,,,,,,,,,,,,,,,,,,,,,,,,,,,,,,,,,,,,,,,,,,,,,,,,,,,,,,,,,,,,,,,,,,,,,,,,,,,,,,,,,,,,,,,,,,,,,,,,,,,,,,,,,,,,,,,,,,,,,,,,,,,,,,,,,,,,,,,,,,,,,,,,,,,,,,,,,,,,,,,,,,,,,,,
52,35,36,43,38,41,38,42,43,42,47,45,50,44,48,44,48,59,57,57,52,60,56,61,62,60,68,70,67,67,69,66,69,74,68,72,68,75,73,68,70,75,75,71,76,80,77,75,79,64,68,74,73,75,77,76,72,71,67,73,66,60,59,56,46,,,,,,,,,,,,,,,,,,,,,,,,,,,,,,,,,,,,,,,,,,,,,,,,,,,,,,,,,,,,,,,,,,,,,,,,,,,,,,,,,,,,,,,,,,,,,,,,,,,,,,,,,,,,,,,,,,,,,,,,,,,,,,,,,,,,,,,,,,,,,,,,,,,,,,,,,,,,,,,,,,,,,,,,,,,,,,,,,,,,,,,,,,,,,,,,
53,55,54,64,59,70,62,60,63,66,67,59,64,59,53,61,56,59,51,57,48,50,50,53,49,47,48,51,47,51,56,51,48,53,50,47,51,54,45,49,54,52,54,56,50,51,49,50,50,58,56,55,52,55,60,61,67,62,57,69,62,59,56,61,52,,,,,,,,,,,,,,,,,,,,,,,,,,,,,,,,,,,,,,,,,,,,,,,,,,,,,,,,,,,,,,,,,,,,,,,,,,,,,,,,,,,,,,,,,,,,,,,,,,,,,,,,,,,,,,,,,,,,,,,,,,,,,,,,,,,,,,,,,,,,,,,,,,,,,,,,,,,,,,,,,,,,,,,,,,,,,,,,,,,,,,,,,,,,,,,,
54,58,58,63,71,67,66,63,66,70,71,71,77,70,72,68,69,67,72,83,74,72,67,78,72,75,67,70,74,65,78,72,81,73,75,77,67,64,63,63,69,68,64,62,65,57,59,60,64,56,57,53,52,54,51,52,46,48,41,42,43,43,41,39,34,,,,,,,,,,,,,,,,,,,,,,,,,,,,,,,,,,,,,,,,,,,,,,,,,,,,,,,,,,,,,,,,,,,,,,,,,,,,,,,,,,,,,,,,,,,,,,,,,,,,,,,,,,,,,,,,,,,,,,,,,,,,,,,,,,,,,,,,,,,,,,,,,,,,,,,,,,,,,,,,,,,,,,,,,,,,,,,,,,,,,,,,,,,,,,,,
55,41,45,38,49,51,53,53,54,52,55,63,60,62,65,62,66,71,71,66,70,62,67,74,74,72,78,73,67,82,85,76,75,78,75,81,78,78,89,80,76,77,79,74,77,77,73,79,72,73,75,81,79,80,73,78,74,70,80,84,77,63,63,60,67,,,,,,,,,,,,,,,,,,,,,,,,,,,,,,,,,,,,,,,,,,,,,,,,,,,,,,,,,,,,,,,,,,,,,,,,,,,,,,,,,,,,,,,,,,,,,,,,,,,,,,,,,,,,,,,,,,,,,,,,,,,,,,,,,,,,,,,,,,,,,,,,,,,,,,,,,,,,,,,,,,,,,,,,,,,,,,,,,,,,,,,,,,,,,,,,
56,48,55,61,60,66,68,69,65,67,64,73,78,70,75,70,71,72,75,66,72,73,67,76,70,70,69,71,79,66,73,72,70,69,72,69,70,68,71,65,69,69,77,69,66,69,63,60,66,66,67,63,54,60,57,53,56,50,52,55,49,42,41,42,34,,,,,,,,,,,,,,,,,,,,,,,,,,,,,,,,,,,,,,,,,,,,,,,,,,,,,,,,,,,,,,,,,,,,,,,,,,,,,,,,,,,,,,,,,,,,,,,,,,,,,,,,,,,,,,,,,,,,,,,,,,,,,,,,,,,,,,,,,,,,,,,,,,,,,,,,,,,,,,,,,,,,,,,,,,,,,,,,,,,,,,,,,,,,,,,,
57,35,34,38,46,40,41,46,44,44,48,46,47,47,49,47,45,46,49,50,52,53,56,58,62,58,62,60,65,67,65,69,67,73,70,66,70,67,75,73,78,79,75,74,75,69,80,67,77,73,83,80,78,73,78,72,70,72,76,63,73,65,64,60,52,,,,,,,,,,,,,,,,,,,,,,,,,,,,,,,,,,,,,,,,,,,,,,,,,,,,,,,,,,,,,,,,,,,,,,,,,,,,,,,,,,,,,,,,,,,,,,,,,,,,,,,,,,,,,,,,,,,,,,,,,,,,,,,,,,,,,,,,,,,,,,,,,,,,,,,,,,,,,,,,,,,,,,,,,,,,,,,,,,,,,,,,,,,,,,,,
58,50,57,58,63,54,60,61,64,62,60,52,60,58,56,54,53,54,49,51,49,52,48,46,47,41,39,39,45,39,42,43,38,45,41,41,39,45,44,41,39,38,41,44,41,49,41,40,40,38,44,44,45,43,50,46,48,48,50,51,46,50,43,44,44,,,,,,,,,,,,,,,,,,,,,,,,,,,,,,,,,,,,,,,,,,,,,,,,,,,,,,,,,,,,,,,,,,,,,,,,,,,,,,,,,,,,,,,,,,,,,,,,,,,,,,,,,,,,,,,,,,,,,,,,,,,,,,,,,,,,,,,,,,,,,,,,,,,,,,,,,,,,,,,,,,,,,,,,,,,,,,,,,,,,,,,,,,,,,,,,
59,53,50,60,59,67,67,66,64,72,67,67,74,72,68,67,69,69,70,70,74,65,72,73,70,74,67,65,67,71,69,66,68,74,65,69,70,63,72,72,67,72,61,59,65,63,63,62,60,58,56,56,59,56,58,46,49,47,50,50,45,47,38,33,32,,,,,,,,,,,,,,,,,,,,,,,,,,,,,,,,,,,,,,,,,,,,,,,,,,,,,,,,,,,,,,,,,,,,,,,,,,,,,,,,,,,,,,,,,,,,,,,,,,,,,,,,,,,,,,,,,,,,,,,,,,,,,,,,,,,,,,,,,,,,,,,,,,,,,,,,,,,,,,,,,,,,,,,,,,,,,,,,,,,,,,,,,,,,,,,,
60,34,34,36,37,37,39,38,42,42,42,46,46,45,44,49,50,58,54,54,53,58,58,57,56,60,65,61,60,58,65,68,68,65,69,70,64,70,70,68,68,69,69,68,65,69,74,69,68,71,71,61,65,67,65,65,66,68,68,64,59,62,52,51,49,,,,,,,,,,,,,,,,,,,,,,,,,,,,,,,,,,,,,,,,,,,,,,,,,,,,,,,,,,,,,,,,,,,,,,,,,,,,,,,,,,,,,,,,,,,,,,,,,,,,,,,,,,,,,,,,,,,,,,,,,,,,,,,,,,,,,,,,,,,,,,,,,,,,,,,,,,,,,,,,,,,,,,,,,,,,,,,,,,,,,,,,,,,,,,,,
61,39,42,48,49,48,45,43,50,47,47,43,41,43,44,43,41,46,43,37,37,34,35,33,34,39,37,35,35,35,37,38,39,35,35,33,38,37,35,33,38,38,34,34,38,38,31,38,37,40,36,39,37,42,44,50,45,45,46,45,50,48,44,44,38,,,,,,,,,,,,,,,,,,,,,,,,,,,,,,,,,,,,,,,,,,,,,,,,,,,,,,,,,,,,,,,,,,,,,,,,,,,,,,,,,,,,,,,,,,,,,,,,,,,,,,,,,,,,,,,,,,,,,,,,,,,,,,,,,,,,,,,,,,,,,,,,,,,,,,,,,,,,,,,,,,,,,,,,,,,,,,,,,,,,,,,,,,,,,,,,
62,53,53,54,57,58,58,60,61,58,58,63,61,65,63,58,61,59,56,60,61,61,65,57,59,55,56,60,59,71,64,58,59,60,56,59,60,54,62,57,53,52,52,55,47,51,53,57,48,46,48,46,44,47,47,45,42,41,40,39,39,35,38,34,31,,,,,,,,,,,,,,,,,,,,,,,,,,,,,,,,,,,,,,,,,,,,,,,,,,,,,,,,,,,,,,,,,,,,,,,,,,,,,,,,,,,,,,,,,,,,,,,,,,,,,,,,,,,,,,,,,,,,,,,,,,,,,,,,,,,,,,,,,,,,,,,,,,,,,,,,,,,,,,,,,,,,,,,,,,,,,,,,,,,,,,,,,,,,,,,,
63,35,37,34,40,42,40,45,39,42,47,46,52,48,53,49,51,52,56,50,62,62,62,54,57,61,62,62,61,58,65,60,64,61,64,62,65,66,64,67,59,60,68,66,65,67,67,59,66,62,65,61,60,53,66,58,59,56,62,56,60,61,56,55,48,,,,,,,,,,,,,,,,,,,,,,,,,,,,,,,,,,,,,,,,,,,,,,,,,,,,,,,,,,,,,,,,,,,,,,,,,,,,,,,,,,,,,,,,,,,,,,,,,,,,,,,,,,,,,,,,,,,,,,,,,,,,,,,,,,,,,,,,,,,,,,,,,,,,,,,,,,,,,,,,,,,,,,,,,,,,,,,,,,,,,,,,,,,,,,,,
,,,,,,,,,,,,,,,,,,,,,,,,,,,,,,,,,,,,,,,,,,,,,,,,,,,,,,,,,,,,,,,,,,,,,,,,,,,,,,,,,,,,,,,,,,,,,,,,,,,,,,,,,,,,,,,,,,,,,,,,,,,,,,,,,,,,,,,,,,,,,,,,,,,,,,,,,,,,,,,,,,,,,,,,,,,,,,,,,,,,,,,,,,,,,,,,,,,,,,,,,,,,,,,,,,,,,,,,,,,,,,,,,,,,,,,,,,,,,,,,,,,,,,,,,,,,,,,,
value,0,1,2,3,4,5,6,7,8,9,10,11,12,13,14,15,16,17,18,19,20,21,22,23,24,25,26,27,28,29,30,31,32,33,34,35,36,37,38,39,40,41,42,43,44,45,46,47,48,49,50,51,52,53,54,55,56,57,58,59,60,61,62,63,64,65,66,67,68,69,70,71,72,73,74,75,76,77,78,79,80,81,82,83,84,85,86,87,88,89,90,91,92,93,94,95,96,97,98,99,100,101,102,103,104,105,106,107,108,109,110,111,112,113,114,115,116,117,118,119,120,121,122,123,124,125,126,127,128,129,130,131,132,133,134,135,136,137,138,139,140,141,142,143,144,145,146,147,148,149,150,151,152,153,154,155,156,157,158,159,160,161,162,163,164,165,166,167,168,169,170,171,172,173,174,175,176,177,178,179,180,181,182,183,184,185,186,187,188,189,190,191,192,193,194,195,196,197,198,199,200,201,202,203,204,205,206,207,208,209,210,211,212,213,214,215,216,217,218,219,220,221,222,223,224,225,226,227,228,229,230,231,232,233,234,235,236,237,238,239,240,241,242,243,244,245,246,247,248,249,250,251,252,253,254,255
count,0,0,0,0,0,0,0,0,0,0,0,0,0,0,0,0,0,0,0,0,0,0,0,0,0,0,0,0,1,0,0,5,6,8,22,22,24,39,50,35,40,60,49,71,62,85,86,100,77,101,102,74,86,80,93,69,97,85,88,81,98,75,91,83,72,86,82,87,83,108,109,89,121,142,121,114,111,111,98,89,84,70,40,35,35,28,13,7,5,5,1,1,2,0,1,0,1,0,0,0,0,0,0,0,0,0,0,0,0,0,0,0,0,0,0,0,0,0,0,0,0,0,0,0,0,0,0,0,0,0,0,0,0,0,0,0,0,0,0,0,0,0,0,0,0,0,0,0,0,0,0,0,0,0,0,0,0,0,0,0,0,0,0,0,0,0,0,0,0,0,0,0,0,0,0,0,0,0,0,0,0,0,0,0,0,0,0,0,0,0,0,0,0,0,0,0,0,0,0,0,0,0,0,0,0,0,0,0,0,0,0,0,0,0,0,0,0,0,0,0,0,0,0,0,0,0,0,0,0,0,0,0,0,0,0,0,0,0,0,0,0,0,0,0,0,0,0,0,0,0,0,0,0,0,0,0
,,,,,,,,,,,,,,,,,,,,,,,,,,,,,,,,,,,,,,,,,,,,,,,,,,,,,,,,,,,,,,,,,,,,,,,,,,,,,,,,,,,,,,,,,,,,,,,,,,,,,,,,,,,,,,,,,,,,,,,,,,,,,,,,,,,,,,,,,,,,,,,,,,,,,,,,,,,,,,,,,,,,,,,,,,,,,,,,,,,,,,,,,,,,,,,,,,,,,,,,,,,,,,,,,,,,,,,,,,,,,,,,,,,,,,,,,,,,,,,,,,,,,,,,,,,,,,,,
12,,,,,,,,,,,,,,,,,,,,,,,,,,,,,,,,,,,,,,,,,,,,,,,,,,,,,,,,,,,,,,,,,,,,,,,,,,,,,,,,,,,,,,,,,,,,,,,,,,,,,,,,,,,,,,,,,,,,,,,,,,,,,,,,,,,,,,,,,,,,,,,,,,,,,,,,,,,,,,,,,,,,,,,,,,,,,,,,,,,,,,,,,,,,,,,,,,,,,,,,,,,,,,,,,,,,,,,,,,,,,,,,,,,,,,,,,,,,,,,,,,,,,,,,,,,,,,,,
,0,1,2,3,4,5,6,7,8,9,10,11,12,13,14,15,16,17,18,19,20,21,22,23,24,25,26,27,28,29,30,31,32,33,34,35,36,37,38,39,40,41,42,43,44,45,46,47,48,49,50,51,52,53,54,55,56,57,58,59,60,61,62,63,61.68847656,,,,,,,,,,,,,,,,,,,,,,,,,,,,,,,,,,,,,,,,,,,,,,,,,,,,,,,,,,,,,,,,,,,,,,,,,,,,,,,,,,,,,,,,,,,,,,,,,,,,,,,,,,,,,,,,,,,,,,,,,,,,,,,,,,,,,,,,,,,,,,,,,,,,,,,,,,,,,,,,,,,,,,,,,,,,,,,,,,,,,,,,,,,,,,,
0,49,47,59,57,59,57,55,56,51,58,57,56,57,61,57,57,57,64,64,55,55,56,60,51,62,59,58,58,54,55,62,57,57,58,57,59,59,57,56,58,59,58,55,57,58,59,55,51,58,53,51,49,50,49,50,48,48,50,46,43,45,40,39,34,,,,,,,,,,,,,,,,,,,,,,,,,,,,,,,,,,,,,,,,,,,,,,,,,,,,,,,,,,,,,,,,,,,,,,,,,,,,,,,,,,,,,,,,,,,,,,,,,,,,,,,,,,,,,,,,,,,,,,,,,,,,,,,,,,,,,,,,,,,,,,,,,,,,,,,,,,,,,,,,,,,,,,,,,,,,,,,,,,,,,,,,,,,,,,,,
1,31,34,33,34,39,38,40,33,36,36,40,34,41,48,40,43,44,36,39,43,47,45,44,45,50,49,54,50,53,59,55,55,54,59,56,57,57,53,61,60,58,51,59,60,62,63,66,61,61,62,62,62,60,59,58,63,52,62,59,54,58,53,51,42,,,,,,,,,,,,,,,,,,,,,,,,,,,,,,,,,,,,,,,,,,,,,,,,,,,,,,,,,,,,,,,,,,,,,,,,,,,,,,,,,,,,,,,,,,,,,,,,,,,,,,,,,,,,,,,,,,,,,,,,,,,,,,,,,,,,,,,,,,,,,,,,,,,,,,,,,,,,,,,,,,,,,,,,,,,,,,,,,,,,,,,,,,,,,,,,
2,53,48,55,57,58,59,53,50,56,51,49,55,57,50,49,57,45,48,48,43,50,45,40,39,36,38,40,45,39,40,38,38,40,41,42,41,38,39,36,33,37,41,40,39,36,41,36,44,38,37,37,43,39,44,38,40,43,44,47,43,40,39,39,38,,,,,,,,,,,,,,,,,,,,,,,,,,,,,,,,,,,,,,,,,,,,,,,,,,,,,,,,,,,,,,,,,,,,,,,,,,,,,,,,,,,,,,,,,,,,,,,,,,,,,,,,,,,,,,,,,,,,,,,,,,,,,,,,,,,,,,,,,,,,,,,,,,,,,,,,,,,,,,,,,,,,,,,,,,,,,,,,,,,,,,,,,,,,,,,,
3,46,57,56,59,58,59,62,71,71,65,63,67,62,66,64,67,63,67,67,57,65,68,63,69,58,62,70,61,63,63,62,60,65,61,60,61,68,67,61,63,58,64,65,58,61,58,54,53,57,53,53,52,51,52,42,45,49,41,46,42,40,35,33,30,,,,,,,,,,,,,,,,,,,,,,,,,,,,,,,,,,,,,,,,,,,,,,,,,,,,,,,,,,,,,,,,,,,,,,,,,,,,,,,,,,,,,,,,,,,,,,,,,,,,,,,,,,,,,,,,,,,,,,,,,,,,,,,,,,,,,,,,,,,,,,,,,,,,,,,,,,,,,,,,,,,,,,,,,,,,,,,,,,,,,,,,,,,,,,,,
4,36,34,42,42,44,44,45,50,44,42,43,50,43,47,55,54,54,55,52,58,57,54,59,62,62,61,67,63,63,62,70,59,72,74,70,72,73,75,69,73,68,67,62,72,77,66,68,73,62,62,59,70,74,65,72,67,62,66,66,65,59,66,52,49,,,,,,,,,,,,,,,,,,,,,,,,,,,,,,,,,,,,,,,,,,,,,,,,,,,,,,,,,,,,,,,,,,,,,,,,,,,,,,,,,,,,,,,,,,,,,,,,,,,,,,,,,,,,,,,,,,,,,,,,,,,,,,,,,,,,,,,,,,,,,,,,,,,,,,,,,,,,,,,,,,,,,,,,,,,,,,,,,,,,,,,,,,,,,,,,
5,41,45,54,52,48,51,52,54,61,53,46,48,44,45,47,55,49,44,40,38,40,36,37,35,39,37,40,34,38,39,37,39,36,37,40,34,37,43,38,38,37,38,38,37,34,38,42,37,43,43,44,47,49,50,46,49,50,51,49,52,54,49,43,43,,,,,,,,,,,,,,,,,,,,,,,,,,,,,,,,,,,,,,,,,,,,,,,,,,,,,,,,,,,,,,,,,,,,,,,,,,,,,,,,,,,,,,,,,,,,,,,,,,,,,,,,,,,,,,,,,,,,,,,,,,,,,,,,,,,,,,,,,,,,,,,,,,,,,,,,,,,,,,,,,,,,,,,,,,,,,,,,,,,,,,,,,,,,,,,,
6,50,56,63,61,67,65,77,75,67,66,67,64,69,69,66,67,73,68,73,72,73,67,64,70,66,71,68,69,66,74,65,69,66,70,64,64,57,57,62,68,67,58,62,57,59,55,58,55,46,55,51,57,64,51,50,47,41,43,39,40,37,34,33,31,,,,,,,,,,,,,,,,,,,,,,,,,,,,,,,,,,,,,,,,,,,,,,,,,,,,,,,,,,,,,,,,,,,,,,,,,,,,,,,,,,,,,,,,,,,,,,,,,,,,,,,,,,,,,,,,,,,,,,,,,,,,,,,,,,,,,,,,,,,,,,,,,,,,,,,,,,,,,,,,,,,,,,,,,,,,,,,,,,,,,,,,,,,,,,,,
7,30,34,34,37,35,38,42,48,48,50,53,53,57,55,55,62,55,64,56,62,59,69,68,66,65,63,71,80,69,70,77,76,79,74,81,71,75,73,86,76,75,80,75,76,72,71,73,72,70,74,78,74,70,79,64,71,68,70,79,65,56,56,47,54,,,,,,,,,,,,,,,,,,,,,,,,,,,,,,,,,,,,,,,,,,,,,,,,,,,,,,,,,,,,,,,,,,,,,,,,,,,,,,,,,,,,,,,,,,,,,,,,,,,,,,,,,,,,,,,,,,,,,,,,,,,,,,,,,,,,,,,,,,,,,,,,,,,,,,,,,,,,,,,,,,,,,,,,,,,,,,,,,,,,,,,,,,,,,,,,
8,61,67,68,76,77,78,76,79,70,76,83,75,73,78,79,77,75,72,71,78,75,75,74,82,76,79,73,78,83,78,81,75,78,84,77,75,79,76,74,80,76,76,80,68,72,70,78,74,70,70,69,64,63,61,66,63,60,61,57,50,51,46,42,44,,,,,,,,,,,,,,,,,,,,,,,,,,,,,,,,,,,,,,,,,,,,,,,,,,,,,,,,,,,,,,,,,,,,,,,,,,,,,,,,,,,,,,,,,,,,,,,,,,,,,,,,,,,,,,,,,,,,,,,,,,,,,,,,,,,,,,,,,,,,,,,,,,,,,,,,,,,,,,,,,,,,,,,,,,,,,,,,,,,,,,,,,,,,,,,,
9,31,34,39,44,39,45,43,44,44,45,43,44,39,46,48,46,51,50,55,53,56,61,57,57,61,61,70,65,59,74,66,78,70,68,67,72,77,77,83,80,81,74,81,88,82,81,73,75,80,71,73,81,77,79,73,71,72,69,69,74,64,62,56,54,,,,,,,,,,,,,,,,,,,,,,,,,,,,,,,,,,,,,,,,,,,,,,,,,,,,,,,,,,,,,,,,,,,,,,,,,,,,,,,,,,,,,,,,,,,,,,,,,,,,,,,,,,,,,,,,,,,,,,,,,,,,,,,,,,,,,,,,,,,,,,,,,,,,,,,,,,,,,,,,,,,,,,,,,,,,,,,,,,,,,,,,,,,,,,,,
10,56,59,60,62,68,72,68,60,68,65,62,62,64,64,58,56,57,57,59,52,53,56,53,46,48,39,47,45,43,49,46,43,45,49,47,45,48,47,43,46,48,44,43,47,44,43,42,46,43,44,48,48,48,50,51,48,52,50,56,51,53,50,49,46,,,,,,,,,,,,,,,,,,,,,,,,,,,,,,,,,,,,,,,,,,,,,,,,,,,,,,,,,,,,,,,,,,,,,,,,,,,,,,,,,,,,,,,,,,,,,,,,,,,,,,,,,,,,,,,,,,,,,,,,,,,,,,,,,,,,,,,,,,,,,,,,,,,,,,,,,,,,,,,,,,,,,,,,,,,,,,,,,,,,,,,,,,,,,,,,
11,58,68,57,62,72,74,69,74,78,71,78,70,73,75,80,76,68,76,72,75,74,81,82,76,78,78,80,79,71,82,81,79,77,74,73,82,80,74,70,74,72,70,68,78,76,67,68,63,65,68,62,65,61,58,56,53,58,51,62,57,48,40,36,34,,,,,,,,,,,,,,,,,,,,,,,,,,,,,,,,,,,,,,,,,,,,,,,,,,,,,,,,,,,,,,,,,,,,,,,,,,,,,,,,,,,,,,,,,,,,,,,,,,,,,,,,,,,,,,,,,,,,,,,,,,,,,,,,,,,,,,,,,,,,,,,,,,,,,,,,,,,,,,,,,,,,,,,,,,,,,,,,,,,,,,,,,,,,,,,,
12,39,43,49,53,56,50,51,59,57,51,54,59,56,63,61,65,67,72,64,69,67,72,65,70,85,82,80,79,80,72,82,79,80,75,89,85,78,86,87,83,72,91,81,84,82,86,82,84,80,80,83,79,75,87,78,80,76,81,78,69,80,70,71,67,,,,,,,,,,,,,,,,,,,,,,,,,,,,,,,,,,,,,,,,,,,,,,,,,,,,,,,,,,,,,,,,,,,,,,,,,,,,,,,,,,,,,,,,,,,,,,,,,,,,,,,,,,,,,,,,,,,,,,,,,,,,,,,,,,,,,,,,,,,,,,,,,,,,,,,,,,,,,,,,,,,,,,,,,,,,,,,,,,,,,,,,,,,,,,,,
13,52,57,55,55,55,57,57,57,53,65,56,51,54,52,52,58,57,52,45,45,42,48,43,47,43,43,44,41,45,47,40,45,46,40,46,43,43,46,45,48,45,47,45,45,47,46,46,49,53,51,47,49,56,55,56,60,56,60,61,60,58,59,47,52,,,,,,,,,,,,,,,,,,,,,,,,,,,,,,,,,,,,,,,,,,,,,,,,,,,,,,,,,,,,,,,,,,,,,,,,,,,,,,,,,,,,,,,,,,,,,,,,,,,,,,,,,,,,,,,,,,,,,,,,,,,,,,,,,,,,,,,,,,,,,,,,,,,,,,,,,,,,,,,,,,,,,,,,,,,,,,,,,,,,,,,,,,,,,,,,
14,55,62,63,69,69,64,79,69,82,73,73,73,76,74,85,72,77,72,77,79,77,79,75,71,76,74,76,79,78,72,74,73,83,71,72,70,67,68,72,64,67,68,56,64,55,60,62,59,56,52,59,51,52,54,52,44,43,42,45,39,40,33,36,31,,,,,,,,,,,,,,,,,,,,,,,,,,,,,,,,,,,,,,,,,,,,,,,,,,,,,,,,,,,,,,,,,,,,,,,,,,,,,,,,,,,,,,,,,,,,,,,,,,,,,,,,,,,,,,,,,,,,,,,,,,,,,,,,,,,,,,,,,,,,,,,,,,,,,,,,,,,,,,,,,,,,,,,,,,,,,,,,,,,,,,,,,,,,,,,,
15,35,39,37,40,47,47,48,52,57,55,54,58,60,62,58,62,67,60,70,69,66,73,70,63,73,65,73,78,78,73,72,71,70,81,75,79,77,79,83,73,78,78,78,83,79,80,75,71,73,78,74,71,75,80,76,71,68,75,75,74,59,61,58,51,,,,,,,,,,,,,,,,,,,,,,,,,,,,,,,,,,,,,,,,,,,,,,,,,,,,,,,,,,,,,,,,,,,,,,,,,,,,,,,,,,,,,,,,,,,,,,,,,,,,,,,,,,,,,,,,,,,,,,,,,,,,,,,,,,,,,,,,,,,,,,,,,,,,,,,,,,,,,,,,,,,,,,,,,,,,,,,,,,,,,,,,,,,,,,,,
16,60,60,62,70,69,78,69,72,72,77,81,80,83,83,74,84,82,80,69,80,76,80,83,81,75,72,81,77,76,74,78,79,78,85,75,73,80,85,75,80,80,71,76,80,72,75,73,75,68,75,71,69,64,67,62,64,63,50,52,52,46,52,42,37,,,,,,,,,,,,,,,,,,,,,,,,,,,,,,,,,,,,,,,,,,,,,,,,,,,,,,,,,,,,,,,,,,,,,,,,,,,,,,,,,,,,,,,,,,,,,,,,,,,,,,,,,,,,,,,,,,,,,,,,,,,,,,,,,,,,,,,,,,,,,,,,,,,,,,,,,,,,,,,,,,,,,,,,,,,,,,,,,,,,,,,,,,,,,,,,
17,36,42,44,52,40,47,46,51,49,54,48,51,54,50,56,52,54,59,58,62,69,65,66,60,64,64,69,71,73,71,83,82,74,77,73,78,86,75,77,74,78,82,89,81,81,81,80,76,81,74,85,74,83,82,75,80,66,85,71,73,72,74,58,55,,,,,,,,,,,,,,,,,,,,,,,,,,,,,,,,,,,,,,,,,,,,,,,,,,,,,,,,,,,,,,,,,,,,,,,,,,,,,,,,,,,,,,,,,,,,,,,,,,,,,,,,,,,,,,,,,,,,,,,,,,,,,,,,,,,,,,,,,,,,,,,,,,,,,,,,,,,,,,,,,,,,,,,,,,,,,,,,,,,,,,,,,,,,,,,,
18,56,65,66,64,68,69,76,62,68,61,63,65,66,72,68,62,50,59,56,63,60,59,56,55,49,52,51,47,54,56,51,55,52,53,45,48,45,48,47,45,49,51,50,49,51,49,54,47,51,54,49,53,58,53,62,60,56,55,55,54,53,48,58,43,,,,,,,,,,,,,,,,,,,,,,,,,,,,,,,,,,,,,,,,,,,,,,,,,,,,,,,,,,,,,,,,,,,,,,,,,,,,,,,,,,,,,,,,,,,,,,,,,,,,,,,,,,,,,,,,,,,,,,,,,,,,,,,,,,,,,,,,,,,,,,,,,,,,,,,,,,,,,,,,,,,,,,,,,,,,,,,,,,,,,,,,,,,,,,,,
19,64,76,70,85,75,86,80,83,81,88,82,78,78,80,87,85,79,82,83,76,88,82,86,88,78,78,76,76,83,79,89,84,82,82,83,78,81,80,74,81,85,78,84,84,79,71,81,78,70,70,73,79,73,71,62,69,75,70,64,66,62,51,44,44,,,,,,,,,,,,,,,,,,,,,,,,,,,,,,,,,,,,,,,,,,,,,,,,,,,,,,,,,,,,,,,,,,,,,,,,,,,,,,,,,,,,,,,,,,,,,,,,,,,,,,,,,,,,,,,,,,,,,,,,,,,,,,,,,,,,,,,,,,,,,,,,,,,,,,,,,,,,,,,,,,,,,,,,,,,,,,,,,,,,,,,,,,,,,,,,
20,35,36,42,36,42,42,45,48,42,48,50,53,52,51,55,61,64,53,55,57,60,66,68,70,69,64,68,78,70,64,70,70,74,76,73,69,73,75,72,82,73,79,79,74,81,73,71,75,78,78,80,78,67,80,76,69,69,72,69,74,63,60,58,55,,,,,,,,,,,,,,,,,,,,,,,,,,,,,,,,,,,,,,,,,,,,,,,,,,,,,,,,,,,,,,,,,,,,,,,,,,,,,,,,,,,,,,,,,,,,,,,,,,,,,,,,,,,,,,,,,,,,,,,,,,,,,,,,,,,,,,,,,,,,,,,,,,,,,,,,,,,,,,,,,,,,,,,,,,,,,,,,,,,,,,,,,,,,,,,,
21,50,56,56,62,57,60,56,59,61,54,56,55,57,61,59,67,52,52,49,49,43,49,46,45,44,43,46,42,48,48,48,45,47,45,46,48,44,51,47,49,44,46,43,42,46,44,46,48,48,47,51,56,55,56,60,58,63,54,50,58,64,59,52,50,,,,,,,,,,,,,,,,,,,,,,,,,,,,,,,,,,,,,,,,,,,,,,,,,,,,,,,,,,,,,,,,,,,,,,,,,,,,,,,,,,,,,,,,,,,,,,,,,,,,,,,,,,,,,,,,,,,,,,,,,,,,,,,,,,,,,,,,,,,,,,,,,,,,,,,,,,,,,,,,,,,,,,,,,,,,,,,,,,,,,,,,,,,,,,,,
22,58,59,65,70,72,71,76,71,76,75,83,80,75,76,76,77,78,82,74,79,83,85,76,74,81,81,74,76,76,84,82,81,74,83,79,79,69,74,70,70,70,71,63,62,63,62,66,57,59,60,54,58,56,50,52,54,45,40,45,48,39,40,33,33,,,,,,,,,,,,,,,,,,,,,,,,,,,,,,,,,,,,,,,,,,,,,,,,,,,,,,,,,,,,,,,,,,,,,,,,,,,,,,,,,,,,,,,,,,,,,,,,,,,,,,,,,,,,,,,,,,,,,,,,,,,,,,,,,,,,,,,,,,,,,,,,,,,,,,,,,,,,,,,,,,,,,,,,,,,,,,,,,,,,,,,,,,,,,,,,
23,32,38,37,38,42,49,47,49,50,50,59,57,53,59,63,63,59,63,63,62,74,74,74,72,70,71,78,83,88,85,76,81,76,80,78,78,82,77,78,72,74,80,78,77,74,77,78,82,75,80,75,73,82,86,84,83,76,76,73,70,61,57,56,58,,,,,,,,,,,,,,,,,,,,,,,,,,,,,,,,,,,,,,,,,,,,,,,,,,,,,,,,,,,,,,,,,,,,,,,,,,,,,,,,,,,,,,,,,,,,,,,,,,,,,,,,,,,,,,,,,,,,,,,,,,,,,,,,,,,,,,,,,,,,,,,,,,,,,,,,,,,,,,,,,,,,,,,,,,,,,,,,,,,,,,,,,,,,,,,,
24,65,58,75,69,73,72,77,77,73,74,79,75,74,80,81,79,76,75,78,76,79,77,76,78,81,84,82,70,74,74,70,80,73,72,77,72,68,78,77,80,67,87,74,71,67,69,79,76,71,73,72,66,76,66,66,63,67,61,58,55,50,52,51,47,,,,,,,,,,,,,,,,,,,,,,,,,,,,,,,,,,,,,,,,,,,,,,,,,,,,,,,,,,,,,,,,,,,,,,,,,,,,,,,,,,,,,,,,,,,,,,,,,,,,,,,,,,,,,,,,,,,,,,,,,,,,,,,,,,,,,,,,,,,,,,,,,,,,,,,,,,,,,,,,,,,,,,,,,,,,,,,,,,,,,,,,,,,,,,,,
25,34,37,33,43,42,40,43,43,41,47,42,42,44,44,49,51,51,50,48,49,55,55,59,54,59,61,62,64,59,66,66,71,68,68,65,68,79,71,80,74,76,72,79,85,74,70,80,75,77,70,78,72,75,76,72,72,76,72,67,71,66,58,60,59,,,,,,,,,,,,,,,,,,,,,,,,,,,,,,,,,,,,,,,,,,,,,,,,,,,,,,,,,,,,,,,,,,,,,,,,,,,,,,,,,,,,,,,,,,,,,,,,,,,,,,,,,,,,,,,,,,,,,,,,,,,,,,,,,,,,,,,,,,,,,,,,,,,,,,,,,,,,,,,,,,,,,,,,,,,,,,,,,,,,,,,,,,,,,,,,
26,56,57,63,62,63,67,66,64,67,65,61,57,66,60,66,51,53,61,58,55,55,56,49,50,49,50,46,49,48,44,42,46,46,49,46,45,52,43,48,47,50,46,49,48,44,48,48,49,46,48,45,55,50,57,49,50,46,50,56,52,56,54,50,46,,,,,,,,,,,,,,,,,,,,,,,,,,,,,,,,,,,,,,,,,,,,,,,,,,,,,,,,,,,,,,,,,,,,,,,,,,,,,,,,,,,,,,,,,,,,,,,,,,,,,,,,,,,,,,,,,,,,,,,,,,,,,,,,,,,,,,,,,,,,,,,,,,,,,,,,,,,,,,,,,,,,,,,,,,,,,,,,,,,,,,,,,,,,,,,,
27,51,58,61,63,63,68,66,78,76,79,75,81,74,75,70,71,76,77,68,72,83,73,73,69,74,78,72,71,74,74,78,69,76,77,84,80,80,80,77,71,71,71,70,67,69,66,69,57,63,63,65,59,60,57,58,53,53,50,49,53,49,39,38,34,,,,,,,,,,,,,,,,,,,,,,,,,,,,,,,,,,,,,,,,,,,,,,,,,,,,,,,,,,,,,,,,,,,,,,,,,,,,,,,,,,,,,,,,,,,,,,,,,,,,,,,,,,,,,,,,,,,,,,,,,,,,,,,,,,,,,,,,,,,,,,,,,,,,,,,,,,,,,,,,,,,,,,,,,,,,,,,,,,,,,,,,,,,,,,,,
28,37,43,38,43,45,41,42,44,49,44,43,49,50,49,58,65,57,59,58,60,59,66,65,63,68,65,72,67,67,68,69,70,72,74,70,74,77,75,76,79,71,73,80,71,72,84,81,74,72,75,71,74,72,71,76,75,77,70,70,71,66,61,54,56,,,,,,,,,,,,,,,,,,,,,,,,,,,,,,,,,,,,,,,,,,,,,,,,,,,,,,,,,,,,,,,,,,,,,,,,,,,,,,,,,,,,,,,,,,,,,,,,,,,,,,,,,,,,,,,,,,,,,,,,,,,,,,,,,,,,,,,,,,,,,,,,,,,,,,,,,,,,,,,,,,,,,,,,,,,,,,,,,,,,,,,,,,,,,,,,
29,50,52,56,57,54,60,54,60,59,61,54,58,54,52,52,55,53,49,48,43,42,40,42,43,46,40,45,44,43,47,44,47,45,42,48,47,49,50,47,49,46,41,44,47,47,45,51,50,48,52,47,52,48,54,56,62,52,55,53,51,57,54,51,48,,,,,,,,,,,,,,,,,,,,,,,,,,,,,,,,,,,,,,,,,,,,,,,,,,,,,,,,,,,,,,,,,,,,,,,,,,,,,,,,,,,,,,,,,,,,,,,,,,,,,,,,,,,,,,,,,,,,,,,,,,,,,,,,,,,,,,,,,,,,,,,,,,,,,,,,,,,,,,,,,,,,,,,,,,,,,,,,,,,,,,,,,,,,,,,,
30,57,59,63,64,69,65,67,76,76,72,79,74,70,75,82,70,74,74,77,72,76,77,81,80,73,77,78,78,81,80,72,80,73,77,70,66,70,74,70,66,66,63,67,57,64,62,64,58,54,53,56,54,56,52,58,49,47,41,43,40,40,41,37,35,,,,,,,,,,,,,,,,,,,,,,,,,,,,,,,,,,,,,,,,,,,,,,,,,,,,,,,,,,,,,,,,,,,,,,,,,,,,,,,,,,,,,,,,,,,,,,,,,,,,,,,,,,,,,,,,,,,,,,,,,,,,,,,,,,,,,,,,,,,,,,,,,,,,,,,,,,,,,,,,,,,,,,,,,,,,,,,,,,,,,,,,,,,,,,,,
31,35,38,39,44,43,42,49,53,45,55,58,58,56,60,60,59,61,66,69,69,67,71,71,76,71,71,71,76,81,78,85,82,79,87,82,78,81,71,73,77,78,72,76,76,74,76,85,80,77,77,78,78,68,79,73,75,65,77,68,65,63,61,53,54,,,,,,,,,,,,,,,,,,,,,,,,,,,,,,,,,,,,,,,,,,,,,,,,,,,,,,,,,,,,,,,,,,,,,,,,,,,,,,,,,,,,,,,,,,,,,,,,,,,,,,,,,,,,,,,,,,,,,,,,,,,,,,,,,,,,,,,,,,,,,,,,,,,,,,,,,,,,,,,,,,,,,,,,,,,,,,,,,,,,,,,,,,,,,,,,
32,67,62,67,69,68,72,76,84,79,80,81,81,75,84,77,68,72,75,83,81,92,75,86,81,79,75,76,71,80,80,80,79,82,79,83,80,85,72,77,72,78,74,80,82,76,73,77,70,72,71,69,66,60,67,70,66,73,68,65,55,53,47,50,47,,,,,,,,,,,,,,,,,,,,,,,,,,,,,,,,,,,,,,,,,,,,,,,,,,,,,,,,,,,,,,,,,,,,,,,,,,,,,,,,,,,,,,,,,,,,,,,,,,,,,,,,,,,,,,,,,,,,,,,,,,,,,,,,,,,,,,,,,,,,,,,,,,,,,,,,,,,,,,,,,,,,,,,,,,,,,,,,,,,,,,,,,,,,,,,,
33,35,36,40,42,45,43,46,45,46,42,45,46,46,51,50,51,49,53,46,57,63,60,53,60,64,63,66,67,72,70,71,67,69,72,70,72,75,77,80,81,78,81,73,79,72,79,75,81,77,78,77,78,78,75,78,78,77,72,74,75,61,67,59,54,,,,,,,,,,,,,,,,,,,,,,,,,,,,,,,,,,,,,,,,,,,,,,,,,,,,,,,,,,,,,,,,,,,,,,,,,,,,,,,,,,,,,,,,,,,,,,,,,,,,,,,,,,,,,,,,,,,,,,,,,,,,,,,,,,,,,,,,,,,,,,,,,,,,,,,,,,,,,,,,,,,,,,,,,,,,,,,,,,,,,,,,,,,,,,,,
34,63,57,64,64,68,67,73,68,68,67,63,69,68,71,63,62,60,57,64,59,55,55,56,50,50,49,47,50,50,50,49,51,47,52,45,49,51,53,53,47,51,49,58,53,49,53,53,48,48,51,48,49,49,54,51,50,54,55,54,59,56,54,47,56,,,,,,,,,,,,,,,,,,,,,,,,,,,,,,,,,,,,,,,,,,,,,,,,,,,,,,,,,,,,,,,,,,,,,,,,,,,,,,,,,,,,,,,,,,,,,,,,,,,,,,,,,,,,,,,,,,,,,,,,,,,,,,,,,,,,,,,,,,,,,,,,,,,,,,,,,,,,,,,,,,,,,,,,,,,,,,,,,,,,,,,,,,,,,,,,
35,58,61,63,65,68,74,75,76,70,82,78,78,75,79,73,75,82,76,77,78,74,69,77,76,81,76,75,86,77,80,80,84,69,80,86,75,77,85,78,72,71,70,76,71,70,71,66,58,61,61,64,64,66,61,63,54,53,55,55,53,46,42,42,36,,,,,,,,,,,,,,,,,,,,,,,,,,,,,,,,,,,,,,,,,,,,,,,,,,,,,,,,,,,,,,,,,,,,,,,,,,,,,,,,,,,,,,,,,,,,,,,,,,,,,,,,,,,,,,,,,,,,,,,,,,,,,,,,,,,,,,,,,,,,,,,,,,,,,,,,,,,,,,,,,,,,,,,,,,,,,,,,,,,,,,,,,,,,,,,,
36,39,44,43,42,45,45,43,47,48,47,48,50,47,52,56,59,56,63,60,61,63,67,74,62,71,71,73,68,79,67,76,71,78,79,77,72,77,76,78,80,81,84,82,81,76,78,75,80,76,73,70,84,73,78,79,77,83,71,77,70,62,59,57,55,,,,,,,,,,,,,,,,,,,,,,,,,,,,,,,,,,,,,,,,,,,,,,,,,,,,,,,,,,,,,,,,,,,,,,,,,,,,,,,,,,,,,,,,,,,,,,,,,,,,,,,,,,,,,,,,,,,,,,,,,,,,,,,,,,,,,,,,,,,,,,,,,,,,,,,,,,,,,,,,,,,,,,,,,,,,,,,,,,,,,,,,,,,,,,,,
37,57,65,58,63,64,63,60,63,63,65,58,59,55,62,61,54,60,53,52,50,52,48,47,51,47,49,50,52,47,49,51,48,50,42,50,49,48,49,48,54,48,45,47,52,46,55,44,53,57,51,53,52,57,59,63,63,58,54,68,58,62,58,50,56,,,,,,,,,,,,,,,,,,,,,,,,,,,,,,,,,,,,,,,,,,,,,,,,,,,,,,,,,,,,,,,,,,,,,,,,,,,,,,,,,,,,,,,,,,,,,,,,,,,,,,,,,,,,,,,,,,,,,,,,,,,,,,,,,,,,,,,,,,,,,,,,,,,,,,,,,,,,,,,,,,,,,,,,,,,,,,,,,,,,,,,,,,,,,,,,
38,51,58,59,65,71,70,71,72,71,81,81,76,72,75,74,82,79,77,72,82,74,82,80,81,74,74,71,80,81,76,82,77,77,76,69,78,72,69,72,72,73,65,60,61,63,61,66,63,58,55,57,55,53,55,52,46,43,45,39,36,41,42,37,36,,,,,,,,,,,,,,,,,,,,,,,,,,,,,,,,,,,,,,,,,,,,,,,,,,,,,,,,,,,,,,,,,,,,,,,,,,,,,,,,,,,,,,,,,,,,,,,,,,,,,,,,,,,,,,,,,,,,,,,,,,,,,,,,,,,,,,,,,,,,,,,,,,,,,,,,,,,,,,,,,,,,,,,,,,,,,,,,,,,,,,,,,,,,,,,,
39,41,41,42,46,41,50,45,52,52,55,56,60,59,66,63,67,62,69,70,65,71,70,77,71,77,74,75,83,85,88,79,79,80,82,78,78,78,81,88,80,82,72,78,89,82,70,78,73,86,68,77,69,75,77,75,72,77,75,74,71,67,69,60,54,,,,,,,,,,,,,,,,,,,,,,,,,,,,,,,,,,,,,,,,,,,,,,,,,,,,,,,,,,,,,,,,,,,,,,,,,,,,,,,,,,,,,,,,,,,,,,,,,,,,,,,,,,,,,,,,,,,,,,,,,,,,,,,,,,,,,,,,,,,,,,,,,,,,,,,,,,,,,,,,,,,,,,,,,,,,,,,,,,,,,,,,,,,,,,,,
40,61,66,68,64,77,78,70,74,72,78,70,81,75,72,70,76,78,78,75,83,74,78,78,73,75,80,71,82,77,77,78,80,74,72,81,79,75,71,75,77,72,74,72,78,76,71,69,72,75,67,68,70,63,63,61,59,67,50,56,56,56,54,46,46,,,,,,,,,,,,,,,,,,,,,,,,,,,,,,,,,,,,,,,,,,,,,,,,,,,,,,,,,,,,,,,,,,,,,,,,,,,,,,,,,,,,,,,,,,,,,,,,,,,,,,,,,,,,,,,,,,,,,,,,,,,,,,,,,,,,,,,,,,,,,,,,,,,,,,,,,,,,,,,,,,,,,,,,,,,,,,,,,,,,,,,,,,,,,,,,
41,33,34,39,38,39,39,44,47,45,45,44,42,44,48,50,50,55,45,48,45,58,58,63,57,53,58,59,62,67,68,67,67,73,71,73,63,79,78,83,76,77,75,80,78,75,79,81,75,76,79,73,73,70,77,91,77,75,72,73,69,68,60,56,46,,,,,,,,,,,,,,,,,,,,,,,,,,,,,,,,,,,,,,,,,,,,,,,,,,,,,,,,,,,,,,,,,,,,,,,,,,,,,,,,,,,,,,,,,,,,,,,,,,,,,,,,,,,,,,,,,,,,,,,,,,,,,,,,,,,,,,,,,,,,,,,,,,,,,,,,,,,,,,,,,,,,,,,,,,,,,,,,,,,,,,,,,,,,,,,,
42,55,59,64,66,66,68,67,74,76,63,66,62,67,69,62,66,55,58,59,63,58,55,51,51,47,59,46,44,50,55,49,52,45,52,55,51,57,54,50,53,48,55,43,47,49,50,47,48,48,47,53,53,49,57,51,57,54,53,58,56,51,54,51,56,,,,,,,,,,,,,,,,,,,,,,,,,,,,,,,,,,,,,,,,,,,,,,,,,,,,,,,,,,,,,,,,,,,,,,,,,,,,,,,,,,,,,,,,,,,,,,,,,,,,,,,,,,,,,,,,,,,,,,,,,,,,,,,,,,,,,,,,,,,,,,,,,,,,,,,,,,,,,,,,,,,,,,,,,,,,,,,,,,,,,,,,,,,,,,,,
43,57,67,70,71,68,67,76,81,72,72,71,80,79,77,73,85,75,81,78,78,82,80,76,78,81,80,81,85,74,77,78,79,78,72,79,83,75,84,86,71,74,75,67,65,72,77,72,68,64,65,65,65,65,63,57,57,56,55,52,51,50,40,41,34,,,,,,,,,,,,,,,,,,,,,,,,,,,,,,,,,,,,,,,,,,,,,,,,,,,,,,,,,,,,,,,,,,,,,,,,,,,,,,,,,,,,,,,,,,,,,,,,,,,,,,,,,,,,,,,,,,,,,,,,,,,,,,,,,,,,,,,,,,,,,,,,,,,,,,,,,,,,,,,,,,,,,,,,,,,,,,,,,,,,,,,,,,,,,,,,
44,33,33,40,37,40,37,43,43,44,44,47,46,47,48,54,64,58,56,51,56,61,67,67,67,65,69,75,67,72,74,68,70,88,79,74,68,83,84,75,77,84,78,84,81,78,75,74,78,79,75,79,76,76,77,64,71,75,77,72,74,67,58,57,51,,,,,,,,,,,,,,,,,,,,,,,,,,,,,,,,,,,,,,,,,,,,,,,,,,,,,,,,,,,,,,,,,,,,,,,,,,,,,,,,,,,,,,,,,,,,,,,,,,,,,,,,,,,,,,,,,,,,,,,,,,,,,,,,,,,,,,,,,,,,,,,,,,,,,,,,,,,,,,,,,,,,,,,,,,,,,,,,,,,,,,,,,,,,,,,,
45,53,54,60,55,59,56,64,65,67,57,56,57,55,52,59,53,57,50,51,44,47,45,44,47,45,43,48,50,45,44,41,43,44,46,44,46,46,50,45,47,41,44,45,43,42,44,46,50,46,53,52,52,51,54,56,60,57,55,55,54,55,56,48,52,,,,,,,,,,,,,,,,,,,,,,,,,,,,,,,,,,,,,,,,,,,,,,,,,,,,,,,,,,,,,,,,,,,,,,,,,,,,,,,,,,,,,,,,,,,,,,,,,,,,,,,,,,,,,,,,,,,,,,,,,,,,,,,,,,,,,,,,,,,,,,,,,,,,,,,,,,,,,,,,,,,,,,,,,,,,,,,,,,,,,,,,,,,,,,,,
46,61,68,64,68,73,78,79,70,77,73,73,77,75,74,79,75,79,73,81,78,83,79,76,81,78,72,80,80,72,74,88,71,77,77,73,77,69,70,80,69,72,69,67,62,70,59,68,67,61,62,59,69,61,63,55,53,56,54,48,47,46,38,41,40,,,,,,,,,,,,,,,,,,,,,,,,,,,,,,,,,,,,,,,,,,,,,,,,,,,,,,,,,,,,,,,,,,,,,,,,,,,,,,,,,,,,,,,,,,,,,,,,,,,,,,,,,,,,,,,,,,,,,,,,,,,,,,,,,,,,,,,,,,,,,,,,,,,,,,,,,,,,,,,,,,,,,,,,,,,,,,,,,,,,,,,,,,,,,,,,
47,39,46,48,54,49,50,53,59,55,54,65,61,66,61,64,63,68,71,67,66,66,68,72,78,80,68,74,72,79,78,77,74,72,78,82,85,90,74,74,68,83,76,74,77,76,78,87,78,82,80,75,76,76,83,79,81,72,69,79,71,72,68,64,58,,,,,,,,,,,,,,,,,,,,,,,,,,,,,,,,,,,,,,,,,,,,,,,,,,,,,,,,,,,,,,,,,,,,,,,,,,,,,,,,,,,,,,,,,,,,,,,,,,,,,,,,,,,,,,,,,,,,,,,,,,,,,,,,,,,,,,,,,,,,,,,,,,,,,,,,,,,,,,,,,,,,,,,,,,,,,,,,,,,,,,,,,,,,,,,,
48,64,72,69,72,73,74,74,68,74,79,82,78,84,72,75,76,72,74,83,78,80,78,84,79,83,72,76,76,84,84,81,77,79,89,99,83,76,68,77,84,80,80,71,74,79,81,75,84,76,73,80,71,68,67,64,67,70,59,62,54,58,57,51,44,,,,,,,,,,,,,,,,,,,,,,,,,,,,,,,,,,,,,,,,,,,,,,,,,,,,,,,,,,,,,,,,,,,,,,,,,,,,,,,,,,,,,,,,,,,,,,,,,,,,,,,,,,,,,,,,,,,,,,,,,,,,,,,,,,,,,,,,,,,,,,,,,,,,,,,,,,,,,,,,,,,,,,,,,,,,,,,,,,,,,,,,,,,,,,,,
49,37,39,41,44,43,43,46,47,54,53,44,43,48,47,48,48,52,49,53,59,62,54,59,63,64,69,69,71,71,71,81,77,73,77,75,73,79,77,83,77,77,75,74,78,75,81,78,78,80,75,87,72,75,77,70,75,74,77,73,67,62,63,65,61,,,,,,,,,,,,,,,,,,,,,,,,,,,,,,,,,,,,,,,,,,,,,,,,,,,,,,,,,,,,,,,,,,,,,,,,,,,,,,,,,,,,,,,,,,,,,,,,,,,,,,,,,,,,,,,,,,,,,,,,,,,,,,,,,,,,,,,,,,,,,,,,,,,,,,,,,,,,,,,,,,,,,,,,,,,,,,,,,,,,,,,,,,,,,,,,
50,55,61,53,64,69,67,72,75,68,59,60,58,58,62,59,62,56,50,57,52,58,53,49,51,45,46,46,44,45,43,45,49,47,42,44,49,45,47,43,50,49,49,47,43,49,44,46,45,43,48,45,50,53,49,50,51,53,49,57,55,51,48,51,43,,,,,,,,,,,,,,,,,,,,,,,,,,,,,,,,,,,,,,,,,,,,,,,,,,,,,,,,,,,,,,,,,,,,,,,,,,,,,,,,,,,,,,,,,,,,,,,,,,,,,,,,,,,,,,,,,,,,,,,,,,,,,,,,,,,,,,,,,,,,,,,,,,,,,,,,,,,,,,,,,,,,,,,,,,,,,,,,,,,,,,,,,,,,,,,,
51,57,64,67,71,69,74,71,68,78,70,72,76,77,76,72,81,84,73,77,80,77,74,72,74,73,67,79,71,74,70,77,70,73,76,69,75,70,78,79,72,72,74,68,68,68,68,68,68,69,66,66,67,57,55,58,55,62,55,53,55,48,40,42,36,,,,,,,,,,,,,,,,,,,,,,,,,,,,,,,,,,,,,,,,,,,,,,,,,,,,,,,,,,,,,,,,,,,,,,,,,,,,,,,,,,,,,,,,,,,,,,,,,,,,,,,,,,,,,,,,,,,,,,,,,,,,,,,,,,,,,,,,,,,,,,,,,,,,,,,,,,,,,,,,,,,,,,,,,,,,,,,,,,,,,,,,,,,,,,,,
52,35,36,43,38,41,38,42,43,42,47,45,50,44,48,44,48,59,57,57,52,60,56,61,62,60,68,70,67,67,69,66,69,74,68,72,68,75,73,68,70,75,75,71,76,80,77,75,79,64,68,74,73,75,77,76,72,71,67,73,66,60,59,56,46,,,,,,,,,,,,,,,,,,,,,,,,,,,,,,,,,,,,,,,,,,,,,,,,,,,,,,,,,,,,,,,,,,,,,,,,,,,,,,,,,,,,,,,,,,,,,,,,,,,,,,,,,,,,,,,,,,,,,,,,,,,,,,,,,,,,,,,,,,,,,,,,,,,,,,,,,,,,,,,,,,,,,,,,,,,,,,,,,,,,,,,,,,,,,,,,
53,52,55,63,61,70,65,58,64,62,62,57,62,61,51,62,60,57,48,54,53,49,49,54,47,46,46,51,50,49,55,51,49,53,47,47,49,54,47,50,55,51,56,56,48,50,47,51,51,55,58,56,53,57,62,55,67,62,60,68,65,57,59,59,50,,,,,,,,,,,,,,,,,,,,,,,,,,,,,,,,,,,,,,,,,,,,,,,,,,,,,,,,,,,,,,,,,,,,,,,,,,,,,,,,,,,,,,,,,,,,,,,,,,,,,,,,,,,,,,,,,,,,,,,,,,,,,,,,,,,,,,,,,,,,,,,,,,,,,,,,,,,,,,,,,,,,,,,,,,,,,,,,,,,,,,,,,,,,,,,,
54,58,58,63,69,65,65,66,64,72,72,76,72,77,69,71,73,69,74,84,71,72,70,74,69,75,67,72,78,64,82,77,79,72,75,74,69,66,64,62,70,67,68,62,64,57,56,59,57,58,59,55,54,54,46,53,42,46,43,42,39,44,41,37,34,,,,,,,,,,,,,,,,,,,,,,,,,,,,,,,,,,,,,,,,,,,,,,,,,,,,,,,,,,,,,,,,,,,,,,,,,,,,,,,,,,,,,,,,,,,,,,,,,,,,,,,,,,,,,,,,,,,,,,,,,,,,,,,,,,,,,,,,,,,,,,,,,,,,,,,,,,,,,,,,,,,,,,,,,,,,,,,,,,,,,,,,,,,,,,,,
55,40,48,40,48,52,56,53,55,53,56,62,57,64,65,63,66,69,69,69,70,65,66,71,69,68,78,77,72,82,85,79,77,76,77,82,78,79,86,86,70,79,73,77,73,76,76,76,69,74,76,82,82,77,77,76,69,68,74,83,74,61,63,57,70,,,,,,,,,,,,,,,,,,,,,,,,,,,,,,,,,,,,,,,,,,,,,,,,,,,,,,,,,,,,,,,,,,,,,,,,,,,,,,,,,,,,,,,,,,,,,,,,,,,,,,,,,,,,,,,,,,,,,,,,,,,,,,,,,,,,,,,,,,,,,,,,,,,,,,,,,,,,,,,,,,,,,,,,,,,,,,,,,,,,,,,,,,,,,,,,
56,51,60,59,64,68,71,70,67,69,67,72,76,71,72,69,70,73,75,67,74,74,68,79,70,74,70,73,74,70,74,69,68,64,73,70,70,71,73,68,65,68,71,71,65,65,67,62,70,67,66,63,59,60,56,52,56,51,53,52,48,44,43,38,37,,,,,,,,,,,,,,,,,,,,,,,,,,,,,,,,,,,,,,,,,,,,,,,,,,,,,,,,,,,,,,,,,,,,,,,,,,,,,,,,,,,,,,,,,,,,,,,,,,,,,,,,,,,,,,,,,,,,,,,,,,,,,,,,,,,,,,,,,,,,,,,,,,,,,,,,,,,,,,,,,,,,,,,,,,,,,,,,,,,,,,,,,,,,,,,,
57,34,39,37,48,41,43,43,45,44,46,47,45,47,48,48,48,49,48,48,53,55,52,56,60,59,62,62,67,63,66,67,68,69,69,65,72,69,75,75,75,75,76,68,74,71,78,69,82,72,81,82,77,73,78,72,70,72,73,67,74,62,60,56,56,,,,,,,,,,,,,,,,,,,,,,,,,,,,,,,,,,,,,,,,,,,,,,,,,,,,,,,,,,,,,,,,,,,,,,,,,,,,,,,,,,,,,,,,,,,,,,,,,,,,,,,,,,,,,,,,,,,,,,,,,,,,,,,,,,,,,,,,,,,,,,,,,,,,,,,,,,,,,,,,,,,,,,,,,,,,,,,,,,,,,,,,,,,,,,,,
58,55,56,59,63,55,61,59,62,61,58,52,59,59,59,53,56,47,49,50,47,52,50,46,46,41,42,42,45,43,40,44,39,43,46,42,42,47,45,39,39,40,41,43,45,48,41,44,40,39,44,46,48,45,51,44,43,48,51,53,45,51,46,47,41,,,,,,,,,,,,,,,,,,,,,,,,,,,,,,,,,,,,,,,,,,,,,,,,,,,,,,,,,,,,,,,,,,,,,,,,,,,,,,,,,,,,,,,,,,,,,,,,,,,,,,,,,,,,,,,,,,,,,,,,,,,,,,,,,,,,,,,,,,,,,,,,,,,,,,,,,,,,,,,,,,,,,,,,,,,,,,,,,,,,,,,,,,,,,,,,
59,52,56,62,60,66,66,71,65,72,68,66,74,69,68,69,68,71,70,69,77,67,77,70,66,74,68,66,65,66,66,66,67,68,66,71,71,67,74,72,69,70,61,59,66,65,65,64,57,59,55,61,58,55,57,47,50,49,51,49,45,41,37,35,31,,,,,,,,,,,,,,,,,,,,,,,,,,,,,,,,,,,,,,,,,,,,,,,,,,,,,,,,,,,,,,,,,,,,,,,,,,,,,,,,,,,,,,,,,,,,,,,,,,,,,,,,,,,,,,,,,,,,,,,,,,,,,,,,,,,,,,,,,,,,,,,,,,,,,,,,,,,,,,,,,,,,,,,,,,,,,,,,,,,,,,,,,,,,,,,,
60,33,32,36,39,37,40,38,39,41,43,44,46,44,45,51,53,57,51,52,54,56,59,57,57,60,67,60,67,60,64,70,67,64,71,70,63,72,67,68,67,66,67,69,63,72,73,69,67,70,69,64,64,67,68,68,66,70,66,67,60,64,55,51,48,,,,,,,,,,,,,,,,,,,,,,,,,,,,,,,,,,,,,,,,,,,,,,,,,,,,,,,,,,,,,,,,,,,,,,,,,,,,,,,,,,,,,,,,,,,,,,,,,,,,,,,,,,,,,,,,,,,,,,,,,,,,,,,,,,,,,,,,,,,,,,,,,,,,,,,,,,,,,,,,,,,,,,,,,,,,,,,,,,,,,,,,,,,,,,,,
61,41,45,47,44,48,48,44,50,47,46,44,43,45,42,45,41,44,39,37,34,33,35,36,35,39,38,35,35,36,36,33,37,35,35,35,37,36,36,32,39,38,35,35,40,35,32,41,39,39,37,38,37,42,46,49,45,47,44,44,50,49,43,41,39,,,,,,,,,,,,,,,,,,,,,,,,,,,,,,,,,,,,,,,,,,,,,,,,,,,,,,,,,,,,,,,,,,,,,,,,,,,,,,,,,,,,,,,,,,,,,,,,,,,,,,,,,,,,,,,,,,,,,,,,,,,,,,,,,,,,,,,,,,,,,,,,,,,,,,,,,,,,,,,,,,,,,,,,,,,,,,,,,,,,,,,,,,,,,,,,
62,51,52,54,54,58,56,64,59,59,56,64,62,68,60,54,64,59,55,54,65,58,64,54,61,58,55,61,58,70,63,58,59,65,56,60,60,57,55,59,54,53,51,59,46,55,50,56,47,44,50,47,45,49,48,42,41,43,41,37,37,38,38,34,32,,,,,,,,,,,,,,,,,,,,,,,,,,,,,,,,,,,,,,,,,,,,,,,,,,,,,,,,,,,,,,,,,,,,,,,,,,,,,,,,,,,,,,,,,,,,,,,,,,,,,,,,,,,,,,,,,,,,,,,,,,,,,,,,,,,,,,,,,,,,,,,,,,,,,,,,,,,,,,,,,,,,,,,,,,,,,,,,,,,,,,,,,,,,,,,,
63,33,37,38,42,46,42,47,42,42,49,50,56,51,52,50,50,50,53,54,61,59,61,57,56,58,62,60,58,57,59,61,65,63,66,60,64,63,66,71,59,65,69,65,63,68,67,61,71,65,64,64,59,55,65,60,57,56,63,57,61,61,53,54,47,,,,,,,,,,,,,,,,,,,,,,,,,,,,,,,,,,,,,,,,,,,,,,,,,,,,,,,,,,,,,,,,,,,,,,,,,,,,,,,,,,,,,,,,,,,,,,,,,,,,,,,,,,,,,,,,,,,,,,,,,,,,,,,,,,,,,,,,,,,,,,,,,,,,,,,,,,,,,,,,,,,,,,,,,,,,,,,,,,,,,,,,,,,,,,,,
,,,,,,,,,,,,,,,,,,,,,,,,,,,,,,,,,,,,,,,,,,,,,,,,,,,,,,,,,,,,,,,,,,,,,,,,,,,,,,,,,,,,,,,,,,,,,,,,,,,,,,,,,,,,,,,,,,,,,,,,,,,,,,,,,,,,,,,,,,,,,,,,,,,,,,,,,,,,,,,,,,,,,,,,,,,,,,,,,,,,,,,,,,,,,,,,,,,,,,,,,,,,,,,,,,,,,,,,,,,,,,,,,,,,,,,,,,,,,,,,,,,,,,,,,,,,,,,,
value,0,1,2,3,4,5,6,7,8,9,10,11,12,13,14,15,16,17,18,19,20,21,22,23,24,25,26,27,28,29,30,31,32,33,34,35,36,37,38,39,40,41,42,43,44,45,46,47,48,49,50,51,52,53,54,55,56,57,58,59,60,61,62,63,64,65,66,67,68,69,70,71,72,73,74,75,76,77,78,79,80,81,82,83,84,85,86,87,88,89,90,91,92,93,94,95,96,97,98,99,100,101,102,103,104,105,106,107,108,109,110,111,112,113,114,115,116,117,118,119,120,121,122,123,124,125,126,127,128,129,130,131,132,133,134,135,136,137,138,139,140,141,142,143,144,145,146,147,148,149,150,151,152,153,154,155,156,157,158,159,160,161,162,163,164,165,166,167,168,169,170,171,172,173,174,175,176,177,178,179,180,181,182,183,184,185,186,187,188,189,190,191,192,193,194,195,196,197,198,199,200,201,202,203,204,205,206,207,208,209,210,211,212,213,214,215,216,217,218,219,220,221,222,223,224,225,226,227,228,229,230,231,232,233,234,235,236,237,238,239,240,241,242,243,244,245,246,247,248,249,250,251,252,253,254,255
count,0,0,0,0,0,0,0,0,0,0,0,0,0,0,0,0,0,0,0,0,0,0,0,0,0,0,0,0,0,0,2,5,5,16,21,20,27,36,33,45,43,38,58,78,77,80,78,88,93,88,93,87,72,81,78,98,96,101,90,102,67,71,85,83,78,69,79,103,104,97,109,107,129,92,123,112,110,110,121,84,84,67,53,39,29,22,14,7,9,5,1,2,1,0,0,0,0,0,0,1,0,0,0,0,0,0,0,0,0,0,0,0,0,0,0,0,0,0,0,0,0,0,0,0,0,0,0,0,0,0,0,0,0,0,0,0,0,0,0,0,0,0,0,0,0,0,0,0,0,0,0,0,0,0,0,0,0,0,0,0,0,0,0,0,0,0,0,0,0,0,0,0,0,0,0,0,0,0,0,0,0,0,0,0,0,0,0,0,0,0,0,0,0,0,0,0,0,0,0,0,0,0,0,0,0,0,0,0,0,0,0,0,0,0,0,0,0,0,0,0,0,0,0,0,0,0,0,0,0,0,0,0,0,0,0,0,0,0,0,0,0,0,0,0,0,0,0,0,0,0,0,0,0,0,0,0
,,,,,,,,,,,,,,,,,,,,,,,,,,,,,,,,,,,,,,,,,,,,,,,,,,,,,,,,,,,,,,,,,,,,,,,,,,,,,,,,,,,,,,,,,,,,,,,,,,,,,,,,,,,,,,,,,,,,,,,,,,,,,,,,,,,,,,,,,,,,,,,,,,,,,,,,,,,,,,,,,,,,,,,,,,,,,,,,,,,,,,,,,,,,,,,,,,,,,,,,,,,,,,,,,,,,,,,,,,,,,,,,,,,,,,,,,,,,,,,,,,,,,,,,,,,,,,,,
13,,,,,,,,,,,,,,,,,,,,,,,,,,,,,,,,,,,,,,,,,,,,,,,,,,,,,,,,,,,,,,,,,,,,,,,,,,,,,,,,,,,,,,,,,,,,,,,,,,,,,,,,,,,,,,,,,,,,,,,,,,,,,,,,,,,,,,,,,,,,,,,,,,,,,,,,,,,,,,,,,,,,,,,,,,,,,,,,,,,,,,,,,,,,,,,,,,,,,,,,,,,,,,,,,,,,,,,,,,,,,,,,,,,,,,,,,,,,,,,,,,,,,,,,,,,,,,,,
,0,1,2,3,4,5,6,7,8,9,10,11,12,13,14,15,16,17,18,19,20,21,22,23,24,25,26,27,28,29,30,31,32,33,34,35,36,37,38,39,40,41,42,43,44,45,46,47,48,49,50,51,52,53,54,55,56,57,58,59,60,61,62,63,,,,,,,,,,,,,,,,,,,,,,,,,,,,,,,,,,,,,,,,,,,,,,,,,,,,,,,,,,,,,,,,,,,,,,,,,,,,,,,,,,,,,,,,,,,,,,,,,,,,,,,,,,,,,,,,,,,,,,,,,,,,,,,,,,,,,,,,,,,,,,,,,,,,,,,,,,,,,,,,,,,,,,,,,,,,,,,,,,,,,,,,,,,,,,,,
0,47,47,59,56,61,58,56,53,54,54,58,56,59,57,58,60,61,64,63,55,56,53,60,56,61,59,60,61,56,52,62,57,57,55,55,56,59,55,57,61,60,59,53,52,57,57,52,49,56,49,52,50,47,47,48,46,47,50,42,46,39,42,40,34,,,,,,,,,,,,,,,,,,,,,,,,,,,,,,,,,,,,,,,,,,,,,,,,,,,,,,,,,,,,,,,,,,,,,,,,,,,,,,,,,,,,,,,,,,,,,,,,,,,,,,,,,,,,,,,,,,,,,,,,,,,,,,,,,,,,,,,,,,,,,,,,,,,,,,,,,,,,,,,,,,,,,,,,,,,,,,,,,,,,,,,,,,,,,,,,
1,30,32,36,32,40,41,37,33,36,36,41,36,43,48,36,44,41,37,41,43,51,44,47,45,50,49,53,51,54,56,55,56,50,63,61,55,55,55,60,55,55,55,54,56,65,61,63,57,58,58,59,60,61,61,58,61,50,61,60,54,53,54,47,44,,,,,,,,,,,,,,,,,,,,,,,,,,,,,,,,,,,,,,,,,,,,,,,,,,,,,,,,,,,,,,,,,,,,,,,,,,,,,,,,,,,,,,,,,,,,,,,,,,,,,,,,,,,,,,,,,,,,,,,,,,,,,,,,,,,,,,,,,,,,,,,,,,,,,,,,,,,,,,,,,,,,,,,,,,,,,,,,,,,,,,,,,,,,,,,,
2,50,48,51,57,57,56,52,51,54,51,54,58,55,45,49,48,47,48,48,42,48,44,40,37,37,37,42,42,40,40,38,41,38,40,41,40,40,38,34,34,40,41,40,37,34,43,37,47,38,39,37,40,37,42,40,38,46,45,43,44,39,41,39,38,,,,,,,,,,,,,,,,,,,,,,,,,,,,,,,,,,,,,,,,,,,,,,,,,,,,,,,,,,,,,,,,,,,,,,,,,,,,,,,,,,,,,,,,,,,,,,,,,,,,,,,,,,,,,,,,,,,,,,,,,,,,,,,,,,,,,,,,,,,,,,,,,,,,,,,,,,,,,,,,,,,,,,,,,,,,,,,,,,,,,,,,,,,,,,,,
3,47,57,57,56,60,56,59,65,68,64,65,68,67,68,66,68,62,69,66,58,61,68,62,67,60,66,67,63,65,67,61,66,68,64,62,60,66,63,60,62,61,64,67,58,63,58,55,53,55,56,56,51,51,51,43,46,48,43,42,41,41,34,34,32,,,,,,,,,,,,,,,,,,,,,,,,,,,,,,,,,,,,,,,,,,,,,,,,,,,,,,,,,,,,,,,,,,,,,,,,,,,,,,,,,,,,,,,,,,,,,,,,,,,,,,,,,,,,,,,,,,,,,,,,,,,,,,,,,,,,,,,,,,,,,,,,,,,,,,,,,,,,,,,,,,,,,,,,,,,,,,,,,,,,,,,,,,,,,,,,
4,37,36,45,41,41,45,46,52,47,40,45,49,43,50,55,53,52,54,54,60,58,56,63,59,60,64,68,60,62,60,70,57,70,73,76,69,73,70,66,68,68,68,61,73,77,70,67,68,64,65,58,69,74,70,66,62,62,63,68,64,57,65,54,49,,,,,,,,,,,,,,,,,,,,,,,,,,,,,,,,,,,,,,,,,,,,,,,,,,,,,,,,,,,,,,,,,,,,,,,,,,,,,,,,,,,,,,,,,,,,,,,,,,,,,,,,,,,,,,,,,,,,,,,,,,,,,,,,,,,,,,,,,,,,,,,,,,,,,,,,,,,,,,,,,,,,,,,,,,,,,,,,,,,,,,,,,,,,,,,,
5,43,48,53,48,50,49,50,52,57,47,49,46,44,48,49,51,48,41,39,36,37,38,39,34,39,35,42,36,39,38,36,38,37,34,40,35,36,42,37,38,38,38,38,37,34,37,43,38,47,42,44,46,50,52,53,49,50,53,48,48,55,49,45,42,,,,,,,,,,,,,,,,,,,,,,,,,,,,,,,,,,,,,,,,,,,,,,,,,,,,,,,,,,,,,,,,,,,,,,,,,,,,,,,,,,,,,,,,,,,,,,,,,,,,,,,,,,,,,,,,,,,,,,,,,,,,,,,,,,,,,,,,,,,,,,,,,,,,,,,,,,,,,,,,,,,,,,,,,,,,,,,,,,,,,,,,,,,,,,,,
6,51,57,65,60,72,66,73,75,71,66,71,64,65,69,69,70,74,68,72,72,71,69,63,73,63,69,66,74,67,74,68,68,66,70,62,63,62,58,60,68,65,58,54,54,58,58,58,54,47,51,52,57,60,49,50,47,41,47,43,40,40,35,34,32,,,,,,,,,,,,,,,,,,,,,,,,,,,,,,,,,,,,,,,,,,,,,,,,,,,,,,,,,,,,,,,,,,,,,,,,,,,,,,,,,,,,,,,,,,,,,,,,,,,,,,,,,,,,,,,,,,,,,,,,,,,,,,,,,,,,,,,,,,,,,,,,,,,,,,,,,,,,,,,,,,,,,,,,,,,,,,,,,,,,,,,,,,,,,,,,
7,30,34,33,39,32,42,42,46,48,48,53,50,55,55,52,63,58,66,60,70,62,73,68,65,67,63,71,78,74,64,72,71,78,74,77,72,77,76,82,74,68,86,73,77,70,72,76,73,68,70,82,72,72,78,64,77,67,72,73,64,62,59,48,53,,,,,,,,,,,,,,,,,,,,,,,,,,,,,,,,,,,,,,,,,,,,,,,,,,,,,,,,,,,,,,,,,,,,,,,,,,,,,,,,,,,,,,,,,,,,,,,,,,,,,,,,,,,,,,,,,,,,,,,,,,,,,,,,,,,,,,,,,,,,,,,,,,,,,,,,,,,,,,,,,,,,,,,,,,,,,,,,,,,,,,,,,,,,,,,,
8,64,67,65,75,77,80,78,80,74,83,81,78,69,80,81,72,75,74,74,73,75,78,76,81,71,83,73,78,83,74,82,80,73,79,80,79,76,76,73,77,73,74,78,67,73,69,72,68,69,68,72,64,64,62,66,62,59,60,59,50,49,47,42,42,,,,,,,,,,,,,,,,,,,,,,,,,,,,,,,,,,,,,,,,,,,,,,,,,,,,,,,,,,,,,,,,,,,,,,,,,,,,,,,,,,,,,,,,,,,,,,,,,,,,,,,,,,,,,,,,,,,,,,,,,,,,,,,,,,,,,,,,,,,,,,,,,,,,,,,,,,,,,,,,,,,,,,,,,,,,,,,,,,,,,,,,,,,,,,,,
9,32,36,40,45,41,44,43,45,48,44,43,43,43,46,49,47,50,47,58,55,60,61,59,57,60,63,69,61,64,69,63,74,71,67,69,73,75,82,84,80,82,75,77,87,81,76,72,75,87,73,76,88,80,72,73,72,73,74,67,71,65,64,53,54,,,,,,,,,,,,,,,,,,,,,,,,,,,,,,,,,,,,,,,,,,,,,,,,,,,,,,,,,,,,,,,,,,,,,,,,,,,,,,,,,,,,,,,,,,,,,,,,,,,,,,,,,,,,,,,,,,,,,,,,,,,,,,,,,,,,,,,,,,,,,,,,,,,,,,,,,,,,,,,,,,,,,,,,,,,,,,,,,,,,,,,,,,,,,,,,
10,56,57,59,60,73,69,68,63,58,62,58,66,62,67,61,52,54,55,57,52,55,53,51,46,47,42,45,42,43,48,47,44,46,45,46,46,47,46,44,48,47,40,44,48,45,40,43,47,47,46,47,48,49,48,50,46,51,55,59,51,54,50,49,49,,,,,,,,,,,,,,,,,,,,,,,,,,,,,,,,,,,,,,,,,,,,,,,,,,,,,,,,,,,,,,,,,,,,,,,,,,,,,,,,,,,,,,,,,,,,,,,,,,,,,,,,,,,,,,,,,,,,,,,,,,,,,,,,,,,,,,,,,,,,,,,,,,,,,,,,,,,,,,,,,,,,,,,,,,,,,,,,,,,,,,,,,,,,,,,,
11,58,65,62,61,77,74,72,76,79,70,78,71,71,80,81,70,70,74,74,74,76,81,83,76,76,77,79,82,73,80,78,79,80,75,75,77,82,69,69,73,72,71,68,75,76,71,71,62,66,69,65,64,62,58,53,56,52,52,59,55,48,40,40,34,,,,,,,,,,,,,,,,,,,,,,,,,,,,,,,,,,,,,,,,,,,,,,,,,,,,,,,,,,,,,,,,,,,,,,,,,,,,,,,,,,,,,,,,,,,,,,,,,,,,,,,,,,,,,,,,,,,,,,,,,,,,,,,,,,,,,,,,,,,,,,,,,,,,,,,,,,,,,,,,,,,,,,,,,,,,,,,,,,,,,,,,,,,,,,,,
12,36,44,48,52,55,54,52,60,61,50,58,59,58,60,65,65,65,66,67,72,66,74,67,72,86,85,80,73,75,78,83,77,82,77,86,85,84,87,87,81,73,90,84,85,79,83,86,84,84,83,80,80,70,84,77,81,78,85,79,74,79,70,73,65,,,,,,,,,,,,,,,,,,,,,,,,,,,,,,,,,,,,,,,,,,,,,,,,,,,,,,,,,,,,,,,,,,,,,,,,,,,,,,,,,,,,,,,,,,,,,,,,,,,,,,,,,,,,,,,,,,,,,,,,,,,,,,,,,,,,,,,,,,,,,,,,,,,,,,,,,,,,,,,,,,,,,,,,,,,,,,,,,,,,,,,,,,,,,,,,
13,54,57,53,58,58,55,52,55,56,57,56,55,53,50,51,58,56,48,42,43,46,46,42,47,44,43,46,45,44,47,42,43,50,42,45,47,43,44,45,47,44,43,44,44,45,46,46,48,53,53,47,54,59,58,61,64,58,62,59,58,56,58,51,53,,,,,,,,,,,,,,,,,,,,,,,,,,,,,,,,,,,,,,,,,,,,,,,,,,,,,,,,,,,,,,,,,,,,,,,,,,,,,,,,,,,,,,,,,,,,,,,,,,,,,,,,,,,,,,,,,,,,,,,,,,,,,,,,,,,,,,,,,,,,,,,,,,,,,,,,,,,,,,,,,,,,,,,,,,,,,,,,,,,,,,,,,,,,,,,,
14,53,61,61,68,67,67,78,72,80,72,74,72,73,72,83,78,79,72,78,78,79,76,77,73,69,76,81,78,76,70,72,71,86,72,69,70,70,69,74,63,64,66,59,67,59,62,60,56,57,52,60,52,55,53,47,41,42,45,40,39,40,34,37,33,,,,,,,,,,,,,,,,,,,,,,,,,,,,,,,,,,,,,,,,,,,,,,,,,,,,,,,,,,,,,,,,,,,,,,,,,,,,,,,,,,,,,,,,,,,,,,,,,,,,,,,,,,,,,,,,,,,,,,,,,,,,,,,,,,,,,,,,,,,,,,,,,,,,,,,,,,,,,,,,,,,,,,,,,,,,,,,,,,,,,,,,,,,,,,,,
15,32,39,36,42,47,48,52,51,54,59,51,59,62,63,55,64,66,64,69,72,69,79,67,63,74,70,77,80,80,77,72,73,71,78,74,77,76,82,82,72,78,76,79,88,83,76,75,75,71,74,73,71,76,78,75,72,71,74,69,74,62,61,57,52,,,,,,,,,,,,,,,,,,,,,,,,,,,,,,,,,,,,,,,,,,,,,,,,,,,,,,,,,,,,,,,,,,,,,,,,,,,,,,,,,,,,,,,,,,,,,,,,,,,,,,,,,,,,,,,,,,,,,,,,,,,,,,,,,,,,,,,,,,,,,,,,,,,,,,,,,,,,,,,,,,,,,,,,,,,,,,,,,,,,,,,,,,,,,,,,
16,63,65,60,69,72,81,69,75,74,74,80,77,85,78,76,78,80,77,74,81,76,77,89,79,74,74,81,77,73,74,78,80,75,82,75,77,73,80,76,79,76,73,71,81,70,73,70,74,67,74,67,68,60,59,57,60,57,50,51,48,47,51,41,37,,,,,,,,,,,,,,,,,,,,,,,,,,,,,,,,,,,,,,,,,,,,,,,,,,,,,,,,,,,,,,,,,,,,,,,,,,,,,,,,,,,,,,,,,,,,,,,,,,,,,,,,,,,,,,,,,,,,,,,,,,,,,,,,,,,,,,,,,,,,,,,,,,,,,,,,,,,,,,,,,,,,,,,,,,,,,,,,,,,,,,,,,,,,,,,,
17,37,42,45,49,40,47,48,51,50,53,49,50,54,49,55,54,54,56,62,58,72,69,64,65,63,64,72,76,74,74,84,84,73,76,80,75,83,81,75,74,76,82,86,77,84,83,81,77,82,75,88,76,82,80,75,77,71,86,73,75,72,75,59,56,,,,,,,,,,,,,,,,,,,,,,,,,,,,,,,,,,,,,,,,,,,,,,,,,,,,,,,,,,,,,,,,,,,,,,,,,,,,,,,,,,,,,,,,,,,,,,,,,,,,,,,,,,,,,,,,,,,,,,,,,,,,,,,,,,,,,,,,,,,,,,,,,,,,,,,,,,,,,,,,,,,,,,,,,,,,,,,,,,,,,,,,,,,,,,,,
18,57,64,64,66,72,69,75,66,67,61,63,65,65,66,64,63,49,57,58,58,60,56,53,54,49,51,48,48,55,59,48,53,55,50,45,45,48,49,47,47,53,52,49,49,51,48,54,49,50,51,48,50,58,52,56,58,60,58,52,53,55,47,55,46,,,,,,,,,,,,,,,,,,,,,,,,,,,,,,,,,,,,,,,,,,,,,,,,,,,,,,,,,,,,,,,,,,,,,,,,,,,,,,,,,,,,,,,,,,,,,,,,,,,,,,,,,,,,,,,,,,,,,,,,,,,,,,,,,,,,,,,,,,,,,,,,,,,,,,,,,,,,,,,,,,,,,,,,,,,,,,,,,,,,,,,,,,,,,,,,
19,64,72,72,86,78,83,77,80,81,89,86,79,78,84,87,79,80,85,88,79,85,84,83,83,76,78,77,76,87,83,91,81,82,84,84,77,81,80,78,82,86,77,81,85,83,70,77,76,71,65,73,71,69,70,60,68,73,70,66,62,58,52,43,43,,,,,,,,,,,,,,,,,,,,,,,,,,,,,,,,,,,,,,,,,,,,,,,,,,,,,,,,,,,,,,,,,,,,,,,,,,,,,,,,,,,,,,,,,,,,,,,,,,,,,,,,,,,,,,,,,,,,,,,,,,,,,,,,,,,,,,,,,,,,,,,,,,,,,,,,,,,,,,,,,,,,,,,,,,,,,,,,,,,,,,,,,,,,,,,,
20,34,36,40,38,43,40,45,52,42,47,52,50,52,52,60,61,60,53,59,58,61,63,67,72,71,65,68,77,71,65,70,71,73,78,74,74,72,76,73,84,76,75,79,79,83,68,70,75,78,76,80,77,69,80,79,70,71,71,71,71,66,59,58,56,,,,,,,,,,,,,,,,,,,,,,,,,,,,,,,,,,,,,,,,,,,,,,,,,,,,,,,,,,,,,,,,,,,,,,,,,,,,,,,,,,,,,,,,,,,,,,,,,,,,,,,,,,,,,,,,,,,,,,,,,,,,,,,,,,,,,,,,,,,,,,,,,,,,,,,,,,,,,,,,,,,,,,,,,,,,,,,,,,,,,,,,,,,,,,,,
21,52,53,53,65,54,59,58,63,59,53,56,59,54,59,56,64,50,47,49,50,43,48,44,47,43,41,49,45,48,46,47,50,45,46,47,48,47,48,46,46,45,46,41,44,48,48,47,48,48,49,51,55,57,56,59,62,63,57,53,56,66,57,57,53,,,,,,,,,,,,,,,,,,,,,,,,,,,,,,,,,,,,,,,,,,,,,,,,,,,,,,,,,,,,,,,,,,,,,,,,,,,,,,,,,,,,,,,,,,,,,,,,,,,,,,,,,,,,,,,,,,,,,,,,,,,,,,,,,,,,,,,,,,,,,,,,,,,,,,,,,,,,,,,,,,,,,,,,,,,,,,,,,,,,,,,,,,,,,,,,
22,54,58,64,70,73,69,72,71,77,72,85,83,75,79,74,80,80,81,72,79,82,79,80,70,78,84,73,75,76,83,82,78,76,73,81,76,75,71,72,74,67,67,62,62,61,63,66,57,57,58,54,58,58,52,50,50,44,41,40,51,37,37,37,34,,,,,,,,,,,,,,,,,,,,,,,,,,,,,,,,,,,,,,,,,,,,,,,,,,,,,,,,,,,,,,,,,,,,,,,,,,,,,,,,,,,,,,,,,,,,,,,,,,,,,,,,,,,,,,,,,,,,,,,,,,,,,,,,,,,,,,,,,,,,,,,,,,,,,,,,,,,,,,,,,,,,,,,,,,,,,,,,,,,,,,,,,,,,,,,,
23,32,39,42,40,42,49,45,46,50,55,54,56,53,57,63,64,61,64,66,63,75,73,76,70,68,75,80,81,84,87,75,85,80,76,75,77,82,77,77,70,75,78,75,78,76,83,77,77,75,77,76,73,74,85,87,81,75,80,66,71,65,58,55,53,,,,,,,,,,,,,,,,,,,,,,,,,,,,,,,,,,,,,,,,,,,,,,,,,,,,,,,,,,,,,,,,,,,,,,,,,,,,,,,,,,,,,,,,,,,,,,,,,,,,,,,,,,,,,,,,,,,,,,,,,,,,,,,,,,,,,,,,,,,,,,,,,,,,,,,,,,,,,,,,,,,,,,,,,,,,,,,,,,,,,,,,,,,,,,,,
24,62,65,70,67,72,71,78,72,70,76,78,74,75,79,78,83,74,76,76,76,80,73,75,77,81,85,83,73,76,73,74,80,75,73,75,74,71,79,75,77,71,84,74,72,69,68,80,75,72,71,69,64,74,65,65,60,67,56,53,55,50,54,53,48,,,,,,,,,,,,,,,,,,,,,,,,,,,,,,,,,,,,,,,,,,,,,,,,,,,,,,,,,,,,,,,,,,,,,,,,,,,,,,,,,,,,,,,,,,,,,,,,,,,,,,,,,,,,,,,,,,,,,,,,,,,,,,,,,,,,,,,,,,,,,,,,,,,,,,,,,,,,,,,,,,,,,,,,,,,,,,,,,,,,,,,,,,,,,,,,
25,33,37,33,45,40,41,42,45,43,45,42,41,45,48,50,49,49,51,48,51,59,54,58,57,61,61,64,63,59,69,70,73,64,69,71,70,78,71,80,76,80,74,80,86,73,68,77,79,78,72,74,71,74,69,72,73,73,78,70,68,67,58,59,59,,,,,,,,,,,,,,,,,,,,,,,,,,,,,,,,,,,,,,,,,,,,,,,,,,,,,,,,,,,,,,,,,,,,,,,,,,,,,,,,,,,,,,,,,,,,,,,,,,,,,,,,,,,,,,,,,,,,,,,,,,,,,,,,,,,,,,,,,,,,,,,,,,,,,,,,,,,,,,,,,,,,,,,,,,,,,,,,,,,,,,,,,,,,,,,,
26,53,60,62,64,66,67,63,63,65,64,66,57,64,61,66,52,53,57,57,54,55,56,48,48,46,50,45,49,49,45,43,47,49,50,41,43,49,44,47,46,49,47,51,46,45,47,48,48,46,46,45,53,47,53,51,49,46,51,60,49,55,55,50,48,,,,,,,,,,,,,,,,,,,,,,,,,,,,,,,,,,,,,,,,,,,,,,,,,,,,,,,,,,,,,,,,,,,,,,,,,,,,,,,,,,,,,,,,,,,,,,,,,,,,,,,,,,,,,,,,,,,,,,,,,,,,,,,,,,,,,,,,,,,,,,,,,,,,,,,,,,,,,,,,,,,,,,,,,,,,,,,,,,,,,,,,,,,,,,,,
27,54,58,63,66,69,71,68,74,76,79,73,75,78,74,67,73,78,76,70,74,80,73,72,69,73,82,76,71,72,76,75,73,75,73,82,78,82,78,73,72,70,68,68,69,67,58,63,62,63,60,64,58,57,53,57,53,54,51,50,52,49,39,36,37,,,,,,,,,,,,,,,,,,,,,,,,,,,,,,,,,,,,,,,,,,,,,,,,,,,,,,,,,,,,,,,,,,,,,,,,,,,,,,,,,,,,,,,,,,,,,,,,,,,,,,,,,,,,,,,,,,,,,,,,,,,,,,,,,,,,,,,,,,,,,,,,,,,,,,,,,,,,,,,,,,,,,,,,,,,,,,,,,,,,,,,,,,,,,,,,
28,35,41,36,45,43,41,46,50,48,45,45,49,48,49,55,66,56,60,59,63,60,67,65,64,66,72,73,69,69,73,68,71,76,74,74,73,77,76,69,78,76,70,77,72,70,85,86,71,77,70,72,74,71,76,71,77,75,67,71,71,67,61,53,56,,,,,,,,,,,,,,,,,,,,,,,,,,,,,,,,,,,,,,,,,,,,,,,,,,,,,,,,,,,,,,,,,,,,,,,,,,,,,,,,,,,,,,,,,,,,,,,,,,,,,,,,,,,,,,,,,,,,,,,,,,,,,,,,,,,,,,,,,,,,,,,,,,,,,,,,,,,,,,,,,,,,,,,,,,,,,,,,,,,,,,,,,,,,,,,,
29,49,54,53,56,57,58,54,63,64,60,56,58,53,55,52,53,51,45,49,42,44,41,41,39,44,40,43,48,48,47,47,47,43,41,47,47,49,47,44,48,47,44,44,47,44,46,53,52,50,52,46,50,49,57,56,60,53,58,54,54,59,55,46,52,,,,,,,,,,,,,,,,,,,,,,,,,,,,,,,,,,,,,,,,,,,,,,,,,,,,,,,,,,,,,,,,,,,,,,,,,,,,,,,,,,,,,,,,,,,,,,,,,,,,,,,,,,,,,,,,,,,,,,,,,,,,,,,,,,,,,,,,,,,,,,,,,,,,,,,,,,,,,,,,,,,,,,,,,,,,,,,,,,,,,,,,,,,,,,,,
30,53,62,64,65,69,69,71,74,79,68,78,77,69,76,83,72,74,70,71,72,70,71,81,80,70,82,78,78,78,78,69,72,73,77,66,68,66,73,72,65,64,65,66,60,64,64,66,55,55,52,54,54,54,49,57,48,44,40,43,39,39,40,37,36,,,,,,,,,,,,,,,,,,,,,,,,,,,,,,,,,,,,,,,,,,,,,,,,,,,,,,,,,,,,,,,,,,,,,,,,,,,,,,,,,,,,,,,,,,,,,,,,,,,,,,,,,,,,,,,,,,,,,,,,,,,,,,,,,,,,,,,,,,,,,,,,,,,,,,,,,,,,,,,,,,,,,,,,,,,,,,,,,,,,,,,,,,,,,,,,
31,34,36,40,45,42,45,49,49,45,56,55,58,55,59,61,61,60,69,71,70,72,70,72,72,71,69,72,80,76,77,82,81,81,86,77,75,86,71,76,78,80,75,70,74,75,79,81,85,76,73,78,85,69,78,72,73,66,76,69,60,68,60,54,53,,,,,,,,,,,,,,,,,,,,,,,,,,,,,,,,,,,,,,,,,,,,,,,,,,,,,,,,,,,,,,,,,,,,,,,,,,,,,,,,,,,,,,,,,,,,,,,,,,,,,,,,,,,,,,,,,,,,,,,,,,,,,,,,,,,,,,,,,,,,,,,,,,,,,,,,,,,,,,,,,,,,,,,,,,,,,,,,,,,,,,,,,,,,,,,,
32,66,64,68,69,71,72,75,81,84,81,85,80,74,81,82,66,76,75,83,79,89,72,87,81,81,78,77,74,73,75,81,78,84,77,78,80,84,74,75,72,77,73,77,84,76,74,73,70,72,68,71,65,58,69,70,65,71,64,61,54,51,51,47,46,,,,,,,,,,,,,,,,,,,,,,,,,,,,,,,,,,,,,,,,,,,,,,,,,,,,,,,,,,,,,,,,,,,,,,,,,,,,,,,,,,,,,,,,,,,,,,,,,,,,,,,,,,,,,,,,,,,,,,,,,,,,,,,,,,,,,,,,,,,,,,,,,,,,,,,,,,,,,,,,,,,,,,,,,,,,,,,,,,,,,,,,,,,,,,,,
33,35,38,41,42,41,42,44,45,48,46,45,43,46,52,53,53,48,54,48,59,65,64,54,61,63,65,67,66,70,70,71,66,70,69,72,75,75,74,77,82,76,78,72,82,77,82,74,82,77,78,77,76,85,72,77,73,78,73,75,74,65,66,59,54,,,,,,,,,,,,,,,,,,,,,,,,,,,,,,,,,,,,,,,,,,,,,,,,,,,,,,,,,,,,,,,,,,,,,,,,,,,,,,,,,,,,,,,,,,,,,,,,,,,,,,,,,,,,,,,,,,,,,,,,,,,,,,,,,,,,,,,,,,,,,,,,,,,,,,,,,,,,,,,,,,,,,,,,,,,,,,,,,,,,,,,,,,,,,,,,
34,60,54,65,63,68,69,71,67,68,64,66,71,64,72,67,62,59,62,66,62,57,53,53,52,48,47,46,50,48,50,49,49,49,53,46,47,48,49,52,47,49,51,57,54,50,54,52,48,51,48,49,51,51,53,53,48,56,53,54,60,57,55,50,54,,,,,,,,,,,,,,,,,,,,,,,,,,,,,,,,,,,,,,,,,,,,,,,,,,,,,,,,,,,,,,,,,,,,,,,,,,,,,,,,,,,,,,,,,,,,,,,,,,,,,,,,,,,,,,,,,,,,,,,,,,,,,,,,,,,,,,,,,,,,,,,,,,,,,,,,,,,,,,,,,,,,,,,,,,,,,,,,,,,,,,,,,,,,,,,,
35,56,64,66,66,73,73,77,76,70,86,82,76,79,77,67,79,81,73,80,81,74,72,74,73,77,78,75,87,76,84,81,84,75,81,80,77,76,81,76,71,70,73,75,74,70,70,61,64,57,63,65,65,62,59,58,56,54,59,54,54,45,39,42,39,,,,,,,,,,,,,,,,,,,,,,,,,,,,,,,,,,,,,,,,,,,,,,,,,,,,,,,,,,,,,,,,,,,,,,,,,,,,,,,,,,,,,,,,,,,,,,,,,,,,,,,,,,,,,,,,,,,,,,,,,,,,,,,,,,,,,,,,,,,,,,,,,,,,,,,,,,,,,,,,,,,,,,,,,,,,,,,,,,,,,,,,,,,,,,,,
36,38,42,42,42,46,45,49,49,48,47,50,52,49,52,61,59,58,64,63,63,69,69,72,67,72,68,72,70,78,69,77,69,72,80,79,73,80,76,77,79,80,86,83,81,75,78,79,82,76,74,72,83,77,80,77,76,79,73,77,64,60,63,58,53,,,,,,,,,,,,,,,,,,,,,,,,,,,,,,,,,,,,,,,,,,,,,,,,,,,,,,,,,,,,,,,,,,,,,,,,,,,,,,,,,,,,,,,,,,,,,,,,,,,,,,,,,,,,,,,,,,,,,,,,,,,,,,,,,,,,,,,,,,,,,,,,,,,,,,,,,,,,,,,,,,,,,,,,,,,,,,,,,,,,,,,,,,,,,,,,
37,57,61,57,63,63,61,62,62,65,63,56,60,56,61,64,52,58,48,51,47,50,48,43,45,55,49,52,53,46,48,51,51,50,45,50,49,46,50,48,51,48,47,49,49,45,51,47,54,57,54,54,55,58,57,66,61,61,55,65,56,64,58,53,55,,,,,,,,,,,,,,,,,,,,,,,,,,,,,,,,,,,,,,,,,,,,,,,,,,,,,,,,,,,,,,,,,,,,,,,,,,,,,,,,,,,,,,,,,,,,,,,,,,,,,,,,,,,,,,,,,,,,,,,,,,,,,,,,,,,,,,,,,,,,,,,,,,,,,,,,,,,,,,,,,,,,,,,,,,,,,,,,,,,,,,,,,,,,,,,,
38,52,59,61,64,69,75,68,79,73,86,81,76,75,76,76,81,74,81,73,82,73,80,81,85,78,74,74,79,84,79,81,81,79,74,68,76,77,67,70,73,66,63,61,60,68,65,61,63,54,52,58,55,54,55,50,45,44,45,39,39,38,41,37,36,,,,,,,,,,,,,,,,,,,,,,,,,,,,,,,,,,,,,,,,,,,,,,,,,,,,,,,,,,,,,,,,,,,,,,,,,,,,,,,,,,,,,,,,,,,,,,,,,,,,,,,,,,,,,,,,,,,,,,,,,,,,,,,,,,,,,,,,,,,,,,,,,,,,,,,,,,,,,,,,,,,,,,,,,,,,,,,,,,,,,,,,,,,,,,,,
39,36,40,44,46,43,52,47,54,49,56,58,62,60,68,62,68,66,69,70,66,70,74,75,70,78,78,81,82,79,87,74,79,81,74,79,77,78,76,88,77,84,72,77,90,77,72,75,75,83,69,73,66,73,80,78,72,73,71,72,73,70,70,57,56,,,,,,,,,,,,,,,,,,,,,,,,,,,,,,,,,,,,,,,,,,,,,,,,,,,,,,,,,,,,,,,,,,,,,,,,,,,,,,,,,,,,,,,,,,,,,,,,,,,,,,,,,,,,,,,,,,,,,,,,,,,,,,,,,,,,,,,,,,,,,,,,,,,,,,,,,,,,,,,,,,,,,,,,,,,,,,,,,,,,,,,,,,,,,,,,
40,61,66,71,66,75,79,66,78,73,78,76,82,72,77,72,78,79,80,75,83,74,76,72,80,82,81,70,85,74,78,77,80,71,75,78,77,73,70,78,77,71,74,72,78,78,69,71,72,72,70,70,66,65,67,59,59,64,50,52,57,52,52,43,46,,,,,,,,,,,,,,,,,,,,,,,,,,,,,,,,,,,,,,,,,,,,,,,,,,,,,,,,,,,,,,,,,,,,,,,,,,,,,,,,,,,,,,,,,,,,,,,,,,,,,,,,,,,,,,,,,,,,,,,,,,,,,,,,,,,,,,,,,,,,,,,,,,,,,,,,,,,,,,,,,,,,,,,,,,,,,,,,,,,,,,,,,,,,,,,,
41,35,33,39,38,41,39,43,49,48,42,45,43,48,51,51,50,52,48,51,51,61,57,58,59,52,59,61,61,70,73,69,67,74,69,69,65,74,78,79,78,70,79,81,77,76,79,81,71,77,74,72,71,73,79,82,79,74,76,72,68,68,57,57,49,,,,,,,,,,,,,,,,,,,,,,,,,,,,,,,,,,,,,,,,,,,,,,,,,,,,,,,,,,,,,,,,,,,,,,,,,,,,,,,,,,,,,,,,,,,,,,,,,,,,,,,,,,,,,,,,,,,,,,,,,,,,,,,,,,,,,,,,,,,,,,,,,,,,,,,,,,,,,,,,,,,,,,,,,,,,,,,,,,,,,,,,,,,,,,,,
42,53,59,65,67,67,69,68,74,74,61,65,63,61,65,57,67,60,58,59,61,62,52,52,49,46,57,49,48,48,55,46,54,45,53,53,48,53,54,50,51,48,53,44,49,43,49,50,49,49,51,53,53,52,54,48,56,55,55,61,57,51,55,49,55,,,,,,,,,,,,,,,,,,,,,,,,,,,,,,,,,,,,,,,,,,,,,,,,,,,,,,,,,,,,,,,,,,,,,,,,,,,,,,,,,,,,,,,,,,,,,,,,,,,,,,,,,,,,,,,,,,,,,,,,,,,,,,,,,,,,,,,,,,,,,,,,,,,,,,,,,,,,,,,,,,,,,,,,,,,,,,,,,,,,,,,,,,,,,,,,
43,56,65,69,68,69,71,79,80,73,71,76,75,80,76,71,82,79,76,75,81,80,81,77,77,84,83,82,82,67,78,78,79,80,74,86,82,75,78,84,68,77,74,66,65,71,71,68,65,64,64,65,62,64,57,57,56,55,55,55,49,47,41,41,36,,,,,,,,,,,,,,,,,,,,,,,,,,,,,,,,,,,,,,,,,,,,,,,,,,,,,,,,,,,,,,,,,,,,,,,,,,,,,,,,,,,,,,,,,,,,,,,,,,,,,,,,,,,,,,,,,,,,,,,,,,,,,,,,,,,,,,,,,,,,,,,,,,,,,,,,,,,,,,,,,,,,,,,,,,,,,,,,,,,,,,,,,,,,,,,,
44,32,34,39,39,41,38,43,45,44,44,46,50,50,47,55,62,58,54,55,57,62,66,66,63,66,68,76,67,76,71,70,78,89,76,75,65,78,76,77,78,82,83,76,84,80,72,74,74,83,79,78,78,81,74,69,70,78,81,68,69,64,55,57,53,,,,,,,,,,,,,,,,,,,,,,,,,,,,,,,,,,,,,,,,,,,,,,,,,,,,,,,,,,,,,,,,,,,,,,,,,,,,,,,,,,,,,,,,,,,,,,,,,,,,,,,,,,,,,,,,,,,,,,,,,,,,,,,,,,,,,,,,,,,,,,,,,,,,,,,,,,,,,,,,,,,,,,,,,,,,,,,,,,,,,,,,,,,,,,,,
45,57,57,57,54,59,55,67,67,63,56,52,58,54,55,57,55,54,47,50,45,46,45,44,44,47,42,47,49,43,45,40,45,45,46,44,43,45,48,44,51,41,43,44,46,41,47,48,48,45,52,53,55,53,59,59,64,61,58,55,54,58,56,54,51,,,,,,,,,,,,,,,,,,,,,,,,,,,,,,,,,,,,,,,,,,,,,,,,,,,,,,,,,,,,,,,,,,,,,,,,,,,,,,,,,,,,,,,,,,,,,,,,,,,,,,,,,,,,,,,,,,,,,,,,,,,,,,,,,,,,,,,,,,,,,,,,,,,,,,,,,,,,,,,,,,,,,,,,,,,,,,,,,,,,,,,,,,,,,,,,
46,55,63,66,67,73,79,77,71,74,70,74,76,78,75,79,75,80,73,78,82,77,77,78,79,77,76,78,80,74,77,85,71,77,77,68,74,69,68,79,73,69,67,65,62,71,59,67,67,59,59,61,61,61,60,54,50,52,53,45,44,46,41,40,40,,,,,,,,,,,,,,,,,,,,,,,,,,,,,,,,,,,,,,,,,,,,,,,,,,,,,,,,,,,,,,,,,,,,,,,,,,,,,,,,,,,,,,,,,,,,,,,,,,,,,,,,,,,,,,,,,,,,,,,,,,,,,,,,,,,,,,,,,,,,,,,,,,,,,,,,,,,,,,,,,,,,,,,,,,,,,,,,,,,,,,,,,,,,,,,,
47,40,43,49,54,47,51,51,57,54,54,61,62,64,62,64,65,68,73,69,67,70,67,71,79,80,70,73,72,76,75,77,74,76,80,78,84,85,78,76,72,80,78,74,78,71,74,85,83,84,78,76,77,75,85,81,78,78,69,79,73,67,66,65,58,,,,,,,,,,,,,,,,,,,,,,,,,,,,,,,,,,,,,,,,,,,,,,,,,,,,,,,,,,,,,,,,,,,,,,,,,,,,,,,,,,,,,,,,,,,,,,,,,,,,,,,,,,,,,,,,,,,,,,,,,,,,,,,,,,,,,,,,,,,,,,,,,,,,,,,,,,,,,,,,,,,,,,,,,,,,,,,,,,,,,,,,,,,,,,,,
48,65,72,69,69,72,74,79,71,79,81,80,72,81,76,78,75,77,76,82,74,80,79,79,81,83,74,84,78,84,83,81,76,80,90,94,82,80,67,81,81,79,77,73,74,76,75,72,80,72,78,78,69,65,65,67,71,75,61,58,56,59,60,48,45,,,,,,,,,,,,,,,,,,,,,,,,,,,,,,,,,,,,,,,,,,,,,,,,,,,,,,,,,,,,,,,,,,,,,,,,,,,,,,,,,,,,,,,,,,,,,,,,,,,,,,,,,,,,,,,,,,,,,,,,,,,,,,,,,,,,,,,,,,,,,,,,,,,,,,,,,,,,,,,,,,,,,,,,,,,,,,,,,,,,,,,,,,,,,,,,
49,41,40,43,44,44,40,46,47,52,52,45,47,48,50,51,49,50,45,53,62,62,55,57,60,60,69,68,69,74,70,80,76,75,77,75,72,78,78,76,77,80,75,76,74,77,83,78,78,80,77,82,71,74,79,69,75,73,77,69,67,63,65,63,59,,,,,,,,,,,,,,,,,,,,,,,,,,,,,,,,,,,,,,,,,,,,,,,,,,,,,,,,,,,,,,,,,,,,,,,,,,,,,,,,,,,,,,,,,,,,,,,,,,,,,,,,,,,,,,,,,,,,,,,,,,,,,,,,,,,,,,,,,,,,,,,,,,,,,,,,,,,,,,,,,,,,,,,,,,,,,,,,,,,,,,,,,,,,,,,,
50,54,64,53,63,68,66,68,78,65,56,59,61,57,61,59,58,54,53,56,53,59,54,50,46,44,46,47,44,48,41,46,51,45,47,47,47,46,46,43,50,49,45,46,43,50,44,47,44,42,50,47,48,49,52,48,49,52,48,57,51,51,51,50,43,,,,,,,,,,,,,,,,,,,,,,,,,,,,,,,,,,,,,,,,,,,,,,,,,,,,,,,,,,,,,,,,,,,,,,,,,,,,,,,,,,,,,,,,,,,,,,,,,,,,,,,,,,,,,,,,,,,,,,,,,,,,,,,,,,,,,,,,,,,,,,,,,,,,,,,,,,,,,,,,,,,,,,,,,,,,,,,,,,,,,,,,,,,,,,,,
51,59,64,65,70,69,75,71,72,76,68,73,77,76,73,73,78,82,73,84,83,73,74,76,78,75,71,78,72,79,70,76,75,74,73,73,73,69,76,77,69,72,78,69,67,71,67,69,70,66,65,62,65,56,52,58,57,61,53,51,52,44,44,41,34,,,,,,,,,,,,,,,,,,,,,,,,,,,,,,,,,,,,,,,,,,,,,,,,,,,,,,,,,,,,,,,,,,,,,,,,,,,,,,,,,,,,,,,,,,,,,,,,,,,,,,,,,,,,,,,,,,,,,,,,,,,,,,,,,,,,,,,,,,,,,,,,,,,,,,,,,,,,,,,,,,,,,,,,,,,,,,,,,,,,,,,,,,,,,,,,
52,35,36,43,38,41,38,42,43,42,47,45,50,44,48,44,48,59,57,57,52,60,56,61,62,60,68,70,67,67,69,66,69,74,68,72,68,75,73,68,70,75,75,71,76,80,77,75,79,64,68,74,73,75,77,76,72,71,67,73,66,60,59,56,46,,,,,,,,,,,,,,,,,,,,,,,,,,,,,,,,,,,,,,,,,,,,,,,,,,,,,,,,,,,,,,,,,,,,,,,,,,,,,,,,,,,,,,,,,,,,,,,,,,,,,,,,,,,,,,,,,,,,,,,,,,,,,,,,,,,,,,,,,,,,,,,,,,,,,,,,,,,,,,,,,,,,,,,,,,,,,,,,,,,,,,,,,,,,,,,,
53,52,56,63,58,67,66,61,64,67,61,57,61,62,57,62,59,56,49,56,50,47,52,56,46,46,45,54,48,54,53,51,52,51,49,49,50,55,46,53,54,52,51,53,50,51,49,52,52,56,56,57,54,58,62,59,68,64,61,68,65,59,59,63,54,,,,,,,,,,,,,,,,,,,,,,,,,,,,,,,,,,,,,,,,,,,,,,,,,,,,,,,,,,,,,,,,,,,,,,,,,,,,,,,,,,,,,,,,,,,,,,,,,,,,,,,,,,,,,,,,,,,,,,,,,,,,,,,,,,,,,,,,,,,,,,,,,,,,,,,,,,,,,,,,,,,,,,,,,,,,,,,,,,,,,,,,,,,,,,,,
54,57,58,64,65,65,69,70,66,74,76,72,71,73,71,70,75,69,76,83,74,68,72,75,68,72,67,71,73,67,82,74,84,71,75,77,62,66,63,63,71,64,66,62,63,56,61,61,60,54,56,52,51,56,50,50,42,43,41,42,45,44,42,39,35,,,,,,,,,,,,,,,,,,,,,,,,,,,,,,,,,,,,,,,,,,,,,,,,,,,,,,,,,,,,,,,,,,,,,,,,,,,,,,,,,,,,,,,,,,,,,,,,,,,,,,,,,,,,,,,,,,,,,,,,,,,,,,,,,,,,,,,,,,,,,,,,,,,,,,,,,,,,,,,,,,,,,,,,,,,,,,,,,,,,,,,,,,,,,,,,
55,40,45,40,47,56,50,54,51,51,58,62,60,65,65,65,69,76,70,68,69,66,65,72,70,72,78,78,72,81,84,78,70,75,76,87,75,75,87,79,72,76,75,79,76,72,73,82,73,73,76,83,77,76,71,74,74,71,77,87,78,67,62,58,65,,,,,,,,,,,,,,,,,,,,,,,,,,,,,,,,,,,,,,,,,,,,,,,,,,,,,,,,,,,,,,,,,,,,,,,,,,,,,,,,,,,,,,,,,,,,,,,,,,,,,,,,,,,,,,,,,,,,,,,,,,,,,,,,,,,,,,,,,,,,,,,,,,,,,,,,,,,,,,,,,,,,,,,,,,,,,,,,,,,,,,,,,,,,,,,,
56,50,60,60,60,66,67,66,63,70,65,75,78,70,72,70,73,76,76,64,71,76,67,75,70,73,67,75,74,69,71,67,67,66,68,69,72,68,72,68,62,71,72,66,65,69,63,62,61,65,64,60,57,58,56,54,55,49,51,51,49,44,43,39,35,,,,,,,,,,,,,,,,,,,,,,,,,,,,,,,,,,,,,,,,,,,,,,,,,,,,,,,,,,,,,,,,,,,,,,,,,,,,,,,,,,,,,,,,,,,,,,,,,,,,,,,,,,,,,,,,,,,,,,,,,,,,,,,,,,,,,,,,,,,,,,,,,,,,,,,,,,,,,,,,,,,,,,,,,,,,,,,,,,,,,,,,,,,,,,,,
57,35,38,39,44,41,44,46,43,46,45,46,48,49,51,48,49,47,49,48,54,56,56,59,63,58,62,65,68,65,67,66,64,73,67,68,74,66,75,76,78,78,72,72,71,71,79,69,78,71,83,76,77,76,76,74,71,70,75,65,70,63,58,59,54,,,,,,,,,,,,,,,,,,,,,,,,,,,,,,,,,,,,,,,,,,,,,,,,,,,,,,,,,,,,,,,,,,,,,,,,,,,,,,,,,,,,,,,,,,,,,,,,,,,,,,,,,,,,,,,,,,,,,,,,,,,,,,,,,,,,,,,,,,,,,,,,,,,,,,,,,,,,,,,,,,,,,,,,,,,,,,,,,,,,,,,,,,,,,,,,
58,53,56,58,65,54,61,61,61,60,58,53,61,56,54,52,50,51,49,53,48,54,46,42,42,39,38,42,43,41,40,45,41,45,42,42,40,46,46,41,39,38,41,43,40,45,41,46,41,42,45,45,48,45,51,45,44,45,50,52,48,52,46,45,44,,,,,,,,,,,,,,,,,,,,,,,,,,,,,,,,,,,,,,,,,,,,,,,,,,,,,,,,,,,,,,,,,,,,,,,,,,,,,,,,,,,,,,,,,,,,,,,,,,,,,,,,,,,,,,,,,,,,,,,,,,,,,,,,,,,,,,,,,,,,,,,,,,,,,,,,,,,,,,,,,,,,,,,,,,,,,,,,,,,,,,,,,,,,,,,,
59,53,53,60,63,66,69,68,64,73,68,68,74,72,66,67,68,70,67,65,71,65,74,69,67,73,66,68,64,67,63,65,71,72,69,68,69,66,69,73,64,69,61,63,66,64,60,59,59,56,56,61,60,51,55,46,49,48,53,49,44,38,38,33,33,,,,,,,,,,,,,,,,,,,,,,,,,,,,,,,,,,,,,,,,,,,,,,,,,,,,,,,,,,,,,,,,,,,,,,,,,,,,,,,,,,,,,,,,,,,,,,,,,,,,,,,,,,,,,,,,,,,,,,,,,,,,,,,,,,,,,,,,,,,,,,,,,,,,,,,,,,,,,,,,,,,,,,,,,,,,,,,,,,,,,,,,,,,,,,,,
60,31,32,36,39,35,38,38,45,44,43,47,45,46,48,50,51,58,52,54,55,58,61,59,57,61,69,64,66,61,66,68,68,68,72,73,66,71,70,67,66,70,67,68,65,74,71,71,69,67,69,65,67,65,66,63,67,72,64,66,57,63,56,52,47,,,,,,,,,,,,,,,,,,,,,,,,,,,,,,,,,,,,,,,,,,,,,,,,,,,,,,,,,,,,,,,,,,,,,,,,,,,,,,,,,,,,,,,,,,,,,,,,,,,,,,,,,,,,,,,,,,,,,,,,,,,,,,,,,,,,,,,,,,,,,,,,,,,,,,,,,,,,,,,,,,,,,,,,,,,,,,,,,,,,,,,,,,,,,,,,
61,40,43,44,46,47,45,43,50,46,44,43,41,45,46,44,43,44,38,34,35,35,36,37,35,37,37,35,37,37,35,39,36,34,35,38,37,37,32,32,37,37,33,34,36,38,32,39,41,41,39,40,42,42,47,50,45,47,47,46,49,49,44,42,41,,,,,,,,,,,,,,,,,,,,,,,,,,,,,,,,,,,,,,,,,,,,,,,,,,,,,,,,,,,,,,,,,,,,,,,,,,,,,,,,,,,,,,,,,,,,,,,,,,,,,,,,,,,,,,,,,,,,,,,,,,,,,,,,,,,,,,,,,,,,,,,,,,,,,,,,,,,,,,,,,,,,,,,,,,,,,,,,,,,,,,,,,,,,,,,,
62,51,55,54,56,56,56,62,62,59,57,61,60,67,58,57,64,57,60,57,63,59,64,55,58,61,59,62,56,72,63,61,59,62,55,58,57,53,56,57,52,49,50,55,47,56,53,54,47,43,44,50,41,48,46,45,40,39,41,38,35,36,38,35,32,,,,,,,,,,,,,,,,,,,,,,,,,,,,,,,,,,,,,,,,,,,,,,,,,,,,,,,,,,,,,,,,,,,,,,,,,,,,,,,,,,,,,,,,,,,,,,,,,,,,,,,,,,,,,,,,,,,,,,,,,,,,,,,,,,,,,,,,,,,,,,,,,,,,,,,,,,,,,,,,,,,,,,,,,,,,,,,,,,,,,,,,,,,,,,,,
63,30,36,40,40,44,42,45,42,39,49,50,54,50,52,51,51,52,54,54,64,61,61,56,57,61,64,60,63,58,60,59,64,59,63,59,65,66,65,67,64,63,64,64,69,67,65,63,68,61,66,67,59,53,67,57,59,55,64,60,62,59,55,56,46,,,,,,,,,,,,,,,,,,,,,,,,,,,,,,,,,,,,,,,,,,,,,,,,,,,,,,,,,,,,,,,,,,,,,,,,,,,,,,,,,,,,,,,,,,,,,,,,,,,,,,,,,,,,,,,,,,,,,,,,,,,,,,,,,,,,,,,,,,,,,,,,,,,,,,,,,,,,,,,,,,,,,,,,,,,,,,,,,,,,,,,,,,,,,,,,
,,,,,,,,,,,,,,,,,,,,,,,,,,,,,,,,,,,,,,,,,,,,,,,,,,,,,,,,,,,,,,,,,,,,,,,,,,,,,,,,,,,,,,,,,,,,,,,,,,,,,,,,,,,,,,,,,,,,,,,,,,,,,,,,,,,,,,,,,,,,,,,,,,,,,,,,,,,,,,,,,,,,,,,,,,,,,,,,,,,,,,,,,,,,,,,,,,,,,,,,,,,,,,,,,,,,,,,,,,,,,,,,,,,,,,,,,,,,,,,,,,,,,,,,,,,,,,,,
value,0,1,2,3,4,5,6,7,8,9,10,11,12,13,14,15,16,17,18,19,20,21,22,23,24,25,26,27,28,29,30,31,32,33,34,35,36,37,38,39,40,41,42,43,44,45,46,47,48,49,50,51,52,53,54,55,56,57,58,59,60,61,62,63,64,65,66,67,68,69,70,71,72,73,74,75,76,77,78,79,80,81,82,83,84,85,86,87,88,89,90,91,92,93,94,95,96,97,98,99,100,101,102,103,104,105,106,107,108,109,110,111,112,113,114,115,116,117,118,119,120,121,122,123,124,125,126,127,128,129,130,131,132,133,134,135,136,137,138,139,140,141,142,143,144,145,146,147,148,149,150,151,152,153,154,155,156,157,158,159,160,161,162,163,164,165,166,167,168,169,170,171,172,173,174,175,176,177,178,179,180,181,182,183,184,185,186,187,188,189,190,191,192,193,194,195,196,197,198,199,200,201,202,203,204,205,206,207,208,209,210,211,212,213,214,215,216,217,218,219,220,221,222,223,224,225,226,227,228,229,230,231,232,233,234,235,236,237,238,239,240,241,242,243,244,245,246,247,248,249,250,251,252,253,254,255
count,0,0,0,0,0,0,0,0,0,0,0,0,0,0,0,0,0,0,0,0,0,0,0,0,0,0,0,0,0,0,3,1,14,9,21,19,28,34,34,35,50,56,56,62,67,86,82,94,102,95,84,78,83,90,97,83,87,89,91,85,76,88,66,75,89,91,91,91,90,105,94,105,123,122,122,104,124,108,117,71,75,63,48,39,35,23,18,14,5,4,3,1,0,0,1,0,0,0,0,0,0,0,0,0,0,0,0,0,0,0,0,0,0,0,0,0,0,0,0,0,0,0,0,0,0,0,0,0,0,0,0,0,0,0,0,0,0,0,0,0,0,0,0,0,0,0,0,0,0,0,0,0,0,0,0,0,0,0,0,0,0,0,0,0,0,0,0,0,0,0,0,0,0,0,0,0,0,0,0,0,0,0,0,0,0,0,0,0,0,0,0,0,0,0,0,0,0,0,0,0,0,0,0,0,0,0,0,0,0,0,0,0,0,0,0,0,0,0,0,0,0,0,0,0,0,0,0,0,0,0,0,0,0,0,0,0,0,0,0,0,0,0,0,0,0,0,0,0,0,0,0,0,0,0,0,0
,,,,,,,,,,,,,,,,,,,,,,,,,,,,,,,,,,,,,,,,,,,,,,,,,,,,,,,,,,,,,,,,,,,,,,,,,,,,,,,,,,,,,,,,,,,,,,,,,,,,,,,,,,,,,,,,,,,,,,,,,,,,,,,,,,,,,,,,,,,,,,,,,,,,,,,,,,,,,,,,,,,,,,,,,,,,,,,,,,,,,,,,,,,,,,,,,,,,,,,,,,,,,,,,,,,,,,,,,,,,,,,,,,,,,,,,,,,,,,,,,,,,,,,,,,,,,,,,
14,,,,,,,,,,,,,,,,,,,,,,,,,,,,,,,,,,,,,,,,,,,,,,,,,,,,,,,,,,,,,,,,,,,,,,,,,,,,,,,,,,,,,,,,,,,,,,,,,,,,,,,,,,,,,,,,,,,,,,,,,,,,,,,,,,,,,,,,,,,,,,,,,,,,,,,,,,,,,,,,,,,,,,,,,,,,,,,,,,,,,,,,,,,,,,,,,,,,,,,,,,,,,,,,,,,,,,,,,,,,,,,,,,,,,,,,,,,,,,,,,,,,,,,,,,,,,,,,
,0,1,2,3,4,5,6,7,8,9,10,11,12,13,14,15,16,17,18,19,20,21,22,23,24,25,26,27,28,29,30,31,32,33,34,35,36,37,38,39,40,41,42,43,44,45,46,47,48,49,50,51,52,53,54,55,56,57,58,59,60,61,62,63,,,,,,,,,,,,,,,,,,,,,,,,,,,,,,,,,,,,,,,,,,,,,,,,,,,,,,,,,,,,,,,,,,,,,,,,,,,,,,,,,,,,,,,,,,,,,,,,,,,,,,,,,,,,,,,,,,,,,,,,,,,,,,,,,,,,,,,,,,,,,,,,,,,,,,,,,,,,,,,,,,,,,,,,,,,,,,,,,,,,,,,,,,,,,,,,
0,49,45,63,56,57,58,55,55,51,58,57,55,61,60,61,57,57,64,63,57,56,53,57,53,59,56,60,64,54,53,61,59,57,55,57,56,57,57,57,60,59,61,53,54,58,54,55,49,57,52,51,49,47,50,49,49,47,47,41,44,41,42,37,34,,,,,,,,,,,,,,,,,,,,,,,,,,,,,,,,,,,,,,,,,,,,,,,,,,,,,,,,,,,,,,,,,,,,,,,,,,,,,,,,,,,,,,,,,,,,,,,,,,,,,,,,,,,,,,,,,,,,,,,,,,,,,,,,,,,,,,,,,,,,,,,,,,,,,,,,,,,,,,,,,,,,,,,,,,,,,,,,,,,,,,,,,,,,,,,,
1,32,34,34,32,41,40,37,34,37,37,42,37,42,46,38,44,44,37,42,47,48,42,45,48,48,51,53,53,56,60,55,55,53,61,62,55,54,52,63,57,54,53,59,60,63,60,62,59,58,59,59,63,61,59,59,61,52,59,60,55,56,53,51,46,,,,,,,,,,,,,,,,,,,,,,,,,,,,,,,,,,,,,,,,,,,,,,,,,,,,,,,,,,,,,,,,,,,,,,,,,,,,,,,,,,,,,,,,,,,,,,,,,,,,,,,,,,,,,,,,,,,,,,,,,,,,,,,,,,,,,,,,,,,,,,,,,,,,,,,,,,,,,,,,,,,,,,,,,,,,,,,,,,,,,,,,,,,,,,,,
2,52,47,52,55,54,59,53,48,54,51,51,57,53,47,46,53,48,47,45,44,48,41,40,37,38,37,40,42,40,38,37,41,39,38,41,42,38,37,38,34,38,40,39,37,34,43,37,44,37,38,38,39,38,42,41,42,47,45,46,43,40,43,36,36,,,,,,,,,,,,,,,,,,,,,,,,,,,,,,,,,,,,,,,,,,,,,,,,,,,,,,,,,,,,,,,,,,,,,,,,,,,,,,,,,,,,,,,,,,,,,,,,,,,,,,,,,,,,,,,,,,,,,,,,,,,,,,,,,,,,,,,,,,,,,,,,,,,,,,,,,,,,,,,,,,,,,,,,,,,,,,,,,,,,,,,,,,,,,,,,
3,46,54,56,57,57,58,66,67,70,63,61,68,66,66,64,68,64,67,66,56,63,69,64,67,58,60,70,62,63,69,60,63,67,63,64,59,70,64,58,61,60,67,64,61,60,59,53,51,55,49,54,51,51,51,42,45,50,44,46,38,38,32,35,31,,,,,,,,,,,,,,,,,,,,,,,,,,,,,,,,,,,,,,,,,,,,,,,,,,,,,,,,,,,,,,,,,,,,,,,,,,,,,,,,,,,,,,,,,,,,,,,,,,,,,,,,,,,,,,,,,,,,,,,,,,,,,,,,,,,,,,,,,,,,,,,,,,,,,,,,,,,,,,,,,,,,,,,,,,,,,,,,,,,,,,,,,,,,,,,,
4,36,34,39,44,42,47,47,52,46,43,47,48,44,50,57,56,55,52,50,56,60,55,60,61,64,65,65,64,62,59,72,63,73,70,72,73,73,71,66,71,66,67,65,74,78,66,70,72,64,66,64,72,77,67,68,64,60,73,65,64,56,66,53,50,,,,,,,,,,,,,,,,,,,,,,,,,,,,,,,,,,,,,,,,,,,,,,,,,,,,,,,,,,,,,,,,,,,,,,,,,,,,,,,,,,,,,,,,,,,,,,,,,,,,,,,,,,,,,,,,,,,,,,,,,,,,,,,,,,,,,,,,,,,,,,,,,,,,,,,,,,,,,,,,,,,,,,,,,,,,,,,,,,,,,,,,,,,,,,,,
5,39,46,49,50,47,53,54,53,55,49,45,46,44,45,46,50,46,42,36,38,43,37,38,34,42,36,44,35,40,38,36,39,37,38,40,36,37,41,36,38,37,35,38,37,38,41,39,36,46,41,45,48,51,49,49,52,49,52,51,52,53,47,44,45,,,,,,,,,,,,,,,,,,,,,,,,,,,,,,,,,,,,,,,,,,,,,,,,,,,,,,,,,,,,,,,,,,,,,,,,,,,,,,,,,,,,,,,,,,,,,,,,,,,,,,,,,,,,,,,,,,,,,,,,,,,,,,,,,,,,,,,,,,,,,,,,,,,,,,,,,,,,,,,,,,,,,,,,,,,,,,,,,,,,,,,,,,,,,,,,
6,54,56,64,62,64,66,72,74,70,71,69,66,70,68,70,73,75,68,72,72,72,65,64,75,68,74,69,72,64,71,68,67,67,68,63,66,61,60,65,66,64,61,55,57,57,54,54,56,47,54,53,60,56,48,50,43,41,43,40,40,39,34,36,31,,,,,,,,,,,,,,,,,,,,,,,,,,,,,,,,,,,,,,,,,,,,,,,,,,,,,,,,,,,,,,,,,,,,,,,,,,,,,,,,,,,,,,,,,,,,,,,,,,,,,,,,,,,,,,,,,,,,,,,,,,,,,,,,,,,,,,,,,,,,,,,,,,,,,,,,,,,,,,,,,,,,,,,,,,,,,,,,,,,,,,,,,,,,,,,,
7,30,33,36,43,35,41,43,47,50,52,53,54,52,55,52,64,57,66,59,64,64,73,65,65,69,63,70,74,70,70,70,74,76,74,77,72,75,73,81,75,70,83,77,76,73,69,73,74,69,70,79,71,69,72,65,70,70,71,72,65,59,59,50,53,,,,,,,,,,,,,,,,,,,,,,,,,,,,,,,,,,,,,,,,,,,,,,,,,,,,,,,,,,,,,,,,,,,,,,,,,,,,,,,,,,,,,,,,,,,,,,,,,,,,,,,,,,,,,,,,,,,,,,,,,,,,,,,,,,,,,,,,,,,,,,,,,,,,,,,,,,,,,,,,,,,,,,,,,,,,,,,,,,,,,,,,,,,,,,,,
8,61,66,65,73,78,77,80,80,73,77,79,78,70,74,78,74,76,76,73,73,76,76,74,86,76,82,77,81,82,79,80,78,80,86,77,76,77,75,75,77,73,71,86,65,74,69,79,72,69,72,70,64,65,65,67,64,60,58,55,50,52,46,41,43,,,,,,,,,,,,,,,,,,,,,,,,,,,,,,,,,,,,,,,,,,,,,,,,,,,,,,,,,,,,,,,,,,,,,,,,,,,,,,,,,,,,,,,,,,,,,,,,,,,,,,,,,,,,,,,,,,,,,,,,,,,,,,,,,,,,,,,,,,,,,,,,,,,,,,,,,,,,,,,,,,,,,,,,,,,,,,,,,,,,,,,,,,,,,,,,
9,34,34,40,45,42,46,45,46,45,47,47,42,43,47,47,47,52,48,59,57,62,58,59,56,59,67,69,63,60,73,66,73,74,67,68,72,78,81,83,78,76,76,78,87,77,76,72,77,82,71,77,81,78,76,78,71,77,69,65,70,67,65,57,56,,,,,,,,,,,,,,,,,,,,,,,,,,,,,,,,,,,,,,,,,,,,,,,,,,,,,,,,,,,,,,,,,,,,,,,,,,,,,,,,,,,,,,,,,,,,,,,,,,,,,,,,,,,,,,,,,,,,,,,,,,,,,,,,,,,,,,,,,,,,,,,,,,,,,,,,,,,,,,,,,,,,,,,,,,,,,,,,,,,,,,,,,,,,,,,,
10,57,58,65,60,70,69,69,59,64,64,62,67,65,65,54,54,56,56,58,55,53,54,47,43,51,40,44,45,43,46,44,42,42,45,46,46,44,45,47,49,44,44,44,46,48,44,42,48,46,45,49,47,46,47,53,48,54,56,54,56,53,51,51,45,,,,,,,,,,,,,,,,,,,,,,,,,,,,,,,,,,,,,,,,,,,,,,,,,,,,,,,,,,,,,,,,,,,,,,,,,,,,,,,,,,,,,,,,,,,,,,,,,,,,,,,,,,,,,,,,,,,,,,,,,,,,,,,,,,,,,,,,,,,,,,,,,,,,,,,,,,,,,,,,,,,,,,,,,,,,,,,,,,,,,,,,,,,,,,,,
11,60,65,62,65,74,75,72,77,73,71,77,72,74,76,81,78,66,74,75,72,76,80,82,76,73,73,75,80,72,81,75,80,77,76,74,80,85,72,67,71,73,72,67,76,73,67,68,64,68,67,65,65,63,52,56,54,57,54,59,53,44,40,40,34,,,,,,,,,,,,,,,,,,,,,,,,,,,,,,,,,,,,,,,,,,,,,,,,,,,,,,,,,,,,,,,,,,,,,,,,,,,,,,,,,,,,,,,,,,,,,,,,,,,,,,,,,,,,,,,,,,,,,,,,,,,,,,,,,,,,,,,,,,,,,,,,,,,,,,,,,,,,,,,,,,,,,,,,,,,,,,,,,,,,,,,,,,,,,,,,
12,39,43,44,52,52,54,54,59,59,48,57,59,60,62,67,67,70,73,65,72,64,73,69,73,83,89,78,73,75,80,84,84,80,76,87,77,80,85,88,84,76,96,83,84,82,86,87,82,84,87,82,82,72,82,82,80,77,82,75,72,81,73,75,66,,,,,,,,,,,,,,,,,,,,,,,,,,,,,,,,,,,,,,,,,,,,,,,,,,,,,,,,,,,,,,,,,,,,,,,,,,,,,,,,,,,,,,,,,,,,,,,,,,,,,,,,,,,,,,,,,,,,,,,,,,,,,,,,,,,,,,,,,,,,,,,,,,,,,,,,,,,,,,,,,,,,,,,,,,,,,,,,,,,,,,,,,,,,,,,,
13,51,58,54,55,55,53,60,57,54,57,57,52,52,52,52,56,52,46,44,45,50,46,40,45,43,46,44,42,44,46,39,46,48,41,46,44,45,46,44,52,43,44,46,44,45,48,45,51,52,52,48,54,58,59,56,61,60,61,61,61,58,58,52,55,,,,,,,,,,,,,,,,,,,,,,,,,,,,,,,,,,,,,,,,,,,,,,,,,,,,,,,,,,,,,,,,,,,,,,,,,,,,,,,,,,,,,,,,,,,,,,,,,,,,,,,,,,,,,,,,,,,,,,,,,,,,,,,,,,,,,,,,,,,,,,,,,,,,,,,,,,,,,,,,,,,,,,,,,,,,,,,,,,,,,,,,,,,,,,,,
14,52,59,64,70,66,67,78,68,81,74,73,67,72,73,77,77,82,74,78,81,71,81,77,74,71,74,70,76,76,68,74,74,87,66,69,70,69,70,70,61,60,66,54,67,58,66,60,55,53,51,62,56,57,51,45,42,45,45,39,39,39,34,36,31,,,,,,,,,,,,,,,,,,,,,,,,,,,,,,,,,,,,,,,,,,,,,,,,,,,,,,,,,,,,,,,,,,,,,,,,,,,,,,,,,,,,,,,,,,,,,,,,,,,,,,,,,,,,,,,,,,,,,,,,,,,,,,,,,,,,,,,,,,,,,,,,,,,,,,,,,,,,,,,,,,,,,,,,,,,,,,,,,,,,,,,,,,,,,,,,
15,34,39,36,43,45,46,48,51,57,53,54,60,60,57,59,67,65,61,74,72,67,80,65,67,71,67,77,78,78,70,72,70,73,79,74,76,75,81,80,72,78,74,82,84,78,76,76,74,75,76,71,69,74,81,75,72,69,73,68,75,60,60,55,55,,,,,,,,,,,,,,,,,,,,,,,,,,,,,,,,,,,,,,,,,,,,,,,,,,,,,,,,,,,,,,,,,,,,,,,,,,,,,,,,,,,,,,,,,,,,,,,,,,,,,,,,,,,,,,,,,,,,,,,,,,,,,,,,,,,,,,,,,,,,,,,,,,,,,,,,,,,,,,,,,,,,,,,,,,,,,,,,,,,,,,,,,,,,,,,,
16,61,63,62,68,72,78,72,72,75,78,80,76,79,81,76,82,81,76,72,78,75,76,82,80,74,74,79,75,76,77,76,77,76,83,78,78,81,84,76,80,79,72,72,79,70,73,67,72,65,75,66,70,64,63,62,61,58,51,50,49,46,50,42,39,,,,,,,,,,,,,,,,,,,,,,,,,,,,,,,,,,,,,,,,,,,,,,,,,,,,,,,,,,,,,,,,,,,,,,,,,,,,,,,,,,,,,,,,,,,,,,,,,,,,,,,,,,,,,,,,,,,,,,,,,,,,,,,,,,,,,,,,,,,,,,,,,,,,,,,,,,,,,,,,,,,,,,,,,,,,,,,,,,,,,,,,,,,,,,,,
17,38,42,43,50,40,49,48,53,49,54,49,51,55,48,56,56,53,54,64,62,71,73,64,62,61,69,73,73,76,76,80,78,78,76,76,74,87,81,77,77,73,84,86,79,78,83,81,80,85,77,88,71,80,80,76,75,65,83,76,80,70,72,57,59,,,,,,,,,,,,,,,,,,,,,,,,,,,,,,,,,,,,,,,,,,,,,,,,,,,,,,,,,,,,,,,,,,,,,,,,,,,,,,,,,,,,,,,,,,,,,,,,,,,,,,,,,,,,,,,,,,,,,,,,,,,,,,,,,,,,,,,,,,,,,,,,,,,,,,,,,,,,,,,,,,,,,,,,,,,,,,,,,,,,,,,,,,,,,,,,
18,55,61,67,66,71,73,73,66,65,59,63,62,66,66,66,63,51,61,56,61,56,55,52,51,48,52,49,52,53,58,49,55,51,51,45,47,45,50,47,47,51,52,47,49,51,51,54,48,48,52,53,52,61,50,59,61,59,57,54,57,55,49,53,42,,,,,,,,,,,,,,,,,,,,,,,,,,,,,,,,,,,,,,,,,,,,,,,,,,,,,,,,,,,,,,,,,,,,,,,,,,,,,,,,,,,,,,,,,,,,,,,,,,,,,,,,,,,,,,,,,,,,,,,,,,,,,,,,,,,,,,,,,,,,,,,,,,,,,,,,,,,,,,,,,,,,,,,,,,,,,,,,,,,,,,,,,,,,,,,,
19,67,75,73,86,76,85,78,82,81,90,85,79,80,83,90,78,83,83,88,79,88,84,84,88,76,79,75,79,82,82,94,85,82,83,88,80,82,81,75,78,87,80,82,85,79,67,77,76,72,70,73,71,75,71,61,67,72,70,65,57,59,51,43,39,,,,,,,,,,,,,,,,,,,,,,,,,,,,,,,,,,,,,,,,,,,,,,,,,,,,,,,,,,,,,,,,,,,,,,,,,,,,,,,,,,,,,,,,,,,,,,,,,,,,,,,,,,,,,,,,,,,,,,,,,,,,,,,,,,,,,,,,,,,,,,,,,,,,,,,,,,,,,,,,,,,,,,,,,,,,,,,,,,,,,,,,,,,,,,,,
20,33,36,39,40,42,41,50,54,44,45,53,52,52,53,58,58,63,57,60,56,63,66,68,71,71,68,68,77,70,68,66,74,76,76,74,78,74,76,75,84,78,74,82,73,80,77,72,75,81,76,80,75,68,79,79,69,68,70,70,72,64,61,61,56,,,,,,,,,,,,,,,,,,,,,,,,,,,,,,,,,,,,,,,,,,,,,,,,,,,,,,,,,,,,,,,,,,,,,,,,,,,,,,,,,,,,,,,,,,,,,,,,,,,,,,,,,,,,,,,,,,,,,,,,,,,,,,,,,,,,,,,,,,,,,,,,,,,,,,,,,,,,,,,,,,,,,,,,,,,,,,,,,,,,,,,,,,,,,,,,
21,47,54,52,60,56,64,58,63,58,49,60,57,56,59,56,63,49,45,51,50,44,49,43,46,45,43,47,43,47,49,43,49,46,44,49,47,46,48,47,50,45,45,40,42,49,49,45,47,49,46,50,57,59,57,61,59,62,58,57,57,66,58,55,51,,,,,,,,,,,,,,,,,,,,,,,,,,,,,,,,,,,,,,,,,,,,,,,,,,,,,,,,,,,,,,,,,,,,,,,,,,,,,,,,,,,,,,,,,,,,,,,,,,,,,,,,,,,,,,,,,,,,,,,,,,,,,,,,,,,,,,,,,,,,,,,,,,,,,,,,,,,,,,,,,,,,,,,,,,,,,,,,,,,,,,,,,,,,,,,,
22,58,62,60,68,74,72,68,73,73,72,87,80,73,78,76,74,73,81,74,78,85,82,77,74,80,83,73,79,79,84,85,76,74,74,80,76,69,73,66,66,63,65,64,63,66,62,63,59,57,63,61,52,54,50,48,49,43,41,44,50,39,40,36,34,,,,,,,,,,,,,,,,,,,,,,,,,,,,,,,,,,,,,,,,,,,,,,,,,,,,,,,,,,,,,,,,,,,,,,,,,,,,,,,,,,,,,,,,,,,,,,,,,,,,,,,,,,,,,,,,,,,,,,,,,,,,,,,,,,,,,,,,,,,,,,,,,,,,,,,,,,,,,,,,,,,,,,,,,,,,,,,,,,,,,,,,,,,,,,,,
23,32,36,43,39,41,49,46,46,53,54,57,57,51,59,65,65,63,63,67,67,79,73,76,76,71,74,80,85,87,85,75,78,77,81,78,74,86,78,81,77,73,76,79,78,81,80,76,82,72,83,75,76,80,88,87,78,79,77,71,68,65,60,57,54,,,,,,,,,,,,,,,,,,,,,,,,,,,,,,,,,,,,,,,,,,,,,,,,,,,,,,,,,,,,,,,,,,,,,,,,,,,,,,,,,,,,,,,,,,,,,,,,,,,,,,,,,,,,,,,,,,,,,,,,,,,,,,,,,,,,,,,,,,,,,,,,,,,,,,,,,,,,,,,,,,,,,,,,,,,,,,,,,,,,,,,,,,,,,,,,
24,65,64,70,67,74,72,77,76,70,74,75,74,71,80,78,80,73,73,78,74,79,75,74,78,80,81,85,75,73,72,74,81,73,72,76,75,67,75,74,76,71,83,76,70,66,69,76,75,73,71,70,65,74,63,66,61,61,58,54,53,50,53,49,50,,,,,,,,,,,,,,,,,,,,,,,,,,,,,,,,,,,,,,,,,,,,,,,,,,,,,,,,,,,,,,,,,,,,,,,,,,,,,,,,,,,,,,,,,,,,,,,,,,,,,,,,,,,,,,,,,,,,,,,,,,,,,,,,,,,,,,,,,,,,,,,,,,,,,,,,,,,,,,,,,,,,,,,,,,,,,,,,,,,,,,,,,,,,,,,,
25,36,36,33,44,42,41,44,43,38,48,42,43,45,44,52,51,49,51,52,55,57,53,56,56,59,59,61,68,59,73,70,69,65,69,71,69,74,68,75,74,74,74,77,85,74,69,81,73,78,75,73,76,74,71,72,74,79,71,70,72,62,59,56,58,,,,,,,,,,,,,,,,,,,,,,,,,,,,,,,,,,,,,,,,,,,,,,,,,,,,,,,,,,,,,,,,,,,,,,,,,,,,,,,,,,,,,,,,,,,,,,,,,,,,,,,,,,,,,,,,,,,,,,,,,,,,,,,,,,,,,,,,,,,,,,,,,,,,,,,,,,,,,,,,,,,,,,,,,,,,,,,,,,,,,,,,,,,,,,,,
26,55,60,60,65,65,65,63,60,64,66,62,57,62,61,66,54,54,59,58,55,56,54,47,48,49,51,46,50,49,43,45,46,46,48,42,44,51,44,48,48,48,47,52,45,45,49,52,46,45,48,45,52,51,55,51,52,47,51,59,54,55,51,49,44,,,,,,,,,,,,,,,,,,,,,,,,,,,,,,,,,,,,,,,,,,,,,,,,,,,,,,,,,,,,,,,,,,,,,,,,,,,,,,,,,,,,,,,,,,,,,,,,,,,,,,,,,,,,,,,,,,,,,,,,,,,,,,,,,,,,,,,,,,,,,,,,,,,,,,,,,,,,,,,,,,,,,,,,,,,,,,,,,,,,,,,,,,,,,,,,
27,53,58,63,63,68,68,65,78,81,79,72,79,75,73,72,74,74,78,67,74,77,73,70,69,75,83,71,70,67,77,74,76,78,71,82,82,82,75,78,72,65,70,68,66,67,56,64,60,63,61,61,55,56,55,56,56,54,49,49,51,46,37,36,35,,,,,,,,,,,,,,,,,,,,,,,,,,,,,,,,,,,,,,,,,,,,,,,,,,,,,,,,,,,,,,,,,,,,,,,,,,,,,,,,,,,,,,,,,,,,,,,,,,,,,,,,,,,,,,,,,,,,,,,,,,,,,,,,,,,,,,,,,,,,,,,,,,,,,,,,,,,,,,,,,,,,,,,,,,,,,,,,,,,,,,,,,,,,,,,,
28,35,41,36,44,44,45,43,48,46,43,47,50,52,48,61,66,59,61,60,61,61,66,66,64,68,71,72,68,67,71,29,76,70,72,70,72,75,76,73,75,73,76,78,76,74,86,83,80,73,76,71,73,68,69,70,77,78,69,71,70,65,64,57,56,,,,,,,,,,,,,,,,,,,,,,,,,,,,,,,,,,,,,,,,,,,,,,,,,,,,,,,,,,,,,,,,,,,,,,,,,,,,,,,,,,,,,,,,,,,,,,,,,,,,,,,,,,,,,,,,,,,,,,,,,,,,,,,,,,,,,,,,,,,,,,,,,,,,,,,,,,,,,,,,,,,,,,,,,,,,,,,,,,,,,,,,,,,,,,,,
29,52,52,53,55,55,57,53,64,61,56,52,56,51,56,49,53,48,44,49,43,47,43,42,44,48,37,45,45,44,48,46,46,43,40,46,46,49,46,44,48,46,41,43,45,44,45,51,51,52,51,50,49,53,56,56,57,55,57,59,55,58,54,52,50,,,,,,,,,,,,,,,,,,,,,,,,,,,,,,,,,,,,,,,,,,,,,,,,,,,,,,,,,,,,,,,,,,,,,,,,,,,,,,,,,,,,,,,,,,,,,,,,,,,,,,,,,,,,,,,,,,,,,,,,,,,,,,,,,,,,,,,,,,,,,,,,,,,,,,,,,,,,,,,,,,,,,,,,,,,,,,,,,,,,,,,,,,,,,,,,
30,55,58,65,63,73,67,68,74,77,72,76,74,67,75,78,72,73,70,75,74,75,70,79,80,70,82,81,79,85,81,75,75,75,74,67,69,65,74,71,63,66,64,62,59,62,63,58,55,54,54,56,53,56,51,57,46,43,38,44,41,40,40,39,35,,,,,,,,,,,,,,,,,,,,,,,,,,,,,,,,,,,,,,,,,,,,,,,,,,,,,,,,,,,,,,,,,,,,,,,,,,,,,,,,,,,,,,,,,,,,,,,,,,,,,,,,,,,,,,,,,,,,,,,,,,,,,,,,,,,,,,,,,,,,,,,,,,,,,,,,,,,,,,,,,,,,,,,,,,,,,,,,,,,,,,,,,,,,,,,,
31,36,34,39,46,43,43,48,52,48,57,58,60,58,60,60,63,65,65,66,69,75,71,70,69,64,77,71,81,77,78,82,82,76,82,81,77,83,72,77,79,79,77,76,76,71,78,84,87,74,71,76,86,72,78,74,73,69,78,69,62,69,60,57,52,,,,,,,,,,,,,,,,,,,,,,,,,,,,,,,,,,,,,,,,,,,,,,,,,,,,,,,,,,,,,,,,,,,,,,,,,,,,,,,,,,,,,,,,,,,,,,,,,,,,,,,,,,,,,,,,,,,,,,,,,,,,,,,,,,,,,,,,,,,,,,,,,,,,,,,,,,,,,,,,,,,,,,,,,,,,,,,,,,,,,,,,,,,,,,,,
32,64,60,69,71,71,71,75,83,78,77,83,79,78,84,75,70,77,71,85,78,91,72,83,77,81,76,79,74,79,73,78,80,80,78,80,84,83,76,73,76,77,76,78,81,76,75,73,69,72,71,71,65,58,70,69,66,71,63,60,56,50,48,45,53,,,,,,,,,,,,,,,,,,,,,,,,,,,,,,,,,,,,,,,,,,,,,,,,,,,,,,,,,,,,,,,,,,,,,,,,,,,,,,,,,,,,,,,,,,,,,,,,,,,,,,,,,,,,,,,,,,,,,,,,,,,,,,,,,,,,,,,,,,,,,,,,,,,,,,,,,,,,,,,,,,,,,,,,,,,,,,,,,,,,,,,,,,,,,,,,
33,36,36,42,42,44,44,44,47,45,46,47,45,48,52,53,52,49,54,48,58,61,64,57,62,64,67,69,67,70,70,70,68,73,69,71,75,78,78,76,89,75,79,69,81,76,78,76,80,78,80,79,78,80,71,80,74,79,70,69,78,63,65,60,56,,,,,,,,,,,,,,,,,,,,,,,,,,,,,,,,,,,,,,,,,,,,,,,,,,,,,,,,,,,,,,,,,,,,,,,,,,,,,,,,,,,,,,,,,,,,,,,,,,,,,,,,,,,,,,,,,,,,,,,,,,,,,,,,,,,,,,,,,,,,,,,,,,,,,,,,,,,,,,,,,,,,,,,,,,,,,,,,,,,,,,,,,,,,,,,,
34,57,54,64,64,66,70,73,67,67,67,65,63,65,69,62,59,61,59,63,60,56,51,49,50,49,47,49,50,49,49,50,52,51,52,46,47,49,49,51,47,50,51,57,51,49,55,51,48,49,49,51,50,49,52,55,51,58,55,58,61,58,56,49,55,,,,,,,,,,,,,,,,,,,,,,,,,,,,,,,,,,,,,,,,,,,,,,,,,,,,,,,,,,,,,,,,,,,,,,,,,,,,,,,,,,,,,,,,,,,,,,,,,,,,,,,,,,,,,,,,,,,,,,,,,,,,,,,,,,,,,,,,,,,,,,,,,,,,,,,,,,,,,,,,,,,,,,,,,,,,,,,,,,,,,,,,,,,,,,,,
35,61,63,68,67,70,71,78,81,68,81,79,73,74,73,74,82,80,71,81,79,74,72,77,70,82,76,73,86,75,78,86,89,73,85,84,77,81,82,74,70,69,71,75,71,70,66,67,58,58,60,64,63,66,60,57,55,52,58,55,51,43,41,40,36,,,,,,,,,,,,,,,,,,,,,,,,,,,,,,,,,,,,,,,,,,,,,,,,,,,,,,,,,,,,,,,,,,,,,,,,,,,,,,,,,,,,,,,,,,,,,,,,,,,,,,,,,,,,,,,,,,,,,,,,,,,,,,,,,,,,,,,,,,,,,,,,,,,,,,,,,,,,,,,,,,,,,,,,,,,,,,,,,,,,,,,,,,,,,,,,
36,37,43,41,44,47,45,47,50,49,47,47,51,51,52,59,60,55,64,63,64,67,67,74,69,76,69,72,73,72,73,75,71,77,79,80,74,80,74,81,79,86,86,81,84,76,75,76,85,74,73,75,81,74,77,79,74,79,73,73,69,60,61,59,49,,,,,,,,,,,,,,,,,,,,,,,,,,,,,,,,,,,,,,,,,,,,,,,,,,,,,,,,,,,,,,,,,,,,,,,,,,,,,,,,,,,,,,,,,,,,,,,,,,,,,,,,,,,,,,,,,,,,,,,,,,,,,,,,,,,,,,,,,,,,,,,,,,,,,,,,,,,,,,,,,,,,,,,,,,,,,,,,,,,,,,,,,,,,,,,,
37,55,60,55,61,65,62,63,62,60,62,57,57,57,62,65,53,56,45,50,47,53,49,45,48,48,48,50,51,46,48,49,47,51,42,52,49,48,50,49,56,47,49,47,49,48,58,47,53,56,52,56,53,59,57,66,60,62,56,68,60,60,58,52,51,,,,,,,,,,,,,,,,,,,,,,,,,,,,,,,,,,,,,,,,,,,,,,,,,,,,,,,,,,,,,,,,,,,,,,,,,,,,,,,,,,,,,,,,,,,,,,,,,,,,,,,,,,,,,,,,,,,,,,,,,,,,,,,,,,,,,,,,,,,,,,,,,,,,,,,,,,,,,,,,,,,,,,,,,,,,,,,,,,,,,,,,,,,,,,,,
38,52,56,59,64,70,73,66,78,75,81,82,79,75,75,70,76,76,82,72,80,72,81,83,79,77,76,72,82,83,81,81,77,80,75,68,74,75,69,70,72,64,64,61,62,66,60,59,65,55,51,60,51,55,56,50,42,42,40,40,40,38,40,36,35,,,,,,,,,,,,,,,,,,,,,,,,,,,,,,,,,,,,,,,,,,,,,,,,,,,,,,,,,,,,,,,,,,,,,,,,,,,,,,,,,,,,,,,,,,,,,,,,,,,,,,,,,,,,,,,,,,,,,,,,,,,,,,,,,,,,,,,,,,,,,,,,,,,,,,,,,,,,,,,,,,,,,,,,,,,,,,,,,,,,,,,,,,,,,,,,
39,36,40,46,50,43,51,46,57,54,56,60,62,57,64,58,67,62,68,72,67,71,74,76,72,76,76,81,82,78,83,76,81,81,78,78,76,74,76,86,79,85,73,76,90,78,73,74,77,85,74,77,69,73,80,75,71,72,74,76,73,66,68,59,56,,,,,,,,,,,,,,,,,,,,,,,,,,,,,,,,,,,,,,,,,,,,,,,,,,,,,,,,,,,,,,,,,,,,,,,,,,,,,,,,,,,,,,,,,,,,,,,,,,,,,,,,,,,,,,,,,,,,,,,,,,,,,,,,,,,,,,,,,,,,,,,,,,,,,,,,,,,,,,,,,,,,,,,,,,,,,,,,,,,,,,,,,,,,,,,,
40,63,65,69,64,74,77,70,74,72,74,75,77,71,74,69,79,78,78,81,82,73,75,72,77,77,80,70,85,79,81,73,77,74,71,79,76,75,73,71,76,72,75,69,76,74,70,69,67,68,68,65,67,61,65,59,58,60,48,51,55,52,50,43,46,,,,,,,,,,,,,,,,,,,,,,,,,,,,,,,,,,,,,,,,,,,,,,,,,,,,,,,,,,,,,,,,,,,,,,,,,,,,,,,,,,,,,,,,,,,,,,,,,,,,,,,,,,,,,,,,,,,,,,,,,,,,,,,,,,,,,,,,,,,,,,,,,,,,,,,,,,,,,,,,,,,,,,,,,,,,,,,,,,,,,,,,,,,,,,,,
41,33,34,37,37,41,41,44,47,45,43,46,41,45,46,51,51,53,47,52,52,59,60,61,59,56,61,60,60,68,78,69,66,73,70,68,68,79,78,82,78,75,75,82,82,79,79,80,73,75,77,78,69,73,77,86,79,77,74,78,70,66,55,54,47,,,,,,,,,,,,,,,,,,,,,,,,,,,,,,,,,,,,,,,,,,,,,,,,,,,,,,,,,,,,,,,,,,,,,,,,,,,,,,,,,,,,,,,,,,,,,,,,,,,,,,,,,,,,,,,,,,,,,,,,,,,,,,,,,,,,,,,,,,,,,,,,,,,,,,,,,,,,,,,,,,,,,,,,,,,,,,,,,,,,,,,,,,,,,,,,
42,55,56,61,65,65,69,66,69,76,63,68,60,60,68,57,67,58,58,58,62,61,54,46,49,47,56,46,47,47,54,47,53,45,50,52,48,54,53,51,51,46,53,45,47,47,52,48,50,47,48,53,51,49,58,51,55,55,56,61,56,53,52,49,56,,,,,,,,,,,,,,,,,,,,,,,,,,,,,,,,,,,,,,,,,,,,,,,,,,,,,,,,,,,,,,,,,,,,,,,,,,,,,,,,,,,,,,,,,,,,,,,,,,,,,,,,,,,,,,,,,,,,,,,,,,,,,,,,,,,,,,,,,,,,,,,,,,,,,,,,,,,,,,,,,,,,,,,,,,,,,,,,,,,,,,,,,,,,,,,,
43,58,63,69,68,66,74,78,74,70,76,75,80,80,75,73,82,78,77,78,74,80,81,76,80,78,79,83,87,70,75,77,81,77,75,82,84,74,83,81,65,73,77,66,66,73,65,70,66,62,59,63,62,65,60,54,59,57,53,58,50,43,40,42,36,,,,,,,,,,,,,,,,,,,,,,,,,,,,,,,,,,,,,,,,,,,,,,,,,,,,,,,,,,,,,,,,,,,,,,,,,,,,,,,,,,,,,,,,,,,,,,,,,,,,,,,,,,,,,,,,,,,,,,,,,,,,,,,,,,,,,,,,,,,,,,,,,,,,,,,,,,,,,,,,,,,,,,,,,,,,,,,,,,,,,,,,,,,,,,,,
44,32,34,40,38,42,39,41,45,43,41,48,48,50,46,57,66,59,56,57,57,67,67,69,66,65,67,77,74,71,73,70,74,92,77,74,69,74,85,81,80,79,83,80,81,81,72,74,74,75,80,73,78,74,74,70,69,79,78,67,70,62,58,56,50,,,,,,,,,,,,,,,,,,,,,,,,,,,,,,,,,,,,,,,,,,,,,,,,,,,,,,,,,,,,,,,,,,,,,,,,,,,,,,,,,,,,,,,,,,,,,,,,,,,,,,,,,,,,,,,,,,,,,,,,,,,,,,,,,,,,,,,,,,,,,,,,,,,,,,,,,,,,,,,,,,,,,,,,,,,,,,,,,,,,,,,,,,,,,,,,
45,52,55,56,52,55,60,60,62,59,55,51,56,54,55,59,54,51,43,50,44,48,45,43,47,48,41,46,48,46,44,42,44,43,46,43,46,46,46,44,50,42,47,44,44,43,48,46,47,45,53,51,57,53,58,56,59,59,59,59,54,59,58,53,48,,,,,,,,,,,,,,,,,,,,,,,,,,,,,,,,,,,,,,,,,,,,,,,,,,,,,,,,,,,,,,,,,,,,,,,,,,,,,,,,,,,,,,,,,,,,,,,,,,,,,,,,,,,,,,,,,,,,,,,,,,,,,,,,,,,,,,,,,,,,,,,,,,,,,,,,,,,,,,,,,,,,,,,,,,,,,,,,,,,,,,,,,,,,,,,,
46,61,64,66,67,73,79,72,69,71,73,71,77,77,75,80,75,75,72,79,77,81,77,75,80,74,73,77,79,78,72,87,71,80,75,68,76,69,70,78,71,70,67,63,66,68,59,65,67,61,56,60,63,57,61,54,47,52,56,48,47,49,39,42,40,,,,,,,,,,,,,,,,,,,,,,,,,,,,,,,,,,,,,,,,,,,,,,,,,,,,,,,,,,,,,,,,,,,,,,,,,,,,,,,,,,,,,,,,,,,,,,,,,,,,,,,,,,,,,,,,,,,,,,,,,,,,,,,,,,,,,,,,,,,,,,,,,,,,,,,,,,,,,,,,,,,,,,,,,,,,,,,,,,,,,,,,,,,,,,,,
47,39,49,50,55,48,52,51,59,56,59,65,64,67,60,65,67,66,72,68,69,69,66,74,78,79,73,75,74,75,77,74,75,74,82,80,87,85,75,76,72,79,81,75,76,77,78,89,81,84,80,77,75,74,83,79,80,76,72,79,68,69,69,64,60,,,,,,,,,,,,,,,,,,,,,,,,,,,,,,,,,,,,,,,,,,,,,,,,,,,,,,,,,,,,,,,,,,,,,,,,,,,,,,,,,,,,,,,,,,,,,,,,,,,,,,,,,,,,,,,,,,,,,,,,,,,,,,,,,,,,,,,,,,,,,,,,,,,,,,,,,,,,,,,,,,,,,,,,,,,,,,,,,,,,,,,,,,,,,,,,
48,62,73,69,71,75,70,76,69,75,79,83,74,79,76,77,76,75,77,86,77,81,80,78,80,83,73,83,78,88,88,79,80,79,93,91,82,79,69,77,79,79,75,74,70,79,81,73,80,72,73,81,70,69,65,68,70,69,59,58,58,57,60,49,46,,,,,,,,,,,,,,,,,,,,,,,,,,,,,,,,,,,,,,,,,,,,,,,,,,,,,,,,,,,,,,,,,,,,,,,,,,,,,,,,,,,,,,,,,,,,,,,,,,,,,,,,,,,,,,,,,,,,,,,,,,,,,,,,,,,,,,,,,,,,,,,,,,,,,,,,,,,,,,,,,,,,,,,,,,,,,,,,,,,,,,,,,,,,,,,,
49,36,40,43,45,42,44,45,51,49,51,44,43,50,50,52,49,51,45,58,64,64,58,58,64,64,69,71,71,72,70,78,79,74,78,77,73,82,81,81,75,80,75,77,76,74,81,76,76,75,72,84,68,74,80,73,76,72,75,72,69,64,65,63,61,,,,,,,,,,,,,,,,,,,,,,,,,,,,,,,,,,,,,,,,,,,,,,,,,,,,,,,,,,,,,,,,,,,,,,,,,,,,,,,,,,,,,,,,,,,,,,,,,,,,,,,,,,,,,,,,,,,,,,,,,,,,,,,,,,,,,,,,,,,,,,,,,,,,,,,,,,,,,,,,,,,,,,,,,,,,,,,,,,,,,,,,,,,,,,,,
50,51,62,55,67,69,63,68,73,64,55,55,60,58,58,55,56,56,52,54,52,56,51,45,46,44,47,45,47,49,42,46,51,43,43,44,46,45,46,42,47,49,47,47,43,50,44,48,46,43,46,46,50,51,50,46,51,54,53,59,53,52,49,52,45,,,,,,,,,,,,,,,,,,,,,,,,,,,,,,,,,,,,,,,,,,,,,,,,,,,,,,,,,,,,,,,,,,,,,,,,,,,,,,,,,,,,,,,,,,,,,,,,,,,,,,,,,,,,,,,,,,,,,,,,,,,,,,,,,,,,,,,,,,,,,,,,,,,,,,,,,,,,,,,,,,,,,,,,,,,,,,,,,,,,,,,,,,,,,,,,
51,59,58,68,70,67,75,70,70,77,72,75,80,77,75,75,81,82,76,83,83,76,71,72,76,74,71,76,71,78,72,78,75,75,76,71,74,69,80,79,67,70,72,70,74,66,67,65,70,61,69,64,62,57,51,56,57,62,56,51,52,44,46,40,37,,,,,,,,,,,,,,,,,,,,,,,,,,,,,,,,,,,,,,,,,,,,,,,,,,,,,,,,,,,,,,,,,,,,,,,,,,,,,,,,,,,,,,,,,,,,,,,,,,,,,,,,,,,,,,,,,,,,,,,,,,,,,,,,,,,,,,,,,,,,,,,,,,,,,,,,,,,,,,,,,,,,,,,,,,,,,,,,,,,,,,,,,,,,,,,,
52,35,36,43,38,41,38,42,43,42,47,45,50,44,48,44,48,59,57,57,52,60,56,61,62,60,68,70,67,67,69,66,69,74,68,72,68,75,73,68,70,75,75,71,76,80,77,75,79,64,68,74,73,75,77,76,72,71,67,73,66,60,59,56,46,,,,,,,,,,,,,,,,,,,,,,,,,,,,,,,,,,,,,,,,,,,,,,,,,,,,,,,,,,,,,,,,,,,,,,,,,,,,,,,,,,,,,,,,,,,,,,,,,,,,,,,,,,,,,,,,,,,,,,,,,,,,,,,,,,,,,,,,,,,,,,,,,,,,,,,,,,,,,,,,,,,,,,,,,,,,,,,,,,,,,,,,,,,,,,,,
53,54,54,57,57,69,64,28,62,65,59,55,62,62,52,62,56,53,44,55,53,51,50,55,47,48,45,51,46,49,53,48,49,52,50,49,53,55,45,52,53,51,54,55,51,52,51,47,50,59,57,55,57,59,62,60,68,65,60,72,68,61,57,64,54,,,,,,,,,,,,,,,,,,,,,,,,,,,,,,,,,,,,,,,,,,,,,,,,,,,,,,,,,,,,,,,,,,,,,,,,,,,,,,,,,,,,,,,,,,,,,,,,,,,,,,,,,,,,,,,,,,,,,,,,,,,,,,,,,,,,,,,,,,,,,,,,,,,,,,,,,,,,,,,,,,,,,,,,,,,,,,,,,,,,,,,,,,,,,,,,
54,57,57,63,70,68,69,70,64,76,74,73,70,72,73,69,75,69,73,84,70,71,69,77,73,78,70,72,74,64,82,78,82,74,73,71,64,63,63,62,68,64,63,59,64,59,60,57,58,54,58,55,52,55,51,51,38,43,42,40,43,49,39,41,36,,,,,,,,,,,,,,,,,,,,,,,,,,,,,,,,,,,,,,,,,,,,,,,,,,,,,,,,,,,,,,,,,,,,,,,,,,,,,,,,,,,,,,,,,,,,,,,,,,,,,,,,,,,,,,,,,,,,,,,,,,,,,,,,,,,,,,,,,,,,,,,,,,,,,,,,,,,,,,,,,,,,,,,,,,,,,,,,,,,,,,,,,,,,,,,,
55,40,46,41,52,53,54,54,57,55,58,65,63,62,64,62,68,72,69,69,70,69,69,68,71,69,78,79,75,80,84,79,75,77,73,85,78,77,90,80,78,77,77,77,77,77,80,79,77,72,76,85,78,74,73,71,74,69,75,86,73,64,60,61,66,,,,,,,,,,,,,,,,,,,,,,,,,,,,,,,,,,,,,,,,,,,,,,,,,,,,,,,,,,,,,,,,,,,,,,,,,,,,,,,,,,,,,,,,,,,,,,,,,,,,,,,,,,,,,,,,,,,,,,,,,,,,,,,,,,,,,,,,,,,,,,,,,,,,,,,,,,,,,,,,,,,,,,,,,,,,,,,,,,,,,,,,,,,,,,,,
56,50,59,62,59,66,67,67,65,71,67,75,76,70,71,71,69,74,72,70,70,73,63,76,73,74,71,71,75,72,73,72,67,68,73,68,69,69,75,69,64,72,76,69,68,65,63,60,68,67,63,58,57,58,56,57,58,48,49,51,46,44,42,38,38,,,,,,,,,,,,,,,,,,,,,,,,,,,,,,,,,,,,,,,,,,,,,,,,,,,,,,,,,,,,,,,,,,,,,,,,,,,,,,,,,,,,,,,,,,,,,,,,,,,,,,,,,,,,,,,,,,,,,,,,,,,,,,,,,,,,,,,,,,,,,,,,,,,,,,,,,,,,,,,,,,,,,,,,,,,,,,,,,,,,,,,,,,,,,,,,
57,34,37,39,48,40,42,47,45,41,49,51,47,48,48,50,50,46,50,47,60,53,60,60,64,61,70,61,67,60,70,69,68,70,69,70,72,69,77,76,78,76,70,69,72,68,80,67,79,70,83,77,74,72,76,76,66,71,71,67,71,63,59,60,54,,,,,,,,,,,,,,,,,,,,,,,,,,,,,,,,,,,,,,,,,,,,,,,,,,,,,,,,,,,,,,,,,,,,,,,,,,,,,,,,,,,,,,,,,,,,,,,,,,,,,,,,,,,,,,,,,,,,,,,,,,,,,,,,,,,,,,,,,,,,,,,,,,,,,,,,,,,,,,,,,,,,,,,,,,,,,,,,,,,,,,,,,,,,,,,,
58,51,54,59,62,52,60,61,59,60,59,52,59,58,55,50,49,52,48,51,52,51,48,39,42,43,37,39,45,42,40,41,37,46,43,43,39,44,47,44,39,38,43,43,41,49,42,41,38,42,40,48,51,45,50,44,47,49,55,53,48,50,46,48,42,,,,,,,,,,,,,,,,,,,,,,,,,,,,,,,,,,,,,,,,,,,,,,,,,,,,,,,,,,,,,,,,,,,,,,,,,,,,,,,,,,,,,,,,,,,,,,,,,,,,,,,,,,,,,,,,,,,,,,,,,,,,,,,,,,,,,,,,,,,,,,,,,,,,,,,,,,,,,,,,,,,,,,,,,,,,,,,,,,,,,,,,,,,,,,,,
59,53,56,61,60,65,68,67,64,70,66,70,78,70,68,66,67,64,69,70,75,67,70,73,68,73,66,67,65,68,65,63,64,71,68,69,73,66,72,73,61,68,61,62,69,63,64,61,57,60,54,61,55,50,52,46,47,45,54,48,43,42,36,33,34,,,,,,,,,,,,,,,,,,,,,,,,,,,,,,,,,,,,,,,,,,,,,,,,,,,,,,,,,,,,,,,,,,,,,,,,,,,,,,,,,,,,,,,,,,,,,,,,,,,,,,,,,,,,,,,,,,,,,,,,,,,,,,,,,,,,,,,,,,,,,,,,,,,,,,,,,,,,,,,,,,,,,,,,,,,,,,,,,,,,,,,,,,,,,,,,
60,31,34,37,38,37,40,39,47,42,42,46,46,47,45,54,51,59,53,55,56,58,62,58,60,60,69,66,67,57,66,71,72,67,69,72,64,67,68,68,66,67,71,71,65,76,72,66,73,72,71,66,67,62,65,66,67,72,66,67,59,61,52,54,48,,,,,,,,,,,,,,,,,,,,,,,,,,,,,,,,,,,,,,,,,,,,,,,,,,,,,,,,,,,,,,,,,,,,,,,,,,,,,,,,,,,,,,,,,,,,,,,,,,,,,,,,,,,,,,,,,,,,,,,,,,,,,,,,,,,,,,,,,,,,,,,,,,,,,,,,,,,,,,,,,,,,,,,,,,,,,,,,,,,,,,,,,,,,,,,,
61,41,42,45,48,48,47,42,52,49,45,41,45,48,43,44,42,44,35,37,33,35,35,36,36,38,37,34,35,37,33,35,38,36,36,37,39,38,36,33,38,38,34,35,38,37,33,39,39,42,37,38,41,46,47,49,44,50,48,46,48,50,43,45,39,,,,,,,,,,,,,,,,,,,,,,,,,,,,,,,,,,,,,,,,,,,,,,,,,,,,,,,,,,,,,,,,,,,,,,,,,,,,,,,,,,,,,,,,,,,,,,,,,,,,,,,,,,,,,,,,,,,,,,,,,,,,,,,,,,,,,,,,,,,,,,,,,,,,,,,,,,,,,,,,,,,,,,,,,,,,,,,,,,,,,,,,,,,,,,,,
62,52,51,53,55,59,57,61,60,58,59,63,59,62,62,54,62,61,57,59,64,58,65,59,59,56,56,60,59,68,67,59,58,63,54,57,59,55,57,58,55,52,48,57,45,56,53,54,43,43,47,44,45,44,49,40,38,37,41,38,34,40,36,35,32,,,,,,,,,,,,,,,,,,,,,,,,,,,,,,,,,,,,,,,,,,,,,,,,,,,,,,,,,,,,,,,,,,,,,,,,,,,,,,,,,,,,,,,,,,,,,,,,,,,,,,,,,,,,,,,,,,,,,,,,,,,,,,,,,,,,,,,,,,,,,,,,,,,,,,,,,,,,,,,,,,,,,,,,,,,,,,,,,,,,,,,,,,,,,,,,
63,37,37,39,43,42,44,44,41,43,47,50,50,54,52,49,51,52,53,55,61,61,58,55,56,60,63,62,60,58,63,59,66,60,66,63,63,63,63,69,60,64,65,63,64,71,67,65,67,63,68,65,59,56,65,57,58,56,59,60,59,59,52,54,48,,,,,,,,,,,,,,,,,,,,,,,,,,,,,,,,,,,,,,,,,,,,,,,,,,,,,,,,,,,,,,,,,,,,,,,,,,,,,,,,,,,,,,,,,,,,,,,,,,,,,,,,,,,,,,,,,,,,,,,,,,,,,,,,,,,,,,,,,,,,,,,,,,,,,,,,,,,,,,,,,,,,,,,,,,,,,,,,,,,,,,,,,,,,,,,,
,,,,,,,,,,,,,,,,,,,,,,,,,,,,,,,,,,,,,,,,,,,,,,,,,,,,,,,,,,,,,,,,,,,,,,,,,,,,,,,,,,,,,,,,,,,,,,,,,,,,,,,,,,,,,,,,,,,,,,,,,,,,,,,,,,,,,,,,,,,,,,,,,,,,,,,,,,,,,,,,,,,,,,,,,,,,,,,,,,,,,,,,,,,,,,,,,,,,,,,,,,,,,,,,,,,,,,,,,,,,,,,,,,,,,,,,,,,,,,,,,,,,,,,,,,,,,,,,
value,0,1,2,3,4,5,6,7,8,9,10,11,12,13,14,15,16,17,18,19,20,21,22,23,24,25,26,27,28,29,30,31,32,33,34,35,36,37,38,39,40,41,42,43,44,45,46,47,48,49,50,51,52,53,54,55,56,57,58,59,60,61,62,63,64,65,66,67,68,69,70,71,72,73,74,75,76,77,78,79,80,81,82,83,84,85,86,87,88,89,90,91,92,93,94,95,96,97,98,99,100,101,102,103,104,105,106,107,108,109,110,111,112,113,114,115,116,117,118,119,120,121,122,123,124,125,126,127,128,129,130,131,132,133,134,135,136,137,138,139,140,141,142,143,144,145,146,147,148,149,150,151,152,153,154,155,156,157,158,159,160,161,162,163,164,165,166,167,168,169,170,171,172,173,174,175,176,177,178,179,180,181,182,183,184,185,186,187,188,189,190,191,192,193,194,195,196,197,198,199,200,201,202,203,204,205,206,207,208,209,210,211,212,213,214,215,216,217,218,219,220,221,222,223,224,225,226,227,228,229,230,231,232,233,234,235,236,237,238,239,240,241,242,243,244,245,246,247,248,249,250,251,252,253,254,255
count,0,0,0,0,0,0,0,0,0,0,0,0,0,0,0,0,0,0,0,0,0,0,0,0,0,0,0,0,1,1,1,4,6,9,24,16,37,38,41,36,41,41,60,71,76,79,92,88,86,89,71,101,98,75,79,86,93,95,79,104,99,78,61,75,86,84,84,95,83,106,113,92,111,126,130,117,128,100,103,77,79,67,50,34,22,24,17,14,9,4,4,2,1,1,1,0,1,0,0,0,0,0,0,0,0,0,0,0,0,0,0,0,0,0,0,0,0,0,0,0,0,0,0,0,0,0,0,0,0,0,0,0,0,0,0,0,0,0,0,0,0,0,0,0,0,0,0,0,0,0,0,0,0,0,0,0,0,0,0,0,0,0,0,0,0,0,0,0,0,0,0,0,0,0,0,0,0,0,0,0,0,0,0,0,0,0,0,0,0,0,0,0,0,0,0,0,0,0,0,0,0,0,0,0,0,0,0,0,0,0,0,0,0,0,0,0,0,0,0,0,0,0,0,0,0,0,0,0,0,0,0,0,0,0,0,0,0,0,0,0,0,0,0,0,0,0,0,0,0,0,0,0,0,0,0,0
,,,,,,,,,,,,,,,,,,,,,,,,,,,,,,,,,,,,,,,,,,,,,,,,,,,,,,,,,,,,,,,,,,,,,,,,,,,,,,,,,,,,,,,,,,,,,,,,,,,,,,,,,,,,,,,,,,,,,,,,,,,,,,,,,,,,,,,,,,,,,,,,,,,,,,,,,,,,,,,,,,,,,,,,,,,,,,,,,,,,,,,,,,,,,,,,,,,,,,,,,,,,,,,,,,,,,,,,,,,,,,,,,,,,,,,,,,,,,,,,,,,,,,,,,,,,,,,,
15,,,,,,,,,,,,,,,,,,,,,,,,,,,,,,,,,,,,,,,,,,,,,,,,,,,,,,,,,,,,,,,,,,,,,,,,,,,,,,,,,,,,,,,,,,,,,,,,,,,,,,,,,,,,,,,,,,,,,,,,,,,,,,,,,,,,,,,,,,,,,,,,,,,,,,,,,,,,,,,,,,,,,,,,,,,,,,,,,,,,,,,,,,,,,,,,,,,,,,,,,,,,,,,,,,,,,,,,,,,,,,,,,,,,,,,,,,,,,,,,,,,,,,,,,,,,,,,,
,0,1,2,3,4,5,6,7,8,9,10,11,12,13,14,15,16,17,18,19,20,21,22,23,24,25,26,27,28,29,30,31,32,33,34,35,36,37,38,39,40,41,42,43,44,45,46,47,48,49,50,51,52,53,54,55,56,57,58,59,60,61,62,63,,,,,,,,,,,,,,,,,,,,,,,,,,,,,,,,,,,,,,,,,,,,,,,,,,,,,,,,,,,,,,,,,,,,,,,,,,,,,,,,,,,,,,,,,,,,,,,,,,,,,,,,,,,,,,,,,,,,,,,,,,,,,,,,,,,,,,,,,,,,,,,,,,,,,,,,,,,,,,,,,,,,,,,,,,,,,,,,,,,,,,,,,,,,,,,,
0,49,47,57,56,58,57,56,55,54,55,58,55,59,59,56,57,59,63,65,55,52,55,57,58,61,58,60,63,56,54,62,60,55,56,55,58,56,59,58,59,59,60,53,49,56,52,54,51,56,50,52,47,45,48,49,48,46,48,41,42,40,41,38,34,,,,,,,,,,,,,,,,,,,,,,,,,,,,,,,,,,,,,,,,,,,,,,,,,,,,,,,,,,,,,,,,,,,,,,,,,,,,,,,,,,,,,,,,,,,,,,,,,,,,,,,,,,,,,,,,,,,,,,,,,,,,,,,,,,,,,,,,,,,,,,,,,,,,,,,,,,,,,,,,,,,,,,,,,,,,,,,,,,,,,,,,,,,,,,,,
1,30,33,34,32,44,42,41,34,37,36,41,38,44,49,38,44,43,37,44,46,48,43,48,46,48,48,52,51,56,58,55,52,51,63,60,57,54,53,64,59,57,59,57,58,65,62,64,56,58,57,59,65,58,57,58,64,55,60,57,54,56,54,51,46,,,,,,,,,,,,,,,,,,,,,,,,,,,,,,,,,,,,,,,,,,,,,,,,,,,,,,,,,,,,,,,,,,,,,,,,,,,,,,,,,,,,,,,,,,,,,,,,,,,,,,,,,,,,,,,,,,,,,,,,,,,,,,,,,,,,,,,,,,,,,,,,,,,,,,,,,,,,,,,,,,,,,,,,,,,,,,,,,,,,,,,,,,,,,,,,
2,50,51,50,57,57,55,52,46,56,54,52,56,56,43,47,53,46,47,48,43,46,40,37,40,34,36,41,41,38,40,36,40,36,39,41,42,38,39,36,37,40,39,43,38,34,43,38,47,41,38,39,40,38,43,41,41,45,47,46,44,39,39,40,41,,,,,,,,,,,,,,,,,,,,,,,,,,,,,,,,,,,,,,,,,,,,,,,,,,,,,,,,,,,,,,,,,,,,,,,,,,,,,,,,,,,,,,,,,,,,,,,,,,,,,,,,,,,,,,,,,,,,,,,,,,,,,,,,,,,,,,,,,,,,,,,,,,,,,,,,,,,,,,,,,,,,,,,,,,,,,,,,,,,,,,,,,,,,,,,,
3,49,54,55,57,59,58,63,67,65,63,60,70,66,65,64,68,62,68,65,58,64,67,62,67,59,59,68,63,62,63,59,62,67,61,63,63,67,59,64,61,58,63,68,58,59,55,54,51,57,53,54,53,46,49,43,43,50,42,42,38,36,34,33,30,,,,,,,,,,,,,,,,,,,,,,,,,,,,,,,,,,,,,,,,,,,,,,,,,,,,,,,,,,,,,,,,,,,,,,,,,,,,,,,,,,,,,,,,,,,,,,,,,,,,,,,,,,,,,,,,,,,,,,,,,,,,,,,,,,,,,,,,,,,,,,,,,,,,,,,,,,,,,,,,,,,,,,,,,,,,,,,,,,,,,,,,,,,,,,,,
4,35,34,42,39,41,46,46,52,44,42,47,48,44,53,59,58,53,57,53,62,59,54,63,62,66,64,67,63,60,62,70,64,72,71,70,76,72,73,70,72,67,68,59,77,78,69,66,70,65,67,65,71,77,65,73,64,62,71,66,64,56,65,55,48,,,,,,,,,,,,,,,,,,,,,,,,,,,,,,,,,,,,,,,,,,,,,,,,,,,,,,,,,,,,,,,,,,,,,,,,,,,,,,,,,,,,,,,,,,,,,,,,,,,,,,,,,,,,,,,,,,,,,,,,,,,,,,,,,,,,,,,,,,,,,,,,,,,,,,,,,,,,,,,,,,,,,,,,,,,,,,,,,,,,,,,,,,,,,,,,
5,42,45,51,50,47,52,53,48,52,47,48,48,46,48,45,51,41,38,36,37,41,37,39,34,38,36,41,37,41,40,38,38,34,38,39,36,36,41,37,37,36,40,39,35,38,38,40,36,43,40,46,50,56,52,50,54,53,56,50,57,55,48,45,41,,,,,,,,,,,,,,,,,,,,,,,,,,,,,,,,,,,,,,,,,,,,,,,,,,,,,,,,,,,,,,,,,,,,,,,,,,,,,,,,,,,,,,,,,,,,,,,,,,,,,,,,,,,,,,,,,,,,,,,,,,,,,,,,,,,,,,,,,,,,,,,,,,,,,,,,,,,,,,,,,,,,,,,,,,,,,,,,,,,,,,,,,,,,,,,,
6,51,58,63,69,67,64,74,74,70,72,71,68,70,66,65,73,75,70,70,68,70,66,65,73,69,74,65,70,68,68,69,69,61,70,60,65,64,61,58,65,64,55,57,56,59,55,58,52,45,55,50,57,63,50,45,44,40,44,42,40,38,32,36,33,,,,,,,,,,,,,,,,,,,,,,,,,,,,,,,,,,,,,,,,,,,,,,,,,,,,,,,,,,,,,,,,,,,,,,,,,,,,,,,,,,,,,,,,,,,,,,,,,,,,,,,,,,,,,,,,,,,,,,,,,,,,,,,,,,,,,,,,,,,,,,,,,,,,,,,,,,,,,,,,,,,,,,,,,,,,,,,,,,,,,,,,,,,,,,,,
7,29,36,35,39,37,42,43,47,52,52,57,55,57,54,54,63,57,65,62,68,61,71,68,65,66,68,77,81,68,67,69,69,79,68,75,66,75,70,82,76,67,88,74,72,72,71,70,76,69,70,79,74,71,77,66,72,65,70,76,66,60,61,49,54,,,,,,,,,,,,,,,,,,,,,,,,,,,,,,,,,,,,,,,,,,,,,,,,,,,,,,,,,,,,,,,,,,,,,,,,,,,,,,,,,,,,,,,,,,,,,,,,,,,,,,,,,,,,,,,,,,,,,,,,,,,,,,,,,,,,,,,,,,,,,,,,,,,,,,,,,,,,,,,,,,,,,,,,,,,,,,,,,,,,,,,,,,,,,,,,
8,62,68,68,72,73,80,77,75,72,81,86,76,71,72,76,73,75,69,72,75,76,73,73,81,76,83,75,82,82,72,85,76,73,82,77,77,75,75,74,77,73,74,77,64,74,67,73,71,71,68,67,61,63,61,63,61,57,58,53,46,48,47,43,41,,,,,,,,,,,,,,,,,,,,,,,,,,,,,,,,,,,,,,,,,,,,,,,,,,,,,,,,,,,,,,,,,,,,,,,,,,,,,,,,,,,,,,,,,,,,,,,,,,,,,,,,,,,,,,,,,,,,,,,,,,,,,,,,,,,,,,,,,,,,,,,,,,,,,,,,,,,,,,,,,,,,,,,,,,,,,,,,,,,,,,,,,,,,,,,,
9,34,32,40,49,43,43,45,44,46,46,44,45,45,51,49,45,48,47,58,57,60,63,60,57,65,63,69,67,65,72,68,76,73,63,69,77,82,77,81,77,76,79,77,86,79,75,69,71,81,75,77,81,74,80,75,71,76,70,71,73,66,64,57,53,,,,,,,,,,,,,,,,,,,,,,,,,,,,,,,,,,,,,,,,,,,,,,,,,,,,,,,,,,,,,,,,,,,,,,,,,,,,,,,,,,,,,,,,,,,,,,,,,,,,,,,,,,,,,,,,,,,,,,,,,,,,,,,,,,,,,,,,,,,,,,,,,,,,,,,,,,,,,,,,,,,,,,,,,,,,,,,,,,,,,,,,,,,,,,,,
10,53,57,62,59,67,71,67,60,61,63,62,64,63,62,56,55,54,53,58,51,53,50,48,43,47,42,45,43,43,46,43,44,46,45,44,43,46,46,44,48,45,41,44,48,46,42,43,49,43,50,50,47,44,47,52,50,55,57,61,54,55,51,53,47,,,,,,,,,,,,,,,,,,,,,,,,,,,,,,,,,,,,,,,,,,,,,,,,,,,,,,,,,,,,,,,,,,,,,,,,,,,,,,,,,,,,,,,,,,,,,,,,,,,,,,,,,,,,,,,,,,,,,,,,,,,,,,,,,,,,,,,,,,,,,,,,,,,,,,,,,,,,,,,,,,,,,,,,,,,,,,,,,,,,,,,,,,,,,,,,
11,57,67,59,63,74,75,75,74,74,68,80,70,76,76,77,77,72,75,75,77,73,83,79,73,77,78,76,81,71,77,75,75,80,75,77,81,83,68,70,68,71,74,68,73,70,64,67,62,69,64,64,65,57,54,54,52,52,53,59,48,42,39,39,36,,,,,,,,,,,,,,,,,,,,,,,,,,,,,,,,,,,,,,,,,,,,,,,,,,,,,,,,,,,,,,,,,,,,,,,,,,,,,,,,,,,,,,,,,,,,,,,,,,,,,,,,,,,,,,,,,,,,,,,,,,,,,,,,,,,,,,,,,,,,,,,,,,,,,,,,,,,,,,,,,,,,,,,,,,,,,,,,,,,,,,,,,,,,,,,,
12,39,43,46,53,52,52,53,63,58,53,56,60,60,64,67,67,69,71,70,69,68,73,69,71,84,84,78,73,77,81,85,83,84,78,89,86,80,89,85,82,78,94,84,83,81,87,85,82,84,80,81,82,71,81,82,82,77,81,81,73,77,71,74,68,,,,,,,,,,,,,,,,,,,,,,,,,,,,,,,,,,,,,,,,,,,,,,,,,,,,,,,,,,,,,,,,,,,,,,,,,,,,,,,,,,,,,,,,,,,,,,,,,,,,,,,,,,,,,,,,,,,,,,,,,,,,,,,,,,,,,,,,,,,,,,,,,,,,,,,,,,,,,,,,,,,,,,,,,,,,,,,,,,,,,,,,,,,,,,,,
13,55,57,53,57,53,56,58,58,55,56,55,51,52,52,50,54,51,48,44,45,49,47,43,48,44,45,42,43,42,44,43,44,48,40,46,44,43,46,46,46,44,45,44,43,49,49,43,50,51,53,47,52,60,55,58,59,61,60,67,58,59,61,53,51,,,,,,,,,,,,,,,,,,,,,,,,,,,,,,,,,,,,,,,,,,,,,,,,,,,,,,,,,,,,,,,,,,,,,,,,,,,,,,,,,,,,,,,,,,,,,,,,,,,,,,,,,,,,,,,,,,,,,,,,,,,,,,,,,,,,,,,,,,,,,,,,,,,,,,,,,,,,,,,,,,,,,,,,,,,,,,,,,,,,,,,,,,,,,,,,
14,53,62,63,70,64,65,79,69,79,73,72,72,72,73,83,78,80,72,75,77,78,80,80,71,71,76,74,80,77,70,77,70,78,70,71,69,77,69,70,59,60,64,55,67,58,62,60,52,55,53,59,53,55,50,40,38,45,44,43,36,39,32,37,33,,,,,,,,,,,,,,,,,,,,,,,,,,,,,,,,,,,,,,,,,,,,,,,,,,,,,,,,,,,,,,,,,,,,,,,,,,,,,,,,,,,,,,,,,,,,,,,,,,,,,,,,,,,,,,,,,,,,,,,,,,,,,,,,,,,,,,,,,,,,,,,,,,,,,,,,,,,,,,,,,,,,,,,,,,,,,,,,,,,,,,,,,,,,,,,,
15,32,36,39,42,45,47,46,52,62,59,55,61,62,61,60,67,68,64,73,77,67,73,71,65,74,70,78,79,80,74,75,74,70,81,74,75,74,78,82,74,76,77,76,86,81,81,73,75,75,75,76,71,81,81,73,78,73,72,71,72,60,64,58,53,,,,,,,,,,,,,,,,,,,,,,,,,,,,,,,,,,,,,,,,,,,,,,,,,,,,,,,,,,,,,,,,,,,,,,,,,,,,,,,,,,,,,,,,,,,,,,,,,,,,,,,,,,,,,,,,,,,,,,,,,,,,,,,,,,,,,,,,,,,,,,,,,,,,,,,,,,,,,,,,,,,,,,,,,,,,,,,,,,,,,,,,,,,,,,,,
16,62,60,64,67,72,76,71,77,76,71,80,76,79,79,72,80,77,80,71,81,79,79,81,77,72,79,76,75,76,74,77,78,76,82,74,75,81,87,76,79,78,72,74,78,70,73,73,74,68,73,64,65,63,64,66,60,58,53,49,47,49,50,41,38,,,,,,,,,,,,,,,,,,,,,,,,,,,,,,,,,,,,,,,,,,,,,,,,,,,,,,,,,,,,,,,,,,,,,,,,,,,,,,,,,,,,,,,,,,,,,,,,,,,,,,,,,,,,,,,,,,,,,,,,,,,,,,,,,,,,,,,,,,,,,,,,,,,,,,,,,,,,,,,,,,,,,,,,,,,,,,,,,,,,,,,,,,,,,,,,
17,37,41,45,50,40,48,47,50,50,55,50,52,58,52,57,57,55,61,66,62,70,71,67,63,69,68,71,76,79,77,82,79,75,76,77,77,86,82,81,76,77,80,85,76,79,81,80,76,86,77,85,74,76,83,76,79,71,81,72,75,72,75,59,59,,,,,,,,,,,,,,,,,,,,,,,,,,,,,,,,,,,,,,,,,,,,,,,,,,,,,,,,,,,,,,,,,,,,,,,,,,,,,,,,,,,,,,,,,,,,,,,,,,,,,,,,,,,,,,,,,,,,,,,,,,,,,,,,,,,,,,,,,,,,,,,,,,,,,,,,,,,,,,,,,,,,,,,,,,,,,,,,,,,,,,,,,,,,,,,,
18,55,63,65,66,73,68,71,64,67,61,62,62,65,66,64,61,51,58,57,62,57,53,51,54,50,50,47,49,52,55,46,55,53,52,48,47,46,50,46,50,53,52,46,50,49,50,54,48,49,55,47,52,60,54,60,57,64,61,56,54,57,49,57,46,,,,,,,,,,,,,,,,,,,,,,,,,,,,,,,,,,,,,,,,,,,,,,,,,,,,,,,,,,,,,,,,,,,,,,,,,,,,,,,,,,,,,,,,,,,,,,,,,,,,,,,,,,,,,,,,,,,,,,,,,,,,,,,,,,,,,,,,,,,,,,,,,,,,,,,,,,,,,,,,,,,,,,,,,,,,,,,,,,,,,,,,,,,,,,,,
19,62,75,75,82,74,83,76,86,84,89,85,80,79,86,91,81,78,82,83,83,86,83,84,89,77,78,76,74,81,81,88,81,83,78,88,78,79,77,77,76,88,76,81,89,76,69,77,76,72,70,72,74,65,74,57,67,72,68,63,58,55,50,44,43,,,,,,,,,,,,,,,,,,,,,,,,,,,,,,,,,,,,,,,,,,,,,,,,,,,,,,,,,,,,,,,,,,,,,,,,,,,,,,,,,,,,,,,,,,,,,,,,,,,,,,,,,,,,,,,,,,,,,,,,,,,,,,,,,,,,,,,,,,,,,,,,,,,,,,,,,,,,,,,,,,,,,,,,,,,,,,,,,,,,,,,,,,,,,,,,
20,32,38,42,37,42,41,48,53,42,51,52,54,53,56,59,61,65,58,66,58,61,67,71,72,73,67,71,72,74,66,70,78,75,78,77,74,72,75,76,82,80,78,80,74,79,75,70,76,76,77,82,74,69,81,76,72,73,74,71,73,64,62,61,54,,,,,,,,,,,,,,,,,,,,,,,,,,,,,,,,,,,,,,,,,,,,,,,,,,,,,,,,,,,,,,,,,,,,,,,,,,,,,,,,,,,,,,,,,,,,,,,,,,,,,,,,,,,,,,,,,,,,,,,,,,,,,,,,,,,,,,,,,,,,,,,,,,,,,,,,,,,,,,,,,,,,,,,,,,,,,,,,,,,,,,,,,,,,,,,,
21,52,52,52,62,56,59,58,61,56,50,57,59,58,59,58,63,45,46,47,49,45,46,44,45,48,43,48,44,45,47,47,48,49,44,48,50,45,46,48,46,47,48,40,41,48,47,46,49,48,48,50,56,58,59,58,61,61,58,58,59,64,60,56,51,,,,,,,,,,,,,,,,,,,,,,,,,,,,,,,,,,,,,,,,,,,,,,,,,,,,,,,,,,,,,,,,,,,,,,,,,,,,,,,,,,,,,,,,,,,,,,,,,,,,,,,,,,,,,,,,,,,,,,,,,,,,,,,,,,,,,,,,,,,,,,,,,,,,,,,,,,,,,,,,,,,,,,,,,,,,,,,,,,,,,,,,,,,,,,,,
22,55,61,63,66,69,72,72,71,78,74,87,80,76,76,75,78,75,83,71,76,84,85,78,74,79,84,73,80,80,83,89,77,71,76,77,74,73,73,73,66,64,66,64,63,63,61,61,53,56,57,57,60,58,47,42,50,44,41,45,50,38,39,35,36,,,,,,,,,,,,,,,,,,,,,,,,,,,,,,,,,,,,,,,,,,,,,,,,,,,,,,,,,,,,,,,,,,,,,,,,,,,,,,,,,,,,,,,,,,,,,,,,,,,,,,,,,,,,,,,,,,,,,,,,,,,,,,,,,,,,,,,,,,,,,,,,,,,,,,,,,,,,,,,,,,,,,,,,,,,,,,,,,,,,,,,,,,,,,,,,
23,33,38,42,38,44,48,46,46,53,59,58,59,55,61,63,67,65,61,67,72,80,74,76,73,73,79,85,85,85,85,73,82,74,78,69,76,80,72,79,73,73,79,80,77,81,79,78,84,77,81,77,74,81,85,82,79,79,77,75,68,66,59,55,56,,,,,,,,,,,,,,,,,,,,,,,,,,,,,,,,,,,,,,,,,,,,,,,,,,,,,,,,,,,,,,,,,,,,,,,,,,,,,,,,,,,,,,,,,,,,,,,,,,,,,,,,,,,,,,,,,,,,,,,,,,,,,,,,,,,,,,,,,,,,,,,,,,,,,,,,,,,,,,,,,,,,,,,,,,,,,,,,,,,,,,,,,,,,,,,,
24,67,63,74,70,76,74,74,73,69,74,75,78,73,79,77,78,71,73,75,75,80,74,72,76,80,82,79,74,74,75,73,82,73,72,74,77,66,75,76,79,66,87,75,70,65,68,77,72,71,69,67,63,73,65,61,63,62,58,55,57,51,55,48,50,,,,,,,,,,,,,,,,,,,,,,,,,,,,,,,,,,,,,,,,,,,,,,,,,,,,,,,,,,,,,,,,,,,,,,,,,,,,,,,,,,,,,,,,,,,,,,,,,,,,,,,,,,,,,,,,,,,,,,,,,,,,,,,,,,,,,,,,,,,,,,,,,,,,,,,,,,,,,,,,,,,,,,,,,,,,,,,,,,,,,,,,,,,,,,,,
25,33,37,35,43,38,41,43,44,40,47,41,44,46,46,51,49,51,52,54,56,56,59,57,58,59,64,62,64,63,71,68,74,66,70,74,72,81,74,76,75,76,72,79,90,76,68,81,76,75,74,75,75,73,70,72,71,75,73,67,71,64,63,58,58,,,,,,,,,,,,,,,,,,,,,,,,,,,,,,,,,,,,,,,,,,,,,,,,,,,,,,,,,,,,,,,,,,,,,,,,,,,,,,,,,,,,,,,,,,,,,,,,,,,,,,,,,,,,,,,,,,,,,,,,,,,,,,,,,,,,,,,,,,,,,,,,,,,,,,,,,,,,,,,,,,,,,,,,,,,,,,,,,,,,,,,,,,,,,,,,
26,54,57,62,63,65,68,61,61,63,63,59,55,63,56,66,49,55,56,58,55,52,50,49,50,48,52,46,51,48,42,43,46,47,48,41,44,51,43,51,47,46,46,51,47,45,50,49,48,47,49,45,53,49,57,51,52,49,57,60,54,56,55,51,51,,,,,,,,,,,,,,,,,,,,,,,,,,,,,,,,,,,,,,,,,,,,,,,,,,,,,,,,,,,,,,,,,,,,,,,,,,,,,,,,,,,,,,,,,,,,,,,,,,,,,,,,,,,,,,,,,,,,,,,,,,,,,,,,,,,,,,,,,,,,,,,,,,,,,,,,,,,,,,,,,,,,,,,,,,,,,,,,,,,,,,,,,,,,,,,,
27,50,57,65,67,65,71,66,75,78,78,72,78,77,72,71,74,75,78,68,75,76,68,70,70,73,79,80,70,69,76,74,73,74,74,82,79,81,75,71,68,69,68,71,65,63,56,63,57,64,61,62,57,55,57,56,53,53,52,49,48,45,37,37,36,,,,,,,,,,,,,,,,,,,,,,,,,,,,,,,,,,,,,,,,,,,,,,,,,,,,,,,,,,,,,,,,,,,,,,,,,,,,,,,,,,,,,,,,,,,,,,,,,,,,,,,,,,,,,,,,,,,,,,,,,,,,,,,,,,,,,,,,,,,,,,,,,,,,,,,,,,,,,,,,,,,,,,,,,,,,,,,,,,,,,,,,,,,,,,,,
28,34,42,36,44,45,42,43,44,48,45,47,50,54,51,60,66,58,63,66,60,60,67,69,66,72,71,71,68,68,72,72,77,75,71,72,76,76,76,73,79,80,73,78,74,76,83,79,77,75,73,75,73,70,75,72,76,72,68,70,72,67,60,54,58,,,,,,,,,,,,,,,,,,,,,,,,,,,,,,,,,,,,,,,,,,,,,,,,,,,,,,,,,,,,,,,,,,,,,,,,,,,,,,,,,,,,,,,,,,,,,,,,,,,,,,,,,,,,,,,,,,,,,,,,,,,,,,,,,,,,,,,,,,,,,,,,,,,,,,,,,,,,,,,,,,,,,,,,,,,,,,,,,,,,,,,,,,,,,,,,
29,53,48,52,54,54,60,54,62,60,54,55,58,54,53,51,55,47,43,48,44,46,43,41,40,45,39,45,47,44,45,45,47,44,42,47,45,47,46,45,48,48,43,42,44,44,47,54,50,52,50,47,53,52,56,61,61,54,57,57,55,58,55,56,47,,,,,,,,,,,,,,,,,,,,,,,,,,,,,,,,,,,,,,,,,,,,,,,,,,,,,,,,,,,,,,,,,,,,,,,,,,,,,,,,,,,,,,,,,,,,,,,,,,,,,,,,,,,,,,,,,,,,,,,,,,,,,,,,,,,,,,,,,,,,,,,,,,,,,,,,,,,,,,,,,,,,,,,,,,,,,,,,,,,,,,,,,,,,,,,,
30,54,62,65,67,72,71,72,71,75,71,77,76,70,74,79,76,77,75,75,74,76,76,78,76,74,81,79,80,79,80,78,77,71,73,65,70,70,74,71,66,64,60,63,56,64,59,58,53,54,54,57,55,55,49,52,46,44,38,44,40,40,41,40,35,,,,,,,,,,,,,,,,,,,,,,,,,,,,,,,,,,,,,,,,,,,,,,,,,,,,,,,,,,,,,,,,,,,,,,,,,,,,,,,,,,,,,,,,,,,,,,,,,,,,,,,,,,,,,,,,,,,,,,,,,,,,,,,,,,,,,,,,,,,,,,,,,,,,,,,,,,,,,,,,,,,,,,,,,,,,,,,,,,,,,,,,,,,,,,,,
31,33,39,38,46,42,44,49,52,49,60,57,58,57,63,61,63,68,67,74,70,72,70,74,73,68,73,81,82,78,80,76,78,79,83,78,75,88,73,77,77,75,75,75,72,74,79,83,82,73,75,77,85,69,74,72,74,67,76,71,63,66,62,61,55,,,,,,,,,,,,,,,,,,,,,,,,,,,,,,,,,,,,,,,,,,,,,,,,,,,,,,,,,,,,,,,,,,,,,,,,,,,,,,,,,,,,,,,,,,,,,,,,,,,,,,,,,,,,,,,,,,,,,,,,,,,,,,,,,,,,,,,,,,,,,,,,,,,,,,,,,,,,,,,,,,,,,,,,,,,,,,,,,,,,,,,,,,,,,,,,
32,68,61,69,70,73,73,78,83,79,80,87,81,75,79,77,69,74,72,84,78,89,71,85,81,82,78,76,70,81,76,78,78,79,77,77,80,79,70,77,72,75,75,80,79,77,70,72,71,70,66,67,64,54,71,69,64,67,63,60,56,49,53,47,50,,,,,,,,,,,,,,,,,,,,,,,,,,,,,,,,,,,,,,,,,,,,,,,,,,,,,,,,,,,,,,,,,,,,,,,,,,,,,,,,,,,,,,,,,,,,,,,,,,,,,,,,,,,,,,,,,,,,,,,,,,,,,,,,,,,,,,,,,,,,,,,,,,,,,,,,,,,,,,,,,,,,,,,,,,,,,,,,,,,,,,,,,,,,,,,,
33,36,37,42,41,43,45,47,48,47,46,45,47,49,53,53,53,51,53,53,60,62,62,56,59,64,67,68,67,73,73,73,68,67,69,71,75,85,77,80,79,79,75,74,81,79,82,70,81,77,79,82,82,83,71,80,76,83,71,73,73,62,65,60,56,,,,,,,,,,,,,,,,,,,,,,,,,,,,,,,,,,,,,,,,,,,,,,,,,,,,,,,,,,,,,,,,,,,,,,,,,,,,,,,,,,,,,,,,,,,,,,,,,,,,,,,,,,,,,,,,,,,,,,,,,,,,,,,,,,,,,,,,,,,,,,,,,,,,,,,,,,,,,,,,,,,,,,,,,,,,,,,,,,,,,,,,,,,,,,,,
34,53,53,63,63,68,66,70,64,67,68,64,69,68,69,64,60,59,55,63,61,53,47,51,53,49,48,46,51,49,51,50,51,51,53,46,48,50,50,55,50,50,51,58,55,52,55,54,48,49,51,51,50,54,52,53,50,62,53,58,62,54,54,49,55,,,,,,,,,,,,,,,,,,,,,,,,,,,,,,,,,,,,,,,,,,,,,,,,,,,,,,,,,,,,,,,,,,,,,,,,,,,,,,,,,,,,,,,,,,,,,,,,,,,,,,,,,,,,,,,,,,,,,,,,,,,,,,,,,,,,,,,,,,,,,,,,,,,,,,,,,,,,,,,,,,,,,,,,,,,,,,,,,,,,,,,,,,,,,,,,
35,62,60,65,64,70,74,72,76,71,85,79,76,79,77,71,82,77,77,71,78,77,73,72,74,78,80,75,83,77,76,83,83,74,84,85,78,77,79,73,68,71,73,75,75,69,66,65,61,58,60,61,58,60,57,57,56,51,54,54,49,42,40,40,36,,,,,,,,,,,,,,,,,,,,,,,,,,,,,,,,,,,,,,,,,,,,,,,,,,,,,,,,,,,,,,,,,,,,,,,,,,,,,,,,,,,,,,,,,,,,,,,,,,,,,,,,,,,,,,,,,,,,,,,,,,,,,,,,,,,,,,,,,,,,,,,,,,,,,,,,,,,,,,,,,,,,,,,,,,,,,,,,,,,,,,,,,,,,,,,,
36,37,43,44,42,46,45,47,53,48,48,50,52,52,57,61,62,59,67,66,66,68,67,76,68,73,68,74,68,74,74,82,78,73,75,77,76,80,76,74,75,81,86,80,82,73,77,76,82,73,76,76,83,74,80,80,76,79,77,75,69,63,59,58,56,,,,,,,,,,,,,,,,,,,,,,,,,,,,,,,,,,,,,,,,,,,,,,,,,,,,,,,,,,,,,,,,,,,,,,,,,,,,,,,,,,,,,,,,,,,,,,,,,,,,,,,,,,,,,,,,,,,,,,,,,,,,,,,,,,,,,,,,,,,,,,,,,,,,,,,,,,,,,,,,,,,,,,,,,,,,,,,,,,,,,,,,,,,,,,,,
37,55,60,57,60,64,61,64,61,60,63,59,58,56,59,62,49,50,47,52,49,49,46,45,51,51,48,48,52,45,47,48,49,51,44,53,49,47,49,48,52,48,47,48,50,46,56,46,54,57,55,55,57,64,56,66,64,62,60,68,60,61,62,52,52,,,,,,,,,,,,,,,,,,,,,,,,,,,,,,,,,,,,,,,,,,,,,,,,,,,,,,,,,,,,,,,,,,,,,,,,,,,,,,,,,,,,,,,,,,,,,,,,,,,,,,,,,,,,,,,,,,,,,,,,,,,,,,,,,,,,,,,,,,,,,,,,,,,,,,,,,,,,,,,,,,,,,,,,,,,,,,,,,,,,,,,,,,,,,,,,
38,55,61,63,67,66,70,63,76,72,84,82,75,75,72,72,79,79,76,70,85,75,85,80,88,75,78,73,81,80,79,79,77,77,76,70,79,74,71,71,71,62,61,61,62,66,63,58,58,56,49,59,52,56,53,47,40,45,44,40,37,41,44,38,38,,,,,,,,,,,,,,,,,,,,,,,,,,,,,,,,,,,,,,,,,,,,,,,,,,,,,,,,,,,,,,,,,,,,,,,,,,,,,,,,,,,,,,,,,,,,,,,,,,,,,,,,,,,,,,,,,,,,,,,,,,,,,,,,,,,,,,,,,,,,,,,,,,,,,,,,,,,,,,,,,,,,,,,,,,,,,,,,,,,,,,,,,,,,,,,,
39,37,40,47,49,47,50,46,55,58,60,58,64,62,65,64,66,68,69,72,67,72,72,76,73,80,76,87,81,81,80,79,77,77,80,81,75,73,78,83,78,78,73,79,87,79,76,79,72,85,70,75,72,80,78,74,75,72,72,76,75,68,67,58,60,,,,,,,,,,,,,,,,,,,,,,,,,,,,,,,,,,,,,,,,,,,,,,,,,,,,,,,,,,,,,,,,,,,,,,,,,,,,,,,,,,,,,,,,,,,,,,,,,,,,,,,,,,,,,,,,,,,,,,,,,,,,,,,,,,,,,,,,,,,,,,,,,,,,,,,,,,,,,,,,,,,,,,,,,,,,,,,,,,,,,,,,,,,,,,,,
40,62,68,70,63,73,78,68,73,68,77,79,80,73,69,66,78,77,77,78,83,78,74,75,80,76,81,70,82,73,78,74,79,71,75,76,79,76,68,72,76,72,71,70,74,76,71,68,71,71,63,68,66,63,66,60,58,60,48,50,54,53,49,45,46,,,,,,,,,,,,,,,,,,,,,,,,,,,,,,,,,,,,,,,,,,,,,,,,,,,,,,,,,,,,,,,,,,,,,,,,,,,,,,,,,,,,,,,,,,,,,,,,,,,,,,,,,,,,,,,,,,,,,,,,,,,,,,,,,,,,,,,,,,,,,,,,,,,,,,,,,,,,,,,,,,,,,,,,,,,,,,,,,,,,,,,,,,,,,,,,
41,34,34,38,37,39,42,43,48,46,45,46,45,48,49,50,47,51,49,53,52,56,61,62,58,53,65,61,60,73,71,69,66,71,69,75,68,77,76,84,76,78,80,82,80,75,83,74,73,80,81,73,69,72,76,88,81,77,71,73,68,64,57,56,49,,,,,,,,,,,,,,,,,,,,,,,,,,,,,,,,,,,,,,,,,,,,,,,,,,,,,,,,,,,,,,,,,,,,,,,,,,,,,,,,,,,,,,,,,,,,,,,,,,,,,,,,,,,,,,,,,,,,,,,,,,,,,,,,,,,,,,,,,,,,,,,,,,,,,,,,,,,,,,,,,,,,,,,,,,,,,,,,,,,,,,,,,,,,,,,,
42,53,55,61,67,65,66,63,69,75,62,64,63,67,65,55,65,59,57,56,64,57,49,48,49,48,57,46,46,49,55,43,51,46,52,53,50,53,54,52,54,47,53,43,50,48,52,49,50,49,52,51,53,51,57,50,59,54,58,60,57,53,54,52,56,,,,,,,,,,,,,,,,,,,,,,,,,,,,,,,,,,,,,,,,,,,,,,,,,,,,,,,,,,,,,,,,,,,,,,,,,,,,,,,,,,,,,,,,,,,,,,,,,,,,,,,,,,,,,,,,,,,,,,,,,,,,,,,,,,,,,,,,,,,,,,,,,,,,,,,,,,,,,,,,,,,,,,,,,,,,,,,,,,,,,,,,,,,,,,,,
43,56,67,67,69,68,68,81,77,71,75,68,79,79,77,72,84,76,80,79,75,79,83,73,75,79,79,84,81,71,78,74,77,75,74,85,82,76,78,80,66,74,76,70,65,67,69,67,65,67,62,63,61,62,60,54,58,55,53,53,45,43,40,42,36,,,,,,,,,,,,,,,,,,,,,,,,,,,,,,,,,,,,,,,,,,,,,,,,,,,,,,,,,,,,,,,,,,,,,,,,,,,,,,,,,,,,,,,,,,,,,,,,,,,,,,,,,,,,,,,,,,,,,,,,,,,,,,,,,,,,,,,,,,,,,,,,,,,,,,,,,,,,,,,,,,,,,,,,,,,,,,,,,,,,,,,,,,,,,,,,
44,32,31,40,40,41,39,44,48,42,43,47,48,51,55,55,65,59,54,56,58,62,66,70,68,70,70,73,69,75,73,72,74,89,80,74,67,77,82,76,81,82,80,78,79,80,70,73,73,81,82,82,77,75,73,69,73,75,81,69,73,66,57,58,51,,,,,,,,,,,,,,,,,,,,,,,,,,,,,,,,,,,,,,,,,,,,,,,,,,,,,,,,,,,,,,,,,,,,,,,,,,,,,,,,,,,,,,,,,,,,,,,,,,,,,,,,,,,,,,,,,,,,,,,,,,,,,,,,,,,,,,,,,,,,,,,,,,,,,,,,,,,,,,,,,,,,,,,,,,,,,,,,,,,,,,,,,,,,,,,,
45,54,55,55,52,58,60,64,60,56,53,54,54,56,55,57,51,46,44,48,45,47,46,45,45,46,41,49,49,44,47,43,46,46,45,46,46,45,47,43,49,41,45,44,41,46,47,48,48,44,52,54,56,55,57,56,62,59,61,58,51,54,61,50,51,,,,,,,,,,,,,,,,,,,,,,,,,,,,,,,,,,,,,,,,,,,,,,,,,,,,,,,,,,,,,,,,,,,,,,,,,,,,,,,,,,,,,,,,,,,,,,,,,,,,,,,,,,,,,,,,,,,,,,,,,,,,,,,,,,,,,,,,,,,,,,,,,,,,,,,,,,,,,,,,,,,,,,,,,,,,,,,,,,,,,,,,,,,,,,,,
46,59,65,66,68,74,77,76,74,74,74,73,74,75,75,80,73,79,77,78,75,80,76,79,80,75,79,81,82,76,77,87,69,76,71,70,77,71,71,78,68,68,68,65,62,69,59,61,62,62,61,58,66,61,61,48,49,54,54,50,47,45,41,39,38,,,,,,,,,,,,,,,,,,,,,,,,,,,,,,,,,,,,,,,,,,,,,,,,,,,,,,,,,,,,,,,,,,,,,,,,,,,,,,,,,,,,,,,,,,,,,,,,,,,,,,,,,,,,,,,,,,,,,,,,,,,,,,,,,,,,,,,,,,,,,,,,,,,,,,,,,,,,,,,,,,,,,,,,,,,,,,,,,,,,,,,,,,,,,,,,
47,38,49,52,54,50,51,50,62,59,58,65,62,70,62,65,71,68,73,69,69,71,67,75,75,83,74,78,71,76,75,75,73,76,85,82,86,88,73,72,71,79,80,77,75,75,78,84,80,81,76,73,75,77,89,80,85,73,70,78,70,72,68,63,63,,,,,,,,,,,,,,,,,,,,,,,,,,,,,,,,,,,,,,,,,,,,,,,,,,,,,,,,,,,,,,,,,,,,,,,,,,,,,,,,,,,,,,,,,,,,,,,,,,,,,,,,,,,,,,,,,,,,,,,,,,,,,,,,,,,,,,,,,,,,,,,,,,,,,,,,,,,,,,,,,,,,,,,,,,,,,,,,,,,,,,,,,,,,,,,,
48,67,76,70,71,73,72,81,72,78,75,82,78,81,74,81,73,72,75,82,75,81,75,77,79,79,74,80,76,84,86,88,77,81,91,96,85,78,69,79,85,80,76,75,69,75,82,72,83,73,73,76,69,64,63,69,72,68,58,57,55,57,57,49,47,,,,,,,,,,,,,,,,,,,,,,,,,,,,,,,,,,,,,,,,,,,,,,,,,,,,,,,,,,,,,,,,,,,,,,,,,,,,,,,,,,,,,,,,,,,,,,,,,,,,,,,,,,,,,,,,,,,,,,,,,,,,,,,,,,,,,,,,,,,,,,,,,,,,,,,,,,,,,,,,,,,,,,,,,,,,,,,,,,,,,,,,,,,,,,,,
49,38,40,41,46,44,43,46,47,52,50,45,45,49,50,52,50,51,48,61,64,61,59,59,61,62,69,75,74,74,70,81,79,71,74,77,73,83,79,79,76,81,77,77,76,74,79,76,75,76,77,82,69,71,77,68,71,72,74,69,68,62,65,64,58,,,,,,,,,,,,,,,,,,,,,,,,,,,,,,,,,,,,,,,,,,,,,,,,,,,,,,,,,,,,,,,,,,,,,,,,,,,,,,,,,,,,,,,,,,,,,,,,,,,,,,,,,,,,,,,,,,,,,,,,,,,,,,,,,,,,,,,,,,,,,,,,,,,,,,,,,,,,,,,,,,,,,,,,,,,,,,,,,,,,,,,,,,,,,,,,
50,50,58,53,64,68,64,62,69,67,55,60,60,57,59,57,58,56,50,56,53,55,48,47,46,43,46,44,41,46,43,44,49,45,44,45,46,47,45,44,49,46,47,50,44,47,43,47,44,43,48,47,47,54,50,48,53,55,51,58,53,52,50,51,45,,,,,,,,,,,,,,,,,,,,,,,,,,,,,,,,,,,,,,,,,,,,,,,,,,,,,,,,,,,,,,,,,,,,,,,,,,,,,,,,,,,,,,,,,,,,,,,,,,,,,,,,,,,,,,,,,,,,,,,,,,,,,,,,,,,,,,,,,,,,,,,,,,,,,,,,,,,,,,,,,,,,,,,,,,,,,,,,,,,,,,,,,,,,,,,,
51,62,59,67,71,70,74,67,69,76,72,72,76,76,75,76,76,80,74,82,84,77,76,75,76,75,74,77,68,77,75,75,72,75,74,72,75,69,77,76,68,70,74,73,68,66,66,61,66,67,67,64,62,58,52,57,57,60,53,50,49,43,45,42,36,,,,,,,,,,,,,,,,,,,,,,,,,,,,,,,,,,,,,,,,,,,,,,,,,,,,,,,,,,,,,,,,,,,,,,,,,,,,,,,,,,,,,,,,,,,,,,,,,,,,,,,,,,,,,,,,,,,,,,,,,,,,,,,,,,,,,,,,,,,,,,,,,,,,,,,,,,,,,,,,,,,,,,,,,,,,,,,,,,,,,,,,,,,,,,,,
52,35,36,43,38,41,38,42,43,42,47,45,50,44,48,44,48,59,57,57,52,60,56,61,62,60,68,70,67,67,69,66,69,74,68,72,68,75,73,68,70,75,75,71,76,80,77,75,79,64,68,74,73,75,77,76,72,71,67,73,66,60,59,56,46,,,,,,,,,,,,,,,,,,,,,,,,,,,,,,,,,,,,,,,,,,,,,,,,,,,,,,,,,,,,,,,,,,,,,,,,,,,,,,,,,,,,,,,,,,,,,,,,,,,,,,,,,,,,,,,,,,,,,,,,,,,,,,,,,,,,,,,,,,,,,,,,,,,,,,,,,,,,,,,,,,,,,,,,,,,,,,,,,,,,,,,,,,,,,,,,
53,55,50,61,58,69,61,59,59,63,58,57,62,63,53,62,59,48,45,56,50,50,49,57,46,46,49,50,48,49,53,54,51,53,48,48,51,57,42,51,53,51,53,53,49,52,56,50,53,55,60,56,56,61,61,59,69,63,64,72,67,59,58,63,53,,,,,,,,,,,,,,,,,,,,,,,,,,,,,,,,,,,,,,,,,,,,,,,,,,,,,,,,,,,,,,,,,,,,,,,,,,,,,,,,,,,,,,,,,,,,,,,,,,,,,,,,,,,,,,,,,,,,,,,,,,,,,,,,,,,,,,,,,,,,,,,,,,,,,,,,,,,,,,,,,,,,,,,,,,,,,,,,,,,,,,,,,,,,,,,,
54,58,58,63,71,68,68,67,66,72,75,77,72,73,73,69,74,65,80,83,72,70,70,76,73,74,70,69,70,67,77,75,80,70,75,74,62,68,66,65,66,62,64,62,65,55,61,57,54,55,58,54,54,56,47,44,40,48,42,44,44,44,39,39,35,,,,,,,,,,,,,,,,,,,,,,,,,,,,,,,,,,,,,,,,,,,,,,,,,,,,,,,,,,,,,,,,,,,,,,,,,,,,,,,,,,,,,,,,,,,,,,,,,,,,,,,,,,,,,,,,,,,,,,,,,,,,,,,,,,,,,,,,,,,,,,,,,,,,,,,,,,,,,,,,,,,,,,,,,,,,,,,,,,,,,,,,,,,,,,,,
55,41,45,42,49,54,57,53,55,59,61,68,60,64,66,64,68,77,71,69,71,68,68,75,70,68,79,80,71,81,81,77,77,80,77,85,77,80,90,81,76,74,83,76,72,74,74,81,75,69,76,86,74,82,73,74,76,68,74,82,77,65,59,59,67,,,,,,,,,,,,,,,,,,,,,,,,,,,,,,,,,,,,,,,,,,,,,,,,,,,,,,,,,,,,,,,,,,,,,,,,,,,,,,,,,,,,,,,,,,,,,,,,,,,,,,,,,,,,,,,,,,,,,,,,,,,,,,,,,,,,,,,,,,,,,,,,,,,,,,,,,,,,,,,,,,,,,,,,,,,,,,,,,,,,,,,,,,,,,,,,
56,52,59,61,64,68,69,67,63,69,67,73,77,72,73,69,69,71,75,68,76,76,68,74,73,74,69,71,72,69,72,71,70,69,74,67,72,67,72,70,66,67,73,66,65,64,61,62,70,66,60,61,56,59,56,54,56,48,51,50,48,45,43,38,38,,,,,,,,,,,,,,,,,,,,,,,,,,,,,,,,,,,,,,,,,,,,,,,,,,,,,,,,,,,,,,,,,,,,,,,,,,,,,,,,,,,,,,,,,,,,,,,,,,,,,,,,,,,,,,,,,,,,,,,,,,,,,,,,,,,,,,,,,,,,,,,,,,,,,,,,,,,,,,,,,,,,,,,,,,,,,,,,,,,,,,,,,,,,,,,,
57,38,39,39,46,41,42,45,45,45,48,46,49,46,53,50,47,48,47,52,58,57,58,58,60,62,66,59,67,67,70,69,66,71,66,67,74,69,77,77,78,76,74,73,75,70,73,69,75,71,83,78,76,74,77,74,65,72,73,66,70,62,59,58,54,,,,,,,,,,,,,,,,,,,,,,,,,,,,,,,,,,,,,,,,,,,,,,,,,,,,,,,,,,,,,,,,,,,,,,,,,,,,,,,,,,,,,,,,,,,,,,,,,,,,,,,,,,,,,,,,,,,,,,,,,,,,,,,,,,,,,,,,,,,,,,,,,,,,,,,,,,,,,,,,,,,,,,,,,,,,,,,,,,,,,,,,,,,,,,,,
58,53,52,56,61,54,59,58,60,61,53,53,59,56,54,52,54,51,50,50,49,50,46,41,42,42,40,41,44,42,38,41,41,43,41,44,39,46,45,44,41,40,39,44,43,48,44,43,38,41,44,46,49,47,53,46,46,52,55,51,46,50,44,46,45,,,,,,,,,,,,,,,,,,,,,,,,,,,,,,,,,,,,,,,,,,,,,,,,,,,,,,,,,,,,,,,,,,,,,,,,,,,,,,,,,,,,,,,,,,,,,,,,,,,,,,,,,,,,,,,,,,,,,,,,,,,,,,,,,,,,,,,,,,,,,,,,,,,,,,,,,,,,,,,,,,,,,,,,,,,,,,,,,,,,,,,,,,,,,,,,
59,54,55,61,61,64,67,64,64,70,65,66,77,72,69,66,67,70,69,71,75,66,73,70,64,73,68,68,67,70,65,64,65,73,69,70,73,66,71,70,61,68,60,61,64,64,58,60,51,59,54,59,54,52,58,46,48,45,49,49,41,37,37,34,33,,,,,,,,,,,,,,,,,,,,,,,,,,,,,,,,,,,,,,,,,,,,,,,,,,,,,,,,,,,,,,,,,,,,,,,,,,,,,,,,,,,,,,,,,,,,,,,,,,,,,,,,,,,,,,,,,,,,,,,,,,,,,,,,,,,,,,,,,,,,,,,,,,,,,,,,,,,,,,,,,,,,,,,,,,,,,,,,,,,,,,,,,,,,,,,,
60,32,34,37,39,38,37,44,47,44,47,45,44,47,48,55,52,56,55,55,56,58,61,60,60,60,68,67,63,61,65,70,69,67,75,71,66,69,67,66,67,69,67,66,66,72,73,71,72,74,71,65,64,68,65,66,67,71,69,67,58,65,51,53,47,,,,,,,,,,,,,,,,,,,,,,,,,,,,,,,,,,,,,,,,,,,,,,,,,,,,,,,,,,,,,,,,,,,,,,,,,,,,,,,,,,,,,,,,,,,,,,,,,,,,,,,,,,,,,,,,,,,,,,,,,,,,,,,,,,,,,,,,,,,,,,,,,,,,,,,,,,,,,,,,,,,,,,,,,,,,,,,,,,,,,,,,,,,,,,,,
61,40,39,48,47,47,48,46,50,44,44,41,44,45,44,45,42,38,36,35,36,35,36,37,37,39,37,34,37,39,34,36,38,36,33,35,39,36,35,34,35,39,35,35,36,39,34,38,39,42,38,39,43,48,49,48,45,48,49,45,48,49,45,45,42,,,,,,,,,,,,,,,,,,,,,,,,,,,,,,,,,,,,,,,,,,,,,,,,,,,,,,,,,,,,,,,,,,,,,,,,,,,,,,,,,,,,,,,,,,,,,,,,,,,,,,,,,,,,,,,,,,,,,,,,,,,,,,,,,,,,,,,,,,,,,,,,,,,,,,,,,,,,,,,,,,,,,,,,,,,,,,,,,,,,,,,,,,,,,,,,
62,49,53,54,56,59,58,61,61,60,61,61,61,65,60,56,60,58,56,59,62,61,62,56,57,56,58,62,56,70,63,59,59,59,55,58,57,58,58,55,50,50,50,54,45,52,54,55,44,43,45,46,43,49,43,40,37,40,41,39,37,35,37,35,32,,,,,,,,,,,,,,,,,,,,,,,,,,,,,,,,,,,,,,,,,,,,,,,,,,,,,,,,,,,,,,,,,,,,,,,,,,,,,,,,,,,,,,,,,,,,,,,,,,,,,,,,,,,,,,,,,,,,,,,,,,,,,,,,,,,,,,,,,,,,,,,,,,,,,,,,,,,,,,,,,,,,,,,,,,,,,,,,,,,,,,,,,,,,,,,,
63,30,38,40,43,44,48,43,41,43,50,52,53,48,52,52,51,55,55,55,64,63,61,58,56,58,62,60,62,59,59,58,65,59,67,59,62,64,62,67,63,63,66,64,68,66,62,59,69,62,65,66,60,54,64,59,60,54,60,61,59,61,55,55,49,,,,,,,,,,,,,,,,,,,,,,,,,,,,,,,,,,,,,,,,,,,,,,,,,,,,,,,,,,,,,,,,,,,,,,,,,,,,,,,,,,,,,,,,,,,,,,,,,,,,,,,,,,,,,,,,,,,,,,,,,,,,,,,,,,,,,,,,,,,,,,,,,,,,,,,,,,,,,,,,,,,,,,,,,,,,,,,,,,,,,,,,,,,,,,,,
,,,,,,,,,,,,,,,,,,,,,,,,,,,,,,,,,,,,,,,,,,,,,,,,,,,,,,,,,,,,,,,,,,,,,,,,,,,,,,,,,,,,,,,,,,,,,,,,,,,,,,,,,,,,,,,,,,,,,,,,,,,,,,,,,,,,,,,,,,,,,,,,,,,,,,,,,,,,,,,,,,,,,,,,,,,,,,,,,,,,,,,,,,,,,,,,,,,,,,,,,,,,,,,,,,,,,,,,,,,,,,,,,,,,,,,,,,,,,,,,,,,,,,,,,,,,,,,,
value,0,1,2,3,4,5,6,7,8,9,10,11,12,13,14,15,16,17,18,19,20,21,22,23,24,25,26,27,28,29,30,31,32,33,34,35,36,37,38,39,40,41,42,43,44,45,46,47,48,49,50,51,52,53,54,55,56,57,58,59,60,61,62,63,64,65,66,67,68,69,70,71,72,73,74,75,76,77,78,79,80,81,82,83,84,85,86,87,88,89,90,91,92,93,94,95,96,97,98,99,100,101,102,103,104,105,106,107,108,109,110,111,112,113,114,115,116,117,118,119,120,121,122,123,124,125,126,127,128,129,130,131,132,133,134,135,136,137,138,139,140,141,142,143,144,145,146,147,148,149,150,151,152,153,154,155,156,157,158,159,160,161,162,163,164,165,166,167,168,169,170,171,172,173,174,175,176,177,178,179,180,181,182,183,184,185,186,187,188,189,190,191,192,193,194,195,196,197,198,199,200,201,202,203,204,205,206,207,208,209,210,211,212,213,214,215,216,217,218,219,220,221,222,223,224,225,226,227,228,229,230,231,232,233,234,235,236,237,238,239,240,241,242,243,244,245,246,247,248,249,250,251,252,253,254,255
count,0,0,0,0,0,0,0,0,0,0,0,0,0,0,0,0,0,0,0,0,0,0,0,0,0,0,0,0,0,1,3,1,9,9,19,17,32,32,46,38,40,53,46,67,81,80,94,85,99,83,90,68,80,93,83,95,83,88,106,90,79,91,84,79,82,69,78,94,105,89,97,109,105,127,125,137,136,124,71,86,73,70,50,34,19,27,13,8,9,9,2,2,0,0,1,0,1,0,0,0,0,0,0,0,0,0,0,0,0,0,0,0,0,0,0,0,0,0,0,0,0,0,0,0,0,0,0,0,0,0,0,0,0,0,0,0,0,0,0,0,0,0,0,0,0,0,0,0,0,0,0,0,0,0,0,0,0,0,0,0,0,0,0,0,0,0,0,0,0,0,0,0,0,0,0,0,0,0,0,0,0,0,0,0,0,0,0,0,0,0,0,0,0,0,0,0,0,0,0,0,0,0,0,0,0,0,0,0,0,0,0,0,0,0,0,0,0,0,0,0,0,0,0,0,0,0,0,0,0,0,0,0,0,0,0,0,0,0,0,0,0,0,0,0,0,0,0,0,0,0,0,0,0,0,0,0
,,,,,,,,,,,,,,,,,,,,,,,,,,,,,,,,,,,,,,,,,,,,,,,,,,,,,,,,,,,,,,,,,,,,,,,,,,,,,,,,,,,,,,,,,,,,,,,,,,,,,,,,,,,,,,,,,,,,,,,,,,,,,,,,,,,,,,,,,,,,,,,,,,,,,,,,,,,,,,,,,,,,,,,,,,,,,,,,,,,,,,,,,,,,,,,,,,,,,,,,,,,,,,,,,,,,,,,,,,,,,,,,,,,,,,,,,,,,,,,,,,,,,,,,,,,,,,,,
16,,,,,,,,,,,,,,,,,,,,,,,,,,,,,,,,,,,,,,,,,,,,,,,,,,,,,,,,,,,,,,,,,,,,,,,,,,,,,,,,,,,,,,,,,,,,,,,,,,,,,,,,,,,,,,,,,,,,,,,,,,,,,,,,,,,,,,,,,,,,,,,,,,,,,,,,,,,,,,,,,,,,,,,,,,,,,,,,,,,,,,,,,,,,,,,,,,,,,,,,,,,,,,,,,,,,,,,,,,,,,,,,,,,,,,,,,,,,,,,,,,,,,,,,,,,,,,,,
,0,1,2,3,4,5,6,7,8,9,10,11,12,13,14,15,16,17,18,19,20,21,22,23,24,25,26,27,28,29,30,31,32,33,34,35,36,37,38,39,40,41,42,43,44,45,46,47,48,49,50,51,52,53,54,55,56,57,58,59,60,61,62,63,,,,,,,,,,,,,,,,,,,,,,,,,,,,,,,,,,,,,,,,,,,,,,,,,,,,,,,,,,,,,,,,,,,,,,,,,,,,,,,,,,,,,,,,,,,,,,,,,,,,,,,,,,,,,,,,,,,,,,,,,,,,,,,,,,,,,,,,,,,,,,,,,,,,,,,,,,,,,,,,,,,,,,,,,,,,,,,,,,,,,,,,,,,,,,,,
0,49,46,63,55,59,57,56,55,53,54,58,55,58,61,56,61,57,64,65,54,58,54,61,55,61,57,62,63,56,52,59,58,56,54,55,58,59,58,59,62,61,55,52,54,56,53,56,51,56,48,51,49,45,46,51,46,43,46,41,45,40,40,39,34,,,,,,,,,,,,,,,,,,,,,,,,,,,,,,,,,,,,,,,,,,,,,,,,,,,,,,,,,,,,,,,,,,,,,,,,,,,,,,,,,,,,,,,,,,,,,,,,,,,,,,,,,,,,,,,,,,,,,,,,,,,,,,,,,,,,,,,,,,,,,,,,,,,,,,,,,,,,,,,,,,,,,,,,,,,,,,,,,,,,,,,,,,,,,,,,
1,32,34,36,34,41,40,37,36,36,36,40,41,44,47,38,45,43,41,44,46,49,42,47,47,51,53,55,52,56,57,57,54,50,64,63,59,58,54,59,59,54,58,58,59,63,58,66,58,59,60,62,62,59,59,58,58,54,62,61,57,56,55,52,45,,,,,,,,,,,,,,,,,,,,,,,,,,,,,,,,,,,,,,,,,,,,,,,,,,,,,,,,,,,,,,,,,,,,,,,,,,,,,,,,,,,,,,,,,,,,,,,,,,,,,,,,,,,,,,,,,,,,,,,,,,,,,,,,,,,,,,,,,,,,,,,,,,,,,,,,,,,,,,,,,,,,,,,,,,,,,,,,,,,,,,,,,,,,,,,,
2,46,49,50,57,58,58,51,46,53,52,50,54,50,43,45,51,46,47,48,45,49,41,35,37,36,37,41,40,38,37,39,42,41,39,42,39,37,38,36,33,39,41,41,39,33,42,37,47,38,41,40,40,38,41,43,43,48,47,45,21,41,42,41,40,,,,,,,,,,,,,,,,,,,,,,,,,,,,,,,,,,,,,,,,,,,,,,,,,,,,,,,,,,,,,,,,,,,,,,,,,,,,,,,,,,,,,,,,,,,,,,,,,,,,,,,,,,,,,,,,,,,,,,,,,,,,,,,,,,,,,,,,,,,,,,,,,,,,,,,,,,,,,,,,,,,,,,,,,,,,,,,,,,,,,,,,,,,,,,,,
3,48,53,55,53,57,56,61,65,70,59,65,66,65,67,67,68,64,65,64,56,65,68,61,70,60,60,68,64,62,66,63,65,65,62,63,60,66,62,60,58,59,68,62,56,57,55,53,53,55,51,54,47,47,50,43,45,47,41,43,36,35,34,32,32,,,,,,,,,,,,,,,,,,,,,,,,,,,,,,,,,,,,,,,,,,,,,,,,,,,,,,,,,,,,,,,,,,,,,,,,,,,,,,,,,,,,,,,,,,,,,,,,,,,,,,,,,,,,,,,,,,,,,,,,,,,,,,,,,,,,,,,,,,,,,,,,,,,,,,,,,,,,,,,,,,,,,,,,,,,,,,,,,,,,,,,,,,,,,,,,
4,39,35,43,41,41,45,46,50,45,43,48,49,47,51,58,57,51,57,54,61,62,57,64,62,64,61,68,59,60,61,70,63,73,73,73,71,71,74,72,75,68,69,58,75,77,70,69,76,64,63,60,73,72,67,71,65,64,67,69,64,58,66,56,50,,,,,,,,,,,,,,,,,,,,,,,,,,,,,,,,,,,,,,,,,,,,,,,,,,,,,,,,,,,,,,,,,,,,,,,,,,,,,,,,,,,,,,,,,,,,,,,,,,,,,,,,,,,,,,,,,,,,,,,,,,,,,,,,,,,,,,,,,,,,,,,,,,,,,,,,,,,,,,,,,,,,,,,,,,,,,,,,,,,,,,,,,,,,,,,,
5,41,41,50,48,49,50,53,51,52,47,45,48,43,48,48,47,43,38,38,38,41,37,37,34,38,35,39,36,38,37,37,38,37,40,42,37,37,41,38,38,37,39,38,37,40,41,43,40,46,41,52,47,52,53,51,54,53,54,51,53,58,48,45,44,,,,,,,,,,,,,,,,,,,,,,,,,,,,,,,,,,,,,,,,,,,,,,,,,,,,,,,,,,,,,,,,,,,,,,,,,,,,,,,,,,,,,,,,,,,,,,,,,,,,,,,,,,,,,,,,,,,,,,,,,,,,,,,,,,,,,,,,,,,,,,,,,,,,,,,,,,,,,,,,,,,,,,,,,,,,,,,,,,,,,,,,,,,,,,,,
6,54,56,64,66,69,64,72,75,66,68,67,67,71,69,67,69,73,66,73,69,70,66,63,75,69,72,69,74,67,68,68,67,65,69,60,63,61,60,60,61,64,56,60,56,59,54,53,54,47,51,51,58,63,44,45,45,39,47,42,41,41,35,36,33,,,,,,,,,,,,,,,,,,,,,,,,,,,,,,,,,,,,,,,,,,,,,,,,,,,,,,,,,,,,,,,,,,,,,,,,,,,,,,,,,,,,,,,,,,,,,,,,,,,,,,,,,,,,,,,,,,,,,,,,,,,,,,,,,,,,,,,,,,,,,,,,,,,,,,,,,,,,,,,,,,,,,,,,,,,,,,,,,,,,,,,,,,,,,,,,
7,30,34,36,40,36,42,44,49,55,53,53,53,56,59,54,64,57,71,57,69,64,74,66,67,69,64,78,84,74,69,70,72,75,71,78,68,76,78,81,71,69,85,74,75,74,70,70,71,71,75,78,74,69,75,66,72,73,71,74,62,62,58,50,53,,,,,,,,,,,,,,,,,,,,,,,,,,,,,,,,,,,,,,,,,,,,,,,,,,,,,,,,,,,,,,,,,,,,,,,,,,,,,,,,,,,,,,,,,,,,,,,,,,,,,,,,,,,,,,,,,,,,,,,,,,,,,,,,,,,,,,,,,,,,,,,,,,,,,,,,,,,,,,,,,,,,,,,,,,,,,,,,,,,,,,,,,,,,,,,,
8,65,67,65,75,77,76,78,82,75,79,83,74,71,77,79,77,76,76,67,76,76,74,73,81,79,81,72,83,83,79,77,78,78,85,75,80,73,78,75,79,75,72,78,65,71,71,79,73,64,65,66,61,62,63,60,63,53,55,56,49,51,46,40,39,,,,,,,,,,,,,,,,,,,,,,,,,,,,,,,,,,,,,,,,,,,,,,,,,,,,,,,,,,,,,,,,,,,,,,,,,,,,,,,,,,,,,,,,,,,,,,,,,,,,,,,,,,,,,,,,,,,,,,,,,,,,,,,,,,,,,,,,,,,,,,,,,,,,,,,,,,,,,,,,,,,,,,,,,,,,,,,,,,,,,,,,,,,,,,,,
9,35,35,44,46,39,45,46,45,46,43,44,49,47,49,50,50,52,52,62,59,63,63,61,57,64,68,74,64,65,71,69,74,75,68,71,79,79,85,80,85,78,77,75,82,79,76,69,77,83,73,76,83,80,79,74,69,72,71,69,75,63,60,52,54,,,,,,,,,,,,,,,,,,,,,,,,,,,,,,,,,,,,,,,,,,,,,,,,,,,,,,,,,,,,,,,,,,,,,,,,,,,,,,,,,,,,,,,,,,,,,,,,,,,,,,,,,,,,,,,,,,,,,,,,,,,,,,,,,,,,,,,,,,,,,,,,,,,,,,,,,,,,,,,,,,,,,,,,,,,,,,,,,,,,,,,,,,,,,,,,
10,57,55,60,61,72,69,67,58,62,65,61,67,61,59,51,53,58,57,54,52,49,46,46,42,47,40,47,43,42,47,45,45,47,47,45,46,48,48,45,48,46,45,43,48,44,43,45,45,43,49,49,46,50,47,51,54,57,57,61,55,55,52,54,50,,,,,,,,,,,,,,,,,,,,,,,,,,,,,,,,,,,,,,,,,,,,,,,,,,,,,,,,,,,,,,,,,,,,,,,,,,,,,,,,,,,,,,,,,,,,,,,,,,,,,,,,,,,,,,,,,,,,,,,,,,,,,,,,,,,,,,,,,,,,,,,,,,,,,,,,,,,,,,,,,,,,,,,,,,,,,,,,,,,,,,,,,,,,,,,,
11,58,65,60,62,74,74,70,79,75,70,80,70,74,81,82,78,70,77,75,74,73,80,78,76,74,76,77,83,73,76,74,76,77,76,77,84,84,70,66,68,67,71,69,74,70,65,70,63,67,68,62,60,56,54,54,52,51,51,57,49,45,37,37,34,,,,,,,,,,,,,,,,,,,,,,,,,,,,,,,,,,,,,,,,,,,,,,,,,,,,,,,,,,,,,,,,,,,,,,,,,,,,,,,,,,,,,,,,,,,,,,,,,,,,,,,,,,,,,,,,,,,,,,,,,,,,,,,,,,,,,,,,,,,,,,,,,,,,,,,,,,,,,,,,,,,,,,,,,,,,,,,,,,,,,,,,,,,,,,,,
12,40,45,44,48,54,54,54,63,60,54,58,60,64,67,64,63,68,76,70,72,69,76,73,73,85,85,79,72,79,82,86,83,84,81,90,78,78,87,87,83,75,96,83,87,81,86,83,82,82,82,79,84,73,86,82,80,81,81,81,71,80,68,75,67,,,,,,,,,,,,,,,,,,,,,,,,,,,,,,,,,,,,,,,,,,,,,,,,,,,,,,,,,,,,,,,,,,,,,,,,,,,,,,,,,,,,,,,,,,,,,,,,,,,,,,,,,,,,,,,,,,,,,,,,,,,,,,,,,,,,,,,,,,,,,,,,,,,,,,,,,,,,,,,,,,,,,,,,,,,,,,,,,,,,,,,,,,,,,,,,
13,51,55,54,55,57,57,55,54,52,56,53,54,54,50,52,52,44,44,43,42,47,49,43,46,43,43,44,40,43,44,43,44,46,40,45,43,45,47,46,47,45,44,47,42,50,50,49,50,49,55,51,55,59,54,61,62,61,61,67,61,60,62,51,50,,,,,,,,,,,,,,,,,,,,,,,,,,,,,,,,,,,,,,,,,,,,,,,,,,,,,,,,,,,,,,,,,,,,,,,,,,,,,,,,,,,,,,,,,,,,,,,,,,,,,,,,,,,,,,,,,,,,,,,,,,,,,,,,,,,,,,,,,,,,,,,,,,,,,,,,,,,,,,,,,,,,,,,,,,,,,,,,,,,,,,,,,,,,,,,,
14,53,59,62,72,65,64,78,72,78,77,71,71,71,72,81,73,78,76,74,79,72,82,74,73,71,76,73,76,75,69,75,71,75,65,68,65,72,68,69,58,57,64,53,65,57,59,57,54,54,52,60,54,55,43,40,41,42,42,43,39,39,34,37,33,,,,,,,,,,,,,,,,,,,,,,,,,,,,,,,,,,,,,,,,,,,,,,,,,,,,,,,,,,,,,,,,,,,,,,,,,,,,,,,,,,,,,,,,,,,,,,,,,,,,,,,,,,,,,,,,,,,,,,,,,,,,,,,,,,,,,,,,,,,,,,,,,,,,,,,,,,,,,,,,,,,,,,,,,,,,,,,,,,,,,,,,,,,,,,,,
15,35,42,39,41,47,45,49,56,63,57,53,64,60,61,61,66,67,65,74,71,66,73,71,66,73,68,80,76,79,75,73,75,70,81,75,76,77,79,84,77,78,78,78,88,82,81,73,74,72,77,73,70,73,80,75,75,70,73,71,73,60,63,59,54,,,,,,,,,,,,,,,,,,,,,,,,,,,,,,,,,,,,,,,,,,,,,,,,,,,,,,,,,,,,,,,,,,,,,,,,,,,,,,,,,,,,,,,,,,,,,,,,,,,,,,,,,,,,,,,,,,,,,,,,,,,,,,,,,,,,,,,,,,,,,,,,,,,,,,,,,,,,,,,,,,,,,,,,,,,,,,,,,,,,,,,,,,,,,,,,
16,61,58,66,68,73,81,72,77,74,75,76,76,81,80,74,84,78,79,73,80,80,79,82,80,72,78,81,76,72,80,74,77,75,81,77,77,75,81,73,76,80,74,70,79,65,71,71,75,63,68,64,63,61,61,61,59,53,52,51,47,49,49,41,34,,,,,,,,,,,,,,,,,,,,,,,,,,,,,,,,,,,,,,,,,,,,,,,,,,,,,,,,,,,,,,,,,,,,,,,,,,,,,,,,,,,,,,,,,,,,,,,,,,,,,,,,,,,,,,,,,,,,,,,,,,,,,,,,,,,,,,,,,,,,,,,,,,,,,,,,,,,,,,,,,,,,,,,,,,,,,,,,,,,,,,,,,,,,,,,,
17,37,45,46,51,41,47,48,52,48,54,49,52,56,51,58,57,54,58,69,66,73,73,62,66,66,68,76,80,79,78,82,80,75,81,78,81,90,81,77,76,73,82,85,76,80,82,81,73,85,78,88,75,80,82,81,78,68,85,76,77,69,74,59,58,,,,,,,,,,,,,,,,,,,,,,,,,,,,,,,,,,,,,,,,,,,,,,,,,,,,,,,,,,,,,,,,,,,,,,,,,,,,,,,,,,,,,,,,,,,,,,,,,,,,,,,,,,,,,,,,,,,,,,,,,,,,,,,,,,,,,,,,,,,,,,,,,,,,,,,,,,,,,,,,,,,,,,,,,,,,,,,,,,,,,,,,,,,,,,,,
18,56,62,68,62,69,70,71,63,62,63,61,65,64,65,65,62,53,58,61,59,57,52,51,52,49,50,49,50,53,55,50,54,54,47,45,47,47,51,47,45,53,51,48,49,51,51,54,49,48,55,51,54,59,51,60,61,64,62,54,55,56,52,59,44,,,,,,,,,,,,,,,,,,,,,,,,,,,,,,,,,,,,,,,,,,,,,,,,,,,,,,,,,,,,,,,,,,,,,,,,,,,,,,,,,,,,,,,,,,,,,,,,,,,,,,,,,,,,,,,,,,,,,,,,,,,,,,,,,,,,,,,,,,,,,,,,,,,,,,,,,,,,,,,,,,,,,,,,,,,,,,,,,,,,,,,,,,,,,,,,
19,64,75,72,81,79,83,78,83,75,86,85,75,77,89,88,78,83,82,89,80,89,84,86,87,76,79,73,78,83,80,88,77,81,80,84,77,79,76,72,78,88,78,82,80,74,70,76,77,69,69,69,70,69,69,60,68,75,65,63,54,56,51,42,43,,,,,,,,,,,,,,,,,,,,,,,,,,,,,,,,,,,,,,,,,,,,,,,,,,,,,,,,,,,,,,,,,,,,,,,,,,,,,,,,,,,,,,,,,,,,,,,,,,,,,,,,,,,,,,,,,,,,,,,,,,,,,,,,,,,,,,,,,,,,,,,,,,,,,,,,,,,,,,,,,,,,,,,,,,,,,,,,,,,,,,,,,,,,,,,,
20,35,36,40,37,41,41,49,51,44,53,53,54,56,60,61,61,61,56,63,60,63,67,72,72,72,67,68,74,73,70,72,78,72,76,73,73,68,73,74,83,76,84,78,79,83,76,71,78,79,77,80,78,66,82,79,70,69,73,70,74,64,64,58,54,,,,,,,,,,,,,,,,,,,,,,,,,,,,,,,,,,,,,,,,,,,,,,,,,,,,,,,,,,,,,,,,,,,,,,,,,,,,,,,,,,,,,,,,,,,,,,,,,,,,,,,,,,,,,,,,,,,,,,,,,,,,,,,,,,,,,,,,,,,,,,,,,,,,,,,,,,,,,,,,,,,,,,,,,,,,,,,,,,,,,,,,,,,,,,,,
21,51,51,52,60,57,63,57,59,55,51,55,58,58,58,59,58,46,47,48,48,44,47,44,46,48,41,45,44,44,45,46,45,47,45,49,47,48,50,45,40,46,44,40,43,49,46,46,50,47,48,53,63,59,59,59,60,66,58,56,60,68,63,56,49,,,,,,,,,,,,,,,,,,,,,,,,,,,,,,,,,,,,,,,,,,,,,,,,,,,,,,,,,,,,,,,,,,,,,,,,,,,,,,,,,,,,,,,,,,,,,,,,,,,,,,,,,,,,,,,,,,,,,,,,,,,,,,,,,,,,,,,,,,,,,,,,,,,,,,,,,,,,,,,,,,,,,,,,,,,,,,,,,,,,,,,,,,,,,,,,
22,56,60,66,72,72,72,73,72,77,74,82,78,77,80,71,77,76,78,71,75,81,86,79,73,81,79,74,78,74,85,83,78,71,71,77,76,72,72,68,67,64,65,61,63,63,59,63,53,57,59,56,60,55,47,45,48,45,40,42,50,38,39,36,34,,,,,,,,,,,,,,,,,,,,,,,,,,,,,,,,,,,,,,,,,,,,,,,,,,,,,,,,,,,,,,,,,,,,,,,,,,,,,,,,,,,,,,,,,,,,,,,,,,,,,,,,,,,,,,,,,,,,,,,,,,,,,,,,,,,,,,,,,,,,,,,,,,,,,,,,,,,,,,,,,,,,,,,,,,,,,,,,,,,,,,,,,,,,,,,,
23,32,38,40,41,45,50,49,52,56,56,57,56,52,62,66,67,65,65,67,69,79,73,75,72,75,75,82,85,87,83,74,79,73,76,75,73,88,82,84,71,76,82,82,83,74,81,75,81,74,77,75,75,81,79,84,80,76,76,71,70,64,57,58,53,,,,,,,,,,,,,,,,,,,,,,,,,,,,,,,,,,,,,,,,,,,,,,,,,,,,,,,,,,,,,,,,,,,,,,,,,,,,,,,,,,,,,,,,,,,,,,,,,,,,,,,,,,,,,,,,,,,,,,,,,,,,,,,,,,,,,,,,,,,,,,,,,,,,,,,,,,,,,,,,,,,,,,,,,,,,,,,,,,,,,,,,,,,,,,,,
24,65,62,74,69,72,73,78,76,71,74,76,76,73,82,76,80,76,73,78,76,83,76,76,77,79,84,82,73,74,75,73,83,76,77,72,75,66,77,74,81,66,84,74,69,63,66,80,73,68,68,69,66,74,65,63,61,60,58,55,56,54,56,50,45,,,,,,,,,,,,,,,,,,,,,,,,,,,,,,,,,,,,,,,,,,,,,,,,,,,,,,,,,,,,,,,,,,,,,,,,,,,,,,,,,,,,,,,,,,,,,,,,,,,,,,,,,,,,,,,,,,,,,,,,,,,,,,,,,,,,,,,,,,,,,,,,,,,,,,,,,,,,,,,,,,,,,,,,,,,,,,,,,,,,,,,,,,,,,,,,
25,36,38,34,44,38,42,45,43,40,47,42,43,46,45,50,53,51,52,55,57,57,60,59,59,66,65,64,67,64,73,72,73,66,72,71,70,78,74,78,72,73,72,79,85,73,62,84,77,80,69,74,78,74,70,73,72,78,80,67,73,62,57,57,56,,,,,,,,,,,,,,,,,,,,,,,,,,,,,,,,,,,,,,,,,,,,,,,,,,,,,,,,,,,,,,,,,,,,,,,,,,,,,,,,,,,,,,,,,,,,,,,,,,,,,,,,,,,,,,,,,,,,,,,,,,,,,,,,,,,,,,,,,,,,,,,,,,,,,,,,,,,,,,,,,,,,,,,,,,,,,,,,,,,,,,,,,,,,,,,,
26,56,59,65,67,66,61,62,61,61,62,63,60,63,54,66,47,60,56,60,56,50,50,48,49,48,52,47,47,48,41,44,45,47,46,42,45,50,44,44,42,49,47,50,45,46,48,50,49,50,48,45,55,51,57,51,54,48,55,58,52,56,54,52,50,,,,,,,,,,,,,,,,,,,,,,,,,,,,,,,,,,,,,,,,,,,,,,,,,,,,,,,,,,,,,,,,,,,,,,,,,,,,,,,,,,,,,,,,,,,,,,,,,,,,,,,,,,,,,,,,,,,,,,,,,,,,,,,,,,,,,,,,,,,,,,,,,,,,,,,,,,,,,,,,,,,,,,,,,,,,,,,,,,,,,,,,,,,,,,,,
27,48,57,63,62,66,70,68,78,76,83,75,78,77,73,70,74,74,74,69,74,78,69,72,66,72,79,73,67,70,75,72,72,73,70,83,80,83,71,70,71,72,67,69,67,63,57,63,62,62,66,62,55,55,53,57,51,52,53,46,47,45,39,36,36,,,,,,,,,,,,,,,,,,,,,,,,,,,,,,,,,,,,,,,,,,,,,,,,,,,,,,,,,,,,,,,,,,,,,,,,,,,,,,,,,,,,,,,,,,,,,,,,,,,,,,,,,,,,,,,,,,,,,,,,,,,,,,,,,,,,,,,,,,,,,,,,,,,,,,,,,,,,,,,,,,,,,,,,,,,,,,,,,,,,,,,,,,,,,,,,
28,37,42,38,44,44,44,45,48,49,45,45,51,55,51,62,63,55,61,62,64,63,71,68,65,70,67,68,66,66,73,68,77,72,75,75,73,72,75,75,80,77,71,76,72,72,76,84,75,72,70,71,75,72,75,75,75,77,71,68,71,68,63,54,53,,,,,,,,,,,,,,,,,,,,,,,,,,,,,,,,,,,,,,,,,,,,,,,,,,,,,,,,,,,,,,,,,,,,,,,,,,,,,,,,,,,,,,,,,,,,,,,,,,,,,,,,,,,,,,,,,,,,,,,,,,,,,,,,,,,,,,,,,,,,,,,,,,,,,,,,,,,,,,,,,,,,,,,,,,,,,,,,,,,,,,,,,,,,,,,,
29,47,50,52,55,58,59,52,57,56,58,52,57,53,57,49,47,45,43,48,42,46,42,41,41,45,37,43,47,44,44,47,45,43,40,47,44,48,48,44,46,46,42,43,42,49,48,53,54,54,51,49,53,57,59,58,57,54,57,59,55,61,53,56,50,,,,,,,,,,,,,,,,,,,,,,,,,,,,,,,,,,,,,,,,,,,,,,,,,,,,,,,,,,,,,,,,,,,,,,,,,,,,,,,,,,,,,,,,,,,,,,,,,,,,,,,,,,,,,,,,,,,,,,,,,,,,,,,,,,,,,,,,,,,,,,,,,,,,,,,,,,,,,,,,,,,,,,,,,,,,,,,,,,,,,,,,,,,,,,,,
30,53,59,67,68,71,66,71,72,79,69,76,75,71,73,80,71,76,72,79,71,76,73,84,76,78,82,81,83,80,77,73,77,71,72,68,65,66,72,69,59,61,60,63,64,64,58,55,55,54,56,57,51,55,47,52,40,41,39,42,40,38,38,39,36,,,,,,,,,,,,,,,,,,,,,,,,,,,,,,,,,,,,,,,,,,,,,,,,,,,,,,,,,,,,,,,,,,,,,,,,,,,,,,,,,,,,,,,,,,,,,,,,,,,,,,,,,,,,,,,,,,,,,,,,,,,,,,,,,,,,,,,,,,,,,,,,,,,,,,,,,,,,,,,,,,,,,,,,,,,,,,,,,,,,,,,,,,,,,,,,
31,36,38,39,45,45,43,52,54,52,61,57,61,56,63,64,66,62,70,72,71,75,73,68,72,72,74,73,77,76,78,83,79,79,83,76,76,85,68,74,77,77,76,72,71,75,77,82,82,77,74,76,78,67,78,69,72,68,81,68,63,66,61,57,57,,,,,,,,,,,,,,,,,,,,,,,,,,,,,,,,,,,,,,,,,,,,,,,,,,,,,,,,,,,,,,,,,,,,,,,,,,,,,,,,,,,,,,,,,,,,,,,,,,,,,,,,,,,,,,,,,,,,,,,,,,,,,,,,,,,,,,,,,,,,,,,,,,,,,,,,,,,,,,,,,,,,,,,,,,,,,,,,,,,,,,,,,,,,,,,,
32,68,62,71,72,70,75,78,84,84,80,85,78,73,86,78,71,75,73,81,78,90,73,88,84,77,78,74,70,77,81,79,78,86,79,77,82,81,75,76,75,77,76,77,82,74,75,72,70,70,67,65,66,59,69,68,60,64,61,59,58,49,51,46,44,,,,,,,,,,,,,,,,,,,,,,,,,,,,,,,,,,,,,,,,,,,,,,,,,,,,,,,,,,,,,,,,,,,,,,,,,,,,,,,,,,,,,,,,,,,,,,,,,,,,,,,,,,,,,,,,,,,,,,,,,,,,,,,,,,,,,,,,,,,,,,,,,,,,,,,,,,,,,,,,,,,,,,,,,,,,,,,,,,,,,,,,,,,,,,,,
33,33,36,43,43,43,41,47,48,44,45,48,48,49,55,53,53,50,52,52,62,65,62,54,61,65,69,71,68,75,77,74,66,73,68,74,72,79,81,76,85,76,78,75,81,76,81,73,76,79,79,77,76,86,73,77,72,77,75,72,74,63,66,58,55,,,,,,,,,,,,,,,,,,,,,,,,,,,,,,,,,,,,,,,,,,,,,,,,,,,,,,,,,,,,,,,,,,,,,,,,,,,,,,,,,,,,,,,,,,,,,,,,,,,,,,,,,,,,,,,,,,,,,,,,,,,,,,,,,,,,,,,,,,,,,,,,,,,,,,,,,,,,,,,,,,,,,,,,,,,,,,,,,,,,,,,,,,,,,,,,
34,59,53,65,64,67,67,68,63,63,63,66,66,63,66,62,60,63,58,61,63,55,45,48,52,47,49,46,51,52,50,52,48,48,49,46,51,47,51,54,46,51,51,56,53,49,57,55,52,48,55,51,50,51,54,55,53,62,59,56,59,61,54,51,57,,,,,,,,,,,,,,,,,,,,,,,,,,,,,,,,,,,,,,,,,,,,,,,,,,,,,,,,,,,,,,,,,,,,,,,,,,,,,,,,,,,,,,,,,,,,,,,,,,,,,,,,,,,,,,,,,,,,,,,,,,,,,,,,,,,,,,,,,,,,,,,,,,,,,,,,,,,,,,,,,,,,,,,,,,,,,,,,,,,,,,,,,,,,,,,,
35,61,60,64,65,67,76,77,76,70,82,83,71,73,78,72,80,82,69,80,82,76,73,74,75,80,78,78,82,73,82,86,86,73,79,86,77,78,75,73,66,68,70,75,69,63,65,63,60,55,61,60,61,60,58,58,54,50,57,49,46,40,42,39,37,,,,,,,,,,,,,,,,,,,,,,,,,,,,,,,,,,,,,,,,,,,,,,,,,,,,,,,,,,,,,,,,,,,,,,,,,,,,,,,,,,,,,,,,,,,,,,,,,,,,,,,,,,,,,,,,,,,,,,,,,,,,,,,,,,,,,,,,,,,,,,,,,,,,,,,,,,,,,,,,,,,,,,,,,,,,,,,,,,,,,,,,,,,,,,,,
36,36,41,41,43,48,47,49,50,48,46,51,52,52,61,59,63,57,67,64,68,69,66,73,68,79,66,74,67,75,71,81,73,76,79,78,81,75,79,76,78,83,80,82,82,75,82,74,84,73,75,71,84,77,77,75,70,79,75,73,67,64,60,55,55,,,,,,,,,,,,,,,,,,,,,,,,,,,,,,,,,,,,,,,,,,,,,,,,,,,,,,,,,,,,,,,,,,,,,,,,,,,,,,,,,,,,,,,,,,,,,,,,,,,,,,,,,,,,,,,,,,,,,,,,,,,,,,,,,,,,,,,,,,,,,,,,,,,,,,,,,,,,,,,,,,,,,,,,,,,,,,,,,,,,,,,,,,,,,,,,
37,56,59,55,59,64,62,63,58,59,63,55,58,56,62,64,48,49,46,50,49,51,48,46,51,51,48,49,54,46,47,50,48,49,45,49,47,49,49,48,50,48,47,49,49,51,56,47,55,56,54,57,59,62,58,67,62,64,56,67,59,64,59,53,54,,,,,,,,,,,,,,,,,,,,,,,,,,,,,,,,,,,,,,,,,,,,,,,,,,,,,,,,,,,,,,,,,,,,,,,,,,,,,,,,,,,,,,,,,,,,,,,,,,,,,,,,,,,,,,,,,,,,,,,,,,,,,,,,,,,,,,,,,,,,,,,,,,,,,,,,,,,,,,,,,,,,,,,,,,,,,,,,,,,,,,,,,,,,,,,,
38,53,59,63,66,68,72,67,79,75,82,85,79,77,74,72,78,81,80,74,82,75,84,82,84,75,78,78,81,81,73,76,80,74,72,70,73,73,70,69,67,63,64,58,65,69,60,57,59,57,50,60,54,54,50,46,40,43,43,40,36,40,40,38,37,,,,,,,,,,,,,,,,,,,,,,,,,,,,,,,,,,,,,,,,,,,,,,,,,,,,,,,,,,,,,,,,,,,,,,,,,,,,,,,,,,,,,,,,,,,,,,,,,,,,,,,,,,,,,,,,,,,,,,,,,,,,,,,,,,,,,,,,,,,,,,,,,,,,,,,,,,,,,,,,,,,,,,,,,,,,,,,,,,,,,,,,,,,,,,,,
39,38,42,47,49,46,51,49,57,58,58,59,64,57,65,62,72,66,73,75,66,71,74,78,71,81,79,82,82,80,80,82,81,77,79,83,77,78,82,85,78,83,70,79,87,81,73,77,77,85,72,76,68,77,78,77,70,75,71,75,72,66,70,60,56,,,,,,,,,,,,,,,,,,,,,,,,,,,,,,,,,,,,,,,,,,,,,,,,,,,,,,,,,,,,,,,,,,,,,,,,,,,,,,,,,,,,,,,,,,,,,,,,,,,,,,,,,,,,,,,,,,,,,,,,,,,,,,,,,,,,,,,,,,,,,,,,,,,,,,,,,,,,,,,,,,,,,,,,,,,,,,,,,,,,,,,,,,,,,,,,
40,65,67,67,67,72,75,69,78,71,78,76,80,74,73,72,77,80,79,78,78,72,78,74,75,77,83,69,82,80,80,75,80,69,78,77,78,78,71,72,77,74,70,66,73,74,69,70,74,66,66,66,65,61,64,62,57,61,48,53,54,54,49,46,45,,,,,,,,,,,,,,,,,,,,,,,,,,,,,,,,,,,,,,,,,,,,,,,,,,,,,,,,,,,,,,,,,,,,,,,,,,,,,,,,,,,,,,,,,,,,,,,,,,,,,,,,,,,,,,,,,,,,,,,,,,,,,,,,,,,,,,,,,,,,,,,,,,,,,,,,,,,,,,,,,,,,,,,,,,,,,,,,,,,,,,,,,,,,,,,,
41,32,32,40,37,40,40,43,47,44,43,45,45,46,48,50,48,55,49,57,51,58,60,58,62,60,66,65,63,68,70,71,67,74,71,71,69,77,82,83,77,72,81,83,78,78,77,79,74,78,73,74,73,71,83,83,77,81,72,75,72,65,58,57,49,,,,,,,,,,,,,,,,,,,,,,,,,,,,,,,,,,,,,,,,,,,,,,,,,,,,,,,,,,,,,,,,,,,,,,,,,,,,,,,,,,,,,,,,,,,,,,,,,,,,,,,,,,,,,,,,,,,,,,,,,,,,,,,,,,,,,,,,,,,,,,,,,,,,,,,,,,,,,,,,,,,,,,,,,,,,,,,,,,,,,,,,,,,,,,,,
42,50,55,67,67,65,69,69,67,72,65,66,62,62,62,54,64,60,57,58,63,56,45,46,47,48,59,46,47,51,55,45,50,47,50,53,49,53,55,50,52,47,54,44,49,46,51,47,52,50,50,53,52,53,56,51,58,60,59,63,55,54,57,54,55,,,,,,,,,,,,,,,,,,,,,,,,,,,,,,,,,,,,,,,,,,,,,,,,,,,,,,,,,,,,,,,,,,,,,,,,,,,,,,,,,,,,,,,,,,,,,,,,,,,,,,,,,,,,,,,,,,,,,,,,,,,,,,,,,,,,,,,,,,,,,,,,,,,,,,,,,,,,,,,,,,,,,,,,,,,,,,,,,,,,,,,,,,,,,,,,
43,58,65,68,69,67,69,81,80,78,74,70,78,81,76,73,83,78,78,74,77,79,83,76,76,78,82,80,84,75,77,77,79,75,72,85,81,79,74,80,69,74,74,66,64,64,66,69,65,63,61,63,55,59,62,57,60,55,56,52,43,42,42,39,35,,,,,,,,,,,,,,,,,,,,,,,,,,,,,,,,,,,,,,,,,,,,,,,,,,,,,,,,,,,,,,,,,,,,,,,,,,,,,,,,,,,,,,,,,,,,,,,,,,,,,,,,,,,,,,,,,,,,,,,,,,,,,,,,,,,,,,,,,,,,,,,,,,,,,,,,,,,,,,,,,,,,,,,,,,,,,,,,,,,,,,,,,,,,,,,,
44,34,33,39,38,38,37,45,46,42,47,49,49,53,53,60,64,57,56,56,62,67,67,70,70,68,65,76,71,70,73,74,78,91,77,71,69,78,81,75,80,80,82,80,84,76,73,73,75,81,77,78,81,77,72,73,75,78,80,70,73,66,58,56,52,,,,,,,,,,,,,,,,,,,,,,,,,,,,,,,,,,,,,,,,,,,,,,,,,,,,,,,,,,,,,,,,,,,,,,,,,,,,,,,,,,,,,,,,,,,,,,,,,,,,,,,,,,,,,,,,,,,,,,,,,,,,,,,,,,,,,,,,,,,,,,,,,,,,,,,,,,,,,,,,,,,,,,,,,,,,,,,,,,,,,,,,,,,,,,,,
45,51,53,57,53,58,59,65,59,58,53,54,56,53,58,58,48,48,43,49,43,48,47,42,44,48,41,50,50,42,44,43,45,44,45,42,44,46,48,45,46,44,44,44,41,48,48,46,49,47,53,57,55,56,56,59,62,62,61,58,50,60,62,51,50,,,,,,,,,,,,,,,,,,,,,,,,,,,,,,,,,,,,,,,,,,,,,,,,,,,,,,,,,,,,,,,,,,,,,,,,,,,,,,,,,,,,,,,,,,,,,,,,,,,,,,,,,,,,,,,,,,,,,,,,,,,,,,,,,,,,,,,,,,,,,,,,,,,,,,,,,,,,,,,,,,,,,,,,,,,,,,,,,,,,,,,,,,,,,,,,
46,63,62,64,71,76,76,76,75,75,72,74,74,77,76,79,73,77,75,77,78,80,81,78,75,79,74,81,82,74,77,85,69,72,74,69,73,72,72,79,66,66,69,63,60,68,60,62,64,60,58,59,65,61,54,44,46,52,58,49,48,47,38,41,38,,,,,,,,,,,,,,,,,,,,,,,,,,,,,,,,,,,,,,,,,,,,,,,,,,,,,,,,,,,,,,,,,,,,,,,,,,,,,,,,,,,,,,,,,,,,,,,,,,,,,,,,,,,,,,,,,,,,,,,,,,,,,,,,,,,,,,,,,,,,,,,,,,,,,,,,,,,,,,,,,,,,,,,,,,,,,,,,,,,,,,,,,,,,,,,,
47,39,48,48,55,52,52,54,61,60,59,66,66,65,65,66,68,69,74,69,71,71,65,71,76,82,74,79,74,77,75,80,76,74,81,83,83,86,77,76,73,82,81,77,77,76,78,86,79,84,77,76,75,77,85,79,82,76,70,79,72,68,68,63,61,,,,,,,,,,,,,,,,,,,,,,,,,,,,,,,,,,,,,,,,,,,,,,,,,,,,,,,,,,,,,,,,,,,,,,,,,,,,,,,,,,,,,,,,,,,,,,,,,,,,,,,,,,,,,,,,,,,,,,,,,,,,,,,,,,,,,,,,,,,,,,,,,,,,,,,,,,,,,,,,,,,,,,,,,,,,,,,,,,,,,,,,,,,,,,,,
48,65,72,67,69,75,72,77,69,77,79,81,78,79,73,80,74,73,74,83,74,81,76,81,81,80,72,82,78,89,85,80,77,81,89,92,85,76,71,79,82,77,80,69,69,73,79,75,79,70,75,75,72,67,66,69,67,68,55,57,55,57,57,50,47,,,,,,,,,,,,,,,,,,,,,,,,,,,,,,,,,,,,,,,,,,,,,,,,,,,,,,,,,,,,,,,,,,,,,,,,,,,,,,,,,,,,,,,,,,,,,,,,,,,,,,,,,,,,,,,,,,,,,,,,,,,,,,,,,,,,,,,,,,,,,,,,,,,,,,,,,,,,,,,,,,,,,,,,,,,,,,,,,,,,,,,,,,,,,,,,
49,38,39,42,43,41,43,46,50,52,54,44,45,51,50,51,46,51,52,61,64,66,58,59,64,63,71,70,71,74,68,78,75,73,75,82,75,84,79,75,78,79,80,74,79,76,82,78,73,79,76,79,71,73,82,72,72,74,75,71,68,63,64,64,58,,,,,,,,,,,,,,,,,,,,,,,,,,,,,,,,,,,,,,,,,,,,,,,,,,,,,,,,,,,,,,,,,,,,,,,,,,,,,,,,,,,,,,,,,,,,,,,,,,,,,,,,,,,,,,,,,,,,,,,,,,,,,,,,,,,,,,,,,,,,,,,,,,,,,,,,,,,,,,,,,,,,,,,,,,,,,,,,,,,,,,,,,,,,,,,,
50,51,58,55,64,69,59,65,69,61,58,58,61,55,55,54,58,58,50,57,53,52,47,46,45,45,46,45,43,48,43,44,47,44,43,44,46,45,46,43,47,50,48,46,43,48,44,48,45,45,49,46,48,53,50,51,55,56,52,57,56,53,52,54,45,,,,,,,,,,,,,,,,,,,,,,,,,,,,,,,,,,,,,,,,,,,,,,,,,,,,,,,,,,,,,,,,,,,,,,,,,,,,,,,,,,,,,,,,,,,,,,,,,,,,,,,,,,,,,,,,,,,,,,,,,,,,,,,,,,,,,,,,,,,,,,,,,,,,,,,,,,,,,,,,,,,,,,,,,,,,,,,,,,,,,,,,,,,,,,,,
51,59,58,65,69,67,71,70,70,73,69,74,79,79,79,75,80,79,70,79,84,79,77,72,78,72,70,76,69,77,71,76,70,74,76,69,74,66,77,75,68,71,77,72,66,65,63,63,68,70,66,61,59,53,48,55,54,63,55,49,46,41,44,42,35,,,,,,,,,,,,,,,,,,,,,,,,,,,,,,,,,,,,,,,,,,,,,,,,,,,,,,,,,,,,,,,,,,,,,,,,,,,,,,,,,,,,,,,,,,,,,,,,,,,,,,,,,,,,,,,,,,,,,,,,,,,,,,,,,,,,,,,,,,,,,,,,,,,,,,,,,,,,,,,,,,,,,,,,,,,,,,,,,,,,,,,,,,,,,,,,
52,33,37,41,38,42,41,46,46,44,50,49,50,47,56,51,55,58,57,59,58,68,63,68,67,65,67,75,69,68,80,74,75,71,72,76,72,79,76,63,71,77,81,74,73,78,76,73,80,65,68,72,71,73,76,76,73,67,68,74,70,67,53,56,51,,,,,,,,,,,,,,,,,,,,,,,,,,,,,,,,,,,,,,,,,,,,,,,,,,,,,,,,,,,,,,,,,,,,,,,,,,,,,,,,,,,,,,,,,,,,,,,,,,,,,,,,,,,,,,,,,,,,,,,,,,,,,,,,,,,,,,,,,,,,,,,,,,,,,,,,,,,,,,,,,,,,,,,,,,,,,,,,,,,,,,,,,,,,,,,,
53,51,54,60,55,68,63,63,59,61,62,57,64,64,55,59,54,49,42,53,47,53,49,53,47,50,45,51,46,50,53,51,49,52,50,47,50,54,43,52,53,51,52,54,49,56,51,51,52,56,58,59,61,63,62,61,66,61,62,71,66,61,60,64,54,,,,,,,,,,,,,,,,,,,,,,,,,,,,,,,,,,,,,,,,,,,,,,,,,,,,,,,,,,,,,,,,,,,,,,,,,,,,,,,,,,,,,,,,,,,,,,,,,,,,,,,,,,,,,,,,,,,,,,,,,,,,,,,,,,,,,,,,,,,,,,,,,,,,,,,,,,,,,,,,,,,,,,,,,,,,,,,,,,,,,,,,,,,,,,,,
54,58,58,63,68,66,69,71,68,77,75,72,74,75,69,69,72,68,74,84,76,71,72,78,75,74,65,71,75,66,77,74,83,68,74,74,63,67,64,63,66,62,64,60,63,58,56,55,55,55,59,56,54,54,44,45,37,43,42,45,43,46,40,41,32,,,,,,,,,,,,,,,,,,,,,,,,,,,,,,,,,,,,,,,,,,,,,,,,,,,,,,,,,,,,,,,,,,,,,,,,,,,,,,,,,,,,,,,,,,,,,,,,,,,,,,,,,,,,,,,,,,,,,,,,,,,,,,,,,,,,,,,,,,,,,,,,,,,,,,,,,,,,,,,,,,,,,,,,,,,,,,,,,,,,,,,,,,,,,,,,
55,42,49,44,52,55,53,57,59,60,61,66,61,63,67,63,70,73,75,71,69,71,67,74,70,71,77,76,72,83,83,80,75,79,78,88,75,78,88,82,74,74,81,77,76,73,76,78,73,73,73,82,78,77,75,78,69,72,76,83,74,67,62,59,64,,,,,,,,,,,,,,,,,,,,,,,,,,,,,,,,,,,,,,,,,,,,,,,,,,,,,,,,,,,,,,,,,,,,,,,,,,,,,,,,,,,,,,,,,,,,,,,,,,,,,,,,,,,,,,,,,,,,,,,,,,,,,,,,,,,,,,,,,,,,,,,,,,,,,,,,,,,,,,,,,,,,,,,,,,,,,,,,,,,,,,,,,,,,,,,,
56,49,59,63,63,67,70,72,66,74,64,74,78,70,72,72,71,73,76,66,71,77,66,73,71,73,68,77,75,72,68,70,74,69,80,70,77,67,72,67,66,70,73,68,63,63,61,63,66,58,64,58,58,56,57,55,55,46,50,52,45,42,44,39,36,,,,,,,,,,,,,,,,,,,,,,,,,,,,,,,,,,,,,,,,,,,,,,,,,,,,,,,,,,,,,,,,,,,,,,,,,,,,,,,,,,,,,,,,,,,,,,,,,,,,,,,,,,,,,,,,,,,,,,,,,,,,,,,,,,,,,,,,,,,,,,,,,,,,,,,,,,,,,,,,,,,,,,,,,,,,,,,,,,,,,,,,,,,,,,,,
57,35,38,38,49,41,44,46,46,43,50,46,51,48,49,48,49,45,51,53,59,55,60,59,63,66,66,63,70,66,72,68,65,71,67,71,73,73,76,73,78,76,70,68,73,69,75,72,78,73,80,80,76,74,75,73,67,74,72,64,73,64,62,59,54,,,,,,,,,,,,,,,,,,,,,,,,,,,,,,,,,,,,,,,,,,,,,,,,,,,,,,,,,,,,,,,,,,,,,,,,,,,,,,,,,,,,,,,,,,,,,,,,,,,,,,,,,,,,,,,,,,,,,,,,,,,,,,,,,,,,,,,,,,,,,,,,,,,,,,,,,,,,,,,,,,,,,,,,,,,,,,,,,,,,,,,,,,,,,,,,
58,52,51,58,63,54,60,60,59,58,57,54,56,52,50,50,51,54,47,54,52,48,41,39,42,42,38,42,44,42,39,43,39,44,42,44,40,47,46,43,41,41,42,44,42,47,41,43,39,41,45,46,47,45,51,48,49,55,56,53,48,49,46,47,46,,,,,,,,,,,,,,,,,,,,,,,,,,,,,,,,,,,,,,,,,,,,,,,,,,,,,,,,,,,,,,,,,,,,,,,,,,,,,,,,,,,,,,,,,,,,,,,,,,,,,,,,,,,,,,,,,,,,,,,,,,,,,,,,,,,,,,,,,,,,,,,,,,,,,,,,,,,,,,,,,,,,,,,,,,,,,,,,,,,,,,,,,,,,,,,,
59,51,51,61,59,65,66,67,67,69,65,64,72,70,68,70,66,71,67,65,74,66,73,74,67,75,66,68,65,68,67,69,70,70,65,69,67,63,69,71,64,68,64,61,64,58,59,58,57,61,56,55,51,50,52,48,51,46,52,46,37,37,38,34,33,,,,,,,,,,,,,,,,,,,,,,,,,,,,,,,,,,,,,,,,,,,,,,,,,,,,,,,,,,,,,,,,,,,,,,,,,,,,,,,,,,,,,,,,,,,,,,,,,,,,,,,,,,,,,,,,,,,,,,,,,,,,,,,,,,,,,,,,,,,,,,,,,,,,,,,,,,,,,,,,,,,,,,,,,,,,,,,,,,,,,,,,,,,,,,,,
60,34,33,37,41,37,40,42,45,42,44,47,45,49,52,54,54,59,55,55,57,60,64,64,60,61,67,64,61,59,69,72,73,67,70,75,65,70,67,67,66,68,68,68,66,72,74,67,75,75,70,66,69,63,69,65,63,69,67,64,59,64,53,52,47,,,,,,,,,,,,,,,,,,,,,,,,,,,,,,,,,,,,,,,,,,,,,,,,,,,,,,,,,,,,,,,,,,,,,,,,,,,,,,,,,,,,,,,,,,,,,,,,,,,,,,,,,,,,,,,,,,,,,,,,,,,,,,,,,,,,,,,,,,,,,,,,,,,,,,,,,,,,,,,,,,,,,,,,,,,,,,,,,,,,,,,,,,,,,,,,
61,38,41,44,43,48,50,43,47,44,45,42,41,46,44,46,37,38,35,35,35,34,35,35,37,37,37,35,36,36,35,37,37,34,36,36,36,37,37,33,34,40,33,35,35,38,35,42,44,39,40,41,44,45,48,49,47,48,50,50,52,52,47,42,38,,,,,,,,,,,,,,,,,,,,,,,,,,,,,,,,,,,,,,,,,,,,,,,,,,,,,,,,,,,,,,,,,,,,,,,,,,,,,,,,,,,,,,,,,,,,,,,,,,,,,,,,,,,,,,,,,,,,,,,,,,,,,,,,,,,,,,,,,,,,,,,,,,,,,,,,,,,,,,,,,,,,,,,,,,,,,,,,,,,,,,,,,,,,,,,,
62,50,51,54,58,58,57,63,60,61,56,63,61,67,62,51,61,60,57,56,63,59,64,56,59,56,57,62,57,69,65,61,57,60,54,56,59,59,58,52,49,50,50,54,42,53,49,54,43,44,46,48,44,47,38,38,37,38,42,38,37,35,38,34,32,,,,,,,,,,,,,,,,,,,,,,,,,,,,,,,,,,,,,,,,,,,,,,,,,,,,,,,,,,,,,,,,,,,,,,,,,,,,,,,,,,,,,,,,,,,,,,,,,,,,,,,,,,,,,,,,,,,,,,,,,,,,,,,,,,,,,,,,,,,,,,,,,,,,,,,,,,,,,,,,,,,,,,,,,,,,,,,,,,,,,,,,,,,,,,,,
63,35,38,39,41,46,46,49,45,44,47,49,54,55,55,50,51,54,56,53,60,64,63,59,56,61,63,63,62,59,60,61,62,59,65,58,66,60,64,72,62,61,68,65,61,69,66,60,67,63,68,63,59,53,66,58,60,57,61,56,61,60,56,56,48,,,,,,,,,,,,,,,,,,,,,,,,,,,,,,,,,,,,,,,,,,,,,,,,,,,,,,,,,,,,,,,,,,,,,,,,,,,,,,,,,,,,,,,,,,,,,,,,,,,,,,,,,,,,,,,,,,,,,,,,,,,,,,,,,,,,,,,,,,,,,,,,,,,,,,,,,,,,,,,,,,,,,,,,,,,,,,,,,,,,,,,,,,,,,,,,
,,,,,,,,,,,,,,,,,,,,,,,,,,,,,,,,,,,,,,,,,,,,,,,,,,,,,,,,,,,,,,,,,,,,,,,,,,,,,,,,,,,,,,,,,,,,,,,,,,,,,,,,,,,,,,,,,,,,,,,,,,,,,,,,,,,,,,,,,,,,,,,,,,,,,,,,,,,,,,,,,,,,,,,,,,,,,,,,,,,,,,,,,,,,,,,,,,,,,,,,,,,,,,,,,,,,,,,,,,,,,,,,,,,,,,,,,,,,,,,,,,,,,,,,,,,,,,,,
value,0,1,2,3,4,5,6,7,8,9,10,11,12,13,14,15,16,17,18,19,20,21,22,23,24,25,26,27,28,29,30,31,32,33,34,35,36,37,38,39,40,41,42,43,44,45,46,47,48,49,50,51,52,53,54,55,56,57,58,59,60,61,62,63,64,65,66,67,68,69,70,71,72,73,74,75,76,77,78,79,80,81,82,83,84,85,86,87,88,89,90,91,92,93,94,95,96,97,98,99,100,101,102,103,104,105,106,107,108,109,110,111,112,113,114,115,116,117,118,119,120,121,122,123,124,125,126,127,128,129,130,131,132,133,134,135,136,137,138,139,140,141,142,143,144,145,146,147,148,149,150,151,152,153,154,155,156,157,158,159,160,161,162,163,164,165,166,167,168,169,170,171,172,173,174,175,176,177,178,179,180,181,182,183,184,185,186,187,188,189,190,191,192,193,194,195,196,197,198,199,200,201,202,203,204,205,206,207,208,209,210,211,212,213,214,215,216,217,218,219,220,221,222,223,224,225,226,227,228,229,230,231,232,233,234,235,236,237,238,239,240,241,242,243,244,245,246,247,248,249,250,251,252,253,254,255
count,0,0,0,0,0,0,0,0,0,0,0,0,0,0,0,0,0,0,0,0,0,1,0,0,0,0,0,0,0,0,1,0,8,11,18,24,27,42,44,32,40,58,56,64,69,88,85,91,83,86,82,91,75,77,100,87,84,87,96,94,76,88,73,104,83,77,97,86,89,97,83,99,118,129,120,128,113,107,111,84,69,65,60,45,30,24,14,6,9,5,3,1,1,0,0,0,1,0,0,0,0,0,0,0,0,0,0,0,0,0,0,0,0,0,0,0,0,0,0,0,0,0,0,0,0,0,0,0,0,0,0,0,0,0,0,0,0,0,0,0,0,0,0,0,0,0,0,0,0,0,0,0,0,0,0,0,0,0,0,0,0,0,0,0,0,0,0,0,0,0,0,0,0,0,0,0,0,0,0,0,0,0,0,0,0,0,0,0,0,0,0,0,0,0,0,0,0,0,0,0,0,0,0,0,0,0,0,0,0,0,0,0,0,0,0,0,0,0,0,0,0,0,0,0,0,0,0,0,0,0,0,0,0,0,0,0,0,0,0,0,0,0,0,0,0,0,0,0,0,0,0,0,0,0,0,0
