0,,,,,,,,,,,,,,,,,,,,,,,,,,,,,,,,,,,,,,,,,,,,,,,,,,,,,,,,,,,,,,,,,,,,,,,,,,,,,,,,,,,,,,,,,,,,,,,,,,,,,,,,,,,,,,,,,,,,,,,,,,,,,,,,,,,,,,,,,,,,,,,,,,,,,,,,,,,,,,,,,,,,,,,,,,,,,,,,,,,,,,,,,,,,,,,,,,,,,,,,,,,,,,,,,,,,,,,,,,,,,,,,,,,,,,,,,,,,,,,,,,,,,,,,,,,,,,,,
,0,1,2,3,4,5,6,7,8,9,10,11,12,13,14,15,16,17,18,19,20,21,22,23,24,25,26,27,28,29,30,31,32,33,34,35,36,37,38,39,40,41,42,43,44,45,46,47,48,49,50,51,52,53,54,55,56,57,58,59,60,61,62,63,,,,,,,,,,,,,,,,,,,,,,,,,,,,,,,,,,,,,,,,,,,,,,,,,,,,,,,,,,,,,,,,,,,,,,,,,,,,,,,,,,,,,,,,,,,,,,,,,,,,,,,,,,,,,,,,,,,,,,,,,,,,,,,,,,,,,,,,,,,,,,,,,,,,,,,,,,,,,,,,,,,,,,,,,,,,,,,,,,,,,,,,,,,,,,,,
0,0,1,2,3,4,5,6,7,8,9,10,11,12,13,14,15,16,17,18,19,20,21,22,23,24,25,26,27,28,29,30,31,32,33,34,35,36,37,38,39,40,41,42,43,44,45,46,47,48,49,50,51,52,53,54,55,56,57,58,59,60,61,62,63,,,,,,,,,,,,,,,,,,,,,,,,,,,,,,,,,,,,,,,,,,,,,,,,,,,,,,,,,,,,,,,,,,,,,,,,,,,,,,,,,,,,,,,,,,,,,,,,,,,,,,,,,,,,,,,,,,,,,,,,,,,,,,,,,,,,,,,,,,,,,,,,,,,,,,,,,,,,,,,,,,,,,,,,,,,,,,,,,,,,,,,,,,,,,,,,
1,64,65,66,67,68,69,70,71,72,73,74,75,76,77,78,79,80,81,82,83,84,85,86,87,88,89,90,91,92,93,94,95,96,97,98,99,100,101,102,103,104,105,106,107,108,109,110,111,112,113,114,115,116,117,118,119,120,121,122,123,124,125,126,127,,,,,,,,,,,,,,,,,,,,,,,,,,,,,,,,,,,,,,,,,,,,,,,,,,,,,,,,,,,,,,,,,,,,,,,,,,,,,,,,,,,,,,,,,,,,,,,,,,,,,,,,,,,,,,,,,,,,,,,,,,,,,,,,,,,,,,,,,,,,,,,,,,,,,,,,,,,,,,,,,,,,,,,,,,,,,,,,,,,,,,,,,,,,,,,,
2,128,129,130,131,132,133,134,135,136,137,138,139,140,141,142,143,144,145,146,147,148,149,150,151,152,153,154,155,156,157,158,159,160,161,162,163,164,165,166,167,168,169,170,171,172,173,174,175,176,177,178,179,180,181,182,183,184,185,186,187,188,189,190,191,,,,,,,,,,,,,,,,,,,,,,,,,,,,,,,,,,,,,,,,,,,,,,,,,,,,,,,,,,,,,,,,,,,,,,,,,,,,,,,,,,,,,,,,,,,,,,,,,,,,,,,,,,,,,,,,,,,,,,,,,,,,,,,,,,,,,,,,,,,,,,,,,,,,,,,,,,,,,,,,,,,,,,,,,,,,,,,,,,,,,,,,,,,,,,,,
3,192,193,194,195,196,197,198,199,200,201,202,203,204,205,206,207,208,209,210,211,212,213,214,215,216,217,218,219,220,221,222,223,224,225,226,227,228,229,230,231,232,233,234,235,236,237,238,239,240,241,242,243,244,245,246,247,248,249,250,251,252,253,254,255,,,,,,,,,,,,,,,,,,,,,,,,,,,,,,,,,,,,,,,,,,,,,,,,,,,,,,,,,,,,,,,,,,,,,,,,,,,,,,,,,,,,,,,,,,,,,,,,,,,,,,,,,,,,,,,,,,,,,,,,,,,,,,,,,,,,,,,,,,,,,,,,,,,,,,,,,,,,,,,,,,,,,,,,,,,,,,,,,,,,,,,,,,,,,,,,
4,0,1,2,3,4,5,6,7,8,9,10,11,12,13,14,15,16,17,18,19,20,21,22,23,24,25,26,27,28,29,30,31,32,33,34,35,36,37,38,39,40,41,42,43,44,45,46,47,48,49,50,51,52,53,54,55,56,57,58,59,60,61,62,63,,,,,,,,,,,,,,,,,,,,,,,,,,,,,,,,,,,,,,,,,,,,,,,,,,,,,,,,,,,,,,,,,,,,,,,,,,,,,,,,,,,,,,,,,,,,,,,,,,,,,,,,,,,,,,,,,,,,,,,,,,,,,,,,,,,,,,,,,,,,,,,,,,,,,,,,,,,,,,,,,,,,,,,,,,,,,,,,,,,,,,,,,,,,,,,,
5,64,65,66,67,68,69,70,71,72,73,74,75,76,77,78,79,80,81,82,83,84,85,86,87,88,89,90,91,92,93,94,95,96,97,98,99,100,101,102,103,104,105,106,107,108,109,110,111,112,113,114,115,116,117,118,119,120,121,122,123,124,125,126,127,,,,,,,,,,,,,,,,,,,,,,,,,,,,,,,,,,,,,,,,,,,,,,,,,,,,,,,,,,,,,,,,,,,,,,,,,,,,,,,,,,,,,,,,,,,,,,,,,,,,,,,,,,,,,,,,,,,,,,,,,,,,,,,,,,,,,,,,,,,,,,,,,,,,,,,,,,,,,,,,,,,,,,,,,,,,,,,,,,,,,,,,,,,,,,,,
6,128,129,130,131,132,133,134,135,136,137,138,139,140,141,142,143,144,145,146,147,148,149,150,151,152,153,154,155,156,157,158,159,160,161,162,163,164,165,166,167,168,169,170,171,172,173,174,175,176,177,178,179,180,181,182,183,184,185,186,187,188,189,190,191,,,,,,,,,,,,,,,,,,,,,,,,,,,,,,,,,,,,,,,,,,,,,,,,,,,,,,,,,,,,,,,,,,,,,,,,,,,,,,,,,,,,,,,,,,,,,,,,,,,,,,,,,,,,,,,,,,,,,,,,,,,,,,,,,,,,,,,,,,,,,,,,,,,,,,,,,,,,,,,,,,,,,,,,,,,,,,,,,,,,,,,,,,,,,,,,
7,192,193,194,195,196,197,198,199,200,201,202,203,204,205,206,207,208,209,210,211,212,213,214,215,216,217,218,219,220,221,222,223,224,225,226,227,228,229,230,231,232,233,234,235,236,237,238,239,240,241,242,243,244,245,246,247,248,249,250,251,252,253,254,255,,,,,,,,,,,,,,,,,,,,,,,,,,,,,,,,,,,,,,,,,,,,,,,,,,,,,,,,,,,,,,,,,,,,,,,,,,,,,,,,,,,,,,,,,,,,,,,,,,,,,,,,,,,,,,,,,,,,,,,,,,,,,,,,,,,,,,,,,,,,,,,,,,,,,,,,,,,,,,,,,,,,,,,,,,,,,,,,,,,,,,,,,,,,,,,,
8,0,1,2,3,4,5,6,7,8,9,10,11,12,13,14,15,16,17,18,19,20,21,22,23,24,25,26,27,28,29,30,31,32,33,34,35,36,37,38,39,40,41,42,43,44,45,46,47,48,49,50,51,52,53,54,55,56,57,58,59,60,61,62,63,,,,,,,,,,,,,,,,,,,,,,,,,,,,,,,,,,,,,,,,,,,,,,,,,,,,,,,,,,,,,,,,,,,,,,,,,,,,,,,,,,,,,,,,,,,,,,,,,,,,,,,,,,,,,,,,,,,,,,,,,,,,,,,,,,,,,,,,,,,,,,,,,,,,,,,,,,,,,,,,,,,,,,,,,,,,,,,,,,,,,,,,,,,,,,,,
9,64,65,66,67,68,69,70,71,72,73,74,75,76,77,78,79,80,81,82,83,84,85,86,87,88,89,90,91,92,93,94,95,96,97,98,99,100,101,102,103,104,105,106,107,108,109,110,111,112,113,114,115,116,117,118,119,120,121,122,123,124,125,126,127,,,,,,,,,,,,,,,,,,,,,,,,,,,,,,,,,,,,,,,,,,,,,,,,,,,,,,,,,,,,,,,,,,,,,,,,,,,,,,,,,,,,,,,,,,,,,,,,,,,,,,,,,,,,,,,,,,,,,,,,,,,,,,,,,,,,,,,,,,,,,,,,,,,,,,,,,,,,,,,,,,,,,,,,,,,,,,,,,,,,,,,,,,,,,,,,
10,128,129,130,131,132,133,134,135,136,137,138,139,140,141,142,143,144,145,146,147,148,149,150,151,152,153,154,155,156,157,158,159,160,161,162,163,164,165,166,167,168,169,170,171,172,173,174,175,176,177,178,179,180,181,182,183,184,185,186,187,188,189,190,191,,,,,,,,,,,,,,,,,,,,,,,,,,,,,,,,,,,,,,,,,,,,,,,,,,,,,,,,,,,,,,,,,,,,,,,,,,,,,,,,,,,,,,,,,,,,,,,,,,,,,,,,,,,,,,,,,,,,,,,,,,,,,,,,,,,,,,,,,,,,,,,,,,,,,,,,,,,,,,,,,,,,,,,,,,,,,,,,,,,,,,,,,,,,,,,,
11,192,193,194,195,196,197,198,199,200,201,202,203,204,205,206,207,208,209,210,211,212,213,214,215,216,217,218,219,220,221,222,223,224,225,226,227,228,229,230,231,232,233,234,235,236,237,238,239,240,241,242,243,244,245,246,247,248,249,250,251,252,253,254,255,,,,,,,,,,,,,,,,,,,,,,,,,,,,,,,,,,,,,,,,,,,,,,,,,,,,,,,,,,,,,,,,,,,,,,,,,,,,,,,,,,,,,,,,,,,,,,,,,,,,,,,,,,,,,,,,,,,,,,,,,,,,,,,,,,,,,,,,,,,,,,,,,,,,,,,,,,,,,,,,,,,,,,,,,,,,,,,,,,,,,,,,,,,,,,,,
12,0,1,2,3,4,5,6,7,8,9,10,11,12,13,14,15,16,17,18,19,20,21,22,23,24,25,26,27,28,29,30,31,32,33,34,35,36,37,38,39,40,41,42,43,44,45,46,47,48,49,50,51,52,53,54,55,56,57,58,59,60,61,62,63,,,,,,,,,,,,,,,,,,,,,,,,,,,,,,,,,,,,,,,,,,,,,,,,,,,,,,,,,,,,,,,,,,,,,,,,,,,,,,,,,,,,,,,,,,,,,,,,,,,,,,,,,,,,,,,,,,,,,,,,,,,,,,,,,,,,,,,,,,,,,,,,,,,,,,,,,,,,,,,,,,,,,,,,,,,,,,,,,,,,,,,,,,,,,,,,
13,64,65,66,67,68,69,70,71,72,73,74,75,76,77,78,79,80,81,82,83,84,85,86,87,88,89,90,91,92,93,94,95,96,97,98,99,100,101,102,103,104,105,106,107,108,109,110,111,112,113,114,115,116,117,118,119,120,121,122,123,124,125,126,127,,,,,,,,,,,,,,,,,,,,,,,,,,,,,,,,,,,,,,,,,,,,,,,,,,,,,,,,,,,,,,,,,,,,,,,,,,,,,,,,,,,,,,,,,,,,,,,,,,,,,,,,,,,,,,,,,,,,,,,,,,,,,,,,,,,,,,,,,,,,,,,,,,,,,,,,,,,,,,,,,,,,,,,,,,,,,,,,,,,,,,,,,,,,,,,,
14,128,129,130,131,132,133,134,135,136,137,138,139,140,141,142,143,144,145,146,147,148,149,150,151,152,153,154,155,156,157,158,159,160,161,162,163,164,165,166,167,168,169,170,171,172,173,174,175,176,177,178,179,180,181,182,183,184,185,186,187,188,189,190,191,,,,,,,,,,,,,,,,,,,,,,,,,,,,,,,,,,,,,,,,,,,,,,,,,,,,,,,,,,,,,,,,,,,,,,,,,,,,,,,,,,,,,,,,,,,,,,,,,,,,,,,,,,,,,,,,,,,,,,,,,,,,,,,,,,,,,,,,,,,,,,,,,,,,,,,,,,,,,,,,,,,,,,,,,,,,,,,,,,,,,,,,,,,,,,,,
15,192,193,194,195,196,197,198,199,200,201,202,203,204,205,206,207,208,209,210,211,212,213,214,215,216,217,218,219,220,221,222,223,224,225,226,227,228,229,230,231,232,233,234,235,236,237,238,239,240,241,242,243,244,245,246,247,248,249,250,251,252,253,254,255,,,,,,,,,,,,,,,,,,,,,,,,,,,,,,,,,,,,,,,,,,,,,,,,,,,,,,,,,,,,,,,,,,,,,,,,,,,,,,,,,,,,,,,,,,,,,,,,,,,,,,,,,,,,,,,,,,,,,,,,,,,,,,,,,,,,,,,,,,,,,,,,,,,,,,,,,,,,,,,,,,,,,,,,,,,,,,,,,,,,,,,,,,,,,,,,
16,0,1,2,3,4,5,6,7,8,9,10,11,12,13,14,15,16,17,18,19,20,21,22,23,24,25,26,27,28,29,30,31,32,33,34,35,36,37,38,39,40,41,42,43,44,45,46,47,48,49,50,51,52,53,54,55,56,57,58,59,60,61,62,63,,,,,,,,,,,,,,,,,,,,,,,,,,,,,,,,,,,,,,,,,,,,,,,,,,,,,,,,,,,,,,,,,,,,,,,,,,,,,,,,,,,,,,,,,,,,,,,,,,,,,,,,,,,,,,,,,,,,,,,,,,,,,,,,,,,,,,,,,,,,,,,,,,,,,,,,,,,,,,,,,,,,,,,,,,,,,,,,,,,,,,,,,,,,,,,,
17,64,65,66,67,68,69,70,71,72,73,74,75,76,77,78,79,80,81,82,83,84,85,86,87,88,89,90,91,92,93,94,95,96,97,98,99,100,101,102,103,104,105,106,107,108,109,110,111,112,113,114,115,116,117,118,119,120,121,122,123,124,125,126,127,,,,,,,,,,,,,,,,,,,,,,,,,,,,,,,,,,,,,,,,,,,,,,,,,,,,,,,,,,,,,,,,,,,,,,,,,,,,,,,,,,,,,,,,,,,,,,,,,,,,,,,,,,,,,,,,,,,,,,,,,,,,,,,,,,,,,,,,,,,,,,,,,,,,,,,,,,,,,,,,,,,,,,,,,,,,,,,,,,,,,,,,,,,,,,,,
18,128,129,130,131,132,133,134,135,136,137,138,139,140,141,142,143,144,145,146,147,148,149,150,151,152,153,154,155,156,157,158,159,160,161,162,163,164,165,166,167,168,169,170,171,172,173,174,175,176,177,178,179,180,181,182,183,184,185,186,187,188,189,190,191,,,,,,,,,,,,,,,,,,,,,,,,,,,,,,,,,,,,,,,,,,,,,,,,,,,,,,,,,,,,,,,,,,,,,,,,,,,,,,,,,,,,,,,,,,,,,,,,,,,,,,,,,,,,,,,,,,,,,,,,,,,,,,,,,,,,,,,,,,,,,,,,,,,,,,,,,,,,,,,,,,,,,,,,,,,,,,,,,,,,,,,,,,,,,,,,
19,192,193,194,195,196,197,198,199,200,201,202,203,204,205,206,207,208,209,210,211,212,213,214,215,216,217,218,219,220,221,222,223,224,225,226,227,228,229,230,231,232,233,234,235,236,237,238,239,240,241,242,243,244,245,246,247,248,249,250,251,252,253,254,255,,,,,,,,,,,,,,,,,,,,,,,,,,,,,,,,,,,,,,,,,,,,,,,,,,,,,,,,,,,,,,,,,,,,,,,,,,,,,,,,,,,,,,,,,,,,,,,,,,,,,,,,,,,,,,,,,,,,,,,,,,,,,,,,,,,,,,,,,,,,,,,,,,,,,,,,,,,,,,,,,,,,,,,,,,,,,,,,,,,,,,,,,,,,,,,,
20,0,1,2,3,4,5,6,7,8,9,10,11,12,13,14,15,16,17,18,19,20,21,22,23,24,25,26,27,28,29,30,31,32,33,34,35,36,37,38,39,40,41,42,43,44,45,46,47,48,49,50,51,52,53,54,55,56,57,58,59,60,61,62,63,,,,,,,,,,,,,,,,,,,,,,,,,,,,,,,,,,,,,,,,,,,,,,,,,,,,,,,,,,,,,,,,,,,,,,,,,,,,,,,,,,,,,,,,,,,,,,,,,,,,,,,,,,,,,,,,,,,,,,,,,,,,,,,,,,,,,,,,,,,,,,,,,,,,,,,,,,,,,,,,,,,,,,,,,,,,,,,,,,,,,,,,,,,,,,,,
21,64,65,66,67,68,69,70,71,72,73,74,75,76,77,78,79,80,81,82,83,84,85,86,87,88,89,90,91,92,93,94,95,96,97,98,99,100,101,102,103,104,105,106,107,108,109,110,111,112,113,114,115,116,117,118,119,120,121,122,123,124,125,126,127,,,,,,,,,,,,,,,,,,,,,,,,,,,,,,,,,,,,,,,,,,,,,,,,,,,,,,,,,,,,,,,,,,,,,,,,,,,,,,,,,,,,,,,,,,,,,,,,,,,,,,,,,,,,,,,,,,,,,,,,,,,,,,,,,,,,,,,,,,,,,,,,,,,,,,,,,,,,,,,,,,,,,,,,,,,,,,,,,,,,,,,,,,,,,,,,
22,128,129,130,131,132,133,134,135,136,137,138,139,140,141,142,143,144,145,146,147,148,149,150,151,152,153,154,155,156,157,158,159,160,161,162,163,164,165,166,167,168,169,170,171,172,173,174,175,176,177,178,179,180,181,182,183,184,185,186,187,188,189,190,191,,,,,,,,,,,,,,,,,,,,,,,,,,,,,,,,,,,,,,,,,,,,,,,,,,,,,,,,,,,,,,,,,,,,,,,,,,,,,,,,,,,,,,,,,,,,,,,,,,,,,,,,,,,,,,,,,,,,,,,,,,,,,,,,,,,,,,,,,,,,,,,,,,,,,,,,,,,,,,,,,,,,,,,,,,,,,,,,,,,,,,,,,,,,,,,,
23,192,193,194,195,196,197,198,199,200,201,202,203,204,205,206,207,208,209,210,211,212,213,214,215,216,217,218,219,220,221,222,223,224,225,226,227,228,229,230,231,232,233,234,235,236,237,238,239,240,241,242,243,244,245,246,247,248,249,250,251,252,253,254,255,,,,,,,,,,,,,,,,,,,,,,,,,,,,,,,,,,,,,,,,,,,,,,,,,,,,,,,,,,,,,,,,,,,,,,,,,,,,,,,,,,,,,,,,,,,,,,,,,,,,,,,,,,,,,,,,,,,,,,,,,,,,,,,,,,,,,,,,,,,,,,,,,,,,,,,,,,,,,,,,,,,,,,,,,,,,,,,,,,,,,,,,,,,,,,,,
24,0,1,2,3,4,5,6,7,8,9,10,11,12,13,14,15,16,17,18,19,20,21,22,23,24,25,26,27,28,29,30,31,32,33,34,35,36,37,38,39,40,41,42,43,44,45,46,47,48,49,50,51,52,53,54,55,56,57,58,59,60,61,62,63,,,,,,,,,,,,,,,,,,,,,,,,,,,,,,,,,,,,,,,,,,,,,,,,,,,,,,,,,,,,,,,,,,,,,,,,,,,,,,,,,,,,,,,,,,,,,,,,,,,,,,,,,,,,,,,,,,,,,,,,,,,,,,,,,,,,,,,,,,,,,,,,,,,,,,,,,,,,,,,,,,,,,,,,,,,,,,,,,,,,,,,,,,,,,,,,
25,64,65,66,67,68,69,70,71,72,73,74,75,76,77,78,79,80,81,82,83,84,85,86,87,88,89,90,91,92,93,94,95,96,97,98,99,100,101,102,103,104,105,106,107,108,109,110,111,112,113,114,115,116,117,118,119,120,121,122,123,124,125,126,127,,,,,,,,,,,,,,,,,,,,,,,,,,,,,,,,,,,,,,,,,,,,,,,,,,,,,,,,,,,,,,,,,,,,,,,,,,,,,,,,,,,,,,,,,,,,,,,,,,,,,,,,,,,,,,,,,,,,,,,,,,,,,,,,,,,,,,,,,,,,,,,,,,,,,,,,,,,,,,,,,,,,,,,,,,,,,,,,,,,,,,,,,,,,,,,,
26,128,129,130,131,132,133,134,135,136,137,138,139,140,141,142,143,144,145,146,147,148,149,150,151,152,153,154,155,156,157,158,159,160,161,162,163,164,165,166,167,168,169,170,171,172,173,174,175,176,177,178,179,180,181,182,183,184,185,186,187,188,189,190,191,,,,,,,,,,,,,,,,,,,,,,,,,,,,,,,,,,,,,,,,,,,,,,,,,,,,,,,,,,,,,,,,,,,,,,,,,,,,,,,,,,,,,,,,,,,,,,,,,,,,,,,,,,,,,,,,,,,,,,,,,,,,,,,,,,,,,,,,,,,,,,,,,,,,,,,,,,,,,,,,,,,,,,,,,,,,,,,,,,,,,,,,,,,,,,,,
27,192,193,194,195,196,197,198,199,200,201,202,203,204,205,206,207,208,209,210,211,212,213,214,215,216,217,218,219,220,221,222,223,224,225,226,227,228,229,230,231,232,233,234,235,236,237,238,239,240,241,242,243,244,245,246,247,248,249,250,251,252,253,254,255,,,,,,,,,,,,,,,,,,,,,,,,,,,,,,,,,,,,,,,,,,,,,,,,,,,,,,,,,,,,,,,,,,,,,,,,,,,,,,,,,,,,,,,,,,,,,,,,,,,,,,,,,,,,,,,,,,,,,,,,,,,,,,,,,,,,,,,,,,,,,,,,,,,,,,,,,,,,,,,,,,,,,,,,,,,,,,,,,,,,,,,,,,,,,,,,
28,0,1,2,3,4,5,6,7,8,9,10,11,12,13,14,15,16,17,18,19,20,21,22,23,24,25,26,27,28,29,30,31,32,33,34,35,36,37,38,39,40,41,42,43,44,45,46,47,48,49,50,51,52,53,54,55,56,57,58,59,60,61,62,63,,,,,,,,,,,,,,,,,,,,,,,,,,,,,,,,,,,,,,,,,,,,,,,,,,,,,,,,,,,,,,,,,,,,,,,,,,,,,,,,,,,,,,,,,,,,,,,,,,,,,,,,,,,,,,,,,,,,,,,,,,,,,,,,,,,,,,,,,,,,,,,,,,,,,,,,,,,,,,,,,,,,,,,,,,,,,,,,,,,,,,,,,,,,,,,,
29,64,65,66,67,68,69,70,71,72,73,74,75,76,77,78,79,80,81,82,83,84,85,86,87,88,89,90,91,92,93,94,95,96,97,98,99,100,101,102,103,104,105,106,107,108,109,110,111,112,113,114,115,116,117,118,119,120,121,122,123,124,125,126,127,,,,,,,,,,,,,,,,,,,,,,,,,,,,,,,,,,,,,,,,,,,,,,,,,,,,,,,,,,,,,,,,,,,,,,,,,,,,,,,,,,,,,,,,,,,,,,,,,,,,,,,,,,,,,,,,,,,,,,,,,,,,,,,,,,,,,,,,,,,,,,,,,,,,,,,,,,,,,,,,,,,,,,,,,,,,,,,,,,,,,,,,,,,,,,,,
30,128,129,130,131,132,133,134,135,136,137,138,139,140,141,142,143,144,145,146,147,148,149,150,151,152,153,154,155,156,157,158,159,160,161,162,163,164,165,166,167,168,169,170,171,172,173,174,175,176,177,178,179,180,181,182,183,184,185,186,187,188,189,190,191,,,,,,,,,,,,,,,,,,,,,,,,,,,,,,,,,,,,,,,,,,,,,,,,,,,,,,,,,,,,,,,,,,,,,,,,,,,,,,,,,,,,,,,,,,,,,,,,,,,,,,,,,,,,,,,,,,,,,,,,,,,,,,,,,,,,,,,,,,,,,,,,,,,,,,,,,,,,,,,,,,,,,,,,,,,,,,,,,,,,,,,,,,,,,,,,
31,192,193,194,195,196,197,198,199,200,201,202,203,204,205,206,207,208,209,210,211,212,213,214,215,216,217,218,219,220,221,222,223,224,225,226,227,228,229,230,231,232,233,234,235,236,237,238,239,240,241,242,243,244,245,246,247,248,249,250,251,252,253,254,255,,,,,,,,,,,,,,,,,,,,,,,,,,,,,,,,,,,,,,,,,,,,,,,,,,,,,,,,,,,,,,,,,,,,,,,,,,,,,,,,,,,,,,,,,,,,,,,,,,,,,,,,,,,,,,,,,,,,,,,,,,,,,,,,,,,,,,,,,,,,,,,,,,,,,,,,,,,,,,,,,,,,,,,,,,,,,,,,,,,,,,,,,,,,,,,,
32,0,1,2,3,4,5,6,7,8,9,10,11,12,13,14,15,16,17,18,19,20,21,22,23,24,25,26,27,28,29,30,31,32,33,34,35,36,37,38,39,40,41,42,43,44,45,46,47,48,49,50,51,52,53,54,55,56,57,58,59,60,61,62,63,,,,,,,,,,,,,,,,,,,,,,,,,,,,,,,,,,,,,,,,,,,,,,,,,,,,,,,,,,,,,,,,,,,,,,,,,,,,,,,,,,,,,,,,,,,,,,,,,,,,,,,,,,,,,,,,,,,,,,,,,,,,,,,,,,,,,,,,,,,,,,,,,,,,,,,,,,,,,,,,,,,,,,,,,,,,,,,,,,,,,,,,,,,,,,,,
33,64,65,66,67,68,69,70,71,72,73,74,75,76,77,78,79,80,81,82,83,84,85,86,87,88,89,90,91,92,93,94,95,96,97,98,99,100,101,102,103,104,105,106,107,108,109,110,111,112,113,114,115,116,117,118,119,120,121,122,123,124,125,126,127,,,,,,,,,,,,,,,,,,,,,,,,,,,,,,,,,,,,,,,,,,,,,,,,,,,,,,,,,,,,,,,,,,,,,,,,,,,,,,,,,,,,,,,,,,,,,,,,,,,,,,,,,,,,,,,,,,,,,,,,,,,,,,,,,,,,,,,,,,,,,,,,,,,,,,,,,,,,,,,,,,,,,,,,,,,,,,,,,,,,,,,,,,,,,,,,
34,128,129,130,131,132,133,134,135,136,137,138,139,140,141,142,143,144,145,146,147,148,149,150,151,152,153,154,155,156,157,158,159,160,161,162,163,164,165,166,167,168,169,170,171,172,173,174,175,176,177,178,179,180,181,182,183,184,185,186,187,188,189,190,191,,,,,,,,,,,,,,,,,,,,,,,,,,,,,,,,,,,,,,,,,,,,,,,,,,,,,,,,,,,,,,,,,,,,,,,,,,,,,,,,,,,,,,,,,,,,,,,,,,,,,,,,,,,,,,,,,,,,,,,,,,,,,,,,,,,,,,,,,,,,,,,,,,,,,,,,,,,,,,,,,,,,,,,,,,,,,,,,,,,,,,,,,,,,,,,,
35,192,193,194,195,196,197,198,199,200,201,202,203,204,205,206,207,208,209,210,211,212,213,214,215,216,217,218,219,220,221,222,223,224,225,226,227,228,229,230,231,232,233,234,235,236,237,238,239,240,241,242,243,244,245,246,247,248,249,250,251,252,253,254,255,,,,,,,,,,,,,,,,,,,,,,,,,,,,,,,,,,,,,,,,,,,,,,,,,,,,,,,,,,,,,,,,,,,,,,,,,,,,,,,,,,,,,,,,,,,,,,,,,,,,,,,,,,,,,,,,,,,,,,,,,,,,,,,,,,,,,,,,,,,,,,,,,,,,,,,,,,,,,,,,,,,,,,,,,,,,,,,,,,,,,,,,,,,,,,,,
36,0,1,2,3,4,5,6,7,8,9,10,11,12,13,14,15,16,17,18,19,20,21,22,23,24,25,26,27,28,29,30,31,32,33,34,35,36,37,38,39,40,41,42,43,44,45,46,47,48,49,50,51,52,53,54,55,56,57,58,59,60,61,62,63,,,,,,,,,,,,,,,,,,,,,,,,,,,,,,,,,,,,,,,,,,,,,,,,,,,,,,,,,,,,,,,,,,,,,,,,,,,,,,,,,,,,,,,,,,,,,,,,,,,,,,,,,,,,,,,,,,,,,,,,,,,,,,,,,,,,,,,,,,,,,,,,,,,,,,,,,,,,,,,,,,,,,,,,,,,,,,,,,,,,,,,,,,,,,,,,
37,64,65,66,67,68,69,70,71,72,73,74,75,76,77,78,79,80,81,82,83,84,85,86,87,88,89,90,91,92,93,94,95,96,97,98,99,100,101,102,103,104,105,106,107,108,109,110,111,112,113,114,115,116,117,118,119,120,121,122,123,124,125,126,127,,,,,,,,,,,,,,,,,,,,,,,,,,,,,,,,,,,,,,,,,,,,,,,,,,,,,,,,,,,,,,,,,,,,,,,,,,,,,,,,,,,,,,,,,,,,,,,,,,,,,,,,,,,,,,,,,,,,,,,,,,,,,,,,,,,,,,,,,,,,,,,,,,,,,,,,,,,,,,,,,,,,,,,,,,,,,,,,,,,,,,,,,,,,,,,,
38,128,129,130,131,132,133,134,135,136,137,138,139,140,141,142,143,144,145,146,147,148,149,150,151,152,153,154,155,156,157,158,159,160,161,162,163,164,165,166,167,168,169,170,171,172,173,174,175,176,177,178,179,180,181,182,183,184,185,186,187,188,189,190,191,,,,,,,,,,,,,,,,,,,,,,,,,,,,,,,,,,,,,,,,,,,,,,,,,,,,,,,,,,,,,,,,,,,,,,,,,,,,,,,,,,,,,,,,,,,,,,,,,,,,,,,,,,,,,,,,,,,,,,,,,,,,,,,,,,,,,,,,,,,,,,,,,,,,,,,,,,,,,,,,,,,,,,,,,,,,,,,,,,,,,,,,,,,,,,,,
39,192,193,194,195,196,197,198,199,200,201,202,203,204,205,206,207,208,209,210,211,212,213,214,215,216,217,218,219,220,221,222,223,224,225,226,227,228,229,230,231,232,233,234,235,236,237,238,239,240,241,242,243,244,245,246,247,248,249,250,251,252,253,254,255,,,,,,,,,,,,,,,,,,,,,,,,,,,,,,,,,,,,,,,,,,,,,,,,,,,,,,,,,,,,,,,,,,,,,,,,,,,,,,,,,,,,,,,,,,,,,,,,,,,,,,,,,,,,,,,,,,,,,,,,,,,,,,,,,,,,,,,,,,,,,,,,,,,,,,,,,,,,,,,,,,,,,,,,,,,,,,,,,,,,,,,,,,,,,,,,
40,0,1,2,3,4,5,6,7,8,9,10,11,12,13,14,15,16,17,18,19,20,21,22,23,24,25,26,27,28,29,30,31,32,33,34,35,36,37,38,39,40,41,42,43,44,45,46,47,48,49,50,51,52,53,54,55,56,57,58,59,60,61,62,63,,,,,,,,,,,,,,,,,,,,,,,,,,,,,,,,,,,,,,,,,,,,,,,,,,,,,,,,,,,,,,,,,,,,,,,,,,,,,,,,,,,,,,,,,,,,,,,,,,,,,,,,,,,,,,,,,,,,,,,,,,,,,,,,,,,,,,,,,,,,,,,,,,,,,,,,,,,,,,,,,,,,,,,,,,,,,,,,,,,,,,,,,,,,,,,,
41,64,65,66,67,68,69,70,71,72,73,74,75,76,77,78,79,80,81,82,83,84,85,86,87,88,89,90,91,92,93,94,95,96,97,98,99,100,101,102,103,104,105,106,107,108,109,110,111,112,113,114,115,116,117,118,119,120,121,122,123,124,125,126,127,,,,,,,,,,,,,,,,,,,,,,,,,,,,,,,,,,,,,,,,,,,,,,,,,,,,,,,,,,,,,,,,,,,,,,,,,,,,,,,,,,,,,,,,,,,,,,,,,,,,,,,,,,,,,,,,,,,,,,,,,,,,,,,,,,,,,,,,,,,,,,,,,,,,,,,,,,,,,,,,,,,,,,,,,,,,,,,,,,,,,,,,,,,,,,,,
42,128,129,130,131,132,133,134,135,136,137,138,139,140,141,142,143,144,145,146,147,148,149,150,151,152,153,154,155,156,157,158,159,160,161,162,163,164,165,166,167,168,169,170,171,172,173,174,175,176,177,178,179,180,181,182,183,184,185,186,187,188,189,190,191,,,,,,,,,,,,,,,,,,,,,,,,,,,,,,,,,,,,,,,,,,,,,,,,,,,,,,,,,,,,,,,,,,,,,,,,,,,,,,,,,,,,,,,,,,,,,,,,,,,,,,,,,,,,,,,,,,,,,,,,,,,,,,,,,,,,,,,,,,,,,,,,,,,,,,,,,,,,,,,,,,,,,,,,,,,,,,,,,,,,,,,,,,,,,,,,
43,192,193,194,195,196,197,198,199,200,201,202,203,204,205,206,207,208,209,210,211,212,213,214,215,216,217,218,219,220,221,222,223,224,225,226,227,228,229,230,231,232,233,234,235,236,237,238,239,240,241,242,243,244,245,246,247,248,249,250,251,252,253,254,255,,,,,,,,,,,,,,,,,,,,,,,,,,,,,,,,,,,,,,,,,,,,,,,,,,,,,,,,,,,,,,,,,,,,,,,,,,,,,,,,,,,,,,,,,,,,,,,,,,,,,,,,,,,,,,,,,,,,,,,,,,,,,,,,,,,,,,,,,,,,,,,,,,,,,,,,,,,,,,,,,,,,,,,,,,,,,,,,,,,,,,,,,,,,,,,,
44,0,1,2,3,4,5,6,7,8,9,10,11,12,13,14,15,16,17,18,19,20,21,22,23,24,25,26,27,28,29,30,31,32,33,34,35,36,37,38,39,40,41,42,43,44,45,46,47,48,49,50,51,52,53,54,55,56,57,58,59,60,61,62,63,,,,,,,,,,,,,,,,,,,,,,,,,,,,,,,,,,,,,,,,,,,,,,,,,,,,,,,,,,,,,,,,,,,,,,,,,,,,,,,,,,,,,,,,,,,,,,,,,,,,,,,,,,,,,,,,,,,,,,,,,,,,,,,,,,,,,,,,,,,,,,,,,,,,,,,,,,,,,,,,,,,,,,,,,,,,,,,,,,,,,,,,,,,,,,,,
45,64,65,66,67,68,69,70,71,72,73,74,75,76,77,78,79,80,81,82,83,84,85,86,87,88,89,90,91,92,93,94,95,96,97,98,99,100,101,102,103,104,105,106,107,108,109,110,111,112,113,114,115,116,117,118,119,120,121,122,123,124,125,126,127,,,,,,,,,,,,,,,,,,,,,,,,,,,,,,,,,,,,,,,,,,,,,,,,,,,,,,,,,,,,,,,,,,,,,,,,,,,,,,,,,,,,,,,,,,,,,,,,,,,,,,,,,,,,,,,,,,,,,,,,,,,,,,,,,,,,,,,,,,,,,,,,,,,,,,,,,,,,,,,,,,,,,,,,,,,,,,,,,,,,,,,,,,,,,,,,
46,128,129,130,131,132,133,134,135,136,137,138,139,140,141,142,143,144,145,146,147,148,149,150,151,152,153,154,155,156,157,158,159,160,161,162,163,164,165,166,167,168,169,170,171,172,173,174,175,176,177,178,179,180,181,182,183,184,185,186,187,188,189,190,191,,,,,,,,,,,,,,,,,,,,,,,,,,,,,,,,,,,,,,,,,,,,,,,,,,,,,,,,,,,,,,,,,,,,,,,,,,,,,,,,,,,,,,,,,,,,,,,,,,,,,,,,,,,,,,,,,,,,,,,,,,,,,,,,,,,,,,,,,,,,,,,,,,,,,,,,,,,,,,,,,,,,,,,,,,,,,,,,,,,,,,,,,,,,,,,,
47,192,193,194,195,196,197,198,199,200,201,202,203,204,205,206,207,208,209,210,211,212,213,214,215,216,217,218,219,220,221,222,223,224,225,226,227,228,229,230,231,232,233,234,235,236,237,238,239,240,241,242,243,244,245,246,247,248,249,250,251,252,253,254,255,,,,,,,,,,,,,,,,,,,,,,,,,,,,,,,,,,,,,,,,,,,,,,,,,,,,,,,,,,,,,,,,,,,,,,,,,,,,,,,,,,,,,,,,,,,,,,,,,,,,,,,,,,,,,,,,,,,,,,,,,,,,,,,,,,,,,,,,,,,,,,,,,,,,,,,,,,,,,,,,,,,,,,,,,,,,,,,,,,,,,,,,,,,,,,,,
48,0,1,2,3,4,5,6,7,8,9,10,11,12,13,14,15,16,17,18,19,20,21,22,23,24,25,26,27,28,29,30,31,32,33,34,35,36,37,38,39,40,41,42,43,44,45,46,47,48,49,50,51,52,53,54,55,56,57,58,59,60,61,62,63,,,,,,,,,,,,,,,,,,,,,,,,,,,,,,,,,,,,,,,,,,,,,,,,,,,,,,,,,,,,,,,,,,,,,,,,,,,,,,,,,,,,,,,,,,,,,,,,,,,,,,,,,,,,,,,,,,,,,,,,,,,,,,,,,,,,,,,,,,,,,,,,,,,,,,,,,,,,,,,,,,,,,,,,,,,,,,,,,,,,,,,,,,,,,,,,
49,64,65,66,67,68,69,70,71,72,73,74,75,76,77,78,79,80,81,82,83,84,85,86,87,88,89,90,91,92,93,94,95,96,97,98,99,100,101,102,103,104,105,106,107,108,109,110,111,112,113,114,115,116,117,118,119,120,121,122,123,124,125,126,127,,,,,,,,,,,,,,,,,,,,,,,,,,,,,,,,,,,,,,,,,,,,,,,,,,,,,,,,,,,,,,,,,,,,,,,,,,,,,,,,,,,,,,,,,,,,,,,,,,,,,,,,,,,,,,,,,,,,,,,,,,,,,,,,,,,,,,,,,,,,,,,,,,,,,,,,,,,,,,,,,,,,,,,,,,,,,,,,,,,,,,,,,,,,,,,,
50,128,129,130,131,132,133,134,135,136,137,138,139,140,141,142,143,144,145,146,147,148,149,150,151,152,153,154,155,156,157,158,159,160,161,162,163,164,165,166,167,168,169,170,171,172,173,174,175,176,177,178,179,180,181,182,183,184,185,186,187,188,189,190,191,,,,,,,,,,,,,,,,,,,,,,,,,,,,,,,,,,,,,,,,,,,,,,,,,,,,,,,,,,,,,,,,,,,,,,,,,,,,,,,,,,,,,,,,,,,,,,,,,,,,,,,,,,,,,,,,,,,,,,,,,,,,,,,,,,,,,,,,,,,,,,,,,,,,,,,,,,,,,,,,,,,,,,,,,,,,,,,,,,,,,,,,,,,,,,,,
51,192,193,194,195,196,197,198,199,200,201,202,203,204,205,206,207,208,209,210,211,212,213,214,215,216,217,218,219,220,221,222,223,224,225,226,227,228,229,230,231,232,233,234,235,236,237,238,239,240,241,242,243,244,245,246,247,248,249,250,251,252,253,254,255,,,,,,,,,,,,,,,,,,,,,,,,,,,,,,,,,,,,,,,,,,,,,,,,,,,,,,,,,,,,,,,,,,,,,,,,,,,,,,,,,,,,,,,,,,,,,,,,,,,,,,,,,,,,,,,,,,,,,,,,,,,,,,,,,,,,,,,,,,,,,,,,,,,,,,,,,,,,,,,,,,,,,,,,,,,,,,,,,,,,,,,,,,,,,,,,
52,0,1,2,3,4,5,6,7,8,9,10,11,12,13,14,15,16,17,18,19,20,21,22,23,24,25,26,27,28,29,30,31,32,33,34,35,36,37,38,39,40,41,42,43,44,45,46,47,48,49,50,51,52,53,54,55,56,57,58,59,60,61,62,63,,,,,,,,,,,,,,,,,,,,,,,,,,,,,,,,,,,,,,,,,,,,,,,,,,,,,,,,,,,,,,,,,,,,,,,,,,,,,,,,,,,,,,,,,,,,,,,,,,,,,,,,,,,,,,,,,,,,,,,,,,,,,,,,,,,,,,,,,,,,,,,,,,,,,,,,,,,,,,,,,,,,,,,,,,,,,,,,,,,,,,,,,,,,,,,,
53,64,65,66,67,68,69,70,71,72,73,74,75,76,77,78,79,80,81,82,83,84,85,86,87,88,89,90,91,92,93,94,95,96,97,98,99,100,101,102,103,104,105,106,107,108,109,110,111,112,113,114,115,116,117,118,119,120,121,122,123,124,125,126,127,,,,,,,,,,,,,,,,,,,,,,,,,,,,,,,,,,,,,,,,,,,,,,,,,,,,,,,,,,,,,,,,,,,,,,,,,,,,,,,,,,,,,,,,,,,,,,,,,,,,,,,,,,,,,,,,,,,,,,,,,,,,,,,,,,,,,,,,,,,,,,,,,,,,,,,,,,,,,,,,,,,,,,,,,,,,,,,,,,,,,,,,,,,,,,,,
54,128,129,130,131,132,133,134,135,136,137,138,139,140,141,142,143,144,145,146,147,148,149,150,151,152,153,154,155,156,157,158,159,160,161,162,163,164,165,166,167,168,169,170,171,172,173,174,175,176,177,178,179,180,181,182,183,184,185,186,187,188,189,190,191,,,,,,,,,,,,,,,,,,,,,,,,,,,,,,,,,,,,,,,,,,,,,,,,,,,,,,,,,,,,,,,,,,,,,,,,,,,,,,,,,,,,,,,,,,,,,,,,,,,,,,,,,,,,,,,,,,,,,,,,,,,,,,,,,,,,,,,,,,,,,,,,,,,,,,,,,,,,,,,,,,,,,,,,,,,,,,,,,,,,,,,,,,,,,,,,
55,192,193,194,195,196,197,198,199,200,201,202,203,204,205,206,207,208,209,210,211,212,213,214,215,216,217,218,219,220,221,222,223,224,225,226,227,228,229,230,231,232,233,234,235,236,237,238,239,240,241,242,243,244,245,246,247,248,249,250,251,252,253,254,255,,,,,,,,,,,,,,,,,,,,,,,,,,,,,,,,,,,,,,,,,,,,,,,,,,,,,,,,,,,,,,,,,,,,,,,,,,,,,,,,,,,,,,,,,,,,,,,,,,,,,,,,,,,,,,,,,,,,,,,,,,,,,,,,,,,,,,,,,,,,,,,,,,,,,,,,,,,,,,,,,,,,,,,,,,,,,,,,,,,,,,,,,,,,,,,,
56,0,1,2,3,4,5,6,7,8,9,10,11,12,13,14,15,16,17,18,19,20,21,22,23,24,25,26,27,28,29,30,31,32,33,34,35,36,37,38,39,40,41,42,43,44,45,46,47,48,49,50,51,52,53,54,55,56,57,58,59,60,61,62,63,,,,,,,,,,,,,,,,,,,,,,,,,,,,,,,,,,,,,,,,,,,,,,,,,,,,,,,,,,,,,,,,,,,,,,,,,,,,,,,,,,,,,,,,,,,,,,,,,,,,,,,,,,,,,,,,,,,,,,,,,,,,,,,,,,,,,,,,,,,,,,,,,,,,,,,,,,,,,,,,,,,,,,,,,,,,,,,,,,,,,,,,,,,,,,,,
57,64,65,66,67,68,69,70,71,72,73,74,75,76,77,78,79,80,81,82,83,84,85,86,87,88,89,90,91,92,93,94,95,96,97,98,99,100,101,102,103,104,105,106,107,108,109,110,111,112,113,114,115,116,117,118,119,120,121,122,123,124,125,126,127,,,,,,,,,,,,,,,,,,,,,,,,,,,,,,,,,,,,,,,,,,,,,,,,,,,,,,,,,,,,,,,,,,,,,,,,,,,,,,,,,,,,,,,,,,,,,,,,,,,,,,,,,,,,,,,,,,,,,,,,,,,,,,,,,,,,,,,,,,,,,,,,,,,,,,,,,,,,,,,,,,,,,,,,,,,,,,,,,,,,,,,,,,,,,,,,
58,128,129,130,131,132,133,134,135,136,137,138,139,140,141,142,143,144,145,146,147,148,149,150,151,152,153,154,155,156,157,158,159,160,161,162,163,164,165,166,167,168,169,170,171,172,173,174,175,176,177,178,179,180,181,182,183,184,185,186,187,188,189,190,191,,,,,,,,,,,,,,,,,,,,,,,,,,,,,,,,,,,,,,,,,,,,,,,,,,,,,,,,,,,,,,,,,,,,,,,,,,,,,,,,,,,,,,,,,,,,,,,,,,,,,,,,,,,,,,,,,,,,,,,,,,,,,,,,,,,,,,,,,,,,,,,,,,,,,,,,,,,,,,,,,,,,,,,,,,,,,,,,,,,,,,,,,,,,,,,,
59,192,193,194,195,196,197,198,199,200,201,202,203,204,205,206,207,208,209,210,211,212,213,214,215,216,217,218,219,220,221,222,223,224,225,226,227,228,229,230,231,232,233,234,235,236,237,238,239,240,241,242,243,244,245,246,247,248,249,250,251,252,253,254,255,,,,,,,,,,,,,,,,,,,,,,,,,,,,,,,,,,,,,,,,,,,,,,,,,,,,,,,,,,,,,,,,,,,,,,,,,,,,,,,,,,,,,,,,,,,,,,,,,,,,,,,,,,,,,,,,,,,,,,,,,,,,,,,,,,,,,,,,,,,,,,,,,,,,,,,,,,,,,,,,,,,,,,,,,,,,,,,,,,,,,,,,,,,,,,,,
60,0,1,2,3,4,5,6,7,8,9,10,11,12,13,14,15,16,17,18,19,20,21,22,23,24,25,26,27,28,29,30,31,32,33,34,35,36,37,38,39,40,41,42,43,44,45,46,47,48,49,50,51,52,53,54,55,56,57,58,59,60,61,62,63,,,,,,,,,,,,,,,,,,,,,,,,,,,,,,,,,,,,,,,,,,,,,,,,,,,,,,,,,,,,,,,,,,,,,,,,,,,,,,,,,,,,,,,,,,,,,,,,,,,,,,,,,,,,,,,,,,,,,,,,,,,,,,,,,,,,,,,,,,,,,,,,,,,,,,,,,,,,,,,,,,,,,,,,,,,,,,,,,,,,,,,,,,,,,,,,
61,64,65,66,67,68,69,70,71,72,73,74,75,76,77,78,79,80,81,82,83,84,85,86,87,88,89,90,91,92,93,94,95,96,97,98,99,100,101,102,103,104,105,106,107,108,109,110,111,112,113,114,115,116,117,118,119,120,121,122,123,124,125,126,127,,,,,,,,,,,,,,,,,,,,,,,,,,,,,,,,,,,,,,,,,,,,,,,,,,,,,,,,,,,,,,,,,,,,,,,,,,,,,,,,,,,,,,,,,,,,,,,,,,,,,,,,,,,,,,,,,,,,,,,,,,,,,,,,,,,,,,,,,,,,,,,,,,,,,,,,,,,,,,,,,,,,,,,,,,,,,,,,,,,,,,,,,,,,,,,,
62,128,129,130,131,132,133,134,135,136,137,138,139,140,141,142,143,144,145,146,147,148,149,150,151,152,153,154,155,156,157,158,159,160,161,162,163,164,165,166,167,168,169,170,171,172,173,174,175,176,177,178,179,180,181,182,183,184,185,186,187,188,189,190,191,,,,,,,,,,,,,,,,,,,,,,,,,,,,,,,,,,,,,,,,,,,,,,,,,,,,,,,,,,,,,,,,,,,,,,,,,,,,,,,,,,,,,,,,,,,,,,,,,,,,,,,,,,,,,,,,,,,,,,,,,,,,,,,,,,,,,,,,,,,,,,,,,,,,,,,,,,,,,,,,,,,,,,,,,,,,,,,,,,,,,,,,,,,,,,,,
63,192,193,194,195,196,197,198,199,200,201,202,203,204,205,206,207,208,209,210,211,212,213,214,215,216,217,218,219,220,221,222,223,224,225,226,227,228,229,230,231,232,233,234,235,236,237,238,239,240,241,242,243,244,245,246,247,248,249,250,251,252,253,254,255,,,,,,,,,,,,,,,,,,,,,,,,,,,,,,,,,,,,,,,,,,,,,,,,,,,,,,,,,,,,,,,,,,,,,,,,,,,,,,,,,,,,,,,,,,,,,,,,,,,,,,,,,,,,,,,,,,,,,,,,,,,,,,,,,,,,,,,,,,,,,,,,,,,,,,,,,,,,,,,,,,,,,,,,,,,,,,,,,,,,,,,,,,,,,,,,
,,,,,,,,,,,,,,,,,,,,,,,,,,,,,,,,,,,,,,,,,,,,,,,,,,,,,,,,,,,,,,,,,,,,,,,,,,,,,,,,,,,,,,,,,,,,,,,,,,,,,,,,,,,,,,,,,,,,,,,,,,,,,,,,,,,,,,,,,,,,,,,,,,,,,,,,,,,,,,,,,,,,,,,,,,,,,,,,,,,,,,,,,,,,,,,,,,,,,,,,,,,,,,,,,,,,,,,,,,,,,,,,,,,,,,,,,,,,,,,,,,,,,,,,,,,,,,,,
value,0,1,2,3,4,5,6,7,8,9,10,11,12,13,14,15,16,17,18,19,20,21,22,23,24,25,26,27,28,29,30,31,32,33,34,35,36,37,38,39,40,41,42,43,44,45,46,47,48,49,50,51,52,53,54,55,56,57,58,59,60,61,62,63,64,65,66,67,68,69,70,71,72,73,74,75,76,77,78,79,80,81,82,83,84,85,86,87,88,89,90,91,92,93,94,95,96,97,98,99,100,101,102,103,104,105,106,107,108,109,110,111,112,113,114,115,116,117,118,119,120,121,122,123,124,125,126,127,128,129,130,131,132,133,134,135,136,137,138,139,140,141,142,143,144,145,146,147,148,149,150,151,152,153,154,155,156,157,158,159,160,161,162,163,164,165,166,167,168,169,170,171,172,173,174,175,176,177,178,179,180,181,182,183,184,185,186,187,188,189,190,191,192,193,194,195,196,197,198,199,200,201,202,203,204,205,206,207,208,209,210,211,212,213,214,215,216,217,218,219,220,221,222,223,224,225,226,227,228,229,230,231,232,233,234,235,236,237,238,239,240,241,242,243,244,245,246,247,248,249,250,251,252,253,254,255
count,16,16,16,16,16,16,16,16,16,16,16,16,16,16,16,16,16,16,16,16,16,16,16,16,16,16,16,16,16,16,16,16,16,16,16,16,16,16,16,16,16,16,16,16,16,16,16,16,16,16,16,16,16,16,16,16,16,16,16,16,16,16,16,16,16,16,16,16,16,16,16,16,16,16,16,16,16,16,16,16,16,16,16,16,16,16,16,16,16,16,16,16,16,16,16,16,16,16,16,16,16,16,16,16,16,16,16,16,16,16,16,16,16,16,16,16,16,16,16,16,16,16,16,16,16,16,16,16,16,16,16,16,16,16,16,16,16,16,16,16,16,16,16,16,16,16,16,16,16,16,16,16,16,16,16,16,16,16,16,16,16,16,16,16,16,16,16,16,16,16,16,16,16,16,16,16,16,16,16,16,16,16,16,16,16,16,16,16,16,16,16,16,16,16,16,16,16,16,16,16,16,16,16,16,16,16,16,16,16,16,16,16,16,16,16,16,16,16,16,16,16,16,16,16,16,16,16,16,16,16,16,16,16,16,16,16,16,16,16,16,16,16,16,16,16,16,16,16,16,16,16,16,16,16,16,16
,,,,,,,,,,,,,,,,,,,,,,,,,,,,,,,,,,,,,,,,,,,,,,,,,,,,,,,,,,,,,,,,,,,,,,,,,,,,,,,,,,,,,,,,,,,,,,,,,,,,,,,,,,,,,,,,,,,,,,,,,,,,,,,,,,,,,,,,,,,,,,,,,,,,,,,,,,,,,,,,,,,,,,,,,,,,,,,,,,,,,,,,,,,,,,,,,,,,,,,,,,,,,,,,,,,,,,,,,,,,,,,,,,,,,,,,,,,,,,,,,,,,,,,,,,,,,,,,
1,,,,,,,,,,,,,,,,,,,,,,,,,,,,,,,,,,,,,,,,,,,,,,,,,,,,,,,,,,,,,,,,,,,,,,,,,,,,,,,,,,,,,,,,,,,,,,,,,,,,,,,,,,,,,,,,,,,,,,,,,,,,,,,,,,,,,,,,,,,,,,,,,,,,,,,,,,,,,,,,,,,,,,,,,,,,,,,,,,,,,,,,,,,,,,,,,,,,,,,,,,,,,,,,,,,,,,,,,,,,,,,,,,,,,,,,,,,,,,,,,,,,,,,,,,,,,,,,
,0,1,2,3,4,5,6,7,8,9,10,11,12,13,14,15,16,17,18,19,20,21,22,23,24,25,26,27,28,29,30,31,32,33,34,35,36,37,38,39,40,41,42,43,44,45,46,47,48,49,50,51,52,53,54,55,56,57,58,59,60,61,62,63,,,,,,,,,,,,,,,,,,,,,,,,,,,,,,,,,,,,,,,,,,,,,,,,,,,,,,,,,,,,,,,,,,,,,,,,,,,,,,,,,,,,,,,,,,,,,,,,,,,,,,,,,,,,,,,,,,,,,,,,,,,,,,,,,,,,,,,,,,,,,,,,,,,,,,,,,,,,,,,,,,,,,,,,,,,,,,,,,,,,,,,,,,,,,,,,
0,23,16,21,20,20,19,22,27,31,34,33,27,32,30,20,20,20,21,22,19,20,32,38,31,37,29,29,30,20,21,21,21,20,20,20,34,36,32,30,31,31,31,20,19,20,22,20,19,30,32,36,34,29,26,30,21,20,22,19,21,21,18,30,29,,,,,,,,,,,,,,,,,,,,,,,,,,,,,,,,,,,,,,,,,,,,,,,,,,,,,,,,,,,,,,,,,,,,,,,,,,,,,,,,,,,,,,,,,,,,,,,,,,,,,,,,,,,,,,,,,,,,,,,,,,,,,,,,,,,,,,,,,,,,,,,,,,,,,,,,,,,,,,,,,,,,,,,,,,,,,,,,,,,,,,,,,,,,,,,,
1,26,21,20,19,24,24,25,20,33,34,37,30,32,35,29,23,21,20,23,22,23,24,31,34,36,31,32,30,30,24,21,23,21,23,23,30,34,32,36,28,28,28,21,24,25,24,24,23,21,36,34,37,35,30,31,32,21,25,22,21,20,22,21,27,,,,,,,,,,,,,,,,,,,,,,,,,,,,,,,,,,,,,,,,,,,,,,,,,,,,,,,,,,,,,,,,,,,,,,,,,,,,,,,,,,,,,,,,,,,,,,,,,,,,,,,,,,,,,,,,,,,,,,,,,,,,,,,,,,,,,,,,,,,,,,,,,,,,,,,,,,,,,,,,,,,,,,,,,,,,,,,,,,,,,,,,,,,,,,,,
2,27,26,21,23,23,21,20,21,31,34,32,40,31,28,26,25,21,22,23,21,22,21,36,34,34,35,33,31,30,23,22,24,24,25,24,24,36,34,37,26,30,31,31,21,19,25,23,24,24,27,32,36,34,32,29,28,32,20,21,20,20,19,18,22,,,,,,,,,,,,,,,,,,,,,,,,,,,,,,,,,,,,,,,,,,,,,,,,,,,,,,,,,,,,,,,,,,,,,,,,,,,,,,,,,,,,,,,,,,,,,,,,,,,,,,,,,,,,,,,,,,,,,,,,,,,,,,,,,,,,,,,,,,,,,,,,,,,,,,,,,,,,,,,,,,,,,,,,,,,,,,,,,,,,,,,,,,,,,,,,
3,24,28,19,20,23,19,21,20,24,35,31,40,35,28,26,32,21,24,21,20,23,24,22,41,35,36,34,30,30,29,21,23,20,21,21,20,32,36,34,37,28,31,33,21,23,22,23,21,24,21,36,37,36,39,29,30,30,20,21,20,21,20,19,18,,,,,,,,,,,,,,,,,,,,,,,,,,,,,,,,,,,,,,,,,,,,,,,,,,,,,,,,,,,,,,,,,,,,,,,,,,,,,,,,,,,,,,,,,,,,,,,,,,,,,,,,,,,,,,,,,,,,,,,,,,,,,,,,,,,,,,,,,,,,,,,,,,,,,,,,,,,,,,,,,,,,,,,,,,,,,,,,,,,,,,,,,,,,,,,,
4,30,28,31,24,23,24,24,26,24,27,40,42,33,34,37,36,32,24,25,25,23,25,25,33,42,40,44,36,32,30,27,21,26,24,25,24,26,42,40,43,37,33,29,36,27,28,24,27,23,21,22,43,45,40,37,33,32,36,24,24,22,24,22,19,,,,,,,,,,,,,,,,,,,,,,,,,,,,,,,,,,,,,,,,,,,,,,,,,,,,,,,,,,,,,,,,,,,,,,,,,,,,,,,,,,,,,,,,,,,,,,,,,,,,,,,,,,,,,,,,,,,,,,,,,,,,,,,,,,,,,,,,,,,,,,,,,,,,,,,,,,,,,,,,,,,,,,,,,,,,,,,,,,,,,,,,,,,,,,,,
5,22,24,27,22,21,19,20,20,22,23,33,37,32,36,27,31,32,23,21,21,25,22,21,20,39,31,39,26,29,28,29,23,20,19,22,20,20,31,37,35,32,29,30,30,27,20,22,20,23,23,24,29,37,36,33,30,28,28,21,20,19,19,16,18,,,,,,,,,,,,,,,,,,,,,,,,,,,,,,,,,,,,,,,,,,,,,,,,,,,,,,,,,,,,,,,,,,,,,,,,,,,,,,,,,,,,,,,,,,,,,,,,,,,,,,,,,,,,,,,,,,,,,,,,,,,,,,,,,,,,,,,,,,,,,,,,,,,,,,,,,,,,,,,,,,,,,,,,,,,,,,,,,,,,,,,,,,,,,,,,
6,30,31,32,34,21,24,25,25,23,22,25,38,36,39,31,32,36,34,28,25,26,24,23,24,30,42,38,42,32,36,36,22,21,27,24,24,21,22,41,45,41,37,33,30,36,25,25,24,23,27,25,29,50,38,39,33,33,37,33,23,24,21,20,20,,,,,,,,,,,,,,,,,,,,,,,,,,,,,,,,,,,,,,,,,,,,,,,,,,,,,,,,,,,,,,,,,,,,,,,,,,,,,,,,,,,,,,,,,,,,,,,,,,,,,,,,,,,,,,,,,,,,,,,,,,,,,,,,,,,,,,,,,,,,,,,,,,,,,,,,,,,,,,,,,,,,,,,,,,,,,,,,,,,,,,,,,,,,,,,,
7,26,25,28,28,24,20,21,23,24,21,22,28,37,36,35,34,28,30,19,23,22,22,24,24,24,34,35,38,38,29,31,31,25,24,20,24,25,23,28,38,36,45,32,31,34,29,23,24,23,24,24,22,28,39,35,37,32,29,32,20,21,21,16,18,,,,,,,,,,,,,,,,,,,,,,,,,,,,,,,,,,,,,,,,,,,,,,,,,,,,,,,,,,,,,,,,,,,,,,,,,,,,,,,,,,,,,,,,,,,,,,,,,,,,,,,,,,,,,,,,,,,,,,,,,,,,,,,,,,,,,,,,,,,,,,,,,,,,,,,,,,,,,,,,,,,,,,,,,,,,,,,,,,,,,,,,,,,,,,,,
8,27,22,22,24,23,25,24,31,41,45,43,34,33,36,26,22,24,24,23,24,24,38,44,47,39,37,34,38,28,26,26,25,26,26,25,41,45,42,34,36,35,35,26,23,25,25,28,25,33,42,45,42,38,34,39,24,24,25,23,23,24,22,34,32,,,,,,,,,,,,,,,,,,,,,,,,,,,,,,,,,,,,,,,,,,,,,,,,,,,,,,,,,,,,,,,,,,,,,,,,,,,,,,,,,,,,,,,,,,,,,,,,,,,,,,,,,,,,,,,,,,,,,,,,,,,,,,,,,,,,,,,,,,,,,,,,,,,,,,,,,,,,,,,,,,,,,,,,,,,,,,,,,,,,,,,,,,,,,,,,
9,26,22,22,26,23,28,26,24,42,39,40,37,33,34,35,24,26,23,28,24,26,31,43,38,41,36,36,32,31,26,24,28,25,21,23,34,44,44,40,36,32,33,24,27,26,27,21,25,23,39,38,47,42,33,34,32,22,25,23,24,23,22,20,31,,,,,,,,,,,,,,,,,,,,,,,,,,,,,,,,,,,,,,,,,,,,,,,,,,,,,,,,,,,,,,,,,,,,,,,,,,,,,,,,,,,,,,,,,,,,,,,,,,,,,,,,,,,,,,,,,,,,,,,,,,,,,,,,,,,,,,,,,,,,,,,,,,,,,,,,,,,,,,,,,,,,,,,,,,,,,,,,,,,,,,,,,,,,,,,,
10,26,31,24,22,26,26,25,23,30,40,42,44,34,33,32,26,23,26,26,24,24,28,48,39,44,38,36,35,33,25,25,25,25,28,26,24,40,43,43,37,37,34,34,26,24,22,25,24,23,36,44,40,42,33,38,33,34,23,26,22,22,23,22,27,,,,,,,,,,,,,,,,,,,,,,,,,,,,,,,,,,,,,,,,,,,,,,,,,,,,,,,,,,,,,,,,,,,,,,,,,,,,,,,,,,,,,,,,,,,,,,,,,,,,,,,,,,,,,,,,,,,,,,,,,,,,,,,,,,,,,,,,,,,,,,,,,,,,,,,,,,,,,,,,,,,,,,,,,,,,,,,,,,,,,,,,,,,,,,,,
11,29,32,22,22,27,25,24,28,26,40,47,43,45,38,39,34,26,25,27,28,28,31,26,45,42,47,40,39,37,44,29,26,29,28,27,27,38,41,42,48,39,38,38,29,29,26,31,27,30,29,45,49,43,45,36,39,36,27,28,28,25,24,20,21,,,,,,,,,,,,,,,,,,,,,,,,,,,,,,,,,,,,,,,,,,,,,,,,,,,,,,,,,,,,,,,,,,,,,,,,,,,,,,,,,,,,,,,,,,,,,,,,,,,,,,,,,,,,,,,,,,,,,,,,,,,,,,,,,,,,,,,,,,,,,,,,,,,,,,,,,,,,,,,,,,,,,,,,,,,,,,,,,,,,,,,,,,,,,,,,
12,32,35,35,26,26,25,28,28,30,31,49,48,47,42,42,41,39,29,28,28,27,26,26,34,58,50,54,41,42,43,29,30,28,27,31,26,27,52,54,46,46,44,41,40,28,28,28,27,31,26,30,47,40,53,40,39,39,42,30,27,25,23,23,23,,,,,,,,,,,,,,,,,,,,,,,,,,,,,,,,,,,,,,,,,,,,,,,,,,,,,,,,,,,,,,,,,,,,,,,,,,,,,,,,,,,,,,,,,,,,,,,,,,,,,,,,,,,,,,,,,,,,,,,,,,,,,,,,,,,,,,,,,,,,,,,,,,,,,,,,,,,,,,,,,,,,,,,,,,,,,,,,,,,,,,,,,,,,,,,,
13,29,33,30,26,22,23,23,24,22,28,40,39,43,38,31,34,36,24,25,24,27,25,22,26,40,42,44,34,37,35,31,25,27,25,27,26,24,34,43,47,38,36,35,33,34,28,24,26,26,28,25,34,45,42,41,38,36,36,25,23,24,23,22,21,,,,,,,,,,,,,,,,,,,,,,,,,,,,,,,,,,,,,,,,,,,,,,,,,,,,,,,,,,,,,,,,,,,,,,,,,,,,,,,,,,,,,,,,,,,,,,,,,,,,,,,,,,,,,,,,,,,,,,,,,,,,,,,,,,,,,,,,,,,,,,,,,,,,,,,,,,,,,,,,,,,,,,,,,,,,,,,,,,,,,,,,,,,,,,,,
14,30,29,28,37,24,26,29,23,24,24,24,36,44,40,32,37,43,32,27,25,26,27,26,22,33,40,38,43,36,35,31,24,28,23,26,23,29,23,41,37,37,44,32,38,36,28,27,25,27,23,27,27,44,42,38,31,35,34,31,24,24,20,23,19,,,,,,,,,,,,,,,,,,,,,,,,,,,,,,,,,,,,,,,,,,,,,,,,,,,,,,,,,,,,,,,,,,,,,,,,,,,,,,,,,,,,,,,,,,,,,,,,,,,,,,,,,,,,,,,,,,,,,,,,,,,,,,,,,,,,,,,,,,,,,,,,,,,,,,,,,,,,,,,,,,,,,,,,,,,,,,,,,,,,,,,,,,,,,,,,
15,31,30,29,32,31,26,25,27,28,25,27,35,39,43,39,36,34,31,27,26,23,27,27,27,27,41,40,42,42,35,34,35,21,28,25,28,28,28,29,39,45,43,40,39,40,37,27,25,25,26,25,25,38,45,44,43,34,37,34,27,22,23,22,22,,,,,,,,,,,,,,,,,,,,,,,,,,,,,,,,,,,,,,,,,,,,,,,,,,,,,,,,,,,,,,,,,,,,,,,,,,,,,,,,,,,,,,,,,,,,,,,,,,,,,,,,,,,,,,,,,,,,,,,,,,,,,,,,,,,,,,,,,,,,,,,,,,,,,,,,,,,,,,,,,,,,,,,,,,,,,,,,,,,,,,,,,,,,,,,,
16,29,21,22,24,24,24,23,31,35,38,38,36,37,36,25,25,25,24,24,26,25,41,40,40,38,33,33,33,23,26,24,26,22,24,25,41,45,43,33,33,34,31,24,28,23,23,25,23,32,42,38,40,33,35,34,25,24,23,23,23,24,24,34,28,,,,,,,,,,,,,,,,,,,,,,,,,,,,,,,,,,,,,,,,,,,,,,,,,,,,,,,,,,,,,,,,,,,,,,,,,,,,,,,,,,,,,,,,,,,,,,,,,,,,,,,,,,,,,,,,,,,,,,,,,,,,,,,,,,,,,,,,,,,,,,,,,,,,,,,,,,,,,,,,,,,,,,,,,,,,,,,,,,,,,,,,,,,,,,,,
17,28,26,23,29,25,28,28,30,45,49,48,40,41,36,41,30,29,29,31,28,32,39,44,44,43,36,45,44,42,27,30,28,30,28,30,37,53,47,47,37,35,43,32,30,29,29,30,28,31,47,51,45,50,40,36,41,28,29,26,27,27,27,23,34,,,,,,,,,,,,,,,,,,,,,,,,,,,,,,,,,,,,,,,,,,,,,,,,,,,,,,,,,,,,,,,,,,,,,,,,,,,,,,,,,,,,,,,,,,,,,,,,,,,,,,,,,,,,,,,,,,,,,,,,,,,,,,,,,,,,,,,,,,,,,,,,,,,,,,,,,,,,,,,,,,,,,,,,,,,,,,,,,,,,,,,,,,,,,,,,
18,27,33,26,27,27,26,29,28,35,43,44,47,39,42,41,28,25,30,28,29,29,28,46,50,46,49,38,38,39,33,26,30,31,28,27,29,44,48,45,39,41,40,38,26,31,28,29,28,30,37,46,43,52,35,44,39,39,30,26,25,27,23,23,26,,,,,,,,,,,,,,,,,,,,,,,,,,,,,,,,,,,,,,,,,,,,,,,,,,,,,,,,,,,,,,,,,,,,,,,,,,,,,,,,,,,,,,,,,,,,,,,,,,,,,,,,,,,,,,,,,,,,,,,,,,,,,,,,,,,,,,,,,,,,,,,,,,,,,,,,,,,,,,,,,,,,,,,,,,,,,,,,,,,,,,,,,,,,,,,,
19,32,38,29,30,28,33,27,32,30,59,57,45,54,43,46,43,33,34,32,30,30,28,33,54,49,52,38,43,43,43,35,30,30,32,33,30,40,50,51,53,52,45,47,33,32,32,32,30,30,28,57,53,52,55,41,45,45,32,30,29,30,27,21,23,,,,,,,,,,,,,,,,,,,,,,,,,,,,,,,,,,,,,,,,,,,,,,,,,,,,,,,,,,,,,,,,,,,,,,,,,,,,,,,,,,,,,,,,,,,,,,,,,,,,,,,,,,,,,,,,,,,,,,,,,,,,,,,,,,,,,,,,,,,,,,,,,,,,,,,,,,,,,,,,,,,,,,,,,,,,,,,,,,,,,,,,,,,,,,,,
20,27,28,31,23,23,23,27,28,24,35,46,46,43,35,37,37,39,24,27,23,24,28,26,35,43,40,40,37,36,38,25,28,28,25,26,25,23,42,39,44,40,34,39,35,30,26,26,28,26,26,28,39,38,46,38,33,33,38,27,26,23,23,23,23,,,,,,,,,,,,,,,,,,,,,,,,,,,,,,,,,,,,,,,,,,,,,,,,,,,,,,,,,,,,,,,,,,,,,,,,,,,,,,,,,,,,,,,,,,,,,,,,,,,,,,,,,,,,,,,,,,,,,,,,,,,,,,,,,,,,,,,,,,,,,,,,,,,,,,,,,,,,,,,,,,,,,,,,,,,,,,,,,,,,,,,,,,,,,,,,
21,28,31,30,29,24,26,26,27,26,26,43,47,44,45,38,41,33,26,28,30,25,28,26,23,45,40,44,36,35,40,37,29,26,26,28,26,26,37,46,44,41,38,35,34,37,25,25,26,28,26,26,39,43,40,45,38,35,35,23,25,26,28,21,19,,,,,,,,,,,,,,,,,,,,,,,,,,,,,,,,,,,,,,,,,,,,,,,,,,,,,,,,,,,,,,,,,,,,,,,,,,,,,,,,,,,,,,,,,,,,,,,,,,,,,,,,,,,,,,,,,,,,,,,,,,,,,,,,,,,,,,,,,,,,,,,,,,,,,,,,,,,,,,,,,,,,,,,,,,,,,,,,,,,,,,,,,,,,,,,,
22,32,29,30,32,25,26,26,23,26,26,30,39,43,42,36,38,30,38,26,30,24,28,26,24,33,43,42,41,37,41,36,28,26,27,26,28,26,27,42,41,40,44,35,34,36,27,28,24,27,28,24,28,44,39,39,35,36,32,35,26,23,23,22,20,,,,,,,,,,,,,,,,,,,,,,,,,,,,,,,,,,,,,,,,,,,,,,,,,,,,,,,,,,,,,,,,,,,,,,,,,,,,,,,,,,,,,,,,,,,,,,,,,,,,,,,,,,,,,,,,,,,,,,,,,,,,,,,,,,,,,,,,,,,,,,,,,,,,,,,,,,,,,,,,,,,,,,,,,,,,,,,,,,,,,,,,,,,,,,,,
23,30,30,30,27,32,25,24,24,26,24,25,31,37,39,38,33,31,33,24,22,26,24,24,23,24,41,46,38,44,32,32,33,23,26,25,24,28,27,23,37,37,41,32,33,33,30,26,27,23,24,25,23,28,36,41,37,32,30,28,23,22,21,19,19,,,,,,,,,,,,,,,,,,,,,,,,,,,,,,,,,,,,,,,,,,,,,,,,,,,,,,,,,,,,,,,,,,,,,,,,,,,,,,,,,,,,,,,,,,,,,,,,,,,,,,,,,,,,,,,,,,,,,,,,,,,,,,,,,,,,,,,,,,,,,,,,,,,,,,,,,,,,,,,,,,,,,,,,,,,,,,,,,,,,,,,,,,,,,,,,
24,33,26,29,31,29,30,31,40,45,49,48,41,42,41,32,36,30,29,33,29,34,45,52,51,48,45,50,40,29,33,31,35,33,30,33,47,44,52,42,45,39,47,31,31,27,33,35,31,40,50,53,48,49,42,42,31,31,28,30,31,29,27,45,38,,,,,,,,,,,,,,,,,,,,,,,,,,,,,,,,,,,,,,,,,,,,,,,,,,,,,,,,,,,,,,,,,,,,,,,,,,,,,,,,,,,,,,,,,,,,,,,,,,,,,,,,,,,,,,,,,,,,,,,,,,,,,,,,,,,,,,,,,,,,,,,,,,,,,,,,,,,,,,,,,,,,,,,,,,,,,,,,,,,,,,,,,,,,,,,,
25,28,24,22,28,25,26,29,26,37,44,39,33,34,33,38,29,29,28,26,26,28,32,39,43,42,39,36,37,35,27,28,29,28,29,27,34,43,39,43,35,35,33,26,29,28,27,26,29,28,39,41,41,41,34,35,35,28,26,25,27,26,23,23,37,,,,,,,,,,,,,,,,,,,,,,,,,,,,,,,,,,,,,,,,,,,,,,,,,,,,,,,,,,,,,,,,,,,,,,,,,,,,,,,,,,,,,,,,,,,,,,,,,,,,,,,,,,,,,,,,,,,,,,,,,,,,,,,,,,,,,,,,,,,,,,,,,,,,,,,,,,,,,,,,,,,,,,,,,,,,,,,,,,,,,,,,,,,,,,,,
26,29,32,27,27,27,27,27,26,34,45,43,41,42,37,44,26,28,31,29,26,28,31,44,46,44,47,39,39,38,26,28,28,31,29,26,29,49,39,45,38,41,39,39,26,27,28,29,30,26,36,42,47,42,42,37,35,32,25,29,29,28,26,25,31,,,,,,,,,,,,,,,,,,,,,,,,,,,,,,,,,,,,,,,,,,,,,,,,,,,,,,,,,,,,,,,,,,,,,,,,,,,,,,,,,,,,,,,,,,,,,,,,,,,,,,,,,,,,,,,,,,,,,,,,,,,,,,,,,,,,,,,,,,,,,,,,,,,,,,,,,,,,,,,,,,,,,,,,,,,,,,,,,,,,,,,,,,,,,,,,
27,25,31,25,26,26,26,24,30,26,48,41,42,44,35,37,38,29,29,25,30,26,29,25,40,43,49,36,35,33,37,27,27,28,26,29,31,36,43,41,47,36,37,36,30,27,26,28,27,29,29,46,41,43,43,40,36,34,26,24,28,29,24,23,25,,,,,,,,,,,,,,,,,,,,,,,,,,,,,,,,,,,,,,,,,,,,,,,,,,,,,,,,,,,,,,,,,,,,,,,,,,,,,,,,,,,,,,,,,,,,,,,,,,,,,,,,,,,,,,,,,,,,,,,,,,,,,,,,,,,,,,,,,,,,,,,,,,,,,,,,,,,,,,,,,,,,,,,,,,,,,,,,,,,,,,,,,,,,,,,,
28,29,36,30,28,27,24,26,27,29,31,40,43,41,36,36,41,34,27,29,27,27,27,28,33,43,40,43,36,34,39,27,29,26,26,26,29,27,42,41,47,44,34,39,36,26,29,34,26,28,26,27,43,43,41,34,37,38,38,28,29,27,25,24,25,,,,,,,,,,,,,,,,,,,,,,,,,,,,,,,,,,,,,,,,,,,,,,,,,,,,,,,,,,,,,,,,,,,,,,,,,,,,,,,,,,,,,,,,,,,,,,,,,,,,,,,,,,,,,,,,,,,,,,,,,,,,,,,,,,,,,,,,,,,,,,,,,,,,,,,,,,,,,,,,,,,,,,,,,,,,,,,,,,,,,,,,,,,,,,,,
29,29,29,30,26,24,27,25,28,28,29,38,43,40,41,33,36,35,26,30,26,27,27,26,24,47,35,43,39,36,37,36,29,26,25,29,28,29,35,44,44,43,35,35,36,36,27,30,29,30,32,25,35,38,42,40,38,33,36,27,25,24,25,24,22,,,,,,,,,,,,,,,,,,,,,,,,,,,,,,,,,,,,,,,,,,,,,,,,,,,,,,,,,,,,,,,,,,,,,,,,,,,,,,,,,,,,,,,,,,,,,,,,,,,,,,,,,,,,,,,,,,,,,,,,,,,,,,,,,,,,,,,,,,,,,,,,,,,,,,,,,,,,,,,,,,,,,,,,,,,,,,,,,,,,,,,,,,,,,,,,
30,31,30,33,33,24,26,26,25,27,26,27,41,39,45,35,35,33,35,28,25,26,26,26,28,34,43,43,43,40,37,36,27,29,27,25,29,26,27,44,40,43,42,35,34,35,28,26,26,28,26,26,26,43,39,45,34,34,31,36,26,26,25,26,22,,,,,,,,,,,,,,,,,,,,,,,,,,,,,,,,,,,,,,,,,,,,,,,,,,,,,,,,,,,,,,,,,,,,,,,,,,,,,,,,,,,,,,,,,,,,,,,,,,,,,,,,,,,,,,,,,,,,,,,,,,,,,,,,,,,,,,,,,,,,,,,,,,,,,,,,,,,,,,,,,,,,,,,,,,,,,,,,,,,,,,,,,,,,,,,,
31,33,30,29,34,33,25,26,28,25,26,25,35,38,40,39,33,36,33,25,26,28,26,26,25,27,40,43,40,40,35,35,36,26,29,27,25,29,27,26,41,44,44,36,35,37,36,29,30,25,24,25,26,31,37,40,41,35,33,33,22,26,26,22,24,,,,,,,,,,,,,,,,,,,,,,,,,,,,,,,,,,,,,,,,,,,,,,,,,,,,,,,,,,,,,,,,,,,,,,,,,,,,,,,,,,,,,,,,,,,,,,,,,,,,,,,,,,,,,,,,,,,,,,,,,,,,,,,,,,,,,,,,,,,,,,,,,,,,,,,,,,,,,,,,,,,,,,,,,,,,,,,,,,,,,,,,,,,,,,,,
32,36,24,28,29,27,28,29,40,46,49,50,43,42,45,32,27,30,27,36,27,35,45,53,48,51,40,42,37,29,33,34,31,30,30,32,46,53,44,41,43,40,43,29,34,31,30,34,31,38,46,47,45,35,42,43,31,35,30,31,28,26,27,39,39,,,,,,,,,,,,,,,,,,,,,,,,,,,,,,,,,,,,,,,,,,,,,,,,,,,,,,,,,,,,,,,,,,,,,,,,,,,,,,,,,,,,,,,,,,,,,,,,,,,,,,,,,,,,,,,,,,,,,,,,,,,,,,,,,,,,,,,,,,,,,,,,,,,,,,,,,,,,,,,,,,,,,,,,,,,,,,,,,,,,,,,,,,,,,,,,
33,28,25,27,26,26,28,27,28,41,42,45,37,36,39,41,30,27,28,26,29,32,35,40,45,43,39,42,39,39,28,29,29,28,26,28,35,44,42,44,39,37,36,28,30,28,32,28,30,27,45,43,47,46,38,38,37,31,26,28,28,25,28,23,35,,,,,,,,,,,,,,,,,,,,,,,,,,,,,,,,,,,,,,,,,,,,,,,,,,,,,,,,,,,,,,,,,,,,,,,,,,,,,,,,,,,,,,,,,,,,,,,,,,,,,,,,,,,,,,,,,,,,,,,,,,,,,,,,,,,,,,,,,,,,,,,,,,,,,,,,,,,,,,,,,,,,,,,,,,,,,,,,,,,,,,,,,,,,,,,,
34,31,31,27,26,28,28,29,27,36,47,47,47,39,44,41,32,33,32,32,33,28,27,48,48,45,47,36,40,37,31,29,29,31,33,28,30,47,48,47,39,41,45,46,32,30,32,32,28,31,39,45,46,45,40,44,36,37,28,28,31,27,27,26,35,,,,,,,,,,,,,,,,,,,,,,,,,,,,,,,,,,,,,,,,,,,,,,,,,,,,,,,,,,,,,,,,,,,,,,,,,,,,,,,,,,,,,,,,,,,,,,,,,,,,,,,,,,,,,,,,,,,,,,,,,,,,,,,,,,,,,,,,,,,,,,,,,,,,,,,,,,,,,,,,,,,,,,,,,,,,,,,,,,,,,,,,,,,,,,,,
35,32,31,26,27,29,28,28,29,27,43,46,41,44,39,32,38,29,31,29,27,29,27,29,43,45,47,38,44,39,40,31,32,29,30,29,31,36,43,45,43,40,38,40,29,29,30,27,28,28,27,45,42,46,46,39,38,34,29,29,29,26,26,23,24,,,,,,,,,,,,,,,,,,,,,,,,,,,,,,,,,,,,,,,,,,,,,,,,,,,,,,,,,,,,,,,,,,,,,,,,,,,,,,,,,,,,,,,,,,,,,,,,,,,,,,,,,,,,,,,,,,,,,,,,,,,,,,,,,,,,,,,,,,,,,,,,,,,,,,,,,,,,,,,,,,,,,,,,,,,,,,,,,,,,,,,,,,,,,,,,
36,31,35,34,26,26,28,29,29,29,33,41,45,40,37,36,40,35,29,32,27,30,30,32,33,48,45,45,35,43,39,28,29,30,26,27,29,28,44,45,43,47,41,40,38,30,31,28,27,31,28,29,44,42,43,35,38,40,43,30,27,26,23,24,25,,,,,,,,,,,,,,,,,,,,,,,,,,,,,,,,,,,,,,,,,,,,,,,,,,,,,,,,,,,,,,,,,,,,,,,,,,,,,,,,,,,,,,,,,,,,,,,,,,,,,,,,,,,,,,,,,,,,,,,,,,,,,,,,,,,,,,,,,,,,,,,,,,,,,,,,,,,,,,,,,,,,,,,,,,,,,,,,,,,,,,,,,,,,,,,,
37,31,36,33,28,28,28,29,29,30,30,40,45,40,47,40,35,39,29,31,29,30,29,26,31,47,43,45,43,38,39,40,28,29,27,33,28,29,36,45,48,44,39,37,40,37,31,26,31,32,30,28,36,46,45,47,37,36,36,29,27,27,26,22,24,,,,,,,,,,,,,,,,,,,,,,,,,,,,,,,,,,,,,,,,,,,,,,,,,,,,,,,,,,,,,,,,,,,,,,,,,,,,,,,,,,,,,,,,,,,,,,,,,,,,,,,,,,,,,,,,,,,,,,,,,,,,,,,,,,,,,,,,,,,,,,,,,,,,,,,,,,,,,,,,,,,,,,,,,,,,,,,,,,,,,,,,,,,,,,,,
38,31,29,31,33,27,27,27,25,26,27,24,39,40,39,36,36,34,37,28,27,23,25,28,28,32,41,40,42,37,36,36,27,27,28,28,29,28,26,38,43,42,44,32,35,38,31,25,28,28,26,28,26,42,42,39,31,36,34,32,24,27,27,24,22,,,,,,,,,,,,,,,,,,,,,,,,,,,,,,,,,,,,,,,,,,,,,,,,,,,,,,,,,,,,,,,,,,,,,,,,,,,,,,,,,,,,,,,,,,,,,,,,,,,,,,,,,,,,,,,,,,,,,,,,,,,,,,,,,,,,,,,,,,,,,,,,,,,,,,,,,,,,,,,,,,,,,,,,,,,,,,,,,,,,,,,,,,,,,,,,
39,36,32,35,36,32,30,27,31,27,30,27,38,41,47,44,40,35,38,27,26,28,28,29,28,30,44,48,45,44,41,40,39,31,29,30,28,28,29,30,42,46,42,39,44,41,39,28,30,29,28,30,26,32,39,46,43,36,34,33,26,29,26,23,24,,,,,,,,,,,,,,,,,,,,,,,,,,,,,,,,,,,,,,,,,,,,,,,,,,,,,,,,,,,,,,,,,,,,,,,,,,,,,,,,,,,,,,,,,,,,,,,,,,,,,,,,,,,,,,,,,,,,,,,,,,,,,,,,,,,,,,,,,,,,,,,,,,,,,,,,,,,,,,,,,,,,,,,,,,,,,,,,,,,,,,,,,,,,,,,,
40,32,28,26,24,30,31,28,40,41,47,44,39,40,37,30,29,28,29,30,33,27,51,44,46,47,45,38,42,29,31,29,32,30,28,32,46,46,43,39,41,36,39,26,32,30,29,30,30,37,41,47,47,40,41,40,28,30,26,28,27,27,27,37,38,,,,,,,,,,,,,,,,,,,,,,,,,,,,,,,,,,,,,,,,,,,,,,,,,,,,,,,,,,,,,,,,,,,,,,,,,,,,,,,,,,,,,,,,,,,,,,,,,,,,,,,,,,,,,,,,,,,,,,,,,,,,,,,,,,,,,,,,,,,,,,,,,,,,,,,,,,,,,,,,,,,,,,,,,,,,,,,,,,,,,,,,,,,,,,,,
41,30,25,24,24,27,26,27,29,42,40,43,35,35,36,37,30,31,26,29,25,26,32,42,41,36,37,36,33,36,29,25,28,28,27,28,33,40,40,45,37,36,32,30,27,28,29,27,27,27,41,41,43,39,39,36,36,30,26,24,27,29,24,23,30,,,,,,,,,,,,,,,,,,,,,,,,,,,,,,,,,,,,,,,,,,,,,,,,,,,,,,,,,,,,,,,,,,,,,,,,,,,,,,,,,,,,,,,,,,,,,,,,,,,,,,,,,,,,,,,,,,,,,,,,,,,,,,,,,,,,,,,,,,,,,,,,,,,,,,,,,,,,,,,,,,,,,,,,,,,,,,,,,,,,,,,,,,,,,,,,
42,30,32,28,29,30,31,26,30,42,45,48,41,40,42,37,36,30,32,30,32,32,28,43,50,45,56,37,37,39,32,27,32,30,34,32,31,51,52,49,44,38,44,33,30,29,32,30,32,29,36,49,49,43,42,36,40,39,28,30,28,27,30,27,33,,,,,,,,,,,,,,,,,,,,,,,,,,,,,,,,,,,,,,,,,,,,,,,,,,,,,,,,,,,,,,,,,,,,,,,,,,,,,,,,,,,,,,,,,,,,,,,,,,,,,,,,,,,,,,,,,,,,,,,,,,,,,,,,,,,,,,,,,,,,,,,,,,,,,,,,,,,,,,,,,,,,,,,,,,,,,,,,,,,,,,,,,,,,,,,,
43,28,34,27,26,27,27,28,30,27,46,42,41,47,37,33,38,32,27,28,29,31,31,30,48,48,50,45,42,37,38,30,30,27,27,29,31,40,45,46,43,38,41,35,27,28,31,31,29,30,28,42,41,45,48,36,38,37,28,27,27,28,26,25,23,,,,,,,,,,,,,,,,,,,,,,,,,,,,,,,,,,,,,,,,,,,,,,,,,,,,,,,,,,,,,,,,,,,,,,,,,,,,,,,,,,,,,,,,,,,,,,,,,,,,,,,,,,,,,,,,,,,,,,,,,,,,,,,,,,,,,,,,,,,,,,,,,,,,,,,,,,,,,,,,,,,,,,,,,,,,,,,,,,,,,,,,,,,,,,,,
44,26,28,33,23,27,23,26,27,25,30,38,39,39,34,32,36,36,26,25,24,27,27,26,30,37,42,41,32,34,39,25,28,26,29,25,27,27,42,40,42,41,36,33,38,25,27,26,28,30,26,27,40,39,42,36,33,34,35,26,26,23,22,24,21,,,,,,,,,,,,,,,,,,,,,,,,,,,,,,,,,,,,,,,,,,,,,,,,,,,,,,,,,,,,,,,,,,,,,,,,,,,,,,,,,,,,,,,,,,,,,,,,,,,,,,,,,,,,,,,,,,,,,,,,,,,,,,,,,,,,,,,,,,,,,,,,,,,,,,,,,,,,,,,,,,,,,,,,,,,,,,,,,,,,,,,,,,,,,,,,
45,29,33,32,26,27,26,29,30,27,28,40,43,42,43,39,36,37,26,30,28,27,31,25,27,46,40,45,39,39,37,35,28,28,29,30,27,27,37,42,45,39,36,36,36,33,29,28,29,26,32,29,36,41,44,42,40,36,35,26,24,23,24,23,22,,,,,,,,,,,,,,,,,,,,,,,,,,,,,,,,,,,,,,,,,,,,,,,,,,,,,,,,,,,,,,,,,,,,,,,,,,,,,,,,,,,,,,,,,,,,,,,,,,,,,,,,,,,,,,,,,,,,,,,,,,,,,,,,,,,,,,,,,,,,,,,,,,,,,,,,,,,,,,,,,,,,,,,,,,,,,,,,,,,,,,,,,,,,,,,,
46,39,37,34,35,29,34,32,30,30,30,28,48,48,47,40,37,41,40,31,33,32,32,29,30,37,40,50,48,37,37,45,27,30,30,29,32,30,29,51,45,45,50,39,39,42,30,31,33,32,30,29,36,49,51,44,38,44,41,39,29,30,24,25,24,,,,,,,,,,,,,,,,,,,,,,,,,,,,,,,,,,,,,,,,,,,,,,,,,,,,,,,,,,,,,,,,,,,,,,,,,,,,,,,,,,,,,,,,,,,,,,,,,,,,,,,,,,,,,,,,,,,,,,,,,,,,,,,,,,,,,,,,,,,,,,,,,,,,,,,,,,,,,,,,,,,,,,,,,,,,,,,,,,,,,,,,,,,,,,,,
47,37,34,37,44,37,29,27,31,30,27,32,38,49,45,49,42,40,45,29,29,31,27,30,32,32,44,48,45,47,40,39,39,28,30,32,32,34,30,30,41,53,51,39,42,41,39,34,30,33,31,31,30,37,52,50,50,40,36,42,29,29,27,26,25,,,,,,,,,,,,,,,,,,,,,,,,,,,,,,,,,,,,,,,,,,,,,,,,,,,,,,,,,,,,,,,,,,,,,,,,,,,,,,,,,,,,,,,,,,,,,,,,,,,,,,,,,,,,,,,,,,,,,,,,,,,,,,,,,,,,,,,,,,,,,,,,,,,,,,,,,,,,,,,,,,,,,,,,,,,,,,,,,,,,,,,,,,,,,,,,
48,33,27,26,27,29,25,29,36,46,50,51,41,46,38,33,28,30,28,36,31,29,49,47,54,52,38,47,41,29,34,31,31,32,31,34,51,51,42,44,45,44,43,29,31,31,34,32,30,39,52,55,49,43,43,44,31,31,32,28,29,28,29,40,36,,,,,,,,,,,,,,,,,,,,,,,,,,,,,,,,,,,,,,,,,,,,,,,,,,,,,,,,,,,,,,,,,,,,,,,,,,,,,,,,,,,,,,,,,,,,,,,,,,,,,,,,,,,,,,,,,,,,,,,,,,,,,,,,,,,,,,,,,,,,,,,,,,,,,,,,,,,,,,,,,,,,,,,,,,,,,,,,,,,,,,,,,,,,,,,,
49,29,25,26,27,26,26,27,29,46,48,41,37,40,37,40,29,28,26,31,30,30,31,42,46,43,41,43,39,43,30,30,31,29,28,31,37,48,45,50,39,40,38,30,28,28,26,28,29,27,46,47,43,43,42,35,39,30,30,28,26,25,25,24,38,,,,,,,,,,,,,,,,,,,,,,,,,,,,,,,,,,,,,,,,,,,,,,,,,,,,,,,,,,,,,,,,,,,,,,,,,,,,,,,,,,,,,,,,,,,,,,,,,,,,,,,,,,,,,,,,,,,,,,,,,,,,,,,,,,,,,,,,,,,,,,,,,,,,,,,,,,,,,,,,,,,,,,,,,,,,,,,,,,,,,,,,,,,,,,,,
50,28,32,24,26,28,26,26,30,34,39,40,42,33,38,35,28,26,27,28,26,28,28,44,43,41,40,35,33,38,25,26,30,28,27,27,26,40,42,41,39,39,40,36,27,28,27,27,26,26,36,42,42,46,37,36,37,36,24,28,26,27,24,24,27,,,,,,,,,,,,,,,,,,,,,,,,,,,,,,,,,,,,,,,,,,,,,,,,,,,,,,,,,,,,,,,,,,,,,,,,,,,,,,,,,,,,,,,,,,,,,,,,,,,,,,,,,,,,,,,,,,,,,,,,,,,,,,,,,,,,,,,,,,,,,,,,,,,,,,,,,,,,,,,,,,,,,,,,,,,,,,,,,,,,,,,,,,,,,,,,
51,31,31,28,25,26,28,25,25,27,43,44,45,45,34,38,39,29,28,27,29,27,28,25,42,43,42,37,33,36,39,30,27,27,28,27,30,34,45,46,47,36,39,37,27,27,27,28,31,31,28,46,47,41,37,38,38,37,28,25,28,24,27,23,23,,,,,,,,,,,,,,,,,,,,,,,,,,,,,,,,,,,,,,,,,,,,,,,,,,,,,,,,,,,,,,,,,,,,,,,,,,,,,,,,,,,,,,,,,,,,,,,,,,,,,,,,,,,,,,,,,,,,,,,,,,,,,,,,,,,,,,,,,,,,,,,,,,,,,,,,,,,,,,,,,,,,,,,,,,,,,,,,,,,,,,,,,,,,,,,,
52,26,31,32,24,25,25,24,25,23,34,40,35,40,36,30,32,36,25,28,24,26,28,26,32,38,39,41,30,34,36,27,25,24,23,27,25,28,36,37,36,37,33,33,34,25,27,25,24,26,24,28,38,35,42,35,32,32,32,25,25,25,22,24,19,,,,,,,,,,,,,,,,,,,,,,,,,,,,,,,,,,,,,,,,,,,,,,,,,,,,,,,,,,,,,,,,,,,,,,,,,,,,,,,,,,,,,,,,,,,,,,,,,,,,,,,,,,,,,,,,,,,,,,,,,,,,,,,,,,,,,,,,,,,,,,,,,,,,,,,,,,,,,,,,,,,,,,,,,,,,,,,,,,,,,,,,,,,,,,,,
53,31,30,36,28,30,28,27,29,30,32,47,50,50,43,43,42,38,26,32,29,28,30,32,28,45,44,50,39,40,44,40,29,31,30,28,28,32,35,47,51,50,43,44,38,40,30,30,28,30,31,29,37,49,48,45,40,41,40,28,29,25,25,25,22,,,,,,,,,,,,,,,,,,,,,,,,,,,,,,,,,,,,,,,,,,,,,,,,,,,,,,,,,,,,,,,,,,,,,,,,,,,,,,,,,,,,,,,,,,,,,,,,,,,,,,,,,,,,,,,,,,,,,,,,,,,,,,,,,,,,,,,,,,,,,,,,,,,,,,,,,,,,,,,,,,,,,,,,,,,,,,,,,,,,,,,,,,,,,,,,
54,38,30,36,38,28,27,28,26,28,29,28,45,47,43,36,40,36,37,32,30,28,26,29,26,35,39,42,43,34,45,37,32,28,32,31,28,25,26,44,48,42,50,36,40,37,30,28,29,30,29,27,27,43,39,42,30,35,32,34,26,27,24,25,22,,,,,,,,,,,,,,,,,,,,,,,,,,,,,,,,,,,,,,,,,,,,,,,,,,,,,,,,,,,,,,,,,,,,,,,,,,,,,,,,,,,,,,,,,,,,,,,,,,,,,,,,,,,,,,,,,,,,,,,,,,,,,,,,,,,,,,,,,,,,,,,,,,,,,,,,,,,,,,,,,,,,,,,,,,,,,,,,,,,,,,,,,,,,,,,,
55,40,34,32,37,41,30,30,28,29,29,30,37,44,50,45,42,42,42,29,31,26,28,28,30,28,50,50,43,50,42,38,39,29,29,31,31,30,34,33,42,44,46,40,41,39,40,32,28,28,28,34,29,41,44,47,45,38,37,45,28,27,27,24,26,,,,,,,,,,,,,,,,,,,,,,,,,,,,,,,,,,,,,,,,,,,,,,,,,,,,,,,,,,,,,,,,,,,,,,,,,,,,,,,,,,,,,,,,,,,,,,,,,,,,,,,,,,,,,,,,,,,,,,,,,,,,,,,,,,,,,,,,,,,,,,,,,,,,,,,,,,,,,,,,,,,,,,,,,,,,,,,,,,,,,,,,,,,,,,,,
56,25,21,23,22,23,23,25,30,40,38,45,35,35,37,25,25,27,27,24,27,26,35,37,36,40,36,34,30,26,27,29,26,23,24,26,36,39,38,35,32,36,34,26,26,25,27,26,29,32,41,43,38,38,32,31,25,22,26,24,25,25,22,33,29,,,,,,,,,,,,,,,,,,,,,,,,,,,,,,,,,,,,,,,,,,,,,,,,,,,,,,,,,,,,,,,,,,,,,,,,,,,,,,,,,,,,,,,,,,,,,,,,,,,,,,,,,,,,,,,,,,,,,,,,,,,,,,,,,,,,,,,,,,,,,,,,,,,,,,,,,,,,,,,,,,,,,,,,,,,,,,,,,,,,,,,,,,,,,,,,
57,26,24,23,28,25,26,27,26,44,47,43,39,38,37,37,27,29,26,24,28,28,33,43,44,42,37,35,38,35,26,26,26,29,26,27,36,41,44,45,41,36,35,26,27,27,30,24,27,26,52,44,49,45,41,34,34,26,28,23,25,26,22,22,32,,,,,,,,,,,,,,,,,,,,,,,,,,,,,,,,,,,,,,,,,,,,,,,,,,,,,,,,,,,,,,,,,,,,,,,,,,,,,,,,,,,,,,,,,,,,,,,,,,,,,,,,,,,,,,,,,,,,,,,,,,,,,,,,,,,,,,,,,,,,,,,,,,,,,,,,,,,,,,,,,,,,,,,,,,,,,,,,,,,,,,,,,,,,,,,,
58,26,29,22,27,22,25,26,26,33,37,38,38,34,35,31,27,26,26,26,24,25,25,37,43,38,36,32,36,32,22,25,23,27,26,25,26,41,41,41,32,32,36,35,25,29,27,29,25,25,32,41,46,39,37,32,30,33,27,25,22,25,22,23,27,,,,,,,,,,,,,,,,,,,,,,,,,,,,,,,,,,,,,,,,,,,,,,,,,,,,,,,,,,,,,,,,,,,,,,,,,,,,,,,,,,,,,,,,,,,,,,,,,,,,,,,,,,,,,,,,,,,,,,,,,,,,,,,,,,,,,,,,,,,,,,,,,,,,,,,,,,,,,,,,,,,,,,,,,,,,,,,,,,,,,,,,,,,,,,,,
59,27,25,22,22,26,25,22,24,23,38,36,41,39,31,33,33,26,25,22,25,23,26,23,37,41,38,33,30,35,35,25,25,26,25,24,26,28,39,39,38,36,31,33,26,25,26,24,25,28,26,39,38,39,44,31,32,30,25,25,25,22,22,20,21,,,,,,,,,,,,,,,,,,,,,,,,,,,,,,,,,,,,,,,,,,,,,,,,,,,,,,,,,,,,,,,,,,,,,,,,,,,,,,,,,,,,,,,,,,,,,,,,,,,,,,,,,,,,,,,,,,,,,,,,,,,,,,,,,,,,,,,,,,,,,,,,,,,,,,,,,,,,,,,,,,,,,,,,,,,,,,,,,,,,,,,,,,,,,,,,
60,25,27,32,24,21,23,23,23,24,29,38,38,39,32,32,31,37,25,25,25,24,25,23,29,37,43,38,33,30,34,26,27,23,25,25,22,24,37,38,39,38,32,33,35,26,27,28,25,27,24,23,37,41,37,32,33,36,33,25,23,22,21,21,18,,,,,,,,,,,,,,,,,,,,,,,,,,,,,,,,,,,,,,,,,,,,,,,,,,,,,,,,,,,,,,,,,,,,,,,,,,,,,,,,,,,,,,,,,,,,,,,,,,,,,,,,,,,,,,,,,,,,,,,,,,,,,,,,,,,,,,,,,,,,,,,,,,,,,,,,,,,,,,,,,,,,,,,,,,,,,,,,,,,,,,,,,,,,,,,,
61,25,25,24,23,24,22,21,23,24,22,32,33,34,33,30,29,28,22,21,22,21,23,23,22,35,33,34,30,31,29,29,23,21,23,24,24,24,29,31,34,34,28,29,30,28,21,23,22,23,24,23,28,35,37,34,26,28,29,21,23,22,19,19,19,,,,,,,,,,,,,,,,,,,,,,,,,,,,,,,,,,,,,,,,,,,,,,,,,,,,,,,,,,,,,,,,,,,,,,,,,,,,,,,,,,,,,,,,,,,,,,,,,,,,,,,,,,,,,,,,,,,,,,,,,,,,,,,,,,,,,,,,,,,,,,,,,,,,,,,,,,,,,,,,,,,,,,,,,,,,,,,,,,,,,,,,,,,,,,,,
62,33,27,28,30,24,26,24,26,22,24,25,39,40,38,28,36,30,30,25,25,23,24,23,23,29,37,37,34,35,32,31,25,24,21,25,22,23,24,38,33,34,37,33,27,35,25,26,23,22,24,23,25,40,34,38,29,31,33,31,21,23,22,23,20,,,,,,,,,,,,,,,,,,,,,,,,,,,,,,,,,,,,,,,,,,,,,,,,,,,,,,,,,,,,,,,,,,,,,,,,,,,,,,,,,,,,,,,,,,,,,,,,,,,,,,,,,,,,,,,,,,,,,,,,,,,,,,,,,,,,,,,,,,,,,,,,,,,,,,,,,,,,,,,,,,,,,,,,,,,,,,,,,,,,,,,,,,,,,,,,
63,31,28,29,30,31,24,23,23,21,22,25,28,38,37,37,31,31,31,22,25,24,24,23,23,24,39,39,36,37,32,31,35,24,24,24,24,25,25,26,35,36,41,34,31,34,32,27,25,25,26,25,25,29,34,37,35,31,30,31,24,22,23,21,20,,,,,,,,,,,,,,,,,,,,,,,,,,,,,,,,,,,,,,,,,,,,,,,,,,,,,,,,,,,,,,,,,,,,,,,,,,,,,,,,,,,,,,,,,,,,,,,,,,,,,,,,,,,,,,,,,,,,,,,,,,,,,,,,,,,,,,,,,,,,,,,,,,,,,,,,,,,,,,,,,,,,,,,,,,,,,,,,,,,,,,,,,,,,,,,,
,,,,,,,,,,,,,,,,,,,,,,,,,,,,,,,,,,,,,,,,,,,,,,,,,,,,,,,,,,,,,,,,,,,,,,,,,,,,,,,,,,,,,,,,,,,,,,,,,,,,,,,,,,,,,,,,,,,,,,,,,,,,,,,,,,,,,,,,,,,,,,,,,,,,,,,,,,,,,,,,,,,,,,,,,,,,,,,,,,,,,,,,,,,,,,,,,,,,,,,,,,,,,,,,,,,,,,,,,,,,,,,,,,,,,,,,,,,,,,,,,,,,,,,,,,,,,,,,
value,0,1,2,3,4,5,6,7,8,9,10,11,12,13,14,15,16,17,18,19,20,21,22,23,24,25,26,27,28,29,30,31,32,33,34,35,36,37,38,39,40,41,42,43,44,45,46,47,48,49,50,51,52,53,54,55,56,57,58,59,60,61,62,63,64,65,66,67,68,69,70,71,72,73,74,75,76,77,78,79,80,81,82,83,84,85,86,87,88,89,90,91,92,93,94,95,96,97,98,99,100,101,102,103,104,105,106,107,108,109,110,111,112,113,114,115,116,117,118,119,120,121,122,123,124,125,126,127,128,129,130,131,132,133,134,135,136,137,138,139,140,141,142,143,144,145,146,147,148,149,150,151,152,153,154,155,156,157,158,159,160,161,162,163,164,165,166,167,168,169,170,171,172,173,174,175,176,177,178,179,180,181,182,183,184,185,186,187,188,189,190,191,192,193,194,195,196,197,198,199,200,201,202,203,204,205,206,207,208,209,210,211,212,213,214,215,216,217,218,219,220,221,222,223,224,225,226,227,228,229,230,231,232,233,234,235,236,237,238,239,240,241,242,243,244,245,246,247,248,249,250,251,252,253,254,255
count,0,0,0,0,0,0,0,0,0,0,0,0,0,0,0,0,3,0,6,25,51,76,101,159,197,210,290,251,283,223,212,162,153,121,117,116,159,133,120,131,120,101,97,103,80,86,41,51,28,20,25,13,12,8,5,2,1,2,1,1,0,0,0,0,0,0,0,0,0,0,0,0,0,0,0,0,0,0,0,0,0,0,0,0,0,0,0,0,0,0,0,0,0,0,0,0,0,0,0,0,0,0,0,0,0,0,0,0,0,0,0,0,0,0,0,0,0,0,0,0,0,0,0,0,0,0,0,0,0,0,0,0,0,0,0,0,0,0,0,0,0,0,0,0,0,0,0,0,0,0,0,0,0,0,0,0,0,0,0,0,0,0,0,0,0,0,0,0,0,0,0,0,0,0,0,0,0,0,0,0,0,0,0,0,0,0,0,0,0,0,0,0,0,0,0,0,0,0,0,0,0,0,0,0,0,0,0,0,0,0,0,0,0,0,0,0,0,0,0,0,0,0,0,0,0,0,0,0,0,0,0,0,0,0,0,0,0,0,0,0,0,0,0,0,0,0,0,0,0,0,0,0,0,0,0,0
,,,,,,,,,,,,,,,,,,,,,,,,,,,,,,,,,,,,,,,,,,,,,,,,,,,,,,,,,,,,,,,,,,,,,,,,,,,,,,,,,,,,,,,,,,,,,,,,,,,,,,,,,,,,,,,,,,,,,,,,,,,,,,,,,,,,,,,,,,,,,,,,,,,,,,,,,,,,,,,,,,,,,,,,,,,,,,,,,,,,,,,,,,,,,,,,,,,,,,,,,,,,,,,,,,,,,,,,,,,,,,,,,,,,,,,,,,,,,,,,,,,,,,,,,,,,,,,,
2,,,,,,,,,,,,,,,,,,,,,,,,,,,,,,,,,,,,,,,,,,,,,,,,,,,,,,,,,,,,,,,,,,,,,,,,,,,,,,,,,,,,,,,,,,,,,,,,,,,,,,,,,,,,,,,,,,,,,,,,,,,,,,,,,,,,,,,,,,,,,,,,,,,,,,,,,,,,,,,,,,,,,,,,,,,,,,,,,,,,,,,,,,,,,,,,,,,,,,,,,,,,,,,,,,,,,,,,,,,,,,,,,,,,,,,,,,,,,,,,,,,,,,,,,,,,,,,,
,0,1,2,3,4,5,6,7,8,9,10,11,12,13,14,15,16,17,18,19,20,21,22,23,24,25,26,27,28,29,30,31,32,33,34,35,36,37,38,39,40,41,42,43,44,45,46,47,48,49,50,51,52,53,54,55,56,57,58,59,60,61,62,63,,,,,,,,,,,,,,,,,,,,,,,,,,,,,,,,,,,,,,,,,,,,,,,,,,,,,,,,,,,,,,,,,,,,,,,,,,,,,,,,,,,,,,,,,,,,,,,,,,,,,,,,,,,,,,,,,,,,,,,,,,,,,,,,,,,,,,,,,,,,,,,,,,,,,,,,,,,,,,,,,,,,,,,,,,,,,,,,,,,,,,,,,,,,,,,,
0,24,19,20,20,20,20,20,26,31,33,33,27,29,28,21,22,21,23,24,21,20,34,36,32,34,30,31,32,19,20,19,21,21,20,21,34,37,33,28,31,29,30,20,21,21,23,21,19,30,33,36,34,30,28,30,23,22,24,22,21,20,21,30,27,,,,,,,,,,,,,,,,,,,,,,,,,,,,,,,,,,,,,,,,,,,,,,,,,,,,,,,,,,,,,,,,,,,,,,,,,,,,,,,,,,,,,,,,,,,,,,,,,,,,,,,,,,,,,,,,,,,,,,,,,,,,,,,,,,,,,,,,,,,,,,,,,,,,,,,,,,,,,,,,,,,,,,,,,,,,,,,,,,,,,,,,,,,,,,,,
1,25,21,21,19,23,24,24,20,34,35,38,36,33,33,26,22,23,20,24,23,23,22,33,35,35,32,34,30,32,23,23,21,19,25,25,27,32,32,38,30,27,28,23,23,25,24,24,22,21,35,34,41,39,29,30,33,22,25,24,21,24,23,18,28,,,,,,,,,,,,,,,,,,,,,,,,,,,,,,,,,,,,,,,,,,,,,,,,,,,,,,,,,,,,,,,,,,,,,,,,,,,,,,,,,,,,,,,,,,,,,,,,,,,,,,,,,,,,,,,,,,,,,,,,,,,,,,,,,,,,,,,,,,,,,,,,,,,,,,,,,,,,,,,,,,,,,,,,,,,,,,,,,,,,,,,,,,,,,,,,
2,28,26,21,22,21,24,22,21,29,34,31,43,30,26,28,30,20,21,24,22,24,21,34,38,34,36,32,33,30,23,22,24,22,25,24,24,36,34,38,33,32,32,33,23,20,24,23,24,20,25,34,38,34,30,30,28,30,21,21,22,20,20,20,21,,,,,,,,,,,,,,,,,,,,,,,,,,,,,,,,,,,,,,,,,,,,,,,,,,,,,,,,,,,,,,,,,,,,,,,,,,,,,,,,,,,,,,,,,,,,,,,,,,,,,,,,,,,,,,,,,,,,,,,,,,,,,,,,,,,,,,,,,,,,,,,,,,,,,,,,,,,,,,,,,,,,,,,,,,,,,,,,,,,,,,,,,,,,,,,,
3,24,27,19,19,22,19,20,22,25,34,32,36,34,28,28,29,21,22,21,21,24,25,23,37,33,36,34,30,28,31,22,20,21,22,22,20,32,33,34,36,31,32,35,22,23,23,21,19,25,22,38,37,34,38,29,31,32,20,21,21,21,21,20,19,,,,,,,,,,,,,,,,,,,,,,,,,,,,,,,,,,,,,,,,,,,,,,,,,,,,,,,,,,,,,,,,,,,,,,,,,,,,,,,,,,,,,,,,,,,,,,,,,,,,,,,,,,,,,,,,,,,,,,,,,,,,,,,,,,,,,,,,,,,,,,,,,,,,,,,,,,,,,,,,,,,,,,,,,,,,,,,,,,,,,,,,,,,,,,,,
4,30,30,32,24,23,24,28,27,25,23,42,41,33,33,38,34,31,24,24,26,27,23,25,34,42,42,43,32,30,30,25,23,24,28,26,26,28,43,41,43,40,34,28,37,29,25,28,27,24,24,22,47,47,37,37,29,32,35,25,23,24,24,22,21,,,,,,,,,,,,,,,,,,,,,,,,,,,,,,,,,,,,,,,,,,,,,,,,,,,,,,,,,,,,,,,,,,,,,,,,,,,,,,,,,,,,,,,,,,,,,,,,,,,,,,,,,,,,,,,,,,,,,,,,,,,,,,,,,,,,,,,,,,,,,,,,,,,,,,,,,,,,,,,,,,,,,,,,,,,,,,,,,,,,,,,,,,,,,,,,
5,25,23,29,25,20,20,21,22,24,22,28,36,31,36,27,33,32,22,20,21,24,23,24,22,35,32,38,31,28,30,29,23,22,19,23,21,22,27,34,39,33,31,31,29,28,21,22,20,25,23,25,29,37,39,36,32,29,28,24,18,20,20,15,16,,,,,,,,,,,,,,,,,,,,,,,,,,,,,,,,,,,,,,,,,,,,,,,,,,,,,,,,,,,,,,,,,,,,,,,,,,,,,,,,,,,,,,,,,,,,,,,,,,,,,,,,,,,,,,,,,,,,,,,,,,,,,,,,,,,,,,,,,,,,,,,,,,,,,,,,,,,,,,,,,,,,,,,,,,,,,,,,,,,,,,,,,,,,,,,,
6,30,28,34,33,23,23,26,28,24,23,27,36,38,39,32,33,37,35,26,28,26,28,23,26,32,44,36,42,34,36,31,24,21,26,24,25,21,22,40,42,44,40,34,34,36,23,26,25,21,25,25,29,49,38,42,38,34,34,32,25,22,20,19,19,,,,,,,,,,,,,,,,,,,,,,,,,,,,,,,,,,,,,,,,,,,,,,,,,,,,,,,,,,,,,,,,,,,,,,,,,,,,,,,,,,,,,,,,,,,,,,,,,,,,,,,,,,,,,,,,,,,,,,,,,,,,,,,,,,,,,,,,,,,,,,,,,,,,,,,,,,,,,,,,,,,,,,,,,,,,,,,,,,,,,,,,,,,,,,,,
7,28,25,26,28,27,21,23,24,23,21,20,28,35,37,34,33,28,29,21,22,20,24,21,23,24,36,34,38,34,25,33,31,26,22,21,24,25,21,25,37,36,46,31,31,34,32,22,23,24,22,26,26,28,41,35,37,32,31,30,24,19,18,16,16,,,,,,,,,,,,,,,,,,,,,,,,,,,,,,,,,,,,,,,,,,,,,,,,,,,,,,,,,,,,,,,,,,,,,,,,,,,,,,,,,,,,,,,,,,,,,,,,,,,,,,,,,,,,,,,,,,,,,,,,,,,,,,,,,,,,,,,,,,,,,,,,,,,,,,,,,,,,,,,,,,,,,,,,,,,,,,,,,,,,,,,,,,,,,,,,
8,28,23,24,24,23,28,24,32,39,43,40,36,30,34,27,22,24,23,24,25,23,39,42,48,39,39,36,38,28,27,26,24,26,26,28,43,44,46,35,38,33,34,27,24,27,23,28,27,33,39,46,40,37,37,36,28,24,25,26,22,23,23,31,33,,,,,,,,,,,,,,,,,,,,,,,,,,,,,,,,,,,,,,,,,,,,,,,,,,,,,,,,,,,,,,,,,,,,,,,,,,,,,,,,,,,,,,,,,,,,,,,,,,,,,,,,,,,,,,,,,,,,,,,,,,,,,,,,,,,,,,,,,,,,,,,,,,,,,,,,,,,,,,,,,,,,,,,,,,,,,,,,,,,,,,,,,,,,,,,,
9,28,21,23,26,25,24,27,25,44,41,40,41,32,34,34,25,24,23,28,25,28,28,41,40,43,36,36,31,32,27,25,27,27,23,24,32,44,45,42,37,33,35,22,28,25,26,22,25,26,41,37,47,41,34,34,34,24,25,25,24,25,23,18,31,,,,,,,,,,,,,,,,,,,,,,,,,,,,,,,,,,,,,,,,,,,,,,,,,,,,,,,,,,,,,,,,,,,,,,,,,,,,,,,,,,,,,,,,,,,,,,,,,,,,,,,,,,,,,,,,,,,,,,,,,,,,,,,,,,,,,,,,,,,,,,,,,,,,,,,,,,,,,,,,,,,,,,,,,,,,,,,,,,,,,,,,,,,,,,,,
10,27,29,22,22,27,23,26,23,30,39,40,43,33,34,34,31,23,25,24,25,24,27,42,39,44,39,38,34,31,29,26,25,25,26,28,25,44,45,43,42,36,35,34,26,26,24,26,26,27,31,42,45,40,34,34,33,36,23,27,23,24,23,22,26,,,,,,,,,,,,,,,,,,,,,,,,,,,,,,,,,,,,,,,,,,,,,,,,,,,,,,,,,,,,,,,,,,,,,,,,,,,,,,,,,,,,,,,,,,,,,,,,,,,,,,,,,,,,,,,,,,,,,,,,,,,,,,,,,,,,,,,,,,,,,,,,,,,,,,,,,,,,,,,,,,,,,,,,,,,,,,,,,,,,,,,,,,,,,,,,
11,30,34,23,23,26,27,24,30,29,38,45,43,47,39,39,34,25,28,29,28,27,28,32,45,43,46,39,40,38,38,27,27,29,29,25,28,40,45,43,44,39,38,38,36,29,28,31,26,29,28,42,49,48,44,36,37,38,27,28,25,25,25,23,21,,,,,,,,,,,,,,,,,,,,,,,,,,,,,,,,,,,,,,,,,,,,,,,,,,,,,,,,,,,,,,,,,,,,,,,,,,,,,,,,,,,,,,,,,,,,,,,,,,,,,,,,,,,,,,,,,,,,,,,,,,,,,,,,,,,,,,,,,,,,,,,,,,,,,,,,,,,,,,,,,,,,,,,,,,,,,,,,,,,,,,,,,,,,,,,,
12,28,32,34,26,26,31,28,30,29,28,47,51,50,40,43,41,44,29,28,28,30,27,26,37,55,56,52,39,43,43,31,28,27,28,29,27,29,54,51,47,43,44,40,41,28,28,29,27,31,30,28,52,42,51,42,39,39,40,27,27,26,24,23,21,,,,,,,,,,,,,,,,,,,,,,,,,,,,,,,,,,,,,,,,,,,,,,,,,,,,,,,,,,,,,,,,,,,,,,,,,,,,,,,,,,,,,,,,,,,,,,,,,,,,,,,,,,,,,,,,,,,,,,,,,,,,,,,,,,,,,,,,,,,,,,,,,,,,,,,,,,,,,,,,,,,,,,,,,,,,,,,,,,,,,,,,,,,,,,,,
13,29,32,29,30,25,23,24,24,23,26,37,37,41,42,33,36,37,25,25,27,27,27,27,24,41,40,43,37,33,34,34,26,29,23,27,25,24,33,42,44,40,38,35,34,39,26,24,27,26,27,24,34,45,40,41,36,36,36,27,23,23,24,20,21,,,,,,,,,,,,,,,,,,,,,,,,,,,,,,,,,,,,,,,,,,,,,,,,,,,,,,,,,,,,,,,,,,,,,,,,,,,,,,,,,,,,,,,,,,,,,,,,,,,,,,,,,,,,,,,,,,,,,,,,,,,,,,,,,,,,,,,,,,,,,,,,,,,,,,,,,,,,,,,,,,,,,,,,,,,,,,,,,,,,,,,,,,,,,,,,
14,31,29,31,34,24,23,30,25,27,24,28,37,40,41,33,38,39,33,26,28,24,27,23,23,34,39,40,45,37,34,36,27,30,26,27,23,26,23,41,36,40,45,30,39,36,28,28,26,26,23,27,26,46,39,38,31,34,36,33,23,23,21,21,19,,,,,,,,,,,,,,,,,,,,,,,,,,,,,,,,,,,,,,,,,,,,,,,,,,,,,,,,,,,,,,,,,,,,,,,,,,,,,,,,,,,,,,,,,,,,,,,,,,,,,,,,,,,,,,,,,,,,,,,,,,,,,,,,,,,,,,,,,,,,,,,,,,,,,,,,,,,,,,,,,,,,,,,,,,,,,,,,,,,,,,,,,,,,,,,,
15,29,30,29,31,33,24,25,28,27,25,24,34,40,44,42,39,37,33,27,27,24,29,28,25,27,39,42,41,43,36,36,34,24,26,25,27,27,26,28,42,46,40,39,42,38,37,24,23,26,27,24,26,38,47,43,42,33,34,35,26,23,23,22,20,,,,,,,,,,,,,,,,,,,,,,,,,,,,,,,,,,,,,,,,,,,,,,,,,,,,,,,,,,,,,,,,,,,,,,,,,,,,,,,,,,,,,,,,,,,,,,,,,,,,,,,,,,,,,,,,,,,,,,,,,,,,,,,,,,,,,,,,,,,,,,,,,,,,,,,,,,,,,,,,,,,,,,,,,,,,,,,,,,,,,,,,,,,,,,,,
16,26,20,22,23,20,26,23,33,36,37,40,37,35,34,24,25,22,24,25,28,23,44,41,43,38,33,37,33,23,27,24,25,23,25,26,44,43,43,30,32,32,31,24,28,23,25,23,25,34,43,38,40,33,33,36,28,24,24,23,24,23,23,33,30,,,,,,,,,,,,,,,,,,,,,,,,,,,,,,,,,,,,,,,,,,,,,,,,,,,,,,,,,,,,,,,,,,,,,,,,,,,,,,,,,,,,,,,,,,,,,,,,,,,,,,,,,,,,,,,,,,,,,,,,,,,,,,,,,,,,,,,,,,,,,,,,,,,,,,,,,,,,,,,,,,,,,,,,,,,,,,,,,,,,,,,,,,,,,,,,
17,30,23,26,30,24,26,29,28,44,50,45,46,42,38,41,28,30,29,30,30,29,32,49,46,46,39,41,42,44,30,33,30,30,28,30,36,54,50,48,38,37,42,31,28,27,32,30,29,29,45,52,49,45,42,37,40,26,32,32,28,28,28,22,35,,,,,,,,,,,,,,,,,,,,,,,,,,,,,,,,,,,,,,,,,,,,,,,,,,,,,,,,,,,,,,,,,,,,,,,,,,,,,,,,,,,,,,,,,,,,,,,,,,,,,,,,,,,,,,,,,,,,,,,,,,,,,,,,,,,,,,,,,,,,,,,,,,,,,,,,,,,,,,,,,,,,,,,,,,,,,,,,,,,,,,,,,,,,,,,,
18,29,35,28,26,28,29,30,28,39,45,44,47,39,42,43,38,26,30,28,29,29,27,42,51,44,46,40,39,40,32,29,32,29,28,26,28,47,47,47,40,40,43,39,29,28,30,31,28,31,34,43,43,51,36,41,42,40,28,25,25,26,23,26,26,,,,,,,,,,,,,,,,,,,,,,,,,,,,,,,,,,,,,,,,,,,,,,,,,,,,,,,,,,,,,,,,,,,,,,,,,,,,,,,,,,,,,,,,,,,,,,,,,,,,,,,,,,,,,,,,,,,,,,,,,,,,,,,,,,,,,,,,,,,,,,,,,,,,,,,,,,,,,,,,,,,,,,,,,,,,,,,,,,,,,,,,,,,,,,,,
19,34,37,26,28,29,33,30,30,30,56,55,48,51,44,49,44,31,30,32,31,32,30,34,55,49,50,42,41,47,41,36,30,32,30,32,31,41,49,50,52,49,45,45,35,32,33,32,32,30,30,53,52,53,57,42,48,47,32,32,28,27,28,26,24,,,,,,,,,,,,,,,,,,,,,,,,,,,,,,,,,,,,,,,,,,,,,,,,,,,,,,,,,,,,,,,,,,,,,,,,,,,,,,,,,,,,,,,,,,,,,,,,,,,,,,,,,,,,,,,,,,,,,,,,,,,,,,,,,,,,,,,,,,,,,,,,,,,,,,,,,,,,,,,,,,,,,,,,,,,,,,,,,,,,,,,,,,,,,,,,
20,27,30,34,23,24,26,27,28,24,29,45,43,43,34,40,38,40,24,27,26,25,28,28,35,44,40,40,35,36,36,26,29,26,27,27,26,26,46,40,45,44,34,36,34,26,24,28,25,27,25,30,40,39,47,38,33,33,35,26,26,24,22,23,23,,,,,,,,,,,,,,,,,,,,,,,,,,,,,,,,,,,,,,,,,,,,,,,,,,,,,,,,,,,,,,,,,,,,,,,,,,,,,,,,,,,,,,,,,,,,,,,,,,,,,,,,,,,,,,,,,,,,,,,,,,,,,,,,,,,,,,,,,,,,,,,,,,,,,,,,,,,,,,,,,,,,,,,,,,,,,,,,,,,,,,,,,,,,,,,,
21,28,30,30,33,26,26,26,26,26,23,36,46,45,43,39,44,35,28,27,28,26,28,24,26,45,38,47,40,35,37,36,31,30,25,29,29,26,34,44,45,45,38,33,33,36,26,25,26,28,26,27,39,43,44,45,37,36,33,23,24,26,26,22,20,,,,,,,,,,,,,,,,,,,,,,,,,,,,,,,,,,,,,,,,,,,,,,,,,,,,,,,,,,,,,,,,,,,,,,,,,,,,,,,,,,,,,,,,,,,,,,,,,,,,,,,,,,,,,,,,,,,,,,,,,,,,,,,,,,,,,,,,,,,,,,,,,,,,,,,,,,,,,,,,,,,,,,,,,,,,,,,,,,,,,,,,,,,,,,,,
22,33,29,30,33,26,23,27,27,26,29,29,43,44,44,37,38,34,38,26,30,25,28,27,26,36,45,44,45,37,40,36,31,26,26,28,27,24,25,41,42,43,46,37,35,39,28,30,25,26,30,26,28,43,39,38,38,36,33,36,28,22,23,23,20,,,,,,,,,,,,,,,,,,,,,,,,,,,,,,,,,,,,,,,,,,,,,,,,,,,,,,,,,,,,,,,,,,,,,,,,,,,,,,,,,,,,,,,,,,,,,,,,,,,,,,,,,,,,,,,,,,,,,,,,,,,,,,,,,,,,,,,,,,,,,,,,,,,,,,,,,,,,,,,,,,,,,,,,,,,,,,,,,,,,,,,,,,,,,,,,
23,30,29,32,28,30,23,23,26,26,26,24,31,36,38,42,32,32,32,26,23,26,24,26,22,24,43,48,40,44,32,36,32,24,27,24,23,26,23,23,38,38,38,31,31,33,32,26,26,24,26,24,24,29,38,41,37,33,31,30,24,22,19,22,18,,,,,,,,,,,,,,,,,,,,,,,,,,,,,,,,,,,,,,,,,,,,,,,,,,,,,,,,,,,,,,,,,,,,,,,,,,,,,,,,,,,,,,,,,,,,,,,,,,,,,,,,,,,,,,,,,,,,,,,,,,,,,,,,,,,,,,,,,,,,,,,,,,,,,,,,,,,,,,,,,,,,,,,,,,,,,,,,,,,,,,,,,,,,,,,,
24,36,26,29,28,29,30,32,41,44,50,48,41,40,44,33,33,33,29,33,31,33,48,52,49,50,48,46,40,30,31,30,35,31,29,33,49,41,52,41,44,38,46,34,29,29,30,35,33,42,49,52,47,50,43,42,32,32,29,28,30,29,30,44,40,,,,,,,,,,,,,,,,,,,,,,,,,,,,,,,,,,,,,,,,,,,,,,,,,,,,,,,,,,,,,,,,,,,,,,,,,,,,,,,,,,,,,,,,,,,,,,,,,,,,,,,,,,,,,,,,,,,,,,,,,,,,,,,,,,,,,,,,,,,,,,,,,,,,,,,,,,,,,,,,,,,,,,,,,,,,,,,,,,,,,,,,,,,,,,,,
25,27,23,22,28,26,26,27,28,35,44,39,39,35,35,40,29,28,28,26,27,27,27,41,42,43,37,33,39,36,26,29,30,28,27,30,31,43,43,45,35,33,33,30,29,28,25,26,27,29,42,42,44,40,34,36,35,26,26,29,28,26,25,23,35,,,,,,,,,,,,,,,,,,,,,,,,,,,,,,,,,,,,,,,,,,,,,,,,,,,,,,,,,,,,,,,,,,,,,,,,,,,,,,,,,,,,,,,,,,,,,,,,,,,,,,,,,,,,,,,,,,,,,,,,,,,,,,,,,,,,,,,,,,,,,,,,,,,,,,,,,,,,,,,,,,,,,,,,,,,,,,,,,,,,,,,,,,,,,,,,
26,31,31,28,27,27,29,28,28,32,46,42,40,38,35,42,32,29,31,29,29,29,30,36,45,44,47,39,40,37,25,26,29,28,29,26,29,48,40,49,41,41,38,39,28,28,31,29,27,29,33,39,47,47,41,36,39,32,28,29,28,26,28,24,29,,,,,,,,,,,,,,,,,,,,,,,,,,,,,,,,,,,,,,,,,,,,,,,,,,,,,,,,,,,,,,,,,,,,,,,,,,,,,,,,,,,,,,,,,,,,,,,,,,,,,,,,,,,,,,,,,,,,,,,,,,,,,,,,,,,,,,,,,,,,,,,,,,,,,,,,,,,,,,,,,,,,,,,,,,,,,,,,,,,,,,,,,,,,,,,,
27,28,31,26,26,26,28,25,29,27,49,40,41,40,35,36,38,28,29,29,29,26,27,27,39,42,44,35,36,33,41,29,29,26,26,29,33,38,44,44,45,36,36,36,31,26,25,26,28,27,29,46,40,45,43,39,39,36,28,26,27,27,26,24,23,,,,,,,,,,,,,,,,,,,,,,,,,,,,,,,,,,,,,,,,,,,,,,,,,,,,,,,,,,,,,,,,,,,,,,,,,,,,,,,,,,,,,,,,,,,,,,,,,,,,,,,,,,,,,,,,,,,,,,,,,,,,,,,,,,,,,,,,,,,,,,,,,,,,,,,,,,,,,,,,,,,,,,,,,,,,,,,,,,,,,,,,,,,,,,,,
28,30,35,30,29,27,27,27,29,27,26,41,41,42,35,38,40,35,27,29,27,30,28,29,31,43,42,43,36,38,44,28,31,26,28,27,28,26,42,44,46,46,33,37,36,25,30,36,26,29,27,26,44,41,41,37,39,37,36,27,29,28,26,25,26,,,,,,,,,,,,,,,,,,,,,,,,,,,,,,,,,,,,,,,,,,,,,,,,,,,,,,,,,,,,,,,,,,,,,,,,,,,,,,,,,,,,,,,,,,,,,,,,,,,,,,,,,,,,,,,,,,,,,,,,,,,,,,,,,,,,,,,,,,,,,,,,,,,,,,,,,,,,,,,,,,,,,,,,,,,,,,,,,,,,,,,,,,,,,,,,
29,31,30,31,33,25,26,26,26,28,29,34,44,42,42,37,35,36,26,29,26,29,27,25,26,45,38,41,42,38,37,37,31,29,25,29,28,29,31,43,46,45,36,36,37,37,28,30,29,28,31,26,35,40,40,41,36,31,36,27,26,27,26,23,20,,,,,,,,,,,,,,,,,,,,,,,,,,,,,,,,,,,,,,,,,,,,,,,,,,,,,,,,,,,,,,,,,,,,,,,,,,,,,,,,,,,,,,,,,,,,,,,,,,,,,,,,,,,,,,,,,,,,,,,,,,,,,,,,,,,,,,,,,,,,,,,,,,,,,,,,,,,,,,,,,,,,,,,,,,,,,,,,,,,,,,,,,,,,,,,,
30,31,31,33,30,26,24,27,29,28,26,27,42,37,46,37,38,36,36,28,29,26,26,29,27,33,41,41,45,40,38,35,28,27,28,25,26,24,26,44,40,43,39,39,36,38,26,27,27,27,26,29,27,41,40,46,35,35,31,35,26,27,23,23,24,,,,,,,,,,,,,,,,,,,,,,,,,,,,,,,,,,,,,,,,,,,,,,,,,,,,,,,,,,,,,,,,,,,,,,,,,,,,,,,,,,,,,,,,,,,,,,,,,,,,,,,,,,,,,,,,,,,,,,,,,,,,,,,,,,,,,,,,,,,,,,,,,,,,,,,,,,,,,,,,,,,,,,,,,,,,,,,,,,,,,,,,,,,,,,,,
31,34,28,30,33,33,24,26,28,23,28,25,34,37,45,40,31,36,32,26,25,26,26,26,28,28,39,41,41,39,33,36,38,28,29,26,25,29,23,25,41,43,41,35,37,38,36,29,29,26,26,26,26,33,39,39,42,35,34,32,23,26,25,23,23,,,,,,,,,,,,,,,,,,,,,,,,,,,,,,,,,,,,,,,,,,,,,,,,,,,,,,,,,,,,,,,,,,,,,,,,,,,,,,,,,,,,,,,,,,,,,,,,,,,,,,,,,,,,,,,,,,,,,,,,,,,,,,,,,,,,,,,,,,,,,,,,,,,,,,,,,,,,,,,,,,,,,,,,,,,,,,,,,,,,,,,,,,,,,,,,
32,33,24,28,27,27,29,26,42,45,53,50,43,38,43,31,28,29,26,32,29,35,47,53,49,51,43,40,37,32,31,30,33,30,30,31,50,55,43,38,42,38,42,29,33,31,31,33,30,40,42,48,44,36,45,42,32,33,31,31,28,28,28,38,40,,,,,,,,,,,,,,,,,,,,,,,,,,,,,,,,,,,,,,,,,,,,,,,,,,,,,,,,,,,,,,,,,,,,,,,,,,,,,,,,,,,,,,,,,,,,,,,,,,,,,,,,,,,,,,,,,,,,,,,,,,,,,,,,,,,,,,,,,,,,,,,,,,,,,,,,,,,,,,,,,,,,,,,,,,,,,,,,,,,,,,,,,,,,,,,,
33,29,23,26,27,27,28,30,29,42,43,42,41,36,38,38,30,26,28,28,29,30,32,42,45,46,40,37,39,38,29,30,28,28,26,29,33,41,46,47,44,39,37,29,29,28,33,29,28,27,45,45,47,43,38,41,38,31,27,29,31,26,28,25,32,,,,,,,,,,,,,,,,,,,,,,,,,,,,,,,,,,,,,,,,,,,,,,,,,,,,,,,,,,,,,,,,,,,,,,,,,,,,,,,,,,,,,,,,,,,,,,,,,,,,,,,,,,,,,,,,,,,,,,,,,,,,,,,,,,,,,,,,,,,,,,,,,,,,,,,,,,,,,,,,,,,,,,,,,,,,,,,,,,,,,,,,,,,,,,,,
34,32,30,28,28,25,29,35,29,38,47,47,50,39,43,41,38,32,32,32,32,30,28,42,47,46,46,41,42,38,31,31,30,30,29,27,29,45,47,51,45,40,41,45,32,32,33,32,32,31,36,42,45,47,39,42,36,40,31,29,29,27,28,24,30,,,,,,,,,,,,,,,,,,,,,,,,,,,,,,,,,,,,,,,,,,,,,,,,,,,,,,,,,,,,,,,,,,,,,,,,,,,,,,,,,,,,,,,,,,,,,,,,,,,,,,,,,,,,,,,,,,,,,,,,,,,,,,,,,,,,,,,,,,,,,,,,,,,,,,,,,,,,,,,,,,,,,,,,,,,,,,,,,,,,,,,,,,,,,,,,
35,29,30,28,25,30,30,30,29,28,46,42,43,44,38,35,38,29,28,28,28,28,26,28,42,48,44,36,46,38,38,30,29,29,30,32,30,37,45,45,40,40,38,40,32,27,30,28,28,26,28,46,46,48,45,41,39,36,28,28,27,26,26,26,24,,,,,,,,,,,,,,,,,,,,,,,,,,,,,,,,,,,,,,,,,,,,,,,,,,,,,,,,,,,,,,,,,,,,,,,,,,,,,,,,,,,,,,,,,,,,,,,,,,,,,,,,,,,,,,,,,,,,,,,,,,,,,,,,,,,,,,,,,,,,,,,,,,,,,,,,,,,,,,,,,,,,,,,,,,,,,,,,,,,,,,,,,,,,,,,,
36,29,36,36,28,28,28,28,29,29,28,43,42,42,37,41,38,34,31,30,29,30,29,32,33,50,43,47,37,42,41,30,29,29,28,28,29,28,44,44,42,46,41,39,38,28,28,29,27,28,28,27,43,40,46,36,36,41,38,31,28,26,26,25,26,,,,,,,,,,,,,,,,,,,,,,,,,,,,,,,,,,,,,,,,,,,,,,,,,,,,,,,,,,,,,,,,,,,,,,,,,,,,,,,,,,,,,,,,,,,,,,,,,,,,,,,,,,,,,,,,,,,,,,,,,,,,,,,,,,,,,,,,,,,,,,,,,,,,,,,,,,,,,,,,,,,,,,,,,,,,,,,,,,,,,,,,,,,,,,,,
37,33,35,33,33,28,27,29,28,27,32,39,44,42,46,44,36,39,27,32,29,29,29,28,31,49,48,45,49,38,38,42,30,31,27,32,29,28,36,45,48,46,38,39,41,38,32,27,29,31,31,29,35,45,42,45,38,37,34,29,26,28,27,23,21,,,,,,,,,,,,,,,,,,,,,,,,,,,,,,,,,,,,,,,,,,,,,,,,,,,,,,,,,,,,,,,,,,,,,,,,,,,,,,,,,,,,,,,,,,,,,,,,,,,,,,,,,,,,,,,,,,,,,,,,,,,,,,,,,,,,,,,,,,,,,,,,,,,,,,,,,,,,,,,,,,,,,,,,,,,,,,,,,,,,,,,,,,,,,,,,
38,32,32,30,33,26,26,26,26,27,29,26,40,38,39,38,37,36,38,28,28,27,27,28,28,32,45,42,44,36,37,34,28,27,29,28,28,28,26,44,44,41,42,32,36,37,29,28,29,28,26,28,28,43,45,40,33,33,35,33,25,27,27,23,24,,,,,,,,,,,,,,,,,,,,,,,,,,,,,,,,,,,,,,,,,,,,,,,,,,,,,,,,,,,,,,,,,,,,,,,,,,,,,,,,,,,,,,,,,,,,,,,,,,,,,,,,,,,,,,,,,,,,,,,,,,,,,,,,,,,,,,,,,,,,,,,,,,,,,,,,,,,,,,,,,,,,,,,,,,,,,,,,,,,,,,,,,,,,,,,,
39,36,35,33,37,34,27,25,32,28,28,27,37,42,50,46,40,38,39,28,28,27,29,32,28,30,46,45,51,42,42,40,43,32,30,30,29,28,27,29,45,48,40,40,44,41,37,30,30,30,28,30,27,33,44,42,44,38,36,34,29,28,25,24,24,,,,,,,,,,,,,,,,,,,,,,,,,,,,,,,,,,,,,,,,,,,,,,,,,,,,,,,,,,,,,,,,,,,,,,,,,,,,,,,,,,,,,,,,,,,,,,,,,,,,,,,,,,,,,,,,,,,,,,,,,,,,,,,,,,,,,,,,,,,,,,,,,,,,,,,,,,,,,,,,,,,,,,,,,,,,,,,,,,,,,,,,,,,,,,,,
40,32,26,27,27,29,35,27,38,42,50,42,41,36,35,29,31,27,29,33,32,27,48,44,47,46,48,39,45,29,32,31,31,28,29,32,49,49,41,37,40,34,35,27,33,29,32,28,30,36,43,48,47,36,40,38,29,32,26,29,29,29,26,38,34,,,,,,,,,,,,,,,,,,,,,,,,,,,,,,,,,,,,,,,,,,,,,,,,,,,,,,,,,,,,,,,,,,,,,,,,,,,,,,,,,,,,,,,,,,,,,,,,,,,,,,,,,,,,,,,,,,,,,,,,,,,,,,,,,,,,,,,,,,,,,,,,,,,,,,,,,,,,,,,,,,,,,,,,,,,,,,,,,,,,,,,,,,,,,,,,
41,30,23,24,24,25,23,27,30,42,42,45,39,37,37,38,30,29,27,26,26,27,28,43,41,39,37,33,32,38,29,27,27,26,26,28,30,36,42,44,36,37,33,29,28,29,30,30,24,28,41,40,41,40,36,38,40,30,26,26,27,27,24,22,29,,,,,,,,,,,,,,,,,,,,,,,,,,,,,,,,,,,,,,,,,,,,,,,,,,,,,,,,,,,,,,,,,,,,,,,,,,,,,,,,,,,,,,,,,,,,,,,,,,,,,,,,,,,,,,,,,,,,,,,,,,,,,,,,,,,,,,,,,,,,,,,,,,,,,,,,,,,,,,,,,,,,,,,,,,,,,,,,,,,,,,,,,,,,,,,,
42,30,30,26,29,28,30,28,32,42,42,46,45,39,42,39,40,30,30,30,32,32,30,40,48,45,54,40,40,42,33,29,32,30,34,34,31,51,54,51,48,39,43,33,30,28,32,30,32,30,34,48,49,44,42,37,41,38,27,30,27,28,30,25,34,,,,,,,,,,,,,,,,,,,,,,,,,,,,,,,,,,,,,,,,,,,,,,,,,,,,,,,,,,,,,,,,,,,,,,,,,,,,,,,,,,,,,,,,,,,,,,,,,,,,,,,,,,,,,,,,,,,,,,,,,,,,,,,,,,,,,,,,,,,,,,,,,,,,,,,,,,,,,,,,,,,,,,,,,,,,,,,,,,,,,,,,,,,,,,,,
43,30,34,27,27,27,28,30,30,27,45,40,44,44,36,37,39,30,29,29,30,30,31,29,48,50,50,42,43,37,41,28,31,26,27,30,36,37,48,47,43,38,40,33,28,30,31,30,30,29,28,47,44,46,44,39,41,37,28,29,27,27,25,27,24,,,,,,,,,,,,,,,,,,,,,,,,,,,,,,,,,,,,,,,,,,,,,,,,,,,,,,,,,,,,,,,,,,,,,,,,,,,,,,,,,,,,,,,,,,,,,,,,,,,,,,,,,,,,,,,,,,,,,,,,,,,,,,,,,,,,,,,,,,,,,,,,,,,,,,,,,,,,,,,,,,,,,,,,,,,,,,,,,,,,,,,,,,,,,,,,
44,24,29,33,24,26,25,27,28,26,27,41,39,38,33,33,36,35,26,26,25,27,26,28,31,39,39,40,32,34,37,24,28,27,28,28,27,27,43,41,42,41,37,32,36,25,26,26,28,28,25,27,39,39,43,34,32,34,35,26,25,24,22,25,21,,,,,,,,,,,,,,,,,,,,,,,,,,,,,,,,,,,,,,,,,,,,,,,,,,,,,,,,,,,,,,,,,,,,,,,,,,,,,,,,,,,,,,,,,,,,,,,,,,,,,,,,,,,,,,,,,,,,,,,,,,,,,,,,,,,,,,,,,,,,,,,,,,,,,,,,,,,,,,,,,,,,,,,,,,,,,,,,,,,,,,,,,,,,,,,,
45,32,32,32,32,27,23,30,29,27,28,37,45,40,42,41,34,37,27,29,27,27,29,27,28,47,39,46,43,37,35,35,28,29,28,27,26,29,37,40,47,41,39,37,37,36,28,27,27,27,30,29,36,41,45,40,39,34,34,26,24,25,27,21,21,,,,,,,,,,,,,,,,,,,,,,,,,,,,,,,,,,,,,,,,,,,,,,,,,,,,,,,,,,,,,,,,,,,,,,,,,,,,,,,,,,,,,,,,,,,,,,,,,,,,,,,,,,,,,,,,,,,,,,,,,,,,,,,,,,,,,,,,,,,,,,,,,,,,,,,,,,,,,,,,,,,,,,,,,,,,,,,,,,,,,,,,,,,,,,,,
46,37,37,38,36,29,31,32,30,29,31,28,47,49,47,42,37,39,40,30,32,33,33,28,30,37,43,52,49,39,41,43,29,30,32,27,32,29,30,53,48,47,49,43,39,41,32,32,32,32,29,33,33,47,51,46,41,41,46,39,30,28,24,26,26,,,,,,,,,,,,,,,,,,,,,,,,,,,,,,,,,,,,,,,,,,,,,,,,,,,,,,,,,,,,,,,,,,,,,,,,,,,,,,,,,,,,,,,,,,,,,,,,,,,,,,,,,,,,,,,,,,,,,,,,,,,,,,,,,,,,,,,,,,,,,,,,,,,,,,,,,,,,,,,,,,,,,,,,,,,,,,,,,,,,,,,,,,,,,,,,
47,36,38,36,41,36,27,30,32,28,27,30,40,49,44,48,40,40,43,29,28,29,26,31,34,31,45,49,44,47,34,41,38,30,31,31,34,35,28,30,43,52,49,39,42,41,39,36,31,32,30,28,30,41,54,49,53,41,35,42,31,27,26,27,26,,,,,,,,,,,,,,,,,,,,,,,,,,,,,,,,,,,,,,,,,,,,,,,,,,,,,,,,,,,,,,,,,,,,,,,,,,,,,,,,,,,,,,,,,,,,,,,,,,,,,,,,,,,,,,,,,,,,,,,,,,,,,,,,,,,,,,,,,,,,,,,,,,,,,,,,,,,,,,,,,,,,,,,,,,,,,,,,,,,,,,,,,,,,,,,,
48,33,28,28,30,28,30,30,36,46,50,53,41,43,37,31,29,29,26,33,30,33,50,47,52,51,40,46,44,30,34,32,33,28,34,33,55,50,44,42,46,45,42,30,30,30,36,30,34,43,51,53,51,42,41,41,34,32,29,28,27,27,27,39,37,,,,,,,,,,,,,,,,,,,,,,,,,,,,,,,,,,,,,,,,,,,,,,,,,,,,,,,,,,,,,,,,,,,,,,,,,,,,,,,,,,,,,,,,,,,,,,,,,,,,,,,,,,,,,,,,,,,,,,,,,,,,,,,,,,,,,,,,,,,,,,,,,,,,,,,,,,,,,,,,,,,,,,,,,,,,,,,,,,,,,,,,,,,,,,,,
49,33,26,25,25,25,27,29,31,49,47,39,41,40,37,36,29,29,26,29,32,27,27,43,50,46,44,41,39,44,28,32,30,28,28,31,36,47,47,49,37,40,36,29,28,29,30,28,28,28,48,50,42,40,41,35,41,29,30,28,27,26,25,24,39,,,,,,,,,,,,,,,,,,,,,,,,,,,,,,,,,,,,,,,,,,,,,,,,,,,,,,,,,,,,,,,,,,,,,,,,,,,,,,,,,,,,,,,,,,,,,,,,,,,,,,,,,,,,,,,,,,,,,,,,,,,,,,,,,,,,,,,,,,,,,,,,,,,,,,,,,,,,,,,,,,,,,,,,,,,,,,,,,,,,,,,,,,,,,,,,
50,29,30,24,26,26,26,28,33,36,38,40,45,33,37,36,31,28,25,29,28,30,27,39,43,40,44,39,35,39,26,27,28,28,27,26,28,42,43,42,43,38,39,38,26,30,27,28,26,25,31,42,43,48,36,35,36,36,25,28,25,25,24,23,26,,,,,,,,,,,,,,,,,,,,,,,,,,,,,,,,,,,,,,,,,,,,,,,,,,,,,,,,,,,,,,,,,,,,,,,,,,,,,,,,,,,,,,,,,,,,,,,,,,,,,,,,,,,,,,,,,,,,,,,,,,,,,,,,,,,,,,,,,,,,,,,,,,,,,,,,,,,,,,,,,,,,,,,,,,,,,,,,,,,,,,,,,,,,,,,,
51,32,32,25,26,28,30,25,26,30,42,42,44,44,33,35,39,30,28,31,29,27,25,28,43,41,40,40,35,37,39,29,25,31,26,26,30,36,42,47,43,39,37,39,27,28,28,27,30,30,28,45,47,43,38,36,40,39,28,25,27,26,28,24,23,,,,,,,,,,,,,,,,,,,,,,,,,,,,,,,,,,,,,,,,,,,,,,,,,,,,,,,,,,,,,,,,,,,,,,,,,,,,,,,,,,,,,,,,,,,,,,,,,,,,,,,,,,,,,,,,,,,,,,,,,,,,,,,,,,,,,,,,,,,,,,,,,,,,,,,,,,,,,,,,,,,,,,,,,,,,,,,,,,,,,,,,,,,,,,,,
52,27,30,31,25,24,25,24,26,25,28,41,41,37,35,30,31,38,24,28,25,25,25,24,33,40,42,40,29,34,33,28,26,24,25,27,27,29,37,36,35,37,36,32,36,25,26,28,24,25,23,27,40,39,43,33,34,32,30,27,25,27,22,16,20,,,,,,,,,,,,,,,,,,,,,,,,,,,,,,,,,,,,,,,,,,,,,,,,,,,,,,,,,,,,,,,,,,,,,,,,,,,,,,,,,,,,,,,,,,,,,,,,,,,,,,,,,,,,,,,,,,,,,,,,,,,,,,,,,,,,,,,,,,,,,,,,,,,,,,,,,,,,,,,,,,,,,,,,,,,,,,,,,,,,,,,,,,,,,,,,
53,31,32,35,35,32,28,26,28,30,31,41,51,50,40,42,42,40,28,32,28,29,29,29,28,44,44,48,43,41,45,41,30,33,28,31,28,30,33,48,52,47,46,44,39,40,29,30,28,31,31,31,40,47,47,46,42,40,37,30,28,26,26,24,22,,,,,,,,,,,,,,,,,,,,,,,,,,,,,,,,,,,,,,,,,,,,,,,,,,,,,,,,,,,,,,,,,,,,,,,,,,,,,,,,,,,,,,,,,,,,,,,,,,,,,,,,,,,,,,,,,,,,,,,,,,,,,,,,,,,,,,,,,,,,,,,,,,,,,,,,,,,,,,,,,,,,,,,,,,,,,,,,,,,,,,,,,,,,,,,,
54,36,33,36,36,27,27,27,26,29,28,31,43,45,45,39,41,36,39,31,32,28,29,28,27,36,40,41,45,34,43,40,34,24,30,33,25,27,25,42,46,47,49,36,40,35,31,31,31,28,30,29,29,43,39,42,33,36,33,34,27,28,26,25,22,,,,,,,,,,,,,,,,,,,,,,,,,,,,,,,,,,,,,,,,,,,,,,,,,,,,,,,,,,,,,,,,,,,,,,,,,,,,,,,,,,,,,,,,,,,,,,,,,,,,,,,,,,,,,,,,,,,,,,,,,,,,,,,,,,,,,,,,,,,,,,,,,,,,,,,,,,,,,,,,,,,,,,,,,,,,,,,,,,,,,,,,,,,,,,,,
55,37,36,33,37,40,31,26,31,27,28,30,36,46,50,45,42,46,41,30,28,27,28,28,27,28,53,49,44,49,43,43,39,31,31,31,31,30,30,30,43,45,45,41,41,37,41,30,29,28,31,33,28,40,45,45,47,37,42,41,30,26,25,22,24,,,,,,,,,,,,,,,,,,,,,,,,,,,,,,,,,,,,,,,,,,,,,,,,,,,,,,,,,,,,,,,,,,,,,,,,,,,,,,,,,,,,,,,,,,,,,,,,,,,,,,,,,,,,,,,,,,,,,,,,,,,,,,,,,,,,,,,,,,,,,,,,,,,,,,,,,,,,,,,,,,,,,,,,,,,,,,,,,,,,,,,,,,,,,,,,
56,26,23,23,22,22,24,26,29,38,37,45,35,34,36,25,26,26,25,25,27,26,35,38,39,39,38,35,29,28,28,27,25,22,25,26,40,39,39,32,37,36,38,26,25,26,27,28,28,33,41,42,34,36,34,29,28,22,26,28,25,23,22,32,30,,,,,,,,,,,,,,,,,,,,,,,,,,,,,,,,,,,,,,,,,,,,,,,,,,,,,,,,,,,,,,,,,,,,,,,,,,,,,,,,,,,,,,,,,,,,,,,,,,,,,,,,,,,,,,,,,,,,,,,,,,,,,,,,,,,,,,,,,,,,,,,,,,,,,,,,,,,,,,,,,,,,,,,,,,,,,,,,,,,,,,,,,,,,,,,,
57,29,23,21,28,25,25,27,28,39,44,44,44,37,39,37,26,29,27,25,31,26,27,40,44,44,42,37,33,36,28,26,27,26,25,26,34,41,44,44,37,37,37,27,27,26,31,27,28,26,53,45,47,39,41,35,33,27,28,27,31,26,22,24,33,,,,,,,,,,,,,,,,,,,,,,,,,,,,,,,,,,,,,,,,,,,,,,,,,,,,,,,,,,,,,,,,,,,,,,,,,,,,,,,,,,,,,,,,,,,,,,,,,,,,,,,,,,,,,,,,,,,,,,,,,,,,,,,,,,,,,,,,,,,,,,,,,,,,,,,,,,,,,,,,,,,,,,,,,,,,,,,,,,,,,,,,,,,,,,,,
58,26,27,21,26,23,27,29,28,33,42,37,39,33,34,34,32,25,25,26,26,29,25,30,40,41,39,35,36,33,25,26,25,27,28,25,26,44,41,41,39,32,34,35,26,30,27,26,24,25,30,42,44,40,39,32,35,37,26,25,22,25,23,22,25,,,,,,,,,,,,,,,,,,,,,,,,,,,,,,,,,,,,,,,,,,,,,,,,,,,,,,,,,,,,,,,,,,,,,,,,,,,,,,,,,,,,,,,,,,,,,,,,,,,,,,,,,,,,,,,,,,,,,,,,,,,,,,,,,,,,,,,,,,,,,,,,,,,,,,,,,,,,,,,,,,,,,,,,,,,,,,,,,,,,,,,,,,,,,,,,
59,28,26,23,22,26,25,24,25,26,38,32,42,38,33,33,34,25,25,26,24,24,25,25,37,41,38,32,31,33,33,25,24,26,24,23,26,31,38,38,36,37,30,31,26,26,25,24,23,26,26,42,40,40,43,29,32,34,26,22,23,23,22,21,21,,,,,,,,,,,,,,,,,,,,,,,,,,,,,,,,,,,,,,,,,,,,,,,,,,,,,,,,,,,,,,,,,,,,,,,,,,,,,,,,,,,,,,,,,,,,,,,,,,,,,,,,,,,,,,,,,,,,,,,,,,,,,,,,,,,,,,,,,,,,,,,,,,,,,,,,,,,,,,,,,,,,,,,,,,,,,,,,,,,,,,,,,,,,,,,,
60,26,29,31,24,21,24,22,26,25,26,40,37,36,31,33,31,37,25,26,25,24,26,24,31,37,43,40,32,32,36,26,26,24,25,24,23,25,41,37,38,37,31,31,37,26,25,26,25,26,25,23,40,37,38,32,34,35,33,26,22,25,21,21,21,,,,,,,,,,,,,,,,,,,,,,,,,,,,,,,,,,,,,,,,,,,,,,,,,,,,,,,,,,,,,,,,,,,,,,,,,,,,,,,,,,,,,,,,,,,,,,,,,,,,,,,,,,,,,,,,,,,,,,,,,,,,,,,,,,,,,,,,,,,,,,,,,,,,,,,,,,,,,,,,,,,,,,,,,,,,,,,,,,,,,,,,,,,,,,,,
61,24,24,26,26,21,20,21,25,22,22,30,33,37,33,31,27,30,22,22,22,21,22,20,22,36,35,33,31,29,26,30,25,21,21,22,24,21,26,31,35,36,26,27,31,29,20,23,23,23,22,23,27,34,38,35,29,31,27,20,22,22,19,18,17,,,,,,,,,,,,,,,,,,,,,,,,,,,,,,,,,,,,,,,,,,,,,,,,,,,,,,,,,,,,,,,,,,,,,,,,,,,,,,,,,,,,,,,,,,,,,,,,,,,,,,,,,,,,,,,,,,,,,,,,,,,,,,,,,,,,,,,,,,,,,,,,,,,,,,,,,,,,,,,,,,,,,,,,,,,,,,,,,,,,,,,,,,,,,,,,
62,33,28,29,29,21,24,26,24,23,24,24,38,40,39,30,35,30,29,24,27,26,26,23,23,28,38,40,36,35,35,29,25,25,21,23,23,23,25,38,36,36,34,34,26,35,26,26,23,22,24,25,25,40,36,37,30,32,33,32,24,23,22,21,19,,,,,,,,,,,,,,,,,,,,,,,,,,,,,,,,,,,,,,,,,,,,,,,,,,,,,,,,,,,,,,,,,,,,,,,,,,,,,,,,,,,,,,,,,,,,,,,,,,,,,,,,,,,,,,,,,,,,,,,,,,,,,,,,,,,,,,,,,,,,,,,,,,,,,,,,,,,,,,,,,,,,,,,,,,,,,,,,,,,,,,,,,,,,,,,,
63,32,29,28,30,31,23,23,24,21,23,24,30,38,41,32,31,30,29,22,26,24,23,23,21,23,37,38,38,37,28,32,32,26,22,23,24,25,25,22,37,39,40,33,34,35,34,26,25,25,25,24,25,29,41,38,35,31,31,29,24,22,21,20,21,,,,,,,,,,,,,,,,,,,,,,,,,,,,,,,,,,,,,,,,,,,,,,,,,,,,,,,,,,,,,,,,,,,,,,,,,,,,,,,,,,,,,,,,,,,,,,,,,,,,,,,,,,,,,,,,,,,,,,,,,,,,,,,,,,,,,,,,,,,,,,,,,,,,,,,,,,,,,,,,,,,,,,,,,,,,,,,,,,,,,,,,,,,,,,,,
,,,,,,,,,,,,,,,,,,,,,,,,,,,,,,,,,,,,,,,,,,,,,,,,,,,,,,,,,,,,,,,,,,,,,,,,,,,,,,,,,,,,,,,,,,,,,,,,,,,,,,,,,,,,,,,,,,,,,,,,,,,,,,,,,,,,,,,,,,,,,,,,,,,,,,,,,,,,,,,,,,,,,,,,,,,,,,,,,,,,,,,,,,,,,,,,,,,,,,,,,,,,,,,,,,,,,,,,,,,,,,,,,,,,,,,,,,,,,,,,,,,,,,,,,,,,,,,,
value,0,1,2,3,4,5,6,7,8,9,10,11,12,13,14,15,16,17,18,19,20,21,22,23,24,25,26,27,28,29,30,31,32,33,34,35,36,37,38,39,40,41,42,43,44,45,46,47,48,49,50,51,52,53,54,55,56,57,58,59,60,61,62,63,64,65,66,67,68,69,70,71,72,73,74,75,76,77,78,79,80,81,82,83,84,85,86,87,88,89,90,91,92,93,94,95,96,97,98,99,100,101,102,103,104,105,106,107,108,109,110,111,112,113,114,115,116,117,118,119,120,121,122,123,124,125,126,127,128,129,130,131,132,133,134,135,136,137,138,139,140,141,142,143,144,145,146,147,148,149,150,151,152,153,154,155,156,157,158,159,160,161,162,163,164,165,166,167,168,169,170,171,172,173,174,175,176,177,178,179,180,181,182,183,184,185,186,187,188,189,190,191,192,193,194,195,196,197,198,199,200,201,202,203,204,205,206,207,208,209,210,211,212,213,214,215,216,217,218,219,220,221,222,223,224,225,226,227,228,229,230,231,232,233,234,235,236,237,238,239,240,241,242,243,244,245,246,247,248,249,250,251,252,253,254,255
count,0,0,0,0,0,0,0,0,0,0,0,0,0,0,0,1,4,1,6,19,45,78,90,152,170,187,302,237,317,241,219,149,150,148,121,90,152,125,125,119,127,116,115,91,88,74,51,51,30,31,23,16,12,10,5,5,2,1,0,0,0,0,0,0,0,0,0,0,0,0,0,0,0,0,0,0,0,0,0,0,0,0,0,0,0,0,0,0,0,0,0,0,0,0,0,0,0,0,0,0,0,0,0,0,0,0,0,0,0,0,0,0,0,0,0,0,0,0,0,0,0,0,0,0,0,0,0,0,0,0,0,0,0,0,0,0,0,0,0,0,0,0,0,0,0,0,0,0,0,0,0,0,0,0,0,0,0,0,0,0,0,0,0,0,0,0,0,0,0,0,0,0,0,0,0,0,0,0,0,0,0,0,0,0,0,0,0,0,0,0,0,0,0,0,0,0,0,0,0,0,0,0,0,0,0,0,0,0,0,0,0,0,0,0,0,0,0,0,0,0,0,0,0,0,0,0,0,0,0,0,0,0,0,0,0,0,0,0,0,0,0,0,0,0,0,0,0,0,0,0,0,0,0,0,0,0
,,,,,,,,,,,,,,,,,,,,,,,,,,,,,,,,,,,,,,,,,,,,,,,,,,,,,,,,,,,,,,,,,,,,,,,,,,,,,,,,,,,,,,,,,,,,,,,,,,,,,,,,,,,,,,,,,,,,,,,,,,,,,,,,,,,,,,,,,,,,,,,,,,,,,,,,,,,,,,,,,,,,,,,,,,,,,,,,,,,,,,,,,,,,,,,,,,,,,,,,,,,,,,,,,,,,,,,,,,,,,,,,,,,,,,,,,,,,,,,,,,,,,,,,,,,,,,,,
3,,,,,,,,,,,,,,,,,,,,,,,,,,,,,,,,,,,,,,,,,,,,,,,,,,,,,,,,,,,,,,,,,,,,,,,,,,,,,,,,,,,,,,,,,,,,,,,,,,,,,,,,,,,,,,,,,,,,,,,,,,,,,,,,,,,,,,,,,,,,,,,,,,,,,,,,,,,,,,,,,,,,,,,,,,,,,,,,,,,,,,,,,,,,,,,,,,,,,,,,,,,,,,,,,,,,,,,,,,,,,,,,,,,,,,,,,,,,,,,,,,,,,,,,,,,,,,,,
,0,1,2,3,4,5,6,7,8,9,10,11,12,13,14,15,16,17,18,19,20,21,22,23,24,25,26,27,28,29,30,31,32,33,34,35,36,37,38,39,40,41,42,43,44,45,46,47,48,49,50,51,52,53,54,55,56,57,58,59,60,61,62,63,,,,,,,,,,,,,,,,,,,,,,,,,,,,,,,,,,,,,,,,,,,,,,,,,,,,,,,,,,,,,,,,,,,,,,,,,,,,,,,,,,,,,,,,,,,,,,,,,,,,,,,,,,,,,,,,,,,,,,,,,,,,,,,,,,,,,,,,,,,,,,,,,,,,,,,,,,,,,,,,,,,,,,,,,,,,,,,,,,,,,,,,,,,,,,,,
0,26,18,23,21,20,20,22,24,28,32,34,28,30,31,20,21,22,25,24,23,21,33,36,32,34,30,30,30,21,21,22,21,20,21,20,34,35,34,32,30,30,31,21,21,24,23,20,20,30,33,36,34,29,28,29,27,22,23,20,21,19,20,27,28,32.30126953,,,,,,,,,,,,,,,,,,,,,,,,,,,,,,,,,,,,,,,,,,,,,,,,,,,,,,,,,,,,,,,,,,,,,,,,,,,,,,,,,,,,,,,,,,,,,,,,,,,,,,,,,,,,,,,,,,,,,,,,,,,,,,,,,,,,,,,,,,,,,,,,,,,,,,,,,,,,,,,,,,,,,,,,,,,,,,,,,,,,,,,,,,,,,,,
1,24,21,19,20,23,24,25,19,33,34,39,34,32,36,26,24,23,20,23,22,24,20,34,36,37,31,32,27,32,25,21,22,21,24,25,28,35,34,37,32,27,29,22,21,25,24,26,22,22,38,32,37,37,30,28,32,20,22,23,20,24,21,20,27,,,,,,,,,,,,,,,,,,,,,,,,,,,,,,,,,,,,,,,,,,,,,,,,,,,,,,,,,,,,,,,,,,,,,,,,,,,,,,,,,,,,,,,,,,,,,,,,,,,,,,,,,,,,,,,,,,,,,,,,,,,,,,,,,,,,,,,,,,,,,,,,,,,,,,,,,,,,,,,,,,,,,,,,,,,,,,,,,,,,,,,,,,,,,,,,
2,28,26,21,23,22,24,21,20,33,35,33,41,34,27,30,32,24,22,21,20,24,22,30,38,34,36,31,32,32,23,22,24,23,23,22,25,35,35,36,32,28,32,33,23,20,24,21,27,22,23,34,36,33,30,30,28,31,22,20,21,17,19,19,22,,,,,,,,,,,,,,,,,,,,,,,,,,,,,,,,,,,,,,,,,,,,,,,,,,,,,,,,,,,,,,,,,,,,,,,,,,,,,,,,,,,,,,,,,,,,,,,,,,,,,,,,,,,,,,,,,,,,,,,,,,,,,,,,,,,,,,,,,,,,,,,,,,,,,,,,,,,,,,,,,,,,,,,,,,,,,,,,,,,,,,,,,,,,,,,,
3,21,28,19,20,20,19,20,21,24,34,31,37,33,29,27,32,21,23,22,20,24,24,22,38,33,36,33,28,30,30,23,22,19,22,24,21,29,34,31,37,29,34,34,29,23,23,22,20,24,22,31,36,36,38,29,28,33,19,20,21,20,19,19,19,,,,,,,,,,,,,,,,,,,,,,,,,,,,,,,,,,,,,,,,,,,,,,,,,,,,,,,,,,,,,,,,,,,,,,,,,,,,,,,,,,,,,,,,,,,,,,,,,,,,,,,,,,,,,,,,,,,,,,,,,,,,,,,,,,,,,,,,,,,,,,,,,,,,,,,,,,,,,,,,,,,,,,,,,,,,,,,,,,,,,,,,,,,,,,,,
4,32,28,31,23,24,24,25,28,25,23,42,42,34,33,34,35,30,26,21,24,27,26,25,33,41,42,42,33,30,32,28,20,25,25,26,27,27,43,42,42,41,35,28,33,30,26,25,27,22,24,22,44,44,37,36,32,32,34,24,24,23,24,19,20,,,,,,,,,,,,,,,,,,,,,,,,,,,,,,,,,,,,,,,,,,,,,,,,,,,,,,,,,,,,,,,,,,,,,,,,,,,,,,,,,,,,,,,,,,,,,,,,,,,,,,,,,,,,,,,,,,,,,,,,,,,,,,,,,,,,,,,,,,,,,,,,,,,,,,,,,,,,,,,,,,,,,,,,,,,,,,,,,,,,,,,,,,,,,,,,
5,22,24,29,26,20,19,23,23,22,23,29,37,32,37,28,32,28,21,21,21,24,22,22,22,36,32,40,33,30,31,29,22,22,20,24,20,21,22,33,36,34,28,31,29,28,20,20,20,23,22,22,29,36,35,35,32,28,28,24,18,21,19,17,16,,,,,,,,,,,,,,,,,,,,,,,,,,,,,,,,,,,,,,,,,,,,,,,,,,,,,,,,,,,,,,,,,,,,,,,,,,,,,,,,,,,,,,,,,,,,,,,,,,,,,,,,,,,,,,,,,,,,,,,,,,,,,,,,,,,,,,,,,,,,,,,,,,,,,,,,,,,,,,,,,,,,,,,,,,,,,,,,,,,,,,,,,,,,,,,,
6,31,30,32,31,23,25,26,28,26,24,25,36,38,38,29,31,36,36,26,27,28,24,24,24,29,43,40,43,32,37,30,28,22,25,24,26,23,23,36,41,44,41,34,33,34,21,27,26,21,27,24,26,51,42,38,40,33,36,32,24,23,20,23,19,,,,,,,,,,,,,,,,,,,,,,,,,,,,,,,,,,,,,,,,,,,,,,,,,,,,,,,,,,,,,,,,,,,,,,,,,,,,,,,,,,,,,,,,,,,,,,,,,,,,,,,,,,,,,,,,,,,,,,,,,,,,,,,,,,,,,,,,,,,,,,,,,,,,,,,,,,,,,,,,,,,,,,,,,,,,,,,,,,,,,,,,,,,,,,,,
7,29,26,27,28,27,22,22,20,23,20,24,28,35,36,32,31,30,30,22,23,22,23,21,25,24,36,34,40,37,27,30,32,25,23,20,23,24,22,27,39,36,45,31,31,34,30,20,25,23,26,22,24,26,40,31,35,30,30,31,25,20,20,16,19,,,,,,,,,,,,,,,,,,,,,,,,,,,,,,,,,,,,,,,,,,,,,,,,,,,,,,,,,,,,,,,,,,,,,,,,,,,,,,,,,,,,,,,,,,,,,,,,,,,,,,,,,,,,,,,,,,,,,,,,,,,,,,,,,,,,,,,,,,,,,,,,,,,,,,,,,,,,,,,,,,,,,,,,,,,,,,,,,,,,,,,,,,,,,,,,
8,29,24,23,24,25,25,23,31,39,43,46,33,31,35,25,24,25,23,23,25,24,40,41,48,42,39,33,36,27,27,24,27,25,28,25,42,42,46,32,36,37,35,26,23,26,23,28,25,35,41,45,43,37,34,37,32,24,26,26,22,24,21,29,33,,,,,,,,,,,,,,,,,,,,,,,,,,,,,,,,,,,,,,,,,,,,,,,,,,,,,,,,,,,,,,,,,,,,,,,,,,,,,,,,,,,,,,,,,,,,,,,,,,,,,,,,,,,,,,,,,,,,,,,,,,,,,,,,,,,,,,,,,,,,,,,,,,,,,,,,,,,,,,,,,,,,,,,,,,,,,,,,,,,,,,,,,,,,,,,,
9,27,21,23,25,25,23,23,26,42,40,40,42,32,35,34,22,24,24,28,23,26,26,43,40,42,37,38,30,31,26,23,28,25,23,26,34,42,47,43,36,34,36,24,27,26,26,23,26,26,38,39,46,39,35,32,32,24,24,22,24,24,21,20,30,,,,,,,,,,,,,,,,,,,,,,,,,,,,,,,,,,,,,,,,,,,,,,,,,,,,,,,,,,,,,,,,,,,,,,,,,,,,,,,,,,,,,,,,,,,,,,,,,,,,,,,,,,,,,,,,,,,,,,,,,,,,,,,,,,,,,,,,,,,,,,,,,,,,,,,,,,,,,,,,,,,,,,,,,,,,,,,,,,,,,,,,,,,,,,,,
10,29,29,22,21,24,25,25,23,33,39,40,44,34,33,34,32,25,24,25,22,24,26,35,39,45,42,37,35,34,26,26,24,26,25,27,28,42,44,43,45,36,34,35,27,26,23,23,24,24,27,47,43,40,32,35,33,33,24,24,25,24,24,22,25,,,,,,,,,,,,,,,,,,,,,,,,,,,,,,,,,,,,,,,,,,,,,,,,,,,,,,,,,,,,,,,,,,,,,,,,,,,,,,,,,,,,,,,,,,,,,,,,,,,,,,,,,,,,,,,,,,,,,,,,,,,,,,,,,,,,,,,,,,,,,,,,,,,,,,,,,,,,,,,,,,,,,,,,,,,,,,,,,,,,,,,,,,,,,,,,
11,32,36,24,24,26,30,23,26,28,43,44,43,47,40,39,36,24,28,28,28,28,31,29,43,45,46,40,40,40,40,31,28,27,29,28,26,38,46,41,45,39,39,37,38,29,28,28,27,28,29,38,48,48,44,38,36,38,26,31,25,29,25,21,20,,,,,,,,,,,,,,,,,,,,,,,,,,,,,,,,,,,,,,,,,,,,,,,,,,,,,,,,,,,,,,,,,,,,,,,,,,,,,,,,,,,,,,,,,,,,,,,,,,,,,,,,,,,,,,,,,,,,,,,,,,,,,,,,,,,,,,,,,,,,,,,,,,,,,,,,,,,,,,,,,,,,,,,,,,,,,,,,,,,,,,,,,,,,,,,,
12,31,30,36,28,27,26,28,29,29,27,49,53,47,42,45,40,39,28,28,28,29,28,28,36,54,54,51,39,44,40,31,27,27,28,31,31,29,51,54,49,47,44,44,39,28,29,29,29,29,29,25,48,42,51,40,40,39,42,26,28,27,24,23,24,,,,,,,,,,,,,,,,,,,,,,,,,,,,,,,,,,,,,,,,,,,,,,,,,,,,,,,,,,,,,,,,,,,,,,,,,,,,,,,,,,,,,,,,,,,,,,,,,,,,,,,,,,,,,,,,,,,,,,,,,,,,,,,,,,,,,,,,,,,,,,,,,,,,,,,,,,,,,,,,,,,,,,,,,,,,,,,,,,,,,,,,,,,,,,,,
13,28,33,30,33,24,24,25,24,23,25,34,39,43,42,31,39,35,26,24,27,26,27,23,29,40,42,43,39,36,36,34,26,29,24,27,25,25,28,40,46,38,36,36,35,36,27,24,27,25,27,25,33,42,40,44,39,35,36,28,25,22,24,20,21,,,,,,,,,,,,,,,,,,,,,,,,,,,,,,,,,,,,,,,,,,,,,,,,,,,,,,,,,,,,,,,,,,,,,,,,,,,,,,,,,,,,,,,,,,,,,,,,,,,,,,,,,,,,,,,,,,,,,,,,,,,,,,,,,,,,,,,,,,,,,,,,,,,,,,,,,,,,,,,,,,,,,,,,,,,,,,,,,,,,,,,,,,,,,,,,
14,31,31,31,37,26,24,29,23,23,25,26,37,42,41,33,36,40,33,26,28,27,28,26,24,33,40,41,45,35,36,36,32,29,24,25,27,27,24,37,38,40,46,33,37,32,27,27,25,26,23,28,26,44,42,37,36,34,34,33,23,24,20,23,20,,,,,,,,,,,,,,,,,,,,,,,,,,,,,,,,,,,,,,,,,,,,,,,,,,,,,,,,,,,,,,,,,,,,,,,,,,,,,,,,,,,,,,,,,,,,,,,,,,,,,,,,,,,,,,,,,,,,,,,,,,,,,,,,,,,,,,,,,,,,,,,,,,,,,,,,,,,,,,,,,,,,,,,,,,,,,,,,,,,,,,,,,,,,,,,,
15,30,29,30,29,34,23,26,27,26,24,24,34,39,42,38,37,37,32,25,27,23,28,26,24,27,38,38,44,42,35,37,34,23,28,26,26,25,27,30,39,46,44,40,44,38,37,26,25,25,25,27,23,37,45,39,41,31,39,35,29,23,24,22,19,,,,,,,,,,,,,,,,,,,,,,,,,,,,,,,,,,,,,,,,,,,,,,,,,,,,,,,,,,,,,,,,,,,,,,,,,,,,,,,,,,,,,,,,,,,,,,,,,,,,,,,,,,,,,,,,,,,,,,,,,,,,,,,,,,,,,,,,,,,,,,,,,,,,,,,,,,,,,,,,,,,,,,,,,,,,,,,,,,,,,,,,,,,,,,,,
16,27,23,22,23,24,23,23,31,33,40,39,37,34,37,23,26,25,24,23,28,23,41,40,40,40,33,36,33,24,25,24,23,25,28,26,41,44,41,31,32,36,31,22,27,25,23,24,23,31,42,40,39,34,36,35,33,26,25,25,23,24,27,28,28,,,,,,,,,,,,,,,,,,,,,,,,,,,,,,,,,,,,,,,,,,,,,,,,,,,,,,,,,,,,,,,,,,,,,,,,,,,,,,,,,,,,,,,,,,,,,,,,,,,,,,,,,,,,,,,,,,,,,,,,,,,,,,,,,,,,,,,,,,,,,,,,,,,,,,,,,,,,,,,,,,,,,,,,,,,,,,,,,,,,,,,,,,,,,,,,
17,30,24,26,30,23,27,25,28,44,49,45,48,42,39,43,30,30,30,32,28,32,28,49,48,42,38,40,41,44,28,32,31,29,28,28,38,51,50,46,39,36,40,33,28,30,30,28,27,27,47,54,47,45,38,35,40,26,30,28,27,26,25,23,33,,,,,,,,,,,,,,,,,,,,,,,,,,,,,,,,,,,,,,,,,,,,,,,,,,,,,,,,,,,,,,,,,,,,,,,,,,,,,,,,,,,,,,,,,,,,,,,,,,,,,,,,,,,,,,,,,,,,,,,,,,,,,,,,,,,,,,,,,,,,,,,,,,,,,,,,,,,,,,,,,,,,,,,,,,,,,,,,,,,,,,,,,,,,,,,,
18,31,33,28,26,27,28,30,28,39,42,44,45,38,41,43,41,27,30,28,30,27,29,39,51,45,48,38,39,42,35,32,28,32,28,28,28,43,47,43,41,41,41,40,30,30,31,30,26,30,31,45,47,51,39,41,40,41,27,26,27,26,24,23,24,,,,,,,,,,,,,,,,,,,,,,,,,,,,,,,,,,,,,,,,,,,,,,,,,,,,,,,,,,,,,,,,,,,,,,,,,,,,,,,,,,,,,,,,,,,,,,,,,,,,,,,,,,,,,,,,,,,,,,,,,,,,,,,,,,,,,,,,,,,,,,,,,,,,,,,,,,,,,,,,,,,,,,,,,,,,,,,,,,,,,,,,,,,,,,,,
19,32,39,25,30,30,30,28,30,32,56,55,46,51,46,45,42,34,35,33,30,31,27,32,55,48,53,40,40,48,46,33,31,32,31,34,31,40,53,49,54,50,44,47,41,32,31,33,32,32,30,45,55,55,58,38,44,50,32,30,29,30,26,24,24,,,,,,,,,,,,,,,,,,,,,,,,,,,,,,,,,,,,,,,,,,,,,,,,,,,,,,,,,,,,,,,,,,,,,,,,,,,,,,,,,,,,,,,,,,,,,,,,,,,,,,,,,,,,,,,,,,,,,,,,,,,,,,,,,,,,,,,,,,,,,,,,,,,,,,,,,,,,,,,,,,,,,,,,,,,,,,,,,,,,,,,,,,,,,,,,
20,28,30,32,23,25,23,28,29,26,28,45,45,43,38,40,36,38,24,26,25,25,26,27,36,43,39,44,39,35,35,26,28,27,26,27,26,25,43,40,44,46,37,44,34,30,26,25,26,26,28,30,37,37,44,37,32,33,33,24,27,25,24,23,22,,,,,,,,,,,,,,,,,,,,,,,,,,,,,,,,,,,,,,,,,,,,,,,,,,,,,,,,,,,,,,,,,,,,,,,,,,,,,,,,,,,,,,,,,,,,,,,,,,,,,,,,,,,,,,,,,,,,,,,,,,,,,,,,,,,,,,,,,,,,,,,,,,,,,,,,,,,,,,,,,,,,,,,,,,,,,,,,,,,,,,,,,,,,,,,,
21,28,30,29,34,24,25,25,25,26,23,36,45,44,43,38,43,33,27,29,30,26,30,26,28,42,37,44,40,37,39,35,30,27,28,27,27,26,30,47,43,43,37,32,36,36,27,28,29,25,25,26,39,45,44,45,38,37,36,22,21,28,26,23,19,,,,,,,,,,,,,,,,,,,,,,,,,,,,,,,,,,,,,,,,,,,,,,,,,,,,,,,,,,,,,,,,,,,,,,,,,,,,,,,,,,,,,,,,,,,,,,,,,,,,,,,,,,,,,,,,,,,,,,,,,,,,,,,,,,,,,,,,,,,,,,,,,,,,,,,,,,,,,,,,,,,,,,,,,,,,,,,,,,,,,,,,,,,,,,,,
22,33,30,29,33,26,26,24,24,26,26,30,41,45,44,34,35,32,39,24,30,27,29,26,24,37,45,44,43,36,42,35,35,25,26,27,25,25,24,36,39,42,46,39,38,37,27,28,26,25,29,24,28,45,39,38,40,34,34,36,27,23,23,22,19,,,,,,,,,,,,,,,,,,,,,,,,,,,,,,,,,,,,,,,,,,,,,,,,,,,,,,,,,,,,,,,,,,,,,,,,,,,,,,,,,,,,,,,,,,,,,,,,,,,,,,,,,,,,,,,,,,,,,,,,,,,,,,,,,,,,,,,,,,,,,,,,,,,,,,,,,,,,,,,,,,,,,,,,,,,,,,,,,,,,,,,,,,,,,,,,
23,30,29,32,30,31,25,24,23,27,23,25,31,37,37,39,33,30,33,25,24,23,23,25,26,23,40,48,38,40,32,35,33,24,26,24,23,26,24,25,40,37,38,30,34,34,31,25,26,23,27,26,23,28,40,41,37,31,32,28,26,21,20,20,18,,,,,,,,,,,,,,,,,,,,,,,,,,,,,,,,,,,,,,,,,,,,,,,,,,,,,,,,,,,,,,,,,,,,,,,,,,,,,,,,,,,,,,,,,,,,,,,,,,,,,,,,,,,,,,,,,,,,,,,,,,,,,,,,,,,,,,,,,,,,,,,,,,,,,,,,,,,,,,,,,,,,,,,,,,,,,,,,,,,,,,,,,,,,,,,,
24,36,28,31,28,31,29,35,41,45,46,51,42,41,46,32,35,31,29,31,35,34,45,51,54,47,49,46,41,33,31,29,35,33,31,31,49,45,51,42,45,40,49,33,30,29,29,37,31,42,50,53,48,52,41,41,38,35,31,31,30,27,29,35,37,,,,,,,,,,,,,,,,,,,,,,,,,,,,,,,,,,,,,,,,,,,,,,,,,,,,,,,,,,,,,,,,,,,,,,,,,,,,,,,,,,,,,,,,,,,,,,,,,,,,,,,,,,,,,,,,,,,,,,,,,,,,,,,,,,,,,,,,,,,,,,,,,,,,,,,,,,,,,,,,,,,,,,,,,,,,,,,,,,,,,,,,,,,,,,,,
25,28,23,22,27,26,24,27,26,35,40,39,40,37,34,41,29,29,29,28,26,29,26,41,43,40,38,33,39,36,27,28,29,27,29,29,36,46,43,42,36,35,36,28,30,29,26,28,31,29,41,42,42,39,34,33,36,26,26,26,26,25,24,23,36,,,,,,,,,,,,,,,,,,,,,,,,,,,,,,,,,,,,,,,,,,,,,,,,,,,,,,,,,,,,,,,,,,,,,,,,,,,,,,,,,,,,,,,,,,,,,,,,,,,,,,,,,,,,,,,,,,,,,,,,,,,,,,,,,,,,,,,,,,,,,,,,,,,,,,,,,,,,,,,,,,,,,,,,,,,,,,,,,,,,,,,,,,,,,,,,
26,33,33,27,27,28,29,28,29,35,45,42,39,40,36,45,36,28,28,30,28,29,29,36,47,44,44,36,42,41,26,26,29,30,30,26,29,46,42,46,42,40,40,41,29,30,31,29,29,29,31,42,49,45,41,36,36,32,25,29,28,26,26,24,29,,,,,,,,,,,,,,,,,,,,,,,,,,,,,,,,,,,,,,,,,,,,,,,,,,,,,,,,,,,,,,,,,,,,,,,,,,,,,,,,,,,,,,,,,,,,,,,,,,,,,,,,,,,,,,,,,,,,,,,,,,,,,,,,,,,,,,,,,,,,,,,,,,,,,,,,,,,,,,,,,,,,,,,,,,,,,,,,,,,,,,,,,,,,,,,,
27,26,33,23,26,26,26,22,30,28,50,44,41,44,36,36,37,29,29,28,29,24,29,26,37,44,48,36,36,32,37,29,27,27,27,31,32,36,44,43,47,36,38,37,35,26,26,29,26,29,27,39,41,44,44,40,35,37,28,26,29,27,24,22,24,,,,,,,,,,,,,,,,,,,,,,,,,,,,,,,,,,,,,,,,,,,,,,,,,,,,,,,,,,,,,,,,,,,,,,,,,,,,,,,,,,,,,,,,,,,,,,,,,,,,,,,,,,,,,,,,,,,,,,,,,,,,,,,,,,,,,,,,,,,,,,,,,,,,,,,,,,,,,,,,,,,,,,,,,,,,,,,,,,,,,,,,,,,,,,,,
28,30,31,30,29,31,24,25,28,29,26,39,42,43,33,39,41,35,26,27,26,26,26,27,30,43,42,44,36,41,40,27,29,25,27,27,28,27,43,44,47,46,36,39,36,26,31,34,26,30,26,28,41,43,40,35,38,38,35,26,29,28,25,23,26,,,,,,,,,,,,,,,,,,,,,,,,,,,,,,,,,,,,,,,,,,,,,,,,,,,,,,,,,,,,,,,,,,,,,,,,,,,,,,,,,,,,,,,,,,,,,,,,,,,,,,,,,,,,,,,,,,,,,,,,,,,,,,,,,,,,,,,,,,,,,,,,,,,,,,,,,,,,,,,,,,,,,,,,,,,,,,,,,,,,,,,,,,,,,,,,
29,29,31,33,33,25,29,25,28,28,29,32,45,41,44,33,35,35,27,31,28,29,28,26,27,43,36,42,44,38,37,35,29,29,26,29,26,29,28,44,45,43,34,36,35,39,28,31,30,26,31,25,35,39,39,44,36,34,36,26,25,26,26,22,20,,,,,,,,,,,,,,,,,,,,,,,,,,,,,,,,,,,,,,,,,,,,,,,,,,,,,,,,,,,,,,,,,,,,,,,,,,,,,,,,,,,,,,,,,,,,,,,,,,,,,,,,,,,,,,,,,,,,,,,,,,,,,,,,,,,,,,,,,,,,,,,,,,,,,,,,,,,,,,,,,,,,,,,,,,,,,,,,,,,,,,,,,,,,,,,,
30,32,33,31,30,26,26,26,25,29,26,28,41,38,43,35,35,35,33,25,27,28,26,28,29,36,44,42,46,40,39,36,34,29,29,26,29,27,27,40,40,43,41,36,35,35,29,28,29,26,27,28,26,40,40,46,39,34,32,35,24,26,25,26,22,,,,,,,,,,,,,,,,,,,,,,,,,,,,,,,,,,,,,,,,,,,,,,,,,,,,,,,,,,,,,,,,,,,,,,,,,,,,,,,,,,,,,,,,,,,,,,,,,,,,,,,,,,,,,,,,,,,,,,,,,,,,,,,,,,,,,,,,,,,,,,,,,,,,,,,,,,,,,,,,,,,,,,,,,,,,,,,,,,,,,,,,,,,,,,,,
31,33,30,29,34,31,23,27,27,24,28,26,34,38,39,41,31,35,33,29,28,27,26,25,28,28,38,41,41,38,36,36,37,26,27,28,26,29,26,26,42,43,45,33,37,37,35,28,29,25,26,26,26,31,39,40,39,33,36,32,28,26,27,22,22,,,,,,,,,,,,,,,,,,,,,,,,,,,,,,,,,,,,,,,,,,,,,,,,,,,,,,,,,,,,,,,,,,,,,,,,,,,,,,,,,,,,,,,,,,,,,,,,,,,,,,,,,,,,,,,,,,,,,,,,,,,,,,,,,,,,,,,,,,,,,,,,,,,,,,,,,,,,,,,,,,,,,,,,,,,,,,,,,,,,,,,,,,,,,,,,
32,34,25,28,26,28,30,29,42,45,50,50,45,42,46,31,27,30,28,33,30,36,46,56,53,50,40,38,36,32,29,30,34,31,33,29,49,52,43,41,41,42,42,28,33,32,31,35,29,41,45,48,44,36,42,46,38,33,31,31,28,27,27,34,38,,,,,,,,,,,,,,,,,,,,,,,,,,,,,,,,,,,,,,,,,,,,,,,,,,,,,,,,,,,,,,,,,,,,,,,,,,,,,,,,,,,,,,,,,,,,,,,,,,,,,,,,,,,,,,,,,,,,,,,,,,,,,,,,,,,,,,,,,,,,,,,,,,,,,,,,,,,,,,,,,,,,,,,,,,,,,,,,,,,,,,,,,,,,,,,,
33,26,24,27,26,28,27,28,30,41,45,46,43,37,40,39,30,29,31,27,29,31,28,40,44,45,37,40,37,36,29,29,28,28,26,31,34,40,45,47,42,36,36,28,29,29,30,27,30,29,46,46,47,43,36,40,38,31,29,30,30,25,26,26,35,,,,,,,,,,,,,,,,,,,,,,,,,,,,,,,,,,,,,,,,,,,,,,,,,,,,,,,,,,,,,,,,,,,,,,,,,,,,,,,,,,,,,,,,,,,,,,,,,,,,,,,,,,,,,,,,,,,,,,,,,,,,,,,,,,,,,,,,,,,,,,,,,,,,,,,,,,,,,,,,,,,,,,,,,,,,,,,,,,,,,,,,,,,,,,,,
34,33,30,28,28,28,29,30,29,39,49,43,46,39,43,42,39,32,30,30,29,29,28,39,48,46,46,39,42,40,32,31,29,33,32,28,32,44,50,49,46,40,42,46,33,33,32,33,30,29,33,46,45,46,40,39,37,40,29,28,30,27,27,24,33,,,,,,,,,,,,,,,,,,,,,,,,,,,,,,,,,,,,,,,,,,,,,,,,,,,,,,,,,,,,,,,,,,,,,,,,,,,,,,,,,,,,,,,,,,,,,,,,,,,,,,,,,,,,,,,,,,,,,,,,,,,,,,,,,,,,,,,,,,,,,,,,,,,,,,,,,,,,,,,,,,,,,,,,,,,,,,,,,,,,,,,,,,,,,,,,
35,32,33,27,27,28,27,28,28,26,46,45,42,44,40,33,39,28,29,28,27,29,26,28,43,44,46,35,44,37,40,29,29,28,29,32,32,37,43,46,41,38,36,40,38,28,33,28,28,28,27,35,45,46,44,38,36,35,31,28,26,28,25,24,24,,,,,,,,,,,,,,,,,,,,,,,,,,,,,,,,,,,,,,,,,,,,,,,,,,,,,,,,,,,,,,,,,,,,,,,,,,,,,,,,,,,,,,,,,,,,,,,,,,,,,,,,,,,,,,,,,,,,,,,,,,,,,,,,,,,,,,,,,,,,,,,,,,,,,,,,,,,,,,,,,,,,,,,,,,,,,,,,,,,,,,,,,,,,,,,,
36,32,32,37,28,28,27,29,30,28,28,46,47,41,37,38,38,35,29,30,28,30,31,31,33,47,45,49,36,44,41,30,27,29,26,28,29,28,46,48,44,46,42,41,36,28,30,27,28,30,27,29,45,43,46,35,36,40,36,27,29,24,25,24,24,,,,,,,,,,,,,,,,,,,,,,,,,,,,,,,,,,,,,,,,,,,,,,,,,,,,,,,,,,,,,,,,,,,,,,,,,,,,,,,,,,,,,,,,,,,,,,,,,,,,,,,,,,,,,,,,,,,,,,,,,,,,,,,,,,,,,,,,,,,,,,,,,,,,,,,,,,,,,,,,,,,,,,,,,,,,,,,,,,,,,,,,,,,,,,,,
37,33,37,32,33,28,27,28,30,28,30,37,46,45,53,43,36,39,27,30,29,32,28,26,29,46,47,48,51,39,40,40,28,28,29,32,28,28,31,46,47,45,38,41,40,37,32,27,32,30,31,29,38,45,42,48,38,36,33,31,26,28,26,23,23,,,,,,,,,,,,,,,,,,,,,,,,,,,,,,,,,,,,,,,,,,,,,,,,,,,,,,,,,,,,,,,,,,,,,,,,,,,,,,,,,,,,,,,,,,,,,,,,,,,,,,,,,,,,,,,,,,,,,,,,,,,,,,,,,,,,,,,,,,,,,,,,,,,,,,,,,,,,,,,,,,,,,,,,,,,,,,,,,,,,,,,,,,,,,,,,
38,31,32,29,35,26,28,25,26,27,27,27,42,39,40,36,36,34,38,26,29,26,26,27,26,32,43,41,43,38,37,34,33,28,29,26,32,29,27,36,40,40,42,33,37,38,29,29,29,28,28,29,27,42,44,40,36,36,36,32,23,25,26,23,24,,,,,,,,,,,,,,,,,,,,,,,,,,,,,,,,,,,,,,,,,,,,,,,,,,,,,,,,,,,,,,,,,,,,,,,,,,,,,,,,,,,,,,,,,,,,,,,,,,,,,,,,,,,,,,,,,,,,,,,,,,,,,,,,,,,,,,,,,,,,,,,,,,,,,,,,,,,,,,,,,,,,,,,,,,,,,,,,,,,,,,,,,,,,,,,,
39,38,32,34,38,33,28,27,28,29,27,28,36,40,47,45,38,38,38,29,28,27,28,29,29,31,45,45,49,46,41,39,42,32,28,28,29,27,29,29,41,47,42,39,46,39,36,29,29,29,29,29,27,35,42,44,42,38,37,36,32,27,28,24,24,,,,,,,,,,,,,,,,,,,,,,,,,,,,,,,,,,,,,,,,,,,,,,,,,,,,,,,,,,,,,,,,,,,,,,,,,,,,,,,,,,,,,,,,,,,,,,,,,,,,,,,,,,,,,,,,,,,,,,,,,,,,,,,,,,,,,,,,,,,,,,,,,,,,,,,,,,,,,,,,,,,,,,,,,,,,,,,,,,,,,,,,,,,,,,,,
40,32,29,27,27,31,31,28,36,42,46,44,42,35,36,25,31,29,31,34,35,28,51,44,47,46,46,38,43,29,32,31,33,30,28,31,49,47,42,39,40,36,38,27,32,30,32,31,29,39,45,50,47,40,41,39,34,32,27,27,30,29,29,34,36,,,,,,,,,,,,,,,,,,,,,,,,,,,,,,,,,,,,,,,,,,,,,,,,,,,,,,,,,,,,,,,,,,,,,,,,,,,,,,,,,,,,,,,,,,,,,,,,,,,,,,,,,,,,,,,,,,,,,,,,,,,,,,,,,,,,,,,,,,,,,,,,,,,,,,,,,,,,,,,,,,,,,,,,,,,,,,,,,,,,,,,,,,,,,,,,
41,29,23,24,25,25,25,27,31,43,39,44,40,35,37,39,30,29,26,27,25,27,26,45,42,35,37,37,35,36,28,26,29,28,27,27,30,40,40,42,37,35,32,28,27,30,29,28,26,28,42,38,42,40,37,36,36,27,26,25,28,28,22,23,31,,,,,,,,,,,,,,,,,,,,,,,,,,,,,,,,,,,,,,,,,,,,,,,,,,,,,,,,,,,,,,,,,,,,,,,,,,,,,,,,,,,,,,,,,,,,,,,,,,,,,,,,,,,,,,,,,,,,,,,,,,,,,,,,,,,,,,,,,,,,,,,,,,,,,,,,,,,,,,,,,,,,,,,,,,,,,,,,,,,,,,,,,,,,,,,,
42,34,32,26,31,28,30,27,30,44,42,48,47,37,41,40,44,31,30,31,30,32,29,38,48,43,55,38,40,39,34,29,33,28,31,32,31,53,51,47,48,37,41,36,30,28,32,32,30,29,30,48,47,45,40,36,41,37,27,31,29,27,27,26,31,,,,,,,,,,,,,,,,,,,,,,,,,,,,,,,,,,,,,,,,,,,,,,,,,,,,,,,,,,,,,,,,,,,,,,,,,,,,,,,,,,,,,,,,,,,,,,,,,,,,,,,,,,,,,,,,,,,,,,,,,,,,,,,,,,,,,,,,,,,,,,,,,,,,,,,,,,,,,,,,,,,,,,,,,,,,,,,,,,,,,,,,,,,,,,,,
43,31,36,27,26,26,27,29,30,27,43,42,43,43,37,34,41,30,27,28,30,27,29,30,48,48,50,44,44,39,40,30,32,27,27,31,33,39,45,45,42,38,39,34,34,30,28,29,30,32,27,39,44,46,46,39,37,40,27,30,25,29,25,27,22,,,,,,,,,,,,,,,,,,,,,,,,,,,,,,,,,,,,,,,,,,,,,,,,,,,,,,,,,,,,,,,,,,,,,,,,,,,,,,,,,,,,,,,,,,,,,,,,,,,,,,,,,,,,,,,,,,,,,,,,,,,,,,,,,,,,,,,,,,,,,,,,,,,,,,,,,,,,,,,,,,,,,,,,,,,,,,,,,,,,,,,,,,,,,,,,
44,27,27,32,24,26,23,25,27,25,25,40,39,40,32,33,34,36,28,26,27,27,26,26,31,41,40,41,35,34,39,27,28,26,28,25,27,26,41,40,42,40,40,36,37,26,29,24,27,28,24,27,40,42,43,35,35,35,33,25,26,25,22,24,22,,,,,,,,,,,,,,,,,,,,,,,,,,,,,,,,,,,,,,,,,,,,,,,,,,,,,,,,,,,,,,,,,,,,,,,,,,,,,,,,,,,,,,,,,,,,,,,,,,,,,,,,,,,,,,,,,,,,,,,,,,,,,,,,,,,,,,,,,,,,,,,,,,,,,,,,,,,,,,,,,,,,,,,,,,,,,,,,,,,,,,,,,,,,,,,,
45,32,30,32,32,27,26,29,29,29,27,35,44,41,43,39,36,38,27,30,27,29,30,27,29,45,38,45,45,37,37,36,28,30,28,28,27,28,30,41,46,39,37,34,36,34,30,27,30,24,27,30,37,42,44,42,42,36,37,26,24,23,26,22,21,,,,,,,,,,,,,,,,,,,,,,,,,,,,,,,,,,,,,,,,,,,,,,,,,,,,,,,,,,,,,,,,,,,,,,,,,,,,,,,,,,,,,,,,,,,,,,,,,,,,,,,,,,,,,,,,,,,,,,,,,,,,,,,,,,,,,,,,,,,,,,,,,,,,,,,,,,,,,,,,,,,,,,,,,,,,,,,,,,,,,,,,,,,,,,,,
46,36,36,33,36,28,32,30,28,29,28,28,48,49,43,40,36,40,42,30,31,34,34,30,32,37,42,51,49,39,39,44,35,31,32,29,33,31,30,46,46,49,52,44,38,42,30,29,30,31,32,32,33,50,50,46,43,46,45,37,27,29,24,24,25,,,,,,,,,,,,,,,,,,,,,,,,,,,,,,,,,,,,,,,,,,,,,,,,,,,,,,,,,,,,,,,,,,,,,,,,,,,,,,,,,,,,,,,,,,,,,,,,,,,,,,,,,,,,,,,,,,,,,,,,,,,,,,,,,,,,,,,,,,,,,,,,,,,,,,,,,,,,,,,,,,,,,,,,,,,,,,,,,,,,,,,,,,,,,,,,
47,38,35,39,44,36,29,27,30,28,28,31,38,51,46,50,39,40,42,30,30,30,29,27,32,31,46,45,41,45,36,41,40,27,29,34,31,33,30,29,42,51,48,39,43,43,41,35,33,30,30,30,32,40,55,50,51,41,35,44,34,29,28,26,26,,,,,,,,,,,,,,,,,,,,,,,,,,,,,,,,,,,,,,,,,,,,,,,,,,,,,,,,,,,,,,,,,,,,,,,,,,,,,,,,,,,,,,,,,,,,,,,,,,,,,,,,,,,,,,,,,,,,,,,,,,,,,,,,,,,,,,,,,,,,,,,,,,,,,,,,,,,,,,,,,,,,,,,,,,,,,,,,,,,,,,,,,,,,,,,,
48,33,25,27,28,28,28,30,33,44,47,49,37,47,40,29,30,31,29,32,30,33,51,47,54,55,38,45,43,31,35,31,33,31,34,35,55,50,45,41,45,45,43,30,30,32,31,31,33,43,52,54,52,41,44,42,39,30,29,30,29,29,28,32,36,,,,,,,,,,,,,,,,,,,,,,,,,,,,,,,,,,,,,,,,,,,,,,,,,,,,,,,,,,,,,,,,,,,,,,,,,,,,,,,,,,,,,,,,,,,,,,,,,,,,,,,,,,,,,,,,,,,,,,,,,,,,,,,,,,,,,,,,,,,,,,,,,,,,,,,,,,,,,,,,,,,,,,,,,,,,,,,,,,,,,,,,,,,,,,,,
49,29,26,26,27,25,27,24,30,49,48,42,43,36,39,38,28,30,30,31,30,30,26,44,47,44,43,43,42,40,30,31,30,28,33,32,37,46,43,47,37,39,37,29,28,28,29,30,30,29,46,49,42,44,42,34,40,30,28,29,29,26,26,24,40,,,,,,,,,,,,,,,,,,,,,,,,,,,,,,,,,,,,,,,,,,,,,,,,,,,,,,,,,,,,,,,,,,,,,,,,,,,,,,,,,,,,,,,,,,,,,,,,,,,,,,,,,,,,,,,,,,,,,,,,,,,,,,,,,,,,,,,,,,,,,,,,,,,,,,,,,,,,,,,,,,,,,,,,,,,,,,,,,,,,,,,,,,,,,,,,
50,29,31,23,23,28,26,25,31,37,39,42,43,33,39,38,37,29,26,28,25,28,28,36,42,40,42,38,37,38,26,26,30,26,27,24,28,41,44,39,45,38,37,39,27,29,25,31,27,29,29,44,42,46,35,35,35,38,24,25,26,25,25,24,23,,,,,,,,,,,,,,,,,,,,,,,,,,,,,,,,,,,,,,,,,,,,,,,,,,,,,,,,,,,,,,,,,,,,,,,,,,,,,,,,,,,,,,,,,,,,,,,,,,,,,,,,,,,,,,,,,,,,,,,,,,,,,,,,,,,,,,,,,,,,,,,,,,,,,,,,,,,,,,,,,,,,,,,,,,,,,,,,,,,,,,,,,,,,,,,,
51,32,33,27,27,26,25,24,26,28,43,42,45,47,34,37,41,30,30,29,29,26,28,28,42,39,43,39,34,39,36,29,28,28,27,28,28,35,45,45,45,38,37,38,36,28,28,28,28,31,28,39,48,42,42,36,35,40,27,26,28,25,27,24,23,,,,,,,,,,,,,,,,,,,,,,,,,,,,,,,,,,,,,,,,,,,,,,,,,,,,,,,,,,,,,,,,,,,,,,,,,,,,,,,,,,,,,,,,,,,,,,,,,,,,,,,,,,,,,,,,,,,,,,,,,,,,,,,,,,,,,,,,,,,,,,,,,,,,,,,,,,,,,,,,,,,,,,,,,,,,,,,,,,,,,,,,,,,,,,,,
52,27,31,33,24,24,24,26,26,25,28,40,40,36,36,31,33,37,24,28,24,25,28,25,32,39,41,42,31,34,36,27,25,25,24,28,26,28,37,36,37,39,36,34,36,26,28,24,27,25,23,27,38,39,40,33,34,31,31,25,25,25,23,22,20,,,,,,,,,,,,,,,,,,,,,,,,,,,,,,,,,,,,,,,,,,,,,,,,,,,,,,,,,,,,,,,,,,,,,,,,,,,,,,,,,,,,,,,,,,,,,,,,,,,,,,,,,,,,,,,,,,,,,,,,,,,,,,,,,,,,,,,,,,,,,,,,,,,,,,,,,,,,,,,,,,,,,,,,,,,,,,,,,,,,,,,,,,,,,,,,
53,31,33,39,33,29,31,28,30,27,30,40,52,52,43,43,43,38,27,33,31,30,30,30,30,44,43,51,43,39,44,40,32,33,26,28,30,32,27,47,48,49,42,44,38,43,29,30,29,31,31,31,39,45,46,49,46,41,37,29,27,26,26,27,22,,,,,,,,,,,,,,,,,,,,,,,,,,,,,,,,,,,,,,,,,,,,,,,,,,,,,,,,,,,,,,,,,,,,,,,,,,,,,,,,,,,,,,,,,,,,,,,,,,,,,,,,,,,,,,,,,,,,,,,,,,,,,,,,,,,,,,,,,,,,,,,,,,,,,,,,,,,,,,,,,,,,,,,,,,,,,,,,,,,,,,,,,,,,,,,,
54,36,33,32,39,27,29,26,25,28,31,29,43,45,45,35,37,36,40,33,29,30,29,29,26,38,39,44,44,34,44,39,42,29,31,30,28,28,27,34,45,43,48,40,40,36,31,28,33,31,29,26,29,43,38,41,36,38,34,35,27,28,26,24,21,,,,,,,,,,,,,,,,,,,,,,,,,,,,,,,,,,,,,,,,,,,,,,,,,,,,,,,,,,,,,,,,,,,,,,,,,,,,,,,,,,,,,,,,,,,,,,,,,,,,,,,,,,,,,,,,,,,,,,,,,,,,,,,,,,,,,,,,,,,,,,,,,,,,,,,,,,,,,,,,,,,,,,,,,,,,,,,,,,,,,,,,,,,,,,,,
55,37,39,32,41,39,28,30,30,28,28,30,39,45,49,48,41,43,40,29,29,28,28,27,29,30,50,48,42,49,42,43,38,28,30,31,31,30,35,33,43,46,48,41,38,42,39,32,28,28,32,32,32,38,46,48,44,37,41,46,36,25,26,23,27,,,,,,,,,,,,,,,,,,,,,,,,,,,,,,,,,,,,,,,,,,,,,,,,,,,,,,,,,,,,,,,,,,,,,,,,,,,,,,,,,,,,,,,,,,,,,,,,,,,,,,,,,,,,,,,,,,,,,,,,,,,,,,,,,,,,,,,,,,,,,,,,,,,,,,,,,,,,,,,,,,,,,,,,,,,,,,,,,,,,,,,,,,,,,,,,
56,26,26,24,24,22,24,25,29,38,35,46,33,33,35,25,26,27,26,25,27,26,34,38,38,40,36,34,32,26,29,29,23,24,26,25,37,39,37,33,34,34,35,25,26,25,26,28,29,33,43,44,38,37,34,31,33,23,26,27,25,25,22,28,28,,,,,,,,,,,,,,,,,,,,,,,,,,,,,,,,,,,,,,,,,,,,,,,,,,,,,,,,,,,,,,,,,,,,,,,,,,,,,,,,,,,,,,,,,,,,,,,,,,,,,,,,,,,,,,,,,,,,,,,,,,,,,,,,,,,,,,,,,,,,,,,,,,,,,,,,,,,,,,,,,,,,,,,,,,,,,,,,,,,,,,,,,,,,,,,,
57,26,22,23,28,23,25,26,26,39,44,44,45,37,37,38,27,26,28,26,28,26,27,44,44,42,39,34,41,35,27,25,25,26,25,28,35,41,46,41,39,36,37,26,26,26,28,25,30,26,52,44,46,45,39,35,33,28,27,26,29,26,22,23,31,,,,,,,,,,,,,,,,,,,,,,,,,,,,,,,,,,,,,,,,,,,,,,,,,,,,,,,,,,,,,,,,,,,,,,,,,,,,,,,,,,,,,,,,,,,,,,,,,,,,,,,,,,,,,,,,,,,,,,,,,,,,,,,,,,,,,,,,,,,,,,,,,,,,,,,,,,,,,,,,,,,,,,,,,,,,,,,,,,,,,,,,,,,,,,,,
58,28,29,21,25,23,24,27,27,35,38,37,35,36,35,33,32,26,26,27,24,25,25,31,38,38,36,33,39,34,25,27,23,30,27,25,25,44,44,38,36,33,33,36,26,30,25,27,24,26,28,44,42,43,39,32,33,35,26,25,23,23,20,22,25,,,,,,,,,,,,,,,,,,,,,,,,,,,,,,,,,,,,,,,,,,,,,,,,,,,,,,,,,,,,,,,,,,,,,,,,,,,,,,,,,,,,,,,,,,,,,,,,,,,,,,,,,,,,,,,,,,,,,,,,,,,,,,,,,,,,,,,,,,,,,,,,,,,,,,,,,,,,,,,,,,,,,,,,,,,,,,,,,,,,,,,,,,,,,,,,
59,28,26,21,24,24,22,24,23,23,39,37,42,39,32,32,33,24,24,23,24,25,24,24,39,40,39,34,29,35,33,24,23,25,25,25,26,29,41,38,36,35,32,33,29,25,26,23,25,28,22,35,42,41,43,31,30,32,26,25,23,25,22,20,21,,,,,,,,,,,,,,,,,,,,,,,,,,,,,,,,,,,,,,,,,,,,,,,,,,,,,,,,,,,,,,,,,,,,,,,,,,,,,,,,,,,,,,,,,,,,,,,,,,,,,,,,,,,,,,,,,,,,,,,,,,,,,,,,,,,,,,,,,,,,,,,,,,,,,,,,,,,,,,,,,,,,,,,,,,,,,,,,,,,,,,,,,,,,,,,,
60,26,27,29,25,22,24,24,25,24,25,40,35,36,32,37,30,35,25,25,23,25,27,22,28,37,42,38,34,32,35,27,26,23,25,26,24,23,37,38,39,39,33,33,34,26,28,26,28,25,25,24,38,38,37,31,33,34,33,25,24,25,21,20,20,,,,,,,,,,,,,,,,,,,,,,,,,,,,,,,,,,,,,,,,,,,,,,,,,,,,,,,,,,,,,,,,,,,,,,,,,,,,,,,,,,,,,,,,,,,,,,,,,,,,,,,,,,,,,,,,,,,,,,,,,,,,,,,,,,,,,,,,,,,,,,,,,,,,,,,,,,,,,,,,,,,,,,,,,,,,,,,,,,,,,,,,,,,,,,,,
61,23,26,28,27,22,21,21,23,22,22,26,33,33,35,27,27,30,22,22,21,21,23,22,23,35,33,35,34,30,31,31,24,23,23,23,22,25,21,30,35,37,26,28,30,29,21,23,24,23,22,22,27,33,33,38,28,28,29,21,22,21,21,21,18,,,,,,,,,,,,,,,,,,,,,,,,,,,,,,,,,,,,,,,,,,,,,,,,,,,,,,,,,,,,,,,,,,,,,,,,,,,,,,,,,,,,,,,,,,,,,,,,,,,,,,,,,,,,,,,,,,,,,,,,,,,,,,,,,,,,,,,,,,,,,,,,,,,,,,,,,,,,,,,,,,,,,,,,,,,,,,,,,,,,,,,,,,,,,,,,
62,32,30,27,30,23,25,25,24,24,23,26,39,41,37,27,33,32,33,23,26,23,27,23,25,29,37,37,38,38,35,31,30,25,21,23,24,24,23,34,33,33,37,33,28,32,25,27,25,22,23,25,22,39,38,34,33,34,30,30,22,23,22,21,19,,,,,,,,,,,,,,,,,,,,,,,,,,,,,,,,,,,,,,,,,,,,,,,,,,,,,,,,,,,,,,,,,,,,,,,,,,,,,,,,,,,,,,,,,,,,,,,,,,,,,,,,,,,,,,,,,,,,,,,,,,,,,,,,,,,,,,,,,,,,,,,,,,,,,,,,,,,,,,,,,,,,,,,,,,,,,,,,,,,,,,,,,,,,,,,,
63,33,30,31,29,32,22,25,21,22,23,24,29,39,36,36,30,34,31,25,25,26,24,21,24,23,37,38,38,33,33,33,31,24,24,22,25,24,22,24,38,36,43,33,31,32,34,24,26,24,25,25,23,30,38,35,37,29,33,30,25,23,20,20,20,,,,,,,,,,,,,,,,,,,,,,,,,,,,,,,,,,,,,,,,,,,,,,,,,,,,,,,,,,,,,,,,,,,,,,,,,,,,,,,,,,,,,,,,,,,,,,,,,,,,,,,,,,,,,,,,,,,,,,,,,,,,,,,,,,,,,,,,,,,,,,,,,,,,,,,,,,,,,,,,,,,,,,,,,,,,,,,,,,,,,,,,,,,,,,,,
,,,,,,,,,,,,,,,,,,,,,,,,,,,,,,,,,,,,,,,,,,,,,,,,,,,,,,,,,,,,,,,,,,,,,,,,,,,,,,,,,,,,,,,,,,,,,,,,,,,,,,,,,,,,,,,,,,,,,,,,,,,,,,,,,,,,,,,,,,,,,,,,,,,,,,,,,,,,,,,,,,,,,,,,,,,,,,,,,,,,,,,,,,,,,,,,,,,,,,,,,,,,,,,,,,,,,,,,,,,,,,,,,,,,,,,,,,,,,,,,,,,,,,,,,,,,,,,,
value,0,1,2,3,4,5,6,7,8,9,10,11,12,13,14,15,16,17,18,19,20,21,22,23,24,25,26,27,28,29,30,31,32,33,34,35,36,37,38,39,40,41,42,43,44,45,46,47,48,49,50,51,52,53,54,55,56,57,58,59,60,61,62,63,64,65,66,67,68,69,70,71,72,73,74,75,76,77,78,79,80,81,82,83,84,85,86,87,88,89,90,91,92,93,94,95,96,97,98,99,100,101,102,103,104,105,106,107,108,109,110,111,112,113,114,115,116,117,118,119,120,121,122,123,124,125,126,127,128,129,130,131,132,133,134,135,136,137,138,139,140,141,142,143,144,145,146,147,148,149,150,151,152,153,154,155,156,157,158,159,160,161,162,163,164,165,166,167,168,169,170,171,172,173,174,175,176,177,178,179,180,181,182,183,184,185,186,187,188,189,190,191,192,193,194,195,196,197,198,199,200,201,202,203,204,205,206,207,208,209,210,211,212,213,214,215,216,217,218,219,220,221,222,223,224,225,226,227,228,229,230,231,232,233,234,235,236,237,238,239,240,241,242,243,244,245,246,247,248,249,250,251,252,253,254,255
count,0,0,0,0,0,0,0,0,0,0,0,0,0,0,0,0,2,2,4,21,57,62,98,155,193,197,270,237,293,247,210,161,145,155,110,120,161,123,116,131,127,90,114,87,93,78,72,36,33,25,17,20,8,7,8,8,2,0,1,0,0,0,0,0,0,0,0,0,0,0,0,0,0,0,0,0,0,0,0,0,0,0,0,0,0,0,0,0,0,0,0,0,0,0,0,0,0,0,0,0,0,0,0,0,0,0,0,0,0,0,0,0,0,0,0,0,0,0,0,0,0,0,0,0,0,0,0,0,0,0,0,0,0,0,0,0,0,0,0,0,0,0,0,0,0,0,0,0,0,0,0,0,0,0,0,0,0,0,0,0,0,0,0,0,0,0,0,0,0,0,0,0,0,0,0,0,0,0,0,0,0,0,0,0,0,0,0,0,0,0,0,0,0,0,0,0,0,0,0,0,0,0,0,0,0,0,0,0,0,0,0,0,0,0,0,0,0,0,0,0,0,0,0,0,0,0,0,0,0,0,0,0,0,0,0,0,0,0,0,0,0,0,0,0,0,0,0,0,0,0,0,0,0,0,0,0
,,,,,,,,,,,,,,,,,,,,,,,,,,,,,,,,,,,,,,,,,,,,,,,,,,,,,,,,,,,,,,,,,,,,,,,,,,,,,,,,,,,,,,,,,,,,,,,,,,,,,,,,,,,,,,,,,,,,,,,,,,,,,,,,,,,,,,,,,,,,,,,,,,,,,,,,,,,,,,,,,,,,,,,,,,,,,,,,,,,,,,,,,,,,,,,,,,,,,,,,,,,,,,,,,,,,,,,,,,,,,,,,,,,,,,,,,,,,,,,,,,,,,,,,,,,,,,,,
4,,,,,,,,,,,,,,,,,,,,,,,,,,,,,,,,,,,,,,,,,,,,,,,,,,,,,,,,,,,,,,,,,,,,,,,,,,,,,,,,,,,,,,,,,,,,,,,,,,,,,,,,,,,,,,,,,,,,,,,,,,,,,,,,,,,,,,,,,,,,,,,,,,,,,,,,,,,,,,,,,,,,,,,,,,,,,,,,,,,,,,,,,,,,,,,,,,,,,,,,,,,,,,,,,,,,,,,,,,,,,,,,,,,,,,,,,,,,,,,,,,,,,,,,,,,,,,,,
,0,1,2,3,4,5,6,7,8,9,10,11,12,13,14,15,16,17,18,19,20,21,22,23,24,25,26,27,28,29,30,31,32,33,34,35,36,37,38,39,40,41,42,43,44,45,46,47,48,49,50,51,52,53,54,55,56,57,58,59,60,61,62,63,,,,,,,,,,,,,,,,,,,,,,,,,,,,,,,,,,,,,,,,,,,,,,,,,,,,,,,,,,,,,,,,,,,,,,,,,,,,,,,,,,,,,,,,,,,,,,,,,,,,,,,,,,,,,,,,,,,,,,,,,,,,,,,,,,,,,,,,,,,,,,,,,,,,,,,,,,,,,,,,,,,,,,,,,,,,,,,,,,,,,,,,,,,,,,,,
0,24,18,23,21,22,19,20,27,29,32,34,28,28,31,22,21,20,23,25,21,21,32,39,34,38,29,30,32,21,21,24,22,21,20,21,34,38,32,31,28,30,28,21,21,22,22,20,20,26,32,32,33,26,30,30,26,22,20,21,23,19,21,28,28,,,,,,,,,,,,,,,,,,,,,,,,,,,,,,,,,,,,,,,,,,,,,,,,,,,,,,,,,,,,,,,,,,,,,,,,,,,,,,,,,,,,,,,,,,,,,,,,,,,,,,,,,,,,,,,,,,,,,,,,,,,,,,,,,,,,,,,,,,,,,,,,,,,,,,,,,,,,,,,,,,,,,,,,,,,,,,,,,,,,,,,,,,,,,,,,
1,23,20,19,20,24,23,23,21,34,35,38,34,30,32,26,24,22,20,20,23,24,19,31,35,36,30,31,31,30,23,22,23,23,25,24,28,37,33,35,31,27,28,25,20,24,25,24,20,23,37,33,40,37,34,31,33,21,22,24,20,21,20,18,28,,,,,,,,,,,,,,,,,,,,,,,,,,,,,,,,,,,,,,,,,,,,,,,,,,,,,,,,,,,,,,,,,,,,,,,,,,,,,,,,,,,,,,,,,,,,,,,,,,,,,,,,,,,,,,,,,,,,,,,,,,,,,,,,,,,,,,,,,,,,,,,,,,,,,,,,,,,,,,,,,,,,,,,,,,,,,,,,,,,,,,,,,,,,,,,,
2,27,25,23,24,24,21,19,21,25,36,30,38,32,28,30,31,22,22,24,20,24,22,28,36,35,32,34,34,29,21,22,24,25,21,25,22,34,35,36,32,30,32,32,24,21,24,22,24,22,23,33,32,31,31,28,28,31,21,20,20,19,19,19,21,,,,,,,,,,,,,,,,,,,,,,,,,,,,,,,,,,,,,,,,,,,,,,,,,,,,,,,,,,,,,,,,,,,,,,,,,,,,,,,,,,,,,,,,,,,,,,,,,,,,,,,,,,,,,,,,,,,,,,,,,,,,,,,,,,,,,,,,,,,,,,,,,,,,,,,,,,,,,,,,,,,,,,,,,,,,,,,,,,,,,,,,,,,,,,,,
3,22,28,22,20,20,19,21,23,25,35,34,36,36,30,28,32,22,23,21,21,23,24,22,42,34,32,34,30,29,31,21,21,22,20,24,20,28,36,34,36,29,34,35,29,20,25,21,22,24,23,30,38,35,41,27,29,32,22,19,19,22,18,21,19,,,,,,,,,,,,,,,,,,,,,,,,,,,,,,,,,,,,,,,,,,,,,,,,,,,,,,,,,,,,,,,,,,,,,,,,,,,,,,,,,,,,,,,,,,,,,,,,,,,,,,,,,,,,,,,,,,,,,,,,,,,,,,,,,,,,,,,,,,,,,,,,,,,,,,,,,,,,,,,,,,,,,,,,,,,,,,,,,,,,,,,,,,,,,,,,
4,31,28,35,22,23,25,27,25,25,20,40,44,37,34,35,36,32,25,23,24,26,24,25,30,42,42,43,34,30,30,25,24,28,25,26,25,25,44,41,41,42,34,29,36,26,24,25,25,24,24,23,45,47,41,34,34,33,36,24,26,23,24,21,20,,,,,,,,,,,,,,,,,,,,,,,,,,,,,,,,,,,,,,,,,,,,,,,,,,,,,,,,,,,,,,,,,,,,,,,,,,,,,,,,,,,,,,,,,,,,,,,,,,,,,,,,,,,,,,,,,,,,,,,,,,,,,,,,,,,,,,,,,,,,,,,,,,,,,,,,,,,,,,,,,,,,,,,,,,,,,,,,,,,,,,,,,,,,,,,,
5,21,22,27,26,21,18,21,20,24,22,28,37,32,36,30,32,32,21,21,22,23,23,24,21,35,34,41,33,31,32,30,25,21,21,22,22,20,22,34,36,32,31,29,27,30,20,24,20,23,21,24,25,34,36,34,31,28,27,23,20,22,20,17,17,,,,,,,,,,,,,,,,,,,,,,,,,,,,,,,,,,,,,,,,,,,,,,,,,,,,,,,,,,,,,,,,,,,,,,,,,,,,,,,,,,,,,,,,,,,,,,,,,,,,,,,,,,,,,,,,,,,,,,,,,,,,,,,,,,,,,,,,,,,,,,,,,,,,,,,,,,,,,,,,,,,,,,,,,,,,,,,,,,,,,,,,,,,,,,,,
6,32,30,32,32,22,24,25,29,25,22,25,38,37,40,28,31,38,34,25,25,26,24,24,25,32,42,41,43,33,34,34,32,22,25,24,25,22,23,35,43,43,41,34,35,31,24,27,25,23,27,23,28,46,39,42,39,32,36,33,24,22,20,19,21,,,,,,,,,,,,,,,,,,,,,,,,,,,,,,,,,,,,,,,,,,,,,,,,,,,,,,,,,,,,,,,,,,,,,,,,,,,,,,,,,,,,,,,,,,,,,,,,,,,,,,,,,,,,,,,,,,,,,,,,,,,,,,,,,,,,,,,,,,,,,,,,,,,,,,,,,,,,,,,,,,,,,,,,,,,,,,,,,,,,,,,,,,,,,,,,
7,28,27,27,27,24,23,20,22,23,22,23,31,38,34,34,33,30,29,20,24,21,21,23,25,23,36,35,38,36,27,30,32,26,25,22,24,25,22,28,39,36,42,32,31,34,30,22,25,24,24,24,22,28,41,34,36,28,29,31,26,21,21,18,17,,,,,,,,,,,,,,,,,,,,,,,,,,,,,,,,,,,,,,,,,,,,,,,,,,,,,,,,,,,,,,,,,,,,,,,,,,,,,,,,,,,,,,,,,,,,,,,,,,,,,,,,,,,,,,,,,,,,,,,,,,,,,,,,,,,,,,,,,,,,,,,,,,,,,,,,,,,,,,,,,,,,,,,,,,,,,,,,,,,,,,,,,,,,,,,,
8,27,23,23,23,23,24,25,31,42,43,42,34,31,35,27,23,25,25,23,25,23,38,42,47,41,37,33,37,28,25,27,25,26,28,28,42,43,47,35,36,34,36,28,25,25,24,28,26,32,42,43,39,36,33,38,35,25,25,26,23,24,25,29,34,,,,,,,,,,,,,,,,,,,,,,,,,,,,,,,,,,,,,,,,,,,,,,,,,,,,,,,,,,,,,,,,,,,,,,,,,,,,,,,,,,,,,,,,,,,,,,,,,,,,,,,,,,,,,,,,,,,,,,,,,,,,,,,,,,,,,,,,,,,,,,,,,,,,,,,,,,,,,,,,,,,,,,,,,,,,,,,,,,,,,,,,,,,,,,,,
9,25,18,24,27,23,24,24,26,44,40,40,40,31,32,36,24,27,23,26,28,27,26,42,41,43,37,39,32,32,27,24,27,27,23,24,32,42,44,42,34,36,34,25,26,26,26,24,28,28,39,39,45,42,36,36,33,24,22,23,23,24,20,19,31,,,,,,,,,,,,,,,,,,,,,,,,,,,,,,,,,,,,,,,,,,,,,,,,,,,,,,,,,,,,,,,,,,,,,,,,,,,,,,,,,,,,,,,,,,,,,,,,,,,,,,,,,,,,,,,,,,,,,,,,,,,,,,,,,,,,,,,,,,,,,,,,,,,,,,,,,,,,,,,,,,,,,,,,,,,,,,,,,,,,,,,,,,,,,,,,
10,28,29,25,23,26,27,28,24,26,38,39,43,33,31,37,34,25,24,27,25,22,27,34,38,44,37,33,36,32,27,24,25,24,26,26,27,42,45,45,46,34,35,34,27,25,23,24,27,27,25,44,42,40,35,36,34,33,23,24,23,22,21,23,26,,,,,,,,,,,,,,,,,,,,,,,,,,,,,,,,,,,,,,,,,,,,,,,,,,,,,,,,,,,,,,,,,,,,,,,,,,,,,,,,,,,,,,,,,,,,,,,,,,,,,,,,,,,,,,,,,,,,,,,,,,,,,,,,,,,,,,,,,,,,,,,,,,,,,,,,,,,,,,,,,,,,,,,,,,,,,,,,,,,,,,,,,,,,,,,,
11,30,34,25,23,25,28,24,28,28,42,45,45,48,42,36,35,25,26,28,30,28,29,26,45,44,46,43,42,36,41,28,28,29,30,28,27,36,43,41,44,39,40,40,41,29,30,28,26,27,29,38,46,47,42,34,36,36,24,30,25,23,22,22,21,,,,,,,,,,,,,,,,,,,,,,,,,,,,,,,,,,,,,,,,,,,,,,,,,,,,,,,,,,,,,,,,,,,,,,,,,,,,,,,,,,,,,,,,,,,,,,,,,,,,,,,,,,,,,,,,,,,,,,,,,,,,,,,,,,,,,,,,,,,,,,,,,,,,,,,,,,,,,,,,,,,,,,,,,,,,,,,,,,,,,,,,,,,,,,,,
12,31,31,38,27,28,27,27,31,28,25,48,52,48,40,45,44,40,28,31,30,28,27,28,38,58,55,53,40,41,45,28,30,28,24,31,28,29,53,54,47,47,47,43,43,31,28,31,28,30,28,28,50,41,52,42,40,38,40,27,24,26,24,25,22,,,,,,,,,,,,,,,,,,,,,,,,,,,,,,,,,,,,,,,,,,,,,,,,,,,,,,,,,,,,,,,,,,,,,,,,,,,,,,,,,,,,,,,,,,,,,,,,,,,,,,,,,,,,,,,,,,,,,,,,,,,,,,,,,,,,,,,,,,,,,,,,,,,,,,,,,,,,,,,,,,,,,,,,,,,,,,,,,,,,,,,,,,,,,,,,
13,25,30,29,34,24,23,24,24,24,24,32,37,43,42,33,36,37,26,24,25,25,29,24,25,40,42,41,40,35,35,33,24,28,24,25,26,24,28,40,47,42,34,35,34,36,28,24,26,26,28,26,29,44,40,42,37,38,39,28,27,25,22,20,21,,,,,,,,,,,,,,,,,,,,,,,,,,,,,,,,,,,,,,,,,,,,,,,,,,,,,,,,,,,,,,,,,,,,,,,,,,,,,,,,,,,,,,,,,,,,,,,,,,,,,,,,,,,,,,,,,,,,,,,,,,,,,,,,,,,,,,,,,,,,,,,,,,,,,,,,,,,,,,,,,,,,,,,,,,,,,,,,,,,,,,,,,,,,,,,,
14,31,30,30,36,26,24,26,23,26,25,23,37,42,44,31,34,36,32,24,25,27,28,24,23,35,42,38,43,36,35,35,34,28,25,26,24,27,24,32,36,39,47,31,38,33,28,27,27,26,22,30,26,41,39,38,36,35,35,35,23,24,21,21,20,,,,,,,,,,,,,,,,,,,,,,,,,,,,,,,,,,,,,,,,,,,,,,,,,,,,,,,,,,,,,,,,,,,,,,,,,,,,,,,,,,,,,,,,,,,,,,,,,,,,,,,,,,,,,,,,,,,,,,,,,,,,,,,,,,,,,,,,,,,,,,,,,,,,,,,,,,,,,,,,,,,,,,,,,,,,,,,,,,,,,,,,,,,,,,,,
15,31,30,29,29,34,26,27,27,27,27,24,36,41,42,39,39,35,34,25,29,24,28,28,27,28,40,41,41,43,36,35,34,23,27,26,28,25,28,28,42,46,43,39,42,39,38,23,25,24,25,26,24,38,47,42,44,30,36,33,33,21,24,21,19,,,,,,,,,,,,,,,,,,,,,,,,,,,,,,,,,,,,,,,,,,,,,,,,,,,,,,,,,,,,,,,,,,,,,,,,,,,,,,,,,,,,,,,,,,,,,,,,,,,,,,,,,,,,,,,,,,,,,,,,,,,,,,,,,,,,,,,,,,,,,,,,,,,,,,,,,,,,,,,,,,,,,,,,,,,,,,,,,,,,,,,,,,,,,,,,
16,27,23,22,25,23,26,24,29,37,39,41,36,35,35,26,25,22,26,23,26,24,39,44,40,38,35,33,33,23,26,24,26,24,23,24,40,44,42,33,34,33,32,24,28,24,24,23,23,33,42,40,41,33,35,36,35,25,23,23,24,23,27,26,31,,,,,,,,,,,,,,,,,,,,,,,,,,,,,,,,,,,,,,,,,,,,,,,,,,,,,,,,,,,,,,,,,,,,,,,,,,,,,,,,,,,,,,,,,,,,,,,,,,,,,,,,,,,,,,,,,,,,,,,,,,,,,,,,,,,,,,,,,,,,,,,,,,,,,,,,,,,,,,,,,,,,,,,,,,,,,,,,,,,,,,,,,,,,,,,,
17,29,24,26,25,24,28,28,29,46,49,44,47,42,38,43,28,28,31,29,28,33,31,45,45,44,39,41,41,44,27,32,33,31,28,28,38,51,45,45,39,40,41,31,28,29,32,30,26,30,45,52,47,46,43,37,37,27,32,28,27,27,28,21,35,,,,,,,,,,,,,,,,,,,,,,,,,,,,,,,,,,,,,,,,,,,,,,,,,,,,,,,,,,,,,,,,,,,,,,,,,,,,,,,,,,,,,,,,,,,,,,,,,,,,,,,,,,,,,,,,,,,,,,,,,,,,,,,,,,,,,,,,,,,,,,,,,,,,,,,,,,,,,,,,,,,,,,,,,,,,,,,,,,,,,,,,,,,,,,,,
18,27,36,26,26,28,27,31,26,32,43,44,48,38,39,40,41,25,28,29,29,26,28,39,50,44,47,40,39,40,32,28,30,32,29,27,29,41,47,44,44,41,42,39,28,28,30,32,26,28,28,45,43,50,38,41,41,41,28,25,24,24,23,26,26,,,,,,,,,,,,,,,,,,,,,,,,,,,,,,,,,,,,,,,,,,,,,,,,,,,,,,,,,,,,,,,,,,,,,,,,,,,,,,,,,,,,,,,,,,,,,,,,,,,,,,,,,,,,,,,,,,,,,,,,,,,,,,,,,,,,,,,,,,,,,,,,,,,,,,,,,,,,,,,,,,,,,,,,,,,,,,,,,,,,,,,,,,,,,,,,
19,31,37,32,32,29,28,29,30,30,59,55,48,50,47,42,44,33,32,31,30,32,32,31,56,50,53,40,41,45,46,36,30,32,28,33,28,40,51,49,53,51,46,46,49,31,32,33,32,32,32,43,53,53,56,40,47,51,33,31,28,29,27,24,23,,,,,,,,,,,,,,,,,,,,,,,,,,,,,,,,,,,,,,,,,,,,,,,,,,,,,,,,,,,,,,,,,,,,,,,,,,,,,,,,,,,,,,,,,,,,,,,,,,,,,,,,,,,,,,,,,,,,,,,,,,,,,,,,,,,,,,,,,,,,,,,,,,,,,,,,,,,,,,,,,,,,,,,,,,,,,,,,,,,,,,,,,,,,,,,,
20,26,30,35,23,26,24,28,30,23,26,43,46,43,39,37,38,41,26,26,26,27,27,27,32,44,42,40,37,35,35,26,28,28,26,27,26,24,44,42,46,43,34,40,35,30,26,26,26,26,29,28,37,38,46,38,34,34,34,27,26,24,23,24,20,,,,,,,,,,,,,,,,,,,,,,,,,,,,,,,,,,,,,,,,,,,,,,,,,,,,,,,,,,,,,,,,,,,,,,,,,,,,,,,,,,,,,,,,,,,,,,,,,,,,,,,,,,,,,,,,,,,,,,,,,,,,,,,,,,,,,,,,,,,,,,,,,,,,,,,,,,,,,,,,,,,,,,,,,,,,,,,,,,,,,,,,,,,,,,,,
21,27,30,29,35,23,25,26,28,25,24,33,46,42,45,37,42,35,26,28,27,26,30,26,25,43,39,47,41,36,38,39,29,25,25,30,28,26,28,41,42,44,39,33,33,38,27,25,26,26,26,26,37,41,43,45,37,36,33,26,25,28,26,22,20,,,,,,,,,,,,,,,,,,,,,,,,,,,,,,,,,,,,,,,,,,,,,,,,,,,,,,,,,,,,,,,,,,,,,,,,,,,,,,,,,,,,,,,,,,,,,,,,,,,,,,,,,,,,,,,,,,,,,,,,,,,,,,,,,,,,,,,,,,,,,,,,,,,,,,,,,,,,,,,,,,,,,,,,,,,,,,,,,,,,,,,,,,,,,,,,
22,34,29,30,32,24,24,24,26,28,25,26,46,44,42,36,35,33,40,24,30,27,31,28,26,36,46,40,46,35,38,37,39,26,26,28,27,27,26,35,41,42,49,39,38,39,28,30,26,26,30,25,29,45,41,39,46,33,33,38,28,23,23,20,22,,,,,,,,,,,,,,,,,,,,,,,,,,,,,,,,,,,,,,,,,,,,,,,,,,,,,,,,,,,,,,,,,,,,,,,,,,,,,,,,,,,,,,,,,,,,,,,,,,,,,,,,,,,,,,,,,,,,,,,,,,,,,,,,,,,,,,,,,,,,,,,,,,,,,,,,,,,,,,,,,,,,,,,,,,,,,,,,,,,,,,,,,,,,,,,,
23,30,30,32,28,32,26,25,25,24,26,25,29,36,37,40,33,32,33,23,23,26,23,26,24,23,41,44,38,40,34,33,32,24,26,26,24,26,23,26,40,36,38,32,33,32,35,26,26,24,28,25,24,31,40,42,38,31,30,30,29,22,22,21,19,,,,,,,,,,,,,,,,,,,,,,,,,,,,,,,,,,,,,,,,,,,,,,,,,,,,,,,,,,,,,,,,,,,,,,,,,,,,,,,,,,,,,,,,,,,,,,,,,,,,,,,,,,,,,,,,,,,,,,,,,,,,,,,,,,,,,,,,,,,,,,,,,,,,,,,,,,,,,,,,,,,,,,,,,,,,,,,,,,,,,,,,,,,,,,,,
24,35,27,29,29,30,31,34,42,44,46,49,42,41,43,35,37,31,29,31,30,34,45,52,51,48,45,47,43,31,31,28,34,33,31,32,47,44,52,45,42,39,48,32,31,29,30,31,33,41,50,52,47,52,41,43,41,32,29,27,29,26,29,35,40,,,,,,,,,,,,,,,,,,,,,,,,,,,,,,,,,,,,,,,,,,,,,,,,,,,,,,,,,,,,,,,,,,,,,,,,,,,,,,,,,,,,,,,,,,,,,,,,,,,,,,,,,,,,,,,,,,,,,,,,,,,,,,,,,,,,,,,,,,,,,,,,,,,,,,,,,,,,,,,,,,,,,,,,,,,,,,,,,,,,,,,,,,,,,,,,
25,27,23,22,29,26,27,27,26,38,45,42,39,35,33,38,25,28,26,29,26,29,26,41,42,40,39,33,38,35,26,28,31,29,29,31,32,44,41,41,38,33,35,27,29,28,26,29,29,30,41,41,41,42,35,37,37,27,26,26,25,25,22,24,37,,,,,,,,,,,,,,,,,,,,,,,,,,,,,,,,,,,,,,,,,,,,,,,,,,,,,,,,,,,,,,,,,,,,,,,,,,,,,,,,,,,,,,,,,,,,,,,,,,,,,,,,,,,,,,,,,,,,,,,,,,,,,,,,,,,,,,,,,,,,,,,,,,,,,,,,,,,,,,,,,,,,,,,,,,,,,,,,,,,,,,,,,,,,,,,,
26,29,35,28,26,29,28,27,26,31,46,42,38,39,35,43,36,28,29,31,27,26,29,38,48,46,46,39,39,39,26,29,28,30,28,26,30,47,40,47,44,41,37,40,29,29,31,29,29,29,29,42,47,43,42,38,36,33,26,29,26,26,27,25,29,,,,,,,,,,,,,,,,,,,,,,,,,,,,,,,,,,,,,,,,,,,,,,,,,,,,,,,,,,,,,,,,,,,,,,,,,,,,,,,,,,,,,,,,,,,,,,,,,,,,,,,,,,,,,,,,,,,,,,,,,,,,,,,,,,,,,,,,,,,,,,,,,,,,,,,,,,,,,,,,,,,,,,,,,,,,,,,,,,,,,,,,,,,,,,,,
27,26,32,29,28,25,26,25,30,27,48,42,41,45,36,35,40,28,30,28,31,28,29,26,40,42,46,36,32,34,36,29,30,27,28,29,30,36,43,42,45,35,36,38,38,27,29,27,28,27,31,39,41,41,45,39,37,37,28,24,29,27,24,24,23,,,,,,,,,,,,,,,,,,,,,,,,,,,,,,,,,,,,,,,,,,,,,,,,,,,,,,,,,,,,,,,,,,,,,,,,,,,,,,,,,,,,,,,,,,,,,,,,,,,,,,,,,,,,,,,,,,,,,,,,,,,,,,,,,,,,,,,,,,,,,,,,,,,,,,,,,,,,,,,,,,,,,,,,,,,,,,,,,,,,,,,,,,,,,,,,
28,31,35,29,26,26,27,26,29,30,26,39,42,43,36,37,41,37,26,29,28,26,26,28,31,42,41,45,37,35,40,27,30,27,28,27,31,27,45,45,46,47,34,40,38,28,29,33,26,27,27,27,45,45,41,33,37,38,36,26,29,27,26,23,25,,,,,,,,,,,,,,,,,,,,,,,,,,,,,,,,,,,,,,,,,,,,,,,,,,,,,,,,,,,,,,,,,,,,,,,,,,,,,,,,,,,,,,,,,,,,,,,,,,,,,,,,,,,,,,,,,,,,,,,,,,,,,,,,,,,,,,,,,,,,,,,,,,,,,,,,,,,,,,,,,,,,,,,,,,,,,,,,,,,,,,,,,,,,,,,,
29,29,30,31,32,24,28,25,26,28,27,33,42,41,41,35,34,36,26,30,27,25,28,26,26,44,40,42,43,35,40,36,29,27,24,29,27,28,29,45,44,43,36,34,36,36,27,30,29,28,28,25,31,39,42,41,36,33,35,26,24,29,26,23,21,,,,,,,,,,,,,,,,,,,,,,,,,,,,,,,,,,,,,,,,,,,,,,,,,,,,,,,,,,,,,,,,,,,,,,,,,,,,,,,,,,,,,,,,,,,,,,,,,,,,,,,,,,,,,,,,,,,,,,,,,,,,,,,,,,,,,,,,,,,,,,,,,,,,,,,,,,,,,,,,,,,,,,,,,,,,,,,,,,,,,,,,,,,,,,,,
30,33,33,31,32,25,23,26,26,26,26,27,43,39,43,36,36,32,33,26,24,26,27,28,31,33,41,42,43,41,36,35,35,26,26,24,26,28,28,37,40,42,43,39,36,35,28,29,29,27,28,29,28,41,38,44,40,35,31,37,26,24,25,24,22,,,,,,,,,,,,,,,,,,,,,,,,,,,,,,,,,,,,,,,,,,,,,,,,,,,,,,,,,,,,,,,,,,,,,,,,,,,,,,,,,,,,,,,,,,,,,,,,,,,,,,,,,,,,,,,,,,,,,,,,,,,,,,,,,,,,,,,,,,,,,,,,,,,,,,,,,,,,,,,,,,,,,,,,,,,,,,,,,,,,,,,,,,,,,,,,
31,35,29,30,33,32,25,27,28,25,29,27,35,39,41,41,32,34,36,25,27,26,25,27,27,26,38,43,40,39,36,35,37,26,27,29,26,26,25,26,41,43,42,35,39,36,36,29,31,26,26,27,25,31,39,39,42,31,35,35,28,26,26,23,21,,,,,,,,,,,,,,,,,,,,,,,,,,,,,,,,,,,,,,,,,,,,,,,,,,,,,,,,,,,,,,,,,,,,,,,,,,,,,,,,,,,,,,,,,,,,,,,,,,,,,,,,,,,,,,,,,,,,,,,,,,,,,,,,,,,,,,,,,,,,,,,,,,,,,,,,,,,,,,,,,,,,,,,,,,,,,,,,,,,,,,,,,,,,,,,,
32,36,24,28,29,30,29,29,43,48,51,52,40,41,45,33,26,30,28,34,32,35,43,54,50,50,43,40,41,31,31,30,32,31,32,33,48,55,42,42,40,39,41,29,37,32,29,32,32,40,43,47,46,36,42,45,41,32,30,31,29,25,28,34,42,,,,,,,,,,,,,,,,,,,,,,,,,,,,,,,,,,,,,,,,,,,,,,,,,,,,,,,,,,,,,,,,,,,,,,,,,,,,,,,,,,,,,,,,,,,,,,,,,,,,,,,,,,,,,,,,,,,,,,,,,,,,,,,,,,,,,,,,,,,,,,,,,,,,,,,,,,,,,,,,,,,,,,,,,,,,,,,,,,,,,,,,,,,,,,,,
33,28,22,28,26,27,27,30,28,44,42,44,42,37,38,41,29,29,30,28,31,30,30,41,47,45,38,39,38,39,29,30,27,29,27,28,33,42,46,44,42,39,36,28,32,30,33,31,29,28,46,44,47,44,36,41,37,30,26,30,30,24,28,25,33,,,,,,,,,,,,,,,,,,,,,,,,,,,,,,,,,,,,,,,,,,,,,,,,,,,,,,,,,,,,,,,,,,,,,,,,,,,,,,,,,,,,,,,,,,,,,,,,,,,,,,,,,,,,,,,,,,,,,,,,,,,,,,,,,,,,,,,,,,,,,,,,,,,,,,,,,,,,,,,,,,,,,,,,,,,,,,,,,,,,,,,,,,,,,,,,
34,29,32,27,29,30,31,31,30,37,48,47,45,39,41,42,42,31,30,32,29,29,26,40,49,46,45,40,41,39,30,29,29,32,30,28,32,42,47,51,45,38,45,45,35,30,30,31,32,32,30,46,47,44,38,39,40,40,29,26,29,29,27,27,32,,,,,,,,,,,,,,,,,,,,,,,,,,,,,,,,,,,,,,,,,,,,,,,,,,,,,,,,,,,,,,,,,,,,,,,,,,,,,,,,,,,,,,,,,,,,,,,,,,,,,,,,,,,,,,,,,,,,,,,,,,,,,,,,,,,,,,,,,,,,,,,,,,,,,,,,,,,,,,,,,,,,,,,,,,,,,,,,,,,,,,,,,,,,,,,,
35,32,33,29,26,28,29,30,28,26,44,46,42,46,39,32,40,30,29,29,30,29,27,27,45,43,43,37,43,36,38,29,29,28,29,32,29,34,44,48,41,40,39,42,39,27,31,28,27,27,28,40,42,47,48,38,36,34,30,28,29,26,26,24,22,,,,,,,,,,,,,,,,,,,,,,,,,,,,,,,,,,,,,,,,,,,,,,,,,,,,,,,,,,,,,,,,,,,,,,,,,,,,,,,,,,,,,,,,,,,,,,,,,,,,,,,,,,,,,,,,,,,,,,,,,,,,,,,,,,,,,,,,,,,,,,,,,,,,,,,,,,,,,,,,,,,,,,,,,,,,,,,,,,,,,,,,,,,,,,,,
36,32,39,36,26,28,28,29,32,28,25,45,43,43,36,39,41,35,32,31,28,30,29,33,33,49,46,45,38,42,41,28,30,29,26,29,30,28,44,46,43,46,39,40,37,30,29,28,30,29,29,28,46,41,45,36,38,40,39,32,28,27,26,26,24,,,,,,,,,,,,,,,,,,,,,,,,,,,,,,,,,,,,,,,,,,,,,,,,,,,,,,,,,,,,,,,,,,,,,,,,,,,,,,,,,,,,,,,,,,,,,,,,,,,,,,,,,,,,,,,,,,,,,,,,,,,,,,,,,,,,,,,,,,,,,,,,,,,,,,,,,,,,,,,,,,,,,,,,,,,,,,,,,,,,,,,,,,,,,,,,
37,32,34,33,36,31,26,27,28,28,30,34,47,42,50,44,36,41,28,31,30,30,31,29,32,46,46,47,50,40,40,40,29,29,27,33,32,29,30,45,50,45,40,39,38,40,32,27,30,30,29,29,34,45,42,48,36,38,33,29,29,28,26,24,22,,,,,,,,,,,,,,,,,,,,,,,,,,,,,,,,,,,,,,,,,,,,,,,,,,,,,,,,,,,,,,,,,,,,,,,,,,,,,,,,,,,,,,,,,,,,,,,,,,,,,,,,,,,,,,,,,,,,,,,,,,,,,,,,,,,,,,,,,,,,,,,,,,,,,,,,,,,,,,,,,,,,,,,,,,,,,,,,,,,,,,,,,,,,,,,,
38,32,32,28,32,26,26,24,27,28,27,26,39,40,40,34,38,34,36,26,26,28,23,28,28,33,44,40,42,37,36,34,34,28,28,26,31,28,26,36,42,42,44,33,38,37,29,29,30,28,26,29,28,41,43,41,40,35,36,33,24,24,25,23,25,,,,,,,,,,,,,,,,,,,,,,,,,,,,,,,,,,,,,,,,,,,,,,,,,,,,,,,,,,,,,,,,,,,,,,,,,,,,,,,,,,,,,,,,,,,,,,,,,,,,,,,,,,,,,,,,,,,,,,,,,,,,,,,,,,,,,,,,,,,,,,,,,,,,,,,,,,,,,,,,,,,,,,,,,,,,,,,,,,,,,,,,,,,,,,,,
39,37,33,36,36,33,28,27,30,29,29,28,39,41,47,43,37,38,40,28,27,28,31,30,29,30,46,46,47,46,41,39,39,31,30,32,30,29,27,31,40,45,42,38,45,40,39,29,30,29,28,28,25,34,42,45,44,38,36,35,35,28,28,25,23,,,,,,,,,,,,,,,,,,,,,,,,,,,,,,,,,,,,,,,,,,,,,,,,,,,,,,,,,,,,,,,,,,,,,,,,,,,,,,,,,,,,,,,,,,,,,,,,,,,,,,,,,,,,,,,,,,,,,,,,,,,,,,,,,,,,,,,,,,,,,,,,,,,,,,,,,,,,,,,,,,,,,,,,,,,,,,,,,,,,,,,,,,,,,,,,
40,33,28,27,25,30,33,28,37,42,48,43,41,39,37,30,31,30,31,30,34,27,50,46,47,45,44,37,45,30,32,30,32,30,31,30,46,46,41,41,39,32,38,29,31,30,30,29,27,39,43,48,50,39,37,40,33,32,24,26,29,27,27,34,35,,,,,,,,,,,,,,,,,,,,,,,,,,,,,,,,,,,,,,,,,,,,,,,,,,,,,,,,,,,,,,,,,,,,,,,,,,,,,,,,,,,,,,,,,,,,,,,,,,,,,,,,,,,,,,,,,,,,,,,,,,,,,,,,,,,,,,,,,,,,,,,,,,,,,,,,,,,,,,,,,,,,,,,,,,,,,,,,,,,,,,,,,,,,,,,,
41,27,22,25,23,27,27,27,30,44,41,44,40,37,37,39,29,29,27,27,27,28,27,42,41,37,36,34,35,36,27,29,28,30,28,27,30,38,40,44,37,37,33,28,27,29,30,29,26,30,43,41,39,40,37,38,36,31,25,25,28,27,23,24,30,,,,,,,,,,,,,,,,,,,,,,,,,,,,,,,,,,,,,,,,,,,,,,,,,,,,,,,,,,,,,,,,,,,,,,,,,,,,,,,,,,,,,,,,,,,,,,,,,,,,,,,,,,,,,,,,,,,,,,,,,,,,,,,,,,,,,,,,,,,,,,,,,,,,,,,,,,,,,,,,,,,,,,,,,,,,,,,,,,,,,,,,,,,,,,,,
42,30,29,27,29,29,27,26,31,37,44,44,43,37,40,36,43,28,30,31,30,30,27,37,47,44,55,37,38,39,32,27,33,29,30,31,30,51,51,50,53,39,43,34,31,30,30,30,32,32,30,46,44,43,42,36,43,37,30,30,27,27,27,26,34,,,,,,,,,,,,,,,,,,,,,,,,,,,,,,,,,,,,,,,,,,,,,,,,,,,,,,,,,,,,,,,,,,,,,,,,,,,,,,,,,,,,,,,,,,,,,,,,,,,,,,,,,,,,,,,,,,,,,,,,,,,,,,,,,,,,,,,,,,,,,,,,,,,,,,,,,,,,,,,,,,,,,,,,,,,,,,,,,,,,,,,,,,,,,,,,
43,30,36,30,28,27,28,30,29,28,44,42,46,46,37,34,41,29,27,27,29,30,30,27,47,48,48,43,41,37,39,29,30,27,28,30,29,35,49,47,43,37,41,36,34,26,31,31,30,27,27,38,42,44,47,36,39,34,27,27,27,26,25,25,23,,,,,,,,,,,,,,,,,,,,,,,,,,,,,,,,,,,,,,,,,,,,,,,,,,,,,,,,,,,,,,,,,,,,,,,,,,,,,,,,,,,,,,,,,,,,,,,,,,,,,,,,,,,,,,,,,,,,,,,,,,,,,,,,,,,,,,,,,,,,,,,,,,,,,,,,,,,,,,,,,,,,,,,,,,,,,,,,,,,,,,,,,,,,,,,,
44,27,28,32,25,26,23,24,27,25,22,40,39,42,34,32,38,36,26,24,26,27,27,27,30,39,41,41,33,33,38,25,28,25,28,27,29,25,43,42,43,42,37,34,38,27,27,25,27,29,26,27,41,40,42,30,34,35,35,25,26,24,24,24,21,,,,,,,,,,,,,,,,,,,,,,,,,,,,,,,,,,,,,,,,,,,,,,,,,,,,,,,,,,,,,,,,,,,,,,,,,,,,,,,,,,,,,,,,,,,,,,,,,,,,,,,,,,,,,,,,,,,,,,,,,,,,,,,,,,,,,,,,,,,,,,,,,,,,,,,,,,,,,,,,,,,,,,,,,,,,,,,,,,,,,,,,,,,,,,,,
45,32,30,34,33,27,23,30,28,30,27,32,42,40,45,41,34,39,26,31,29,27,31,27,28,46,39,43,44,38,39,32,29,28,28,27,27,27,28,42,48,38,36,35,34,34,28,29,26,26,28,30,34,40,44,41,36,36,35,27,26,27,23,21,22,,,,,,,,,,,,,,,,,,,,,,,,,,,,,,,,,,,,,,,,,,,,,,,,,,,,,,,,,,,,,,,,,,,,,,,,,,,,,,,,,,,,,,,,,,,,,,,,,,,,,,,,,,,,,,,,,,,,,,,,,,,,,,,,,,,,,,,,,,,,,,,,,,,,,,,,,,,,,,,,,,,,,,,,,,,,,,,,,,,,,,,,,,,,,,,,
46,40,36,36,37,30,31,30,30,30,27,28,51,49,43,41,38,40,41,32,31,32,31,29,32,39,43,51,45,39,37,45,36,30,32,30,32,30,31,43,46,45,51,44,40,40,31,31,33,32,34,32,34,49,50,45,47,43,47,38,30,25,24,24,24,,,,,,,,,,,,,,,,,,,,,,,,,,,,,,,,,,,,,,,,,,,,,,,,,,,,,,,,,,,,,,,,,,,,,,,,,,,,,,,,,,,,,,,,,,,,,,,,,,,,,,,,,,,,,,,,,,,,,,,,,,,,,,,,,,,,,,,,,,,,,,,,,,,,,,,,,,,,,,,,,,,,,,,,,,,,,,,,,,,,,,,,,,,,,,,,
47,36,40,40,43,36,30,28,32,30,28,32,40,48,45,48,41,42,42,27,31,30,29,32,34,32,43,47,42,48,39,41,40,28,29,31,33,33,30,31,43,49,48,37,40,40,41,35,30,33,30,27,30,41,52,49,49,41,36,44,38,27,27,29,23,,,,,,,,,,,,,,,,,,,,,,,,,,,,,,,,,,,,,,,,,,,,,,,,,,,,,,,,,,,,,,,,,,,,,,,,,,,,,,,,,,,,,,,,,,,,,,,,,,,,,,,,,,,,,,,,,,,,,,,,,,,,,,,,,,,,,,,,,,,,,,,,,,,,,,,,,,,,,,,,,,,,,,,,,,,,,,,,,,,,,,,,,,,,,,,,
48,33,29,26,28,28,31,32,36,46,50,51,40,45,39,35,29,30,30,34,31,31,51,50,52,51,37,46,43,32,33,33,32,30,32,32,53,48,42,42,44,44,43,31,31,35,33,30,31,41,51,56,50,42,42,41,41,31,30,28,30,28,30,33,34,,,,,,,,,,,,,,,,,,,,,,,,,,,,,,,,,,,,,,,,,,,,,,,,,,,,,,,,,,,,,,,,,,,,,,,,,,,,,,,,,,,,,,,,,,,,,,,,,,,,,,,,,,,,,,,,,,,,,,,,,,,,,,,,,,,,,,,,,,,,,,,,,,,,,,,,,,,,,,,,,,,,,,,,,,,,,,,,,,,,,,,,,,,,,,,,
49,28,24,25,25,27,25,30,29,47,48,41,41,38,38,40,26,28,27,30,31,29,29,44,49,46,45,40,42,42,28,31,30,31,31,31,36,48,45,46,38,42,39,29,27,29,31,33,30,30,49,50,42,43,41,36,42,30,28,28,28,25,25,24,35,,,,,,,,,,,,,,,,,,,,,,,,,,,,,,,,,,,,,,,,,,,,,,,,,,,,,,,,,,,,,,,,,,,,,,,,,,,,,,,,,,,,,,,,,,,,,,,,,,,,,,,,,,,,,,,,,,,,,,,,,,,,,,,,,,,,,,,,,,,,,,,,,,,,,,,,,,,,,,,,,,,,,,,,,,,,,,,,,,,,,,,,,,,,,,,,
50,28,31,22,26,29,25,27,30,33,39,40,41,33,37,36,36,29,26,29,27,27,27,36,44,43,44,36,36,37,27,25,29,28,26,27,28,41,41,42,46,38,38,37,27,30,26,28,28,27,28,42,42,45,36,34,37,36,24,27,27,25,24,24,26,,,,,,,,,,,,,,,,,,,,,,,,,,,,,,,,,,,,,,,,,,,,,,,,,,,,,,,,,,,,,,,,,,,,,,,,,,,,,,,,,,,,,,,,,,,,,,,,,,,,,,,,,,,,,,,,,,,,,,,,,,,,,,,,,,,,,,,,,,,,,,,,,,,,,,,,,,,,,,,,,,,,,,,,,,,,,,,,,,,,,,,,,,,,,,,,
51,31,33,28,28,26,27,24,25,29,44,41,44,48,38,35,38,29,29,30,29,28,25,27,42,42,39,40,36,40,37,29,27,30,28,27,28,33,43,46,44,39,40,37,35,27,28,28,30,31,30,36,48,43,41,37,37,40,27,26,26,25,25,25,21,,,,,,,,,,,,,,,,,,,,,,,,,,,,,,,,,,,,,,,,,,,,,,,,,,,,,,,,,,,,,,,,,,,,,,,,,,,,,,,,,,,,,,,,,,,,,,,,,,,,,,,,,,,,,,,,,,,,,,,,,,,,,,,,,,,,,,,,,,,,,,,,,,,,,,,,,,,,,,,,,,,,,,,,,,,,,,,,,,,,,,,,,,,,,,,,
52,27,28,32,23,25,25,25,26,26,28,40,40,38,37,30,33,35,24,28,25,27,26,26,33,37,41,40,34,35,35,29,26,25,26,27,25,28,38,38,40,37,36,33,34,26,27,23,24,25,25,28,37,39,44,34,35,31,33,26,25,24,22,24,20,,,,,,,,,,,,,,,,,,,,,,,,,,,,,,,,,,,,,,,,,,,,,,,,,,,,,,,,,,,,,,,,,,,,,,,,,,,,,,,,,,,,,,,,,,,,,,,,,,,,,,,,,,,,,,,,,,,,,,,,,,,,,,,,,,,,,,,,,,,,,,,,,,,,,,,,,,,,,,,,,,,,,,,,,,,,,,,,,,,,,,,,,,,,,,,,
53,30,29,39,34,29,29,28,28,30,30,37,49,49,44,48,42,43,25,31,31,26,31,31,28,45,42,50,45,41,45,43,30,31,30,30,33,30,28,44,51,47,43,42,37,43,31,28,30,31,28,30,35,44,48,46,43,40,37,29,30,28,26,25,21,,,,,,,,,,,,,,,,,,,,,,,,,,,,,,,,,,,,,,,,,,,,,,,,,,,,,,,,,,,,,,,,,,,,,,,,,,,,,,,,,,,,,,,,,,,,,,,,,,,,,,,,,,,,,,,,,,,,,,,,,,,,,,,,,,,,,,,,,,,,,,,,,,,,,,,,,,,,,,,,,,,,,,,,,,,,,,,,,,,,,,,,,,,,,,,,
54,37,33,33,37,28,28,26,27,29,28,29,47,46,46,36,40,34,39,33,28,29,28,30,28,36,39,42,45,36,42,37,42,28,29,30,26,28,28,34,46,43,49,38,39,33,30,31,31,30,28,30,28,45,37,40,37,37,36,39,25,27,23,25,22,,,,,,,,,,,,,,,,,,,,,,,,,,,,,,,,,,,,,,,,,,,,,,,,,,,,,,,,,,,,,,,,,,,,,,,,,,,,,,,,,,,,,,,,,,,,,,,,,,,,,,,,,,,,,,,,,,,,,,,,,,,,,,,,,,,,,,,,,,,,,,,,,,,,,,,,,,,,,,,,,,,,,,,,,,,,,,,,,,,,,,,,,,,,,,,,
55,38,34,33,37,41,32,30,28,26,31,30,37,46,49,43,44,43,45,28,30,27,28,31,30,29,53,51,43,49,46,41,38,29,29,32,30,31,31,33,45,45,45,39,41,38,40,31,29,30,31,28,28,39,47,45,46,37,39,46,39,27,23,24,25,,,,,,,,,,,,,,,,,,,,,,,,,,,,,,,,,,,,,,,,,,,,,,,,,,,,,,,,,,,,,,,,,,,,,,,,,,,,,,,,,,,,,,,,,,,,,,,,,,,,,,,,,,,,,,,,,,,,,,,,,,,,,,,,,,,,,,,,,,,,,,,,,,,,,,,,,,,,,,,,,,,,,,,,,,,,,,,,,,,,,,,,,,,,,,,,
56,25,25,25,24,24,26,26,29,38,38,46,35,35,38,26,23,25,26,25,28,25,35,39,37,38,37,32,31,25,26,26,26,24,26,26,38,38,37,33,34,36,37,27,26,25,26,25,28,34,41,42,35,37,32,34,32,24,25,23,26,21,22,26,29,,,,,,,,,,,,,,,,,,,,,,,,,,,,,,,,,,,,,,,,,,,,,,,,,,,,,,,,,,,,,,,,,,,,,,,,,,,,,,,,,,,,,,,,,,,,,,,,,,,,,,,,,,,,,,,,,,,,,,,,,,,,,,,,,,,,,,,,,,,,,,,,,,,,,,,,,,,,,,,,,,,,,,,,,,,,,,,,,,,,,,,,,,,,,,,,
57,27,22,21,26,26,26,25,28,40,44,43,45,37,39,37,26,27,29,25,28,25,26,45,46,44,39,34,39,37,25,27,26,29,26,26,37,43,44,43,39,37,36,27,26,26,32,26,29,26,54,47,47,43,38,36,34,29,28,24,27,25,22,25,31,,,,,,,,,,,,,,,,,,,,,,,,,,,,,,,,,,,,,,,,,,,,,,,,,,,,,,,,,,,,,,,,,,,,,,,,,,,,,,,,,,,,,,,,,,,,,,,,,,,,,,,,,,,,,,,,,,,,,,,,,,,,,,,,,,,,,,,,,,,,,,,,,,,,,,,,,,,,,,,,,,,,,,,,,,,,,,,,,,,,,,,,,,,,,,,,
58,26,30,23,28,25,24,26,27,30,40,35,37,34,35,32,35,24,26,29,25,26,25,31,40,38,35,33,35,31,24,25,24,29,26,25,26,45,44,40,39,32,33,35,26,31,25,26,24,24,26,41,42,38,38,32,34,37,26,25,22,23,21,24,25,,,,,,,,,,,,,,,,,,,,,,,,,,,,,,,,,,,,,,,,,,,,,,,,,,,,,,,,,,,,,,,,,,,,,,,,,,,,,,,,,,,,,,,,,,,,,,,,,,,,,,,,,,,,,,,,,,,,,,,,,,,,,,,,,,,,,,,,,,,,,,,,,,,,,,,,,,,,,,,,,,,,,,,,,,,,,,,,,,,,,,,,,,,,,,,,
59,29,26,24,22,22,23,22,23,24,38,34,41,39,32,33,32,25,25,24,24,25,26,23,38,40,38,33,30,32,33,24,21,26,24,25,25,27,41,38,35,37,33,37,33,25,28,24,25,25,24,35,38,41,45,31,32,28,26,26,24,23,21,21,22,,,,,,,,,,,,,,,,,,,,,,,,,,,,,,,,,,,,,,,,,,,,,,,,,,,,,,,,,,,,,,,,,,,,,,,,,,,,,,,,,,,,,,,,,,,,,,,,,,,,,,,,,,,,,,,,,,,,,,,,,,,,,,,,,,,,,,,,,,,,,,,,,,,,,,,,,,,,,,,,,,,,,,,,,,,,,,,,,,,,,,,,,,,,,,,,
60,29,27,31,24,22,23,24,24,24,25,39,38,39,33,34,33,36,27,25,24,23,25,25,29,38,42,39,35,30,34,27,26,25,25,28,23,23,39,39,37,41,33,32,34,28,25,26,24,26,27,25,38,37,35,31,32,35,32,24,24,21,19,22,18,,,,,,,,,,,,,,,,,,,,,,,,,,,,,,,,,,,,,,,,,,,,,,,,,,,,,,,,,,,,,,,,,,,,,,,,,,,,,,,,,,,,,,,,,,,,,,,,,,,,,,,,,,,,,,,,,,,,,,,,,,,,,,,,,,,,,,,,,,,,,,,,,,,,,,,,,,,,,,,,,,,,,,,,,,,,,,,,,,,,,,,,,,,,,,,,
61,23,25,26,28,24,19,20,23,22,23,26,33,35,35,29,27,31,21,22,22,21,25,23,22,35,37,34,34,30,29,30,24,22,21,22,22,22,22,30,36,35,29,27,29,30,21,25,22,22,21,21,24,31,38,38,28,30,25,22,24,25,19,19,18,,,,,,,,,,,,,,,,,,,,,,,,,,,,,,,,,,,,,,,,,,,,,,,,,,,,,,,,,,,,,,,,,,,,,,,,,,,,,,,,,,,,,,,,,,,,,,,,,,,,,,,,,,,,,,,,,,,,,,,,,,,,,,,,,,,,,,,,,,,,,,,,,,,,,,,,,,,,,,,,,,,,,,,,,,,,,,,,,,,,,,,,,,,,,,,,
62,34,28,29,31,22,23,24,24,24,24,23,41,42,37,29,32,32,30,23,25,25,25,21,24,29,36,39,39,38,34,30,29,26,21,25,25,24,25,32,37,34,37,34,29,34,26,26,22,23,25,24,22,38,38,38,35,31,32,31,23,22,21,21,19,,,,,,,,,,,,,,,,,,,,,,,,,,,,,,,,,,,,,,,,,,,,,,,,,,,,,,,,,,,,,,,,,,,,,,,,,,,,,,,,,,,,,,,,,,,,,,,,,,,,,,,,,,,,,,,,,,,,,,,,,,,,,,,,,,,,,,,,,,,,,,,,,,,,,,,,,,,,,,,,,,,,,,,,,,,,,,,,,,,,,,,,,,,,,,,,
63,33,29,29,31,31,24,23,23,21,26,23,31,38,38,38,29,33,29,22,25,23,25,24,23,25,36,40,37,37,33,32,31,25,25,23,25,25,24,24,37,40,39,35,31,34,32,24,24,25,23,25,25,27,40,34,39,27,31,31,29,22,23,22,20,,,,,,,,,,,,,,,,,,,,,,,,,,,,,,,,,,,,,,,,,,,,,,,,,,,,,,,,,,,,,,,,,,,,,,,,,,,,,,,,,,,,,,,,,,,,,,,,,,,,,,,,,,,,,,,,,,,,,,,,,,,,,,,,,,,,,,,,,,,,,,,,,,,,,,,,,,,,,,,,,,,,,,,,,,,,,,,,,,,,,,,,,,,,,,,,
,,,,,,,,,,,,,,,,,,,,,,,,,,,,,,,,,,,,,,,,,,,,,,,,,,,,,,,,,,,,,,,,,,,,,,,,,,,,,,,,,,,,,,,,,,,,,,,,,,,,,,,,,,,,,,,,,,,,,,,,,,,,,,,,,,,,,,,,,,,,,,,,,,,,,,,,,,,,,,,,,,,,,,,,,,,,,,,,,,,,,,,,,,,,,,,,,,,,,,,,,,,,,,,,,,,,,,,,,,,,,,,,,,,,,,,,,,,,,,,,,,,,,,,,,,,,,,,,
value,0,1,2,3,4,5,6,7,8,9,10,11,12,13,14,15,16,17,18,19,20,21,22,23,24,25,26,27,28,29,30,31,32,33,34,35,36,37,38,39,40,41,42,43,44,45,46,47,48,49,50,51,52,53,54,55,56,57,58,59,60,61,62,63,64,65,66,67,68,69,70,71,72,73,74,75,76,77,78,79,80,81,82,83,84,85,86,87,88,89,90,91,92,93,94,95,96,97,98,99,100,101,102,103,104,105,106,107,108,109,110,111,112,113,114,115,116,117,118,119,120,121,122,123,124,125,126,127,128,129,130,131,132,133,134,135,136,137,138,139,140,141,142,143,144,145,146,147,148,149,150,151,152,153,154,155,156,157,158,159,160,161,162,163,164,165,166,167,168,169,170,171,172,173,174,175,176,177,178,179,180,181,182,183,184,185,186,187,188,189,190,191,192,193,194,195,196,197,198,199,200,201,202,203,204,205,206,207,208,209,210,211,212,213,214,215,216,217,218,219,220,221,222,223,224,225,226,227,228,229,230,231,232,233,234,235,236,237,238,239,240,241,242,243,244,245,246,247,248,249,250,251,252,253,254,255
count,0,0,0,0,0,0,0,0,0,0,0,0,0,0,0,0,0,3,8,21,42,77,98,132,204,221,270,232,284,230,227,170,157,123,127,118,137,121,122,120,118,127,127,93,78,76,64,49,31,20,20,18,10,9,3,4,3,0,1,1,0,0,0,0,0,0,0,0,0,0,0,0,0,0,0,0,0,0,0,0,0,0,0,0,0,0,0,0,0,0,0,0,0,0,0,0,0,0,0,0,0,0,0,0,0,0,0,0,0,0,0,0,0,0,0,0,0,0,0,0,0,0,0,0,0,0,0,0,0,0,0,0,0,0,0,0,0,0,0,0,0,0,0,0,0,0,0,0,0,0,0,0,0,0,0,0,0,0,0,0,0,0,0,0,0,0,0,0,0,0,0,0,0,0,0,0,0,0,0,0,0,0,0,0,0,0,0,0,0,0,0,0,0,0,0,0,0,0,0,0,0,0,0,0,0,0,0,0,0,0,0,0,0,0,0,0,0,0,0,0,0,0,0,0,0,0,0,0,0,0,0,0,0,0,0,0,0,0,0,0,0,0,0,0,0,0,0,0,0,0,0,0,0,0,0,0
,,,,,,,,,,,,,,,,,,,,,,,,,,,,,,,,,,,,,,,,,,,,,,,,,,,,,,,,,,,,,,,,,,,,,,,,,,,,,,,,,,,,,,,,,,,,,,,,,,,,,,,,,,,,,,,,,,,,,,,,,,,,,,,,,,,,,,,,,,,,,,,,,,,,,,,,,,,,,,,,,,,,,,,,,,,,,,,,,,,,,,,,,,,,,,,,,,,,,,,,,,,,,,,,,,,,,,,,,,,,,,,,,,,,,,,,,,,,,,,,,,,,,,,,,,,,,,,,
5,,,,,,,,,,,,,,,,,,,,,,,,,,,,,,,,,,,,,,,,,,,,,,,,,,,,,,,,,,,,,,,,,,,,,,,,,,,,,,,,,,,,,,,,,,,,,,,,,,,,,,,,,,,,,,,,,,,,,,,,,,,,,,,,,,,,,,,,,,,,,,,,,,,,,,,,,,,,,,,,,,,,,,,,,,,,,,,,,,,,,,,,,,,,,,,,,,,,,,,,,,,,,,,,,,,,,,,,,,,,,,,,,,,,,,,,,,,,,,,,,,,,,,,,,,,,,,,,
,0,1,2,3,4,5,6,7,8,9,10,11,12,13,14,15,16,17,18,19,20,21,22,23,24,25,26,27,28,29,30,31,32,33,34,35,36,37,38,39,40,41,42,43,44,45,46,47,48,49,50,51,52,53,54,55,56,57,58,59,60,61,62,63,,,,,,,,,,,,,,,,,,,,,,,,,,,,,,,,,,,,,,,,,,,,,,,,,,,,,,,,,,,,,,,,,,,,,,,,,,,,,,,,,,,,,,,,,,,,,,,,,,,,,,,,,,,,,,,,,,,,,,,,,,,,,,,,,,,,,,,,,,,,,,,,,,,,,,,,,,,,,,,,,,,,,,,,,,,,,,,,,,,,,,,,,,,,,,,,
0,26,18,21,20,22,20,21,26,29,34,33,28,28,30,28,21,21,21,25,20,21,29,35,35,37,30,27,29,21,20,22,21,23,19,20,37,35,35,31,33,33,30,20,21,22,21,21,21,22,33,33,34,30,29,31,31,21,21,21,22,19,18,24,28,,,,,,,,,,,,,,,,,,,,,,,,,,,,,,,,,,,,,,,,,,,,,,,,,,,,,,,,,,,,,,,,,,,,,,,,,,,,,,,,,,,,,,,,,,,,,,,,,,,,,,,,,,,,,,,,,,,,,,,,,,,,,,,,,,,,,,,,,,,,,,,,,,,,,,,,,,,,,,,,,,,,,,,,,,,,,,,,,,,,,,,,,,,,,,,,
1,25,21,19,18,23,24,24,19,34,32,42,32,32,34,28,21,22,20,21,22,22,20,32,32,36,32,32,30,30,24,22,23,20,24,24,29,33,31,39,30,28,30,25,24,25,24,23,21,23,34,33,38,36,32,31,31,22,23,23,24,23,21,20,28,,,,,,,,,,,,,,,,,,,,,,,,,,,,,,,,,,,,,,,,,,,,,,,,,,,,,,,,,,,,,,,,,,,,,,,,,,,,,,,,,,,,,,,,,,,,,,,,,,,,,,,,,,,,,,,,,,,,,,,,,,,,,,,,,,,,,,,,,,,,,,,,,,,,,,,,,,,,,,,,,,,,,,,,,,,,,,,,,,,,,,,,,,,,,,,,
2,29,27,20,24,24,22,20,21,24,34,32,39,30,29,28,33,21,24,24,20,24,23,29,37,34,34,33,33,30,24,22,24,24,25,23,22,35,36,36,32,30,32,33,24,20,24,23,27,23,21,35,38,34,32,28,27,28,21,21,19,20,20,17,20,,,,,,,,,,,,,,,,,,,,,,,,,,,,,,,,,,,,,,,,,,,,,,,,,,,,,,,,,,,,,,,,,,,,,,,,,,,,,,,,,,,,,,,,,,,,,,,,,,,,,,,,,,,,,,,,,,,,,,,,,,,,,,,,,,,,,,,,,,,,,,,,,,,,,,,,,,,,,,,,,,,,,,,,,,,,,,,,,,,,,,,,,,,,,,,,
3,23,27,24,18,19,20,21,22,27,28,32,36,32,26,27,32,21,23,19,20,22,23,23,38,36,35,37,33,28,34,22,23,21,21,23,21,27,36,36,37,30,32,33,32,24,20,20,20,25,21,30,38,35,38,26,29,30,20,20,19,19,19,22,18,,,,,,,,,,,,,,,,,,,,,,,,,,,,,,,,,,,,,,,,,,,,,,,,,,,,,,,,,,,,,,,,,,,,,,,,,,,,,,,,,,,,,,,,,,,,,,,,,,,,,,,,,,,,,,,,,,,,,,,,,,,,,,,,,,,,,,,,,,,,,,,,,,,,,,,,,,,,,,,,,,,,,,,,,,,,,,,,,,,,,,,,,,,,,,,,
4,28,27,33,24,23,25,25,27,24,22,40,42,36,31,38,34,30,27,23,26,24,25,28,32,40,43,44,36,30,31,31,24,26,26,28,26,28,39,40,42,43,36,31,36,27,24,24,28,22,23,22,41,45,41,37,32,32,34,26,25,22,25,18,21,,,,,,,,,,,,,,,,,,,,,,,,,,,,,,,,,,,,,,,,,,,,,,,,,,,,,,,,,,,,,,,,,,,,,,,,,,,,,,,,,,,,,,,,,,,,,,,,,,,,,,,,,,,,,,,,,,,,,,,,,,,,,,,,,,,,,,,,,,,,,,,,,,,,,,,,,,,,,,,,,,,,,,,,,,,,,,,,,,,,,,,,,,,,,,,,
5,22,23,27,26,20,20,20,21,24,21,27,38,32,34,26,33,30,25,21,22,25,21,22,23,38,33,38,35,29,30,29,24,21,20,24,20,18,22,36,38,32,28,33,30,29,22,20,19,24,22,22,28,36,36,37,30,30,27,22,22,23,19,19,17,,,,,,,,,,,,,,,,,,,,,,,,,,,,,,,,,,,,,,,,,,,,,,,,,,,,,,,,,,,,,,,,,,,,,,,,,,,,,,,,,,,,,,,,,,,,,,,,,,,,,,,,,,,,,,,,,,,,,,,,,,,,,,,,,,,,,,,,,,,,,,,,,,,,,,,,,,,,,,,,,,,,,,,,,,,,,,,,,,,,,,,,,,,,,,,,
6,33,28,32,34,23,23,26,26,26,21,24,38,36,38,32,31,37,33,27,27,26,25,22,24,27,43,38,43,31,33,32,32,21,27,25,24,22,23,33,44,41,40,34,33,36,23,24,26,24,26,27,28,50,40,42,44,31,37,34,24,21,21,22,19,,,,,,,,,,,,,,,,,,,,,,,,,,,,,,,,,,,,,,,,,,,,,,,,,,,,,,,,,,,,,,,,,,,,,,,,,,,,,,,,,,,,,,,,,,,,,,,,,,,,,,,,,,,,,,,,,,,,,,,,,,,,,,,,,,,,,,,,,,,,,,,,,,,,,,,,,,,,,,,,,,,,,,,,,,,,,,,,,,,,,,,,,,,,,,,,
7,25,27,28,27,25,22,20,21,24,21,22,28,39,37,34,32,28,30,25,22,22,23,22,23,23,34,33,36,36,29,34,30,24,23,22,25,24,22,30,34,36,42,33,29,34,30,23,24,24,25,24,23,28,42,32,37,29,30,28,30,19,20,18,19,,,,,,,,,,,,,,,,,,,,,,,,,,,,,,,,,,,,,,,,,,,,,,,,,,,,,,,,,,,,,,,,,,,,,,,,,,,,,,,,,,,,,,,,,,,,,,,,,,,,,,,,,,,,,,,,,,,,,,,,,,,,,,,,,,,,,,,,,,,,,,,,,,,,,,,,,,,,,,,,,,,,,,,,,,,,,,,,,,,,,,,,,,,,,,,,
8,29,22,23,25,24,25,25,33,42,42,42,35,32,35,34,23,25,22,25,23,24,33,42,47,43,40,34,38,28,25,24,26,27,26,26,47,43,44,36,36,36,35,29,23,27,23,28,27,28,41,44,42,38,35,39,37,25,24,27,25,24,19,26,32,,,,,,,,,,,,,,,,,,,,,,,,,,,,,,,,,,,,,,,,,,,,,,,,,,,,,,,,,,,,,,,,,,,,,,,,,,,,,,,,,,,,,,,,,,,,,,,,,,,,,,,,,,,,,,,,,,,,,,,,,,,,,,,,,,,,,,,,,,,,,,,,,,,,,,,,,,,,,,,,,,,,,,,,,,,,,,,,,,,,,,,,,,,,,,,,
9,24,22,22,26,22,26,25,26,43,42,43,44,31,34,34,27,24,23,28,27,24,26,42,40,40,36,37,32,29,25,25,27,23,22,24,31,42,46,44,38,33,34,28,30,27,26,22,25,24,37,40,45,43,33,37,31,26,25,23,25,23,22,19,32,,,,,,,,,,,,,,,,,,,,,,,,,,,,,,,,,,,,,,,,,,,,,,,,,,,,,,,,,,,,,,,,,,,,,,,,,,,,,,,,,,,,,,,,,,,,,,,,,,,,,,,,,,,,,,,,,,,,,,,,,,,,,,,,,,,,,,,,,,,,,,,,,,,,,,,,,,,,,,,,,,,,,,,,,,,,,,,,,,,,,,,,,,,,,,,,
10,28,27,23,22,27,24,23,23,25,40,38,44,35,33,35,32,23,24,27,23,24,27,35,42,44,36,33,34,35,27,26,25,26,26,28,26,42,43,40,44,34,36,34,25,25,23,24,27,26,25,43,44,42,33,36,34,33,26,25,24,26,22,22,25,,,,,,,,,,,,,,,,,,,,,,,,,,,,,,,,,,,,,,,,,,,,,,,,,,,,,,,,,,,,,,,,,,,,,,,,,,,,,,,,,,,,,,,,,,,,,,,,,,,,,,,,,,,,,,,,,,,,,,,,,,,,,,,,,,,,,,,,,,,,,,,,,,,,,,,,,,,,,,,,,,,,,,,,,,,,,,,,,,,,,,,,,,,,,,,,
11,30,33,27,25,23,28,24,28,28,33,46,44,44,38,39,33,26,27,27,27,27,31,30,45,43,43,45,40,38,41,29,31,31,28,29,28,30,46,45,48,37,35,39,42,30,28,29,27,29,28,37,47,48,43,34,39,38,27,29,28,27,22,23,20,,,,,,,,,,,,,,,,,,,,,,,,,,,,,,,,,,,,,,,,,,,,,,,,,,,,,,,,,,,,,,,,,,,,,,,,,,,,,,,,,,,,,,,,,,,,,,,,,,,,,,,,,,,,,,,,,,,,,,,,,,,,,,,,,,,,,,,,,,,,,,,,,,,,,,,,,,,,,,,,,,,,,,,,,,,,,,,,,,,,,,,,,,,,,,,,
12,29,34,36,28,28,30,28,30,27,22,45,51,51,41,43,42,41,32,26,27,28,28,28,36,54,53,50,40,41,43,35,32,29,28,34,27,26,47,54,49,49,45,43,42,27,31,30,30,28,30,28,51,42,48,45,41,39,44,29,26,24,27,23,22,,,,,,,,,,,,,,,,,,,,,,,,,,,,,,,,,,,,,,,,,,,,,,,,,,,,,,,,,,,,,,,,,,,,,,,,,,,,,,,,,,,,,,,,,,,,,,,,,,,,,,,,,,,,,,,,,,,,,,,,,,,,,,,,,,,,,,,,,,,,,,,,,,,,,,,,,,,,,,,,,,,,,,,,,,,,,,,,,,,,,,,,,,,,,,,,
13,32,33,28,31,25,23,22,24,24,25,32,38,39,40,36,37,36,27,26,25,28,26,24,28,40,41,41,43,33,36,33,28,27,24,27,28,25,26,43,46,42,36,34,31,34,28,22,24,28,24,23,34,43,39,43,38,37,36,27,25,24,22,22,20,,,,,,,,,,,,,,,,,,,,,,,,,,,,,,,,,,,,,,,,,,,,,,,,,,,,,,,,,,,,,,,,,,,,,,,,,,,,,,,,,,,,,,,,,,,,,,,,,,,,,,,,,,,,,,,,,,,,,,,,,,,,,,,,,,,,,,,,,,,,,,,,,,,,,,,,,,,,,,,,,,,,,,,,,,,,,,,,,,,,,,,,,,,,,,,,
14,31,31,32,39,26,23,26,24,24,23,27,34,40,42,38,36,42,31,26,29,27,30,25,24,28,38,41,42,36,34,33,33,30,24,27,25,28,23,32,39,41,46,32,37,34,29,27,26,27,25,29,24,44,41,38,37,38,32,34,23,24,20,22,17,,,,,,,,,,,,,,,,,,,,,,,,,,,,,,,,,,,,,,,,,,,,,,,,,,,,,,,,,,,,,,,,,,,,,,,,,,,,,,,,,,,,,,,,,,,,,,,,,,,,,,,,,,,,,,,,,,,,,,,,,,,,,,,,,,,,,,,,,,,,,,,,,,,,,,,,,,,,,,,,,,,,,,,,,,,,,,,,,,,,,,,,,,,,,,,,
15,31,31,30,31,33,25,25,28,27,26,24,36,40,44,41,38,37,32,30,29,25,28,27,25,26,36,39,42,41,38,34,33,23,28,25,25,28,27,27,39,44,41,39,44,37,40,27,25,23,26,26,24,38,48,46,43,33,36,34,39,22,24,22,20,,,,,,,,,,,,,,,,,,,,,,,,,,,,,,,,,,,,,,,,,,,,,,,,,,,,,,,,,,,,,,,,,,,,,,,,,,,,,,,,,,,,,,,,,,,,,,,,,,,,,,,,,,,,,,,,,,,,,,,,,,,,,,,,,,,,,,,,,,,,,,,,,,,,,,,,,,,,,,,,,,,,,,,,,,,,,,,,,,,,,,,,,,,,,,,,
16,28,19,23,25,23,25,24,33,37,40,37,37,34,35,32,26,24,25,26,29,23,37,39,38,38,33,36,33,23,24,23,26,23,24,24,41,43,43,36,35,35,31,25,28,23,23,24,23,29,43,38,40,33,37,35,35,25,23,25,23,22,23,26,30,,,,,,,,,,,,,,,,,,,,,,,,,,,,,,,,,,,,,,,,,,,,,,,,,,,,,,,,,,,,,,,,,,,,,,,,,,,,,,,,,,,,,,,,,,,,,,,,,,,,,,,,,,,,,,,,,,,,,,,,,,,,,,,,,,,,,,,,,,,,,,,,,,,,,,,,,,,,,,,,,,,,,,,,,,,,,,,,,,,,,,,,,,,,,,,,
17,30,25,24,28,24,25,28,30,46,53,49,46,44,39,42,29,30,30,31,28,32,31,45,46,44,38,43,42,43,27,34,29,26,28,29,41,51,48,44,38,38,43,37,31,28,30,29,27,30,43,51,46,45,39,37,38,27,32,28,27,26,26,22,35,,,,,,,,,,,,,,,,,,,,,,,,,,,,,,,,,,,,,,,,,,,,,,,,,,,,,,,,,,,,,,,,,,,,,,,,,,,,,,,,,,,,,,,,,,,,,,,,,,,,,,,,,,,,,,,,,,,,,,,,,,,,,,,,,,,,,,,,,,,,,,,,,,,,,,,,,,,,,,,,,,,,,,,,,,,,,,,,,,,,,,,,,,,,,,,,
18,30,33,27,27,27,26,30,28,30,44,44,47,38,41,43,39,24,30,26,27,29,26,36,52,42,47,39,37,40,32,30,28,30,30,28,26,44,46,45,40,41,43,39,28,26,29,33,28,29,30,46,46,54,38,40,40,40,29,26,25,27,23,24,24,,,,,,,,,,,,,,,,,,,,,,,,,,,,,,,,,,,,,,,,,,,,,,,,,,,,,,,,,,,,,,,,,,,,,,,,,,,,,,,,,,,,,,,,,,,,,,,,,,,,,,,,,,,,,,,,,,,,,,,,,,,,,,,,,,,,,,,,,,,,,,,,,,,,,,,,,,,,,,,,,,,,,,,,,,,,,,,,,,,,,,,,,,,,,,,,
19,33,38,36,31,28,31,29,33,32,49,54,48,53,40,46,45,33,33,33,29,28,27,32,54,51,52,42,41,46,44,32,30,32,31,34,30,37,48,50,55,53,47,46,48,31,32,35,31,31,28,41,54,54,53,43,43,49,33,33,29,32,28,23,24,,,,,,,,,,,,,,,,,,,,,,,,,,,,,,,,,,,,,,,,,,,,,,,,,,,,,,,,,,,,,,,,,,,,,,,,,,,,,,,,,,,,,,,,,,,,,,,,,,,,,,,,,,,,,,,,,,,,,,,,,,,,,,,,,,,,,,,,,,,,,,,,,,,,,,,,,,,,,,,,,,,,,,,,,,,,,,,,,,,,,,,,,,,,,,,,
20,27,29,31,24,25,24,28,28,25,23,46,46,43,34,39,37,39,26,26,23,24,26,27,36,45,42,43,39,33,35,30,29,26,26,28,25,26,43,39,45,42,36,41,37,30,26,27,25,26,27,30,41,36,44,39,30,33,36,26,26,24,24,22,20,,,,,,,,,,,,,,,,,,,,,,,,,,,,,,,,,,,,,,,,,,,,,,,,,,,,,,,,,,,,,,,,,,,,,,,,,,,,,,,,,,,,,,,,,,,,,,,,,,,,,,,,,,,,,,,,,,,,,,,,,,,,,,,,,,,,,,,,,,,,,,,,,,,,,,,,,,,,,,,,,,,,,,,,,,,,,,,,,,,,,,,,,,,,,,,,
21,28,30,29,37,25,26,24,25,26,25,34,43,43,43,37,42,33,26,28,31,26,27,25,30,44,40,46,42,35,36,37,29,25,26,26,28,26,27,44,43,42,36,32,36,35,28,26,23,25,26,28,36,46,40,43,35,37,33,24,27,29,26,23,20,,,,,,,,,,,,,,,,,,,,,,,,,,,,,,,,,,,,,,,,,,,,,,,,,,,,,,,,,,,,,,,,,,,,,,,,,,,,,,,,,,,,,,,,,,,,,,,,,,,,,,,,,,,,,,,,,,,,,,,,,,,,,,,,,,,,,,,,,,,,,,,,,,,,,,,,,,,,,,,,,,,,,,,,,,,,,,,,,,,,,,,,,,,,,,,,
22,32,30,31,33,26,25,26,23,24,26,30,42,42,43,41,35,32,40,26,27,25,27,26,26,30,44,43,43,36,40,36,38,24,26,29,27,27,24,33,41,40,44,37,37,36,28,29,26,28,30,24,29,45,41,39,47,33,34,36,30,23,23,21,21,,,,,,,,,,,,,,,,,,,,,,,,,,,,,,,,,,,,,,,,,,,,,,,,,,,,,,,,,,,,,,,,,,,,,,,,,,,,,,,,,,,,,,,,,,,,,,,,,,,,,,,,,,,,,,,,,,,,,,,,,,,,,,,,,,,,,,,,,,,,,,,,,,,,,,,,,,,,,,,,,,,,,,,,,,,,,,,,,,,,,,,,,,,,,,,,
23,30,28,33,29,32,27,21,26,28,24,24,32,37,38,39,33,33,32,30,23,25,25,24,23,26,42,45,41,39,33,35,32,23,27,26,23,28,25,25,37,37,39,32,31,32,35,23,25,24,26,26,24,28,39,40,38,32,32,29,32,21,21,23,19,,,,,,,,,,,,,,,,,,,,,,,,,,,,,,,,,,,,,,,,,,,,,,,,,,,,,,,,,,,,,,,,,,,,,,,,,,,,,,,,,,,,,,,,,,,,,,,,,,,,,,,,,,,,,,,,,,,,,,,,,,,,,,,,,,,,,,,,,,,,,,,,,,,,,,,,,,,,,,,,,,,,,,,,,,,,,,,,,,,,,,,,,,,,,,,,
24,36,22,31,30,29,28,32,41,46,48,47,42,40,45,43,34,30,29,34,32,33,38,53,48,50,46,45,41,30,29,29,34,29,31,33,49,43,50,47,44,39,48,32,31,27,30,34,34,35,47,49,48,50,44,41,41,32,31,29,29,26,28,31,38,,,,,,,,,,,,,,,,,,,,,,,,,,,,,,,,,,,,,,,,,,,,,,,,,,,,,,,,,,,,,,,,,,,,,,,,,,,,,,,,,,,,,,,,,,,,,,,,,,,,,,,,,,,,,,,,,,,,,,,,,,,,,,,,,,,,,,,,,,,,,,,,,,,,,,,,,,,,,,,,,,,,,,,,,,,,,,,,,,,,,,,,,,,,,,,,
25,28,22,22,26,26,27,25,27,37,43,40,42,35,35,39,28,29,28,29,27,28,27,42,43,41,39,35,37,32,26,29,28,25,30,29,34,40,42,42,35,35,37,32,28,28,26,26,28,28,39,41,41,42,35,36,35,28,26,26,27,25,25,25,37,,,,,,,,,,,,,,,,,,,,,,,,,,,,,,,,,,,,,,,,,,,,,,,,,,,,,,,,,,,,,,,,,,,,,,,,,,,,,,,,,,,,,,,,,,,,,,,,,,,,,,,,,,,,,,,,,,,,,,,,,,,,,,,,,,,,,,,,,,,,,,,,,,,,,,,,,,,,,,,,,,,,,,,,,,,,,,,,,,,,,,,,,,,,,,,,
26,32,32,28,28,26,29,26,29,29,45,44,40,37,36,45,33,26,30,29,26,29,28,35,47,46,48,39,40,39,27,29,28,29,29,29,28,50,43,45,43,39,39,36,29,27,31,31,31,29,29,42,46,46,43,37,37,31,27,29,27,28,26,23,27,,,,,,,,,,,,,,,,,,,,,,,,,,,,,,,,,,,,,,,,,,,,,,,,,,,,,,,,,,,,,,,,,,,,,,,,,,,,,,,,,,,,,,,,,,,,,,,,,,,,,,,,,,,,,,,,,,,,,,,,,,,,,,,,,,,,,,,,,,,,,,,,,,,,,,,,,,,,,,,,,,,,,,,,,,,,,,,,,,,,,,,,,,,,,,,,
27,26,33,30,26,25,26,26,30,28,38,42,42,44,35,36,38,27,28,25,29,26,28,29,38,42,46,41,35,32,40,29,29,27,26,29,32,33,43,44,47,38,37,38,37,27,26,27,27,29,28,37,42,43,42,37,36,35,29,26,30,31,24,26,22,,,,,,,,,,,,,,,,,,,,,,,,,,,,,,,,,,,,,,,,,,,,,,,,,,,,,,,,,,,,,,,,,,,,,,,,,,,,,,,,,,,,,,,,,,,,,,,,,,,,,,,,,,,,,,,,,,,,,,,,,,,,,,,,,,,,,,,,,,,,,,,,,,,,,,,,,,,,,,,,,,,,,,,,,,,,,,,,,,,,,,,,,,,,,,,,
28,28,32,31,28,29,26,28,29,28,26,40,44,44,33,38,42,35,29,28,27,27,27,29,31,44,42,45,38,36,39,30,30,27,26,27,29,26,45,41,47,46,35,38,39,27,31,33,26,30,26,26,42,44,42,36,37,38,36,29,28,27,26,23,24,,,,,,,,,,,,,,,,,,,,,,,,,,,,,,,,,,,,,,,,,,,,,,,,,,,,,,,,,,,,,,,,,,,,,,,,,,,,,,,,,,,,,,,,,,,,,,,,,,,,,,,,,,,,,,,,,,,,,,,,,,,,,,,,,,,,,,,,,,,,,,,,,,,,,,,,,,,,,,,,,,,,,,,,,,,,,,,,,,,,,,,,,,,,,,,,
29,29,29,31,33,25,29,25,26,28,29,33,42,43,43,33,36,34,27,31,27,29,27,26,25,44,35,42,46,35,39,35,31,26,25,30,28,29,29,44,46,42,33,35,35,35,29,31,29,28,29,22,36,38,40,41,39,35,36,27,26,26,25,27,22,,,,,,,,,,,,,,,,,,,,,,,,,,,,,,,,,,,,,,,,,,,,,,,,,,,,,,,,,,,,,,,,,,,,,,,,,,,,,,,,,,,,,,,,,,,,,,,,,,,,,,,,,,,,,,,,,,,,,,,,,,,,,,,,,,,,,,,,,,,,,,,,,,,,,,,,,,,,,,,,,,,,,,,,,,,,,,,,,,,,,,,,,,,,,,,,
30,31,31,32,32,26,23,25,26,28,26,29,43,40,44,40,36,33,32,28,26,25,26,28,30,29,43,43,42,40,36,35,35,27,26,26,27,28,27,37,40,42,39,38,35,37,28,26,28,27,27,29,29,40,39,45,39,35,33,36,24,23,24,26,22,,,,,,,,,,,,,,,,,,,,,,,,,,,,,,,,,,,,,,,,,,,,,,,,,,,,,,,,,,,,,,,,,,,,,,,,,,,,,,,,,,,,,,,,,,,,,,,,,,,,,,,,,,,,,,,,,,,,,,,,,,,,,,,,,,,,,,,,,,,,,,,,,,,,,,,,,,,,,,,,,,,,,,,,,,,,,,,,,,,,,,,,,,,,,,,,
31,32,28,29,35,31,25,26,27,26,27,26,33,38,41,40,33,33,35,30,26,26,27,26,26,27,37,40,40,38,37,38,35,26,29,27,28,29,26,26,42,41,43,35,37,37,40,29,31,26,26,26,26,30,39,40,41,33,35,31,29,26,26,24,23,,,,,,,,,,,,,,,,,,,,,,,,,,,,,,,,,,,,,,,,,,,,,,,,,,,,,,,,,,,,,,,,,,,,,,,,,,,,,,,,,,,,,,,,,,,,,,,,,,,,,,,,,,,,,,,,,,,,,,,,,,,,,,,,,,,,,,,,,,,,,,,,,,,,,,,,,,,,,,,,,,,,,,,,,,,,,,,,,,,,,,,,,,,,,,,,
32,34,24,27,30,29,29,28,41,45,47,50,43,40,45,39,29,30,29,32,29,34,39,52,51,51,42,40,38,33,31,30,33,32,32,33,49,52,43,42,42,39,40,32,32,32,30,30,31,31,45,48,46,34,45,45,41,36,32,31,29,28,28,31,42,,,,,,,,,,,,,,,,,,,,,,,,,,,,,,,,,,,,,,,,,,,,,,,,,,,,,,,,,,,,,,,,,,,,,,,,,,,,,,,,,,,,,,,,,,,,,,,,,,,,,,,,,,,,,,,,,,,,,,,,,,,,,,,,,,,,,,,,,,,,,,,,,,,,,,,,,,,,,,,,,,,,,,,,,,,,,,,,,,,,,,,,,,,,,,,,
33,28,24,27,24,27,27,29,27,45,42,46,44,38,38,38,30,27,29,26,31,30,30,40,46,42,38,38,37,37,30,29,28,27,24,28,34,42,45,45,45,39,36,32,29,28,32,29,31,29,43,44,46,45,38,41,39,31,28,27,30,24,29,25,36,,,,,,,,,,,,,,,,,,,,,,,,,,,,,,,,,,,,,,,,,,,,,,,,,,,,,,,,,,,,,,,,,,,,,,,,,,,,,,,,,,,,,,,,,,,,,,,,,,,,,,,,,,,,,,,,,,,,,,,,,,,,,,,,,,,,,,,,,,,,,,,,,,,,,,,,,,,,,,,,,,,,,,,,,,,,,,,,,,,,,,,,,,,,,,,,
34,34,30,29,28,28,28,29,29,31,49,49,46,38,46,38,38,29,31,30,30,29,27,38,50,47,46,37,39,41,29,32,29,33,31,30,32,45,48,48,43,40,42,42,32,32,34,32,32,28,32,47,43,46,43,38,36,42,29,28,30,29,27,25,32,,,,,,,,,,,,,,,,,,,,,,,,,,,,,,,,,,,,,,,,,,,,,,,,,,,,,,,,,,,,,,,,,,,,,,,,,,,,,,,,,,,,,,,,,,,,,,,,,,,,,,,,,,,,,,,,,,,,,,,,,,,,,,,,,,,,,,,,,,,,,,,,,,,,,,,,,,,,,,,,,,,,,,,,,,,,,,,,,,,,,,,,,,,,,,,,
35,31,32,33,25,26,28,30,30,28,36,46,44,44,36,33,40,30,28,30,28,30,27,29,40,45,44,37,46,35,40,33,32,30,28,31,32,32,44,48,45,39,36,40,40,28,31,29,30,29,26,37,47,48,46,38,38,36,28,29,27,26,26,26,24,,,,,,,,,,,,,,,,,,,,,,,,,,,,,,,,,,,,,,,,,,,,,,,,,,,,,,,,,,,,,,,,,,,,,,,,,,,,,,,,,,,,,,,,,,,,,,,,,,,,,,,,,,,,,,,,,,,,,,,,,,,,,,,,,,,,,,,,,,,,,,,,,,,,,,,,,,,,,,,,,,,,,,,,,,,,,,,,,,,,,,,,,,,,,,,,
36,29,34,35,28,29,28,29,32,28,27,41,44,43,38,39,40,32,30,30,29,29,30,33,33,49,44,47,39,44,40,33,31,28,25,29,30,31,42,45,45,44,43,42,38,28,29,27,27,31,27,27,46,42,45,36,37,38,42,29,26,25,26,20,24,,,,,,,,,,,,,,,,,,,,,,,,,,,,,,,,,,,,,,,,,,,,,,,,,,,,,,,,,,,,,,,,,,,,,,,,,,,,,,,,,,,,,,,,,,,,,,,,,,,,,,,,,,,,,,,,,,,,,,,,,,,,,,,,,,,,,,,,,,,,,,,,,,,,,,,,,,,,,,,,,,,,,,,,,,,,,,,,,,,,,,,,,,,,,,,,
37,32,36,30,35,30,27,29,29,29,30,35,47,42,47,42,36,40,29,31,30,29,29,28,30,46,47,47,51,36,38,39,32,30,28,32,27,28,30,43,49,45,40,38,39,40,33,28,29,31,28,28,35,43,43,46,39,39,33,32,27,27,24,22,23,,,,,,,,,,,,,,,,,,,,,,,,,,,,,,,,,,,,,,,,,,,,,,,,,,,,,,,,,,,,,,,,,,,,,,,,,,,,,,,,,,,,,,,,,,,,,,,,,,,,,,,,,,,,,,,,,,,,,,,,,,,,,,,,,,,,,,,,,,,,,,,,,,,,,,,,,,,,,,,,,,,,,,,,,,,,,,,,,,,,,,,,,,,,,,,,
38,33,32,33,35,26,27,23,26,27,28,25,41,38,42,41,36,36,38,28,27,26,25,27,29,29,42,37,43,37,35,36,35,28,30,27,29,31,26,32,43,40,42,32,36,38,30,29,29,30,28,30,27,43,43,42,39,34,36,34,23,25,25,25,22,,,,,,,,,,,,,,,,,,,,,,,,,,,,,,,,,,,,,,,,,,,,,,,,,,,,,,,,,,,,,,,,,,,,,,,,,,,,,,,,,,,,,,,,,,,,,,,,,,,,,,,,,,,,,,,,,,,,,,,,,,,,,,,,,,,,,,,,,,,,,,,,,,,,,,,,,,,,,,,,,,,,,,,,,,,,,,,,,,,,,,,,,,,,,,,,
39,34,33,34,37,34,29,27,30,30,30,26,38,42,49,45,40,38,40,33,26,28,28,30,27,30,45,45,49,43,45,40,38,29,31,30,28,27,29,29,41,45,42,38,44,40,40,29,30,28,28,29,27,33,41,46,43,38,35,33,38,27,26,23,22,,,,,,,,,,,,,,,,,,,,,,,,,,,,,,,,,,,,,,,,,,,,,,,,,,,,,,,,,,,,,,,,,,,,,,,,,,,,,,,,,,,,,,,,,,,,,,,,,,,,,,,,,,,,,,,,,,,,,,,,,,,,,,,,,,,,,,,,,,,,,,,,,,,,,,,,,,,,,,,,,,,,,,,,,,,,,,,,,,,,,,,,,,,,,,,,
40,34,27,28,25,30,32,28,37,39,48,44,42,34,37,37,32,30,29,32,34,30,41,44,44,48,43,37,43,29,31,30,32,30,27,31,49,49,42,46,41,36,39,27,32,31,28,30,31,31,47,48,49,40,41,39,37,32,26,28,28,30,26,30,39,,,,,,,,,,,,,,,,,,,,,,,,,,,,,,,,,,,,,,,,,,,,,,,,,,,,,,,,,,,,,,,,,,,,,,,,,,,,,,,,,,,,,,,,,,,,,,,,,,,,,,,,,,,,,,,,,,,,,,,,,,,,,,,,,,,,,,,,,,,,,,,,,,,,,,,,,,,,,,,,,,,,,,,,,,,,,,,,,,,,,,,,,,,,,,,,
41,28,24,25,23,24,25,27,30,43,40,44,41,34,37,38,28,30,27,27,26,28,27,42,39,38,37,34,35,36,27,28,28,28,27,28,31,41,42,42,37,37,33,32,28,30,29,29,27,27,42,40,42,41,36,37,35,30,26,26,28,26,24,25,30,,,,,,,,,,,,,,,,,,,,,,,,,,,,,,,,,,,,,,,,,,,,,,,,,,,,,,,,,,,,,,,,,,,,,,,,,,,,,,,,,,,,,,,,,,,,,,,,,,,,,,,,,,,,,,,,,,,,,,,,,,,,,,,,,,,,,,,,,,,,,,,,,,,,,,,,,,,,,,,,,,,,,,,,,,,,,,,,,,,,,,,,,,,,,,,,
42,31,31,29,30,29,29,25,32,37,43,46,46,37,41,37,46,30,32,32,30,30,29,38,48,48,52,39,36,42,32,30,32,30,33,32,30,50,53,50,49,40,44,36,31,29,32,31,32,32,29,46,49,43,43,38,39,37,27,31,28,28,27,25,33,,,,,,,,,,,,,,,,,,,,,,,,,,,,,,,,,,,,,,,,,,,,,,,,,,,,,,,,,,,,,,,,,,,,,,,,,,,,,,,,,,,,,,,,,,,,,,,,,,,,,,,,,,,,,,,,,,,,,,,,,,,,,,,,,,,,,,,,,,,,,,,,,,,,,,,,,,,,,,,,,,,,,,,,,,,,,,,,,,,,,,,,,,,,,,,,
43,29,34,37,27,27,27,30,30,29,36,45,45,43,36,35,41,31,26,27,30,29,28,29,48,46,49,46,42,37,40,32,30,28,26,30,32,32,44,44,43,40,42,32,36,30,28,31,30,31,27,36,46,44,47,36,40,35,28,28,27,27,26,27,23,,,,,,,,,,,,,,,,,,,,,,,,,,,,,,,,,,,,,,,,,,,,,,,,,,,,,,,,,,,,,,,,,,,,,,,,,,,,,,,,,,,,,,,,,,,,,,,,,,,,,,,,,,,,,,,,,,,,,,,,,,,,,,,,,,,,,,,,,,,,,,,,,,,,,,,,,,,,,,,,,,,,,,,,,,,,,,,,,,,,,,,,,,,,,,,,
44,26,26,33,24,26,26,27,28,24,24,40,40,42,32,36,34,36,26,26,24,26,26,27,32,38,42,41,34,33,40,29,28,24,29,27,24,27,41,39,42,40,38,36,37,26,28,24,25,28,24,26,40,42,43,34,34,36,35,26,24,25,23,23,20,,,,,,,,,,,,,,,,,,,,,,,,,,,,,,,,,,,,,,,,,,,,,,,,,,,,,,,,,,,,,,,,,,,,,,,,,,,,,,,,,,,,,,,,,,,,,,,,,,,,,,,,,,,,,,,,,,,,,,,,,,,,,,,,,,,,,,,,,,,,,,,,,,,,,,,,,,,,,,,,,,,,,,,,,,,,,,,,,,,,,,,,,,,,,,,,
45,30,30,32,32,29,25,30,30,30,27,32,42,40,45,40,35,35,29,31,28,30,28,29,30,43,39,45,47,36,38,34,30,28,29,27,27,27,29,42,49,40,36,36,35,34,28,27,27,27,27,29,35,42,41,44,39,37,33,28,26,24,25,23,22,,,,,,,,,,,,,,,,,,,,,,,,,,,,,,,,,,,,,,,,,,,,,,,,,,,,,,,,,,,,,,,,,,,,,,,,,,,,,,,,,,,,,,,,,,,,,,,,,,,,,,,,,,,,,,,,,,,,,,,,,,,,,,,,,,,,,,,,,,,,,,,,,,,,,,,,,,,,,,,,,,,,,,,,,,,,,,,,,,,,,,,,,,,,,,,,
46,38,34,39,37,30,32,30,30,31,31,29,48,50,44,47,36,38,40,33,32,32,30,30,31,32,41,48,48,39,39,43,39,31,32,27,32,32,30,42,46,47,48,41,40,41,28,32,31,33,30,32,34,48,48,45,48,45,48,41,28,27,25,27,24,,,,,,,,,,,,,,,,,,,,,,,,,,,,,,,,,,,,,,,,,,,,,,,,,,,,,,,,,,,,,,,,,,,,,,,,,,,,,,,,,,,,,,,,,,,,,,,,,,,,,,,,,,,,,,,,,,,,,,,,,,,,,,,,,,,,,,,,,,,,,,,,,,,,,,,,,,,,,,,,,,,,,,,,,,,,,,,,,,,,,,,,,,,,,,,,
47,36,36,39,43,34,30,28,31,30,28,30,39,50,45,49,42,40,43,33,30,29,27,29,34,35,45,48,42,48,41,42,39,29,30,33,34,34,32,32,44,49,50,40,41,40,40,34,30,30,30,30,32,39,51,52,54,40,35,44,37,29,28,27,26,,,,,,,,,,,,,,,,,,,,,,,,,,,,,,,,,,,,,,,,,,,,,,,,,,,,,,,,,,,,,,,,,,,,,,,,,,,,,,,,,,,,,,,,,,,,,,,,,,,,,,,,,,,,,,,,,,,,,,,,,,,,,,,,,,,,,,,,,,,,,,,,,,,,,,,,,,,,,,,,,,,,,,,,,,,,,,,,,,,,,,,,,,,,,,,,
48,35,28,28,29,31,28,28,35,47,52,51,40,41,39,40,32,28,31,37,30,33,42,48,49,54,40,47,43,32,33,33,32,33,31,35,54,51,42,47,45,43,42,33,31,33,32,33,34,37,52,54,50,43,44,44,45,33,29,31,29,30,27,32,33,,,,,,,,,,,,,,,,,,,,,,,,,,,,,,,,,,,,,,,,,,,,,,,,,,,,,,,,,,,,,,,,,,,,,,,,,,,,,,,,,,,,,,,,,,,,,,,,,,,,,,,,,,,,,,,,,,,,,,,,,,,,,,,,,,,,,,,,,,,,,,,,,,,,,,,,,,,,,,,,,,,,,,,,,,,,,,,,,,,,,,,,,,,,,,,,
49,32,24,25,26,25,25,30,25,48,47,43,44,40,37,39,28,26,27,31,32,30,28,40,47,45,40,44,40,43,30,33,29,27,32,33,37,50,47,46,39,38,39,34,30,30,30,29,28,30,45,49,43,42,44,36,38,30,28,28,28,28,25,25,39,,,,,,,,,,,,,,,,,,,,,,,,,,,,,,,,,,,,,,,,,,,,,,,,,,,,,,,,,,,,,,,,,,,,,,,,,,,,,,,,,,,,,,,,,,,,,,,,,,,,,,,,,,,,,,,,,,,,,,,,,,,,,,,,,,,,,,,,,,,,,,,,,,,,,,,,,,,,,,,,,,,,,,,,,,,,,,,,,,,,,,,,,,,,,,,,
50,28,31,23,25,28,25,28,28,28,38,41,43,31,36,36,36,28,26,28,25,28,27,33,45,43,44,36,34,39,26,28,30,29,27,27,27,43,43,36,46,40,38,38,26,30,26,28,29,28,28,41,42,47,36,33,37,38,25,27,27,27,24,24,25,,,,,,,,,,,,,,,,,,,,,,,,,,,,,,,,,,,,,,,,,,,,,,,,,,,,,,,,,,,,,,,,,,,,,,,,,,,,,,,,,,,,,,,,,,,,,,,,,,,,,,,,,,,,,,,,,,,,,,,,,,,,,,,,,,,,,,,,,,,,,,,,,,,,,,,,,,,,,,,,,,,,,,,,,,,,,,,,,,,,,,,,,,,,,,,,
51,31,33,33,27,25,27,25,26,27,35,42,46,46,35,38,41,31,27,30,27,26,28,26,43,41,42,45,34,36,37,30,28,29,29,27,28,28,46,46,45,39,37,36,36,29,28,28,32,30,28,38,45,42,40,36,38,39,28,27,28,26,25,25,22,,,,,,,,,,,,,,,,,,,,,,,,,,,,,,,,,,,,,,,,,,,,,,,,,,,,,,,,,,,,,,,,,,,,,,,,,,,,,,,,,,,,,,,,,,,,,,,,,,,,,,,,,,,,,,,,,,,,,,,,,,,,,,,,,,,,,,,,,,,,,,,,,,,,,,,,,,,,,,,,,,,,,,,,,,,,,,,,,,,,,,,,,,,,,,,,
52,26,28,31,24,26,27,25,27,24,27,41,42,37,36,33,30,35,26,26,23,24,27,25,32,39,41,45,31,36,35,33,26,26,23,28,24,29,37,38,35,36,37,34,34,24,28,24,24,25,22,25,39,39,42,36,34,33,33,28,24,24,21,22,19,,,,,,,,,,,,,,,,,,,,,,,,,,,,,,,,,,,,,,,,,,,,,,,,,,,,,,,,,,,,,,,,,,,,,,,,,,,,,,,,,,,,,,,,,,,,,,,,,,,,,,,,,,,,,,,,,,,,,,,,,,,,,,,,,,,,,,,,,,,,,,,,,,,,,,,,,,,,,,,,,,,,,,,,,,,,,,,,,,,,,,,,,,,,,,,,
53,29,33,34,37,30,29,26,28,30,32,36,51,48,42,44,43,40,27,34,31,29,30,31,28,47,43,48,45,40,44,42,30,31,29,30,30,30,27,47,50,48,40,44,37,39,31,30,30,31,29,29,39,46,49,46,42,41,36,30,30,26,25,26,22,,,,,,,,,,,,,,,,,,,,,,,,,,,,,,,,,,,,,,,,,,,,,,,,,,,,,,,,,,,,,,,,,,,,,,,,,,,,,,,,,,,,,,,,,,,,,,,,,,,,,,,,,,,,,,,,,,,,,,,,,,,,,,,,,,,,,,,,,,,,,,,,,,,,,,,,,,,,,,,,,,,,,,,,,,,,,,,,,,,,,,,,,,,,,,,,
54,37,31,32,39,28,25,27,25,28,28,29,45,46,44,41,38,36,41,33,30,29,28,28,28,30,40,42,43,34,43,39,42,27,32,33,28,28,24,33,45,43,47,38,40,34,30,29,31,30,30,29,28,44,40,42,36,37,34,35,25,28,24,26,22,,,,,,,,,,,,,,,,,,,,,,,,,,,,,,,,,,,,,,,,,,,,,,,,,,,,,,,,,,,,,,,,,,,,,,,,,,,,,,,,,,,,,,,,,,,,,,,,,,,,,,,,,,,,,,,,,,,,,,,,,,,,,,,,,,,,,,,,,,,,,,,,,,,,,,,,,,,,,,,,,,,,,,,,,,,,,,,,,,,,,,,,,,,,,,,,
55,36,34,31,37,41,30,29,32,30,29,28,36,46,49,46,42,43,44,35,30,27,27,27,29,28,48,49,42,48,46,42,39,30,31,31,29,30,32,32,41,44,46,40,40,39,41,31,27,27,29,32,28,40,45,46,46,36,40,47,43,25,26,24,26,,,,,,,,,,,,,,,,,,,,,,,,,,,,,,,,,,,,,,,,,,,,,,,,,,,,,,,,,,,,,,,,,,,,,,,,,,,,,,,,,,,,,,,,,,,,,,,,,,,,,,,,,,,,,,,,,,,,,,,,,,,,,,,,,,,,,,,,,,,,,,,,,,,,,,,,,,,,,,,,,,,,,,,,,,,,,,,,,,,,,,,,,,,,,,,,
56,26,23,23,24,22,26,26,29,38,37,44,36,33,35,29,26,29,25,26,29,25,29,39,38,41,37,34,31,27,26,27,26,27,26,26,37,39,40,37,34,36,35,25,28,26,28,27,29,28,44,42,37,36,34,33,38,24,26,27,25,24,22,25,29,,,,,,,,,,,,,,,,,,,,,,,,,,,,,,,,,,,,,,,,,,,,,,,,,,,,,,,,,,,,,,,,,,,,,,,,,,,,,,,,,,,,,,,,,,,,,,,,,,,,,,,,,,,,,,,,,,,,,,,,,,,,,,,,,,,,,,,,,,,,,,,,,,,,,,,,,,,,,,,,,,,,,,,,,,,,,,,,,,,,,,,,,,,,,,,,
57,27,24,23,26,25,26,28,26,42,44,46,45,35,38,38,26,25,28,25,28,29,27,42,44,43,39,35,38,35,25,27,25,24,26,27,35,41,44,43,38,38,35,31,28,28,29,27,29,28,49,46,48,45,43,37,33,29,27,26,28,25,23,25,33,,,,,,,,,,,,,,,,,,,,,,,,,,,,,,,,,,,,,,,,,,,,,,,,,,,,,,,,,,,,,,,,,,,,,,,,,,,,,,,,,,,,,,,,,,,,,,,,,,,,,,,,,,,,,,,,,,,,,,,,,,,,,,,,,,,,,,,,,,,,,,,,,,,,,,,,,,,,,,,,,,,,,,,,,,,,,,,,,,,,,,,,,,,,,,,,
58,29,29,22,27,22,24,25,28,28,39,38,39,32,37,33,34,24,24,26,24,26,24,32,39,39,37,34,37,33,24,26,23,28,25,25,23,45,43,38,39,31,34,34,27,29,27,27,25,24,27,44,45,39,41,31,33,35,27,26,22,26,23,21,25,,,,,,,,,,,,,,,,,,,,,,,,,,,,,,,,,,,,,,,,,,,,,,,,,,,,,,,,,,,,,,,,,,,,,,,,,,,,,,,,,,,,,,,,,,,,,,,,,,,,,,,,,,,,,,,,,,,,,,,,,,,,,,,,,,,,,,,,,,,,,,,,,,,,,,,,,,,,,,,,,,,,,,,,,,,,,,,,,,,,,,,,,,,,,,,,
59,26,28,26,21,22,24,24,25,22,31,34,44,39,32,33,33,27,23,24,22,23,26,26,38,39,39,38,31,34,36,26,25,26,23,22,26,25,41,39,38,36,31,33,33,25,27,22,25,29,24,33,39,39,42,30,31,30,23,26,23,24,24,20,21,,,,,,,,,,,,,,,,,,,,,,,,,,,,,,,,,,,,,,,,,,,,,,,,,,,,,,,,,,,,,,,,,,,,,,,,,,,,,,,,,,,,,,,,,,,,,,,,,,,,,,,,,,,,,,,,,,,,,,,,,,,,,,,,,,,,,,,,,,,,,,,,,,,,,,,,,,,,,,,,,,,,,,,,,,,,,,,,,,,,,,,,,,,,,,,,
60,26,27,30,24,22,24,25,26,24,23,39,36,39,33,35,31,38,25,25,24,23,25,22,29,36,40,37,33,29,35,28,27,23,26,27,21,23,35,39,41,38,32,33,34,26,26,25,25,24,25,24,39,37,39,32,33,35,34,24,22,25,20,20,18,,,,,,,,,,,,,,,,,,,,,,,,,,,,,,,,,,,,,,,,,,,,,,,,,,,,,,,,,,,,,,,,,,,,,,,,,,,,,,,,,,,,,,,,,,,,,,,,,,,,,,,,,,,,,,,,,,,,,,,,,,,,,,,,,,,,,,,,,,,,,,,,,,,,,,,,,,,,,,,,,,,,,,,,,,,,,,,,,,,,,,,,,,,,,,,,
61,22,25,25,27,23,20,21,23,22,22,26,34,34,35,29,29,29,22,22,23,22,22,23,24,34,33,32,35,29,30,29,25,21,21,22,24,22,22,32,36,37,28,29,27,29,21,22,23,23,21,21,26,33,35,38,30,29,28,23,23,22,20,19,18,,,,,,,,,,,,,,,,,,,,,,,,,,,,,,,,,,,,,,,,,,,,,,,,,,,,,,,,,,,,,,,,,,,,,,,,,,,,,,,,,,,,,,,,,,,,,,,,,,,,,,,,,,,,,,,,,,,,,,,,,,,,,,,,,,,,,,,,,,,,,,,,,,,,,,,,,,,,,,,,,,,,,,,,,,,,,,,,,,,,,,,,,,,,,,,,
62,31,29,31,31,24,24,26,23,24,24,24,39,41,39,34,32,33,32,25,28,25,27,22,24,27,35,36,39,36,37,33,32,26,22,24,26,26,25,31,37,35,33,34,27,33,25,26,24,25,25,27,23,36,39,37,35,31,34,31,24,23,23,21,20,,,,,,,,,,,,,,,,,,,,,,,,,,,,,,,,,,,,,,,,,,,,,,,,,,,,,,,,,,,,,,,,,,,,,,,,,,,,,,,,,,,,,,,,,,,,,,,,,,,,,,,,,,,,,,,,,,,,,,,,,,,,,,,,,,,,,,,,,,,,,,,,,,,,,,,,,,,,,,,,,,,,,,,,,,,,,,,,,,,,,,,,,,,,,,,,
63,30,32,31,30,33,22,23,23,23,23,23,29,35,38,35,29,31,31,24,25,24,24,22,22,22,36,38,34,35,31,32,31,22,24,23,25,22,26,24,37,38,40,32,31,33,36,24,26,23,26,24,24,27,38,37,40,29,31,29,33,23,22,21,19,,,,,,,,,,,,,,,,,,,,,,,,,,,,,,,,,,,,,,,,,,,,,,,,,,,,,,,,,,,,,,,,,,,,,,,,,,,,,,,,,,,,,,,,,,,,,,,,,,,,,,,,,,,,,,,,,,,,,,,,,,,,,,,,,,,,,,,,,,,,,,,,,,,,,,,,,,,,,,,,,,,,,,,,,,,,,,,,,,,,,,,,,,,,,,,,
,,,,,,,,,,,,,,,,,,,,,,,,,,,,,,,,,,,,,,,,,,,,,,,,,,,,,,,,,,,,,,,,,,,,,,,,,,,,,,,,,,,,,,,,,,,,,,,,,,,,,,,,,,,,,,,,,,,,,,,,,,,,,,,,,,,,,,,,,,,,,,,,,,,,,,,,,,,,,,,,,,,,,,,,,,,,,,,,,,,,,,,,,,,,,,,,,,,,,,,,,,,,,,,,,,,,,,,,,,,,,,,,,,,,,,,,,,,,,,,,,,,,,,,,,,,,,,,,
value,0,1,2,3,4,5,6,7,8,9,10,11,12,13,14,15,16,17,18,19,20,21,22,23,24,25,26,27,28,29,30,31,32,33,34,35,36,37,38,39,40,41,42,43,44,45,46,47,48,49,50,51,52,53,54,55,56,57,58,59,60,61,62,63,64,65,66,67,68,69,70,71,72,73,74,75,76,77,78,79,80,81,82,83,84,85,86,87,88,89,90,91,92,93,94,95,96,97,98,99,100,101,102,103,104,105,106,107,108,109,110,111,112,113,114,115,116,117,118,119,120,121,122,123,124,125,126,127,128,129,130,131,132,133,134,135,136,137,138,139,140,141,142,143,144,145,146,147,148,149,150,151,152,153,154,155,156,157,158,159,160,161,162,163,164,165,166,167,168,169,170,171,172,173,174,175,176,177,178,179,180,181,182,183,184,185,186,187,188,189,190,191,192,193,194,195,196,197,198,199,200,201,202,203,204,205,206,207,208,209,210,211,212,213,214,215,216,217,218,219,220,221,222,223,224,225,226,227,228,229,230,231,232,233,234,235,236,237,238,239,240,241,242,243,244,245,246,247,248,249,250,251,252,253,254,255
count,0,0,0,0,0,0,0,0,0,0,0,0,0,0,0,0,0,3,10,23,46,61,114,140,191,184,259,253,278,244,226,151,176,160,117,114,142,122,127,122,116,87,126,111,85,71,70,39,42,29,17,13,8,7,11,1,0,0,0,0,0,0,0,0,0,0,0,0,0,0,0,0,0,0,0,0,0,0,0,0,0,0,0,0,0,0,0,0,0,0,0,0,0,0,0,0,0,0,0,0,0,0,0,0,0,0,0,0,0,0,0,0,0,0,0,0,0,0,0,0,0,0,0,0,0,0,0,0,0,0,0,0,0,0,0,0,0,0,0,0,0,0,0,0,0,0,0,0,0,0,0,0,0,0,0,0,0,0,0,0,0,0,0,0,0,0,0,0,0,0,0,0,0,0,0,0,0,0,0,0,0,0,0,0,0,0,0,0,0,0,0,0,0,0,0,0,0,0,0,0,0,0,0,0,0,0,0,0,0,0,0,0,0,0,0,0,0,0,0,0,0,0,0,0,0,0,0,0,0,0,0,0,0,0,0,0,0,0,0,0,0,0,0,0,0,0,0,0,0,0,0,0,0,0,0,0
,,,,,,,,,,,,,,,,,,,,,,,,,,,,,,,,,,,,,,,,,,,,,,,,,,,,,,,,,,,,,,,,,,,,,,,,,,,,,,,,,,,,,,,,,,,,,,,,,,,,,,,,,,,,,,,,,,,,,,,,,,,,,,,,,,,,,,,,,,,,,,,,,,,,,,,,,,,,,,,,,,,,,,,,,,,,,,,,,,,,,,,,,,,,,,,,,,,,,,,,,,,,,,,,,,,,,,,,,,,,,,,,,,,,,,,,,,,,,,,,,,,,,,,,,,,,,,,,
6,,,,,,,,,,,,,,,,,,,,,,,,,,,,,,,,,,,,,,,,,,,,,,,,,,,,,,,,,,,,,,,,,,,,,,,,,,,,,,,,,,,,,,,,,,,,,,,,,,,,,,,,,,,,,,,,,,,,,,,,,,,,,,,,,,,,,,,,,,,,,,,,,,,,,,,,,,,,,,,,,,,,,,,,,,,,,,,,,,,,,,,,,,,,,,,,,,,,,,,,,,,,,,,,,,,,,,,,,,,,,,,,,,,,,,,,,,,,,,,,,,,,,,,,,,,,,,,,
,0,1,2,3,4,5,6,7,8,9,10,11,12,13,14,15,16,17,18,19,20,21,22,23,24,25,26,27,28,29,30,31,32,33,34,35,36,37,38,39,40,41,42,43,44,45,46,47,48,49,50,51,52,53,54,55,56,57,58,59,60,61,62,63,,,,,,,,,,,,,,,,,,,,,,,,,,,,,,,,,,,,,,,,,,,,,,,,,,,,,,,,,,,,,,,,,,,,,,,,,,,,,,,,,,,,,,,,,,,,,,,,,,,,,,,,,,,,,,,,,,,,,,,,,,,,,,,,,,,,,,,,,,,,,,,,,,,,,,,,,,,,,,,,,,,,,,,,,,,,,,,,,,,,,,,,,,,,,,,,
0,24,18,20,21,20,19,20,26,30,34,34,28,30,28,29,21,21,24,23,18,20,25,35,32,37,30,29,30,22,22,22,21,21,21,20,36,37,35,35,31,32,30,20,22,23,22,22,18,22,32,36,32,28,28,30,28,20,24,18,20,21,20,25,27,,,,,,,,,,,,,,,,,,,,,,,,,,,,,,,,,,,,,,,,,,,,,,,,,,,,,,,,,,,,,,,,,,,,,,,,,,,,,,,,,,,,,,,,,,,,,,,,,,,,,,,,,,,,,,,,,,,,,,,,,,,,,,,,,,,,,,,,,,,,,,,,,,,,,,,,,,,,,,,,,,,,,,,,,,,,,,,,,,,,,,,,,,,,,,,,
1,25,21,19,20,23,23,21,22,36,36,37,32,31,34,28,24,21,20,21,21,22,21,34,33,37,28,31,28,31,23,22,23,21,26,25,28,34,31,37,31,28,28,27,22,24,22,24,21,23,32,33,38,38,31,29,34,22,23,25,22,22,21,18,27,,,,,,,,,,,,,,,,,,,,,,,,,,,,,,,,,,,,,,,,,,,,,,,,,,,,,,,,,,,,,,,,,,,,,,,,,,,,,,,,,,,,,,,,,,,,,,,,,,,,,,,,,,,,,,,,,,,,,,,,,,,,,,,,,,,,,,,,,,,,,,,,,,,,,,,,,,,,,,,,,,,,,,,,,,,,,,,,,,,,,,,,,,,,,,,,
2,27,27,22,23,22,24,21,21,22,34,31,41,32,28,30,34,21,22,24,20,23,24,28,34,33,34,32,30,32,24,22,23,25,23,26,23,34,36,37,35,31,32,32,22,22,25,22,27,24,22,32,38,34,31,30,26,32,24,21,19,18,19,20,22,,,,,,,,,,,,,,,,,,,,,,,,,,,,,,,,,,,,,,,,,,,,,,,,,,,,,,,,,,,,,,,,,,,,,,,,,,,,,,,,,,,,,,,,,,,,,,,,,,,,,,,,,,,,,,,,,,,,,,,,,,,,,,,,,,,,,,,,,,,,,,,,,,,,,,,,,,,,,,,,,,,,,,,,,,,,,,,,,,,,,,,,,,,,,,,,
3,23,27,25,19,20,20,22,23,24,29,33,38,34,29,28,33,20,23,23,22,23,22,23,40,34,34,36,30,30,32,21,20,21,21,24,22,24,36,33,38,31,33,35,32,24,24,23,21,24,21,32,36,35,40,28,30,32,20,22,20,22,19,21,18,,,,,,,,,,,,,,,,,,,,,,,,,,,,,,,,,,,,,,,,,,,,,,,,,,,,,,,,,,,,,,,,,,,,,,,,,,,,,,,,,,,,,,,,,,,,,,,,,,,,,,,,,,,,,,,,,,,,,,,,,,,,,,,,,,,,,,,,,,,,,,,,,,,,,,,,,,,,,,,,,,,,,,,,,,,,,,,,,,,,,,,,,,,,,,,,
4,30,28,32,23,25,27,28,27,25,23,39,44,34,32,39,37,32,24,23,24,26,24,28,32,39,41,44,34,30,30,34,22,26,23,25,24,27,36,41,43,40,35,29,36,27,24,27,28,22,23,22,42,43,38,41,31,32,36,25,24,23,24,20,19,,,,,,,,,,,,,,,,,,,,,,,,,,,,,,,,,,,,,,,,,,,,,,,,,,,,,,,,,,,,,,,,,,,,,,,,,,,,,,,,,,,,,,,,,,,,,,,,,,,,,,,,,,,,,,,,,,,,,,,,,,,,,,,,,,,,,,,,,,,,,,,,,,,,,,,,,,,,,,,,,,,,,,,,,,,,,,,,,,,,,,,,,,,,,,,,
5,23,24,29,28,22,20,22,22,24,23,27,37,32,36,27,34,30,22,20,23,24,23,23,23,38,33,39,37,31,33,30,24,21,21,23,20,21,23,36,36,31,28,32,26,28,23,24,20,24,23,22,30,35,38,36,33,28,28,27,19,22,20,17,16,,,,,,,,,,,,,,,,,,,,,,,,,,,,,,,,,,,,,,,,,,,,,,,,,,,,,,,,,,,,,,,,,,,,,,,,,,,,,,,,,,,,,,,,,,,,,,,,,,,,,,,,,,,,,,,,,,,,,,,,,,,,,,,,,,,,,,,,,,,,,,,,,,,,,,,,,,,,,,,,,,,,,,,,,,,,,,,,,,,,,,,,,,,,,,,,
6,31,31,32,32,23,24,27,27,25,21,25,36,36,41,35,32,36,34,27,26,25,27,24,27,26,44,37,41,32,32,33,34,21,28,25,26,23,24,33,44,42,43,34,32,35,24,27,26,21,27,24,29,50,39,41,41,34,37,34,24,24,20,21,20,,,,,,,,,,,,,,,,,,,,,,,,,,,,,,,,,,,,,,,,,,,,,,,,,,,,,,,,,,,,,,,,,,,,,,,,,,,,,,,,,,,,,,,,,,,,,,,,,,,,,,,,,,,,,,,,,,,,,,,,,,,,,,,,,,,,,,,,,,,,,,,,,,,,,,,,,,,,,,,,,,,,,,,,,,,,,,,,,,,,,,,,,,,,,,,,
7,29,27,27,28,25,19,23,22,24,22,22,29,37,37,34,33,31,33,28,23,20,24,24,26,23,30,35,37,37,27,30,32,27,21,23,23,23,24,28,36,37,45,36,29,33,30,22,24,22,23,24,24,22,39,34,34,30,32,28,28,20,20,20,18,,,,,,,,,,,,,,,,,,,,,,,,,,,,,,,,,,,,,,,,,,,,,,,,,,,,,,,,,,,,,,,,,,,,,,,,,,,,,,,,,,,,,,,,,,,,,,,,,,,,,,,,,,,,,,,,,,,,,,,,,,,,,,,,,,,,,,,,,,,,,,,,,,,,,,,,,,,,,,,,,,,,,,,,,,,,,,,,,,,,,,,,,,,,,,,,
8,30,23,23,24,22,25,27,33,39,45,45,36,32,34,34,23,25,25,24,25,23,29,40,45,41,39,34,34,29,26,23,24,27,28,25,45,43,43,40,35,37,36,27,26,26,23,27,27,27,39,43,38,24,36,36,36,23,24,25,21,25,24,25,34,,,,,,,,,,,,,,,,,,,,,,,,,,,,,,,,,,,,,,,,,,,,,,,,,,,,,,,,,,,,,,,,,,,,,,,,,,,,,,,,,,,,,,,,,,,,,,,,,,,,,,,,,,,,,,,,,,,,,,,,,,,,,,,,,,,,,,,,,,,,,,,,,,,,,,,,,,,,,,,,,,,,,,,,,,,,,,,,,,,,,,,,,,,,,,,,
9,28,20,22,25,22,24,25,26,41,42,43,39,31,33,32,26,26,23,28,25,25,29,42,38,42,34,38,31,34,25,26,29,28,22,23,32,43,43,41,36,36,36,31,27,25,25,21,26,26,32,40,46,42,35,34,34,24,24,23,23,23,21,20,32,,,,,,,,,,,,,,,,,,,,,,,,,,,,,,,,,,,,,,,,,,,,,,,,,,,,,,,,,,,,,,,,,,,,,,,,,,,,,,,,,,,,,,,,,,,,,,,,,,,,,,,,,,,,,,,,,,,,,,,,,,,,,,,,,,,,,,,,,,,,,,,,,,,,,,,,,,,,,,,,,,,,,,,,,,,,,,,,,,,,,,,,,,,,,,,,
10,28,28,24,24,24,28,23,24,22,42,40,45,36,34,34,33,24,25,27,24,25,27,34,40,44,39,34,32,33,25,24,25,25,26,26,26,43,44,42,46,37,34,36,26,26,24,24,26,25,26,45,44,42,34,35,34,34,26,25,23,24,23,23,26,,,,,,,,,,,,,,,,,,,,,,,,,,,,,,,,,,,,,,,,,,,,,,,,,,,,,,,,,,,,,,,,,,,,,,,,,,,,,,,,,,,,,,,,,,,,,,,,,,,,,,,,,,,,,,,,,,,,,,,,,,,,,,,,,,,,,,,,,,,,,,,,,,,,,,,,,,,,,,,,,,,,,,,,,,,,,,,,,,,,,,,,,,,,,,,,
11,31,33,34,24,26,27,27,27,27,31,49,43,45,40,41,34,25,27,26,27,28,30,29,46,43,45,47,45,36,43,28,31,31,28,29,27,30,44,44,48,43,39,38,42,29,28,28,26,30,30,34,45,47,44,38,34,38,24,29,25,24,23,22,20,,,,,,,,,,,,,,,,,,,,,,,,,,,,,,,,,,,,,,,,,,,,,,,,,,,,,,,,,,,,,,,,,,,,,,,,,,,,,,,,,,,,,,,,,,,,,,,,,,,,,,,,,,,,,,,,,,,,,,,,,,,,,,,,,,,,,,,,,,,,,,,,,,,,,,,,,,,,,,,,,,,,,,,,,,,,,,,,,,,,,,,,,,,,,,,,
12,31,31,38,28,27,26,29,31,32,27,48,54,49,42,42,41,40,30,27,31,28,26,27,38,55,50,52,42,40,45,40,30,27,27,31,28,31,43,54,49,47,45,44,42,27,32,27,30,31,29,28,50,42,51,48,39,37,42,27,25,24,24,25,22,,,,,,,,,,,,,,,,,,,,,,,,,,,,,,,,,,,,,,,,,,,,,,,,,,,,,,,,,,,,,,,,,,,,,,,,,,,,,,,,,,,,,,,,,,,,,,,,,,,,,,,,,,,,,,,,,,,,,,,,,,,,,,,,,,,,,,,,,,,,,,,,,,,,,,,,,,,,,,,,,,,,,,,,,,,,,,,,,,,,,,,,,,,,,,,,
13,27,32,31,32,26,24,24,23,26,25,34,39,43,40,34,36,37,24,26,26,27,27,25,25,39,41,42,40,36,34,33,26,27,23,26,24,26,27,42,44,38,37,34,34,35,28,23,28,27,27,26,34,44,43,42,37,34,38,33,24,24,26,19,20,,,,,,,,,,,,,,,,,,,,,,,,,,,,,,,,,,,,,,,,,,,,,,,,,,,,,,,,,,,,,,,,,,,,,,,,,,,,,,,,,,,,,,,,,,,,,,,,,,,,,,,,,,,,,,,,,,,,,,,,,,,,,,,,,,,,,,,,,,,,,,,,,,,,,,,,,,,,,,,,,,,,,,,,,,,,,,,,,,,,,,,,,,,,,,,,
14,32,29,31,36,24,24,29,24,28,24,26,36,42,43,39,32,42,31,28,26,29,28,24,23,28,38,39,45,35,34,31,36,27,25,27,25,25,24,33,36,38,44,31,36,34,26,28,26,28,25,28,28,40,42,36,37,36,36,33,23,24,21,22,19,,,,,,,,,,,,,,,,,,,,,,,,,,,,,,,,,,,,,,,,,,,,,,,,,,,,,,,,,,,,,,,,,,,,,,,,,,,,,,,,,,,,,,,,,,,,,,,,,,,,,,,,,,,,,,,,,,,,,,,,,,,,,,,,,,,,,,,,,,,,,,,,,,,,,,,,,,,,,,,,,,,,,,,,,,,,,,,,,,,,,,,,,,,,,,,,
15,33,30,28,31,33,24,26,27,27,26,25,37,40,42,39,39,39,34,34,27,25,30,24,26,27,31,40,40,43,35,36,36,23,31,24,26,26,27,28,41,44,41,46,43,38,38,23,24,24,27,25,26,31,46,44,43,31,36,34,37,22,24,23,19,,,,,,,,,,,,,,,,,,,,,,,,,,,,,,,,,,,,,,,,,,,,,,,,,,,,,,,,,,,,,,,,,,,,,,,,,,,,,,,,,,,,,,,,,,,,,,,,,,,,,,,,,,,,,,,,,,,,,,,,,,,,,,,,,,,,,,,,,,,,,,,,,,,,,,,,,,,,,,,,,,,,,,,,,,,,,,,,,,,,,,,,,,,,,,,,
16,28,22,21,26,22,24,25,30,36,39,39,37,34,36,30,24,22,27,24,24,24,33,39,41,39,32,36,34,23,26,25,26,25,25,23,44,41,43,38,35,35,30,26,30,26,24,24,24,26,42,41,40,33,33,33,36,24,26,24,23,23,26,26,32,,,,,,,,,,,,,,,,,,,,,,,,,,,,,,,,,,,,,,,,,,,,,,,,,,,,,,,,,,,,,,,,,,,,,,,,,,,,,,,,,,,,,,,,,,,,,,,,,,,,,,,,,,,,,,,,,,,,,,,,,,,,,,,,,,,,,,,,,,,,,,,,,,,,,,,,,,,,,,,,,,,,,,,,,,,,,,,,,,,,,,,,,,,,,,,,
17,30,26,25,30,26,26,29,31,47,51,46,45,42,39,41,28,28,32,29,30,31,30,46,44,45,38,41,41,43,28,32,31,28,30,28,39,49,49,45,37,39,42,40,28,30,32,28,27,33,38,52,47,47,42,36,39,26,29,27,28,26,27,21,35,,,,,,,,,,,,,,,,,,,,,,,,,,,,,,,,,,,,,,,,,,,,,,,,,,,,,,,,,,,,,,,,,,,,,,,,,,,,,,,,,,,,,,,,,,,,,,,,,,,,,,,,,,,,,,,,,,,,,,,,,,,,,,,,,,,,,,,,,,,,,,,,,,,,,,,,,,,,,,,,,,,,,,,,,,,,,,,,,,,,,,,,,,,,,,,,
18,31,33,26,26,26,28,30,26,26,46,45,46,41,41,43,41,24,28,29,28,30,27,37,49,44,49,38,38,45,32,27,31,27,30,28,29,45,45,43,42,40,42,42,29,32,26,31,28,29,27,45,45,54,36,42,38,36,28,28,25,27,23,25,23,,,,,,,,,,,,,,,,,,,,,,,,,,,,,,,,,,,,,,,,,,,,,,,,,,,,,,,,,,,,,,,,,,,,,,,,,,,,,,,,,,,,,,,,,,,,,,,,,,,,,,,,,,,,,,,,,,,,,,,,,,,,,,,,,,,,,,,,,,,,,,,,,,,,,,,,,,,,,,,,,,,,,,,,,,,,,,,,,,,,,,,,,,,,,,,,
19,33,33,38,30,26,31,30,29,30,44,57,47,51,44,47,43,32,33,33,33,28,28,30,56,48,52,44,41,46,46,33,32,33,32,35,32,33,51,51,52,52,49,48,46,33,32,33,33,31,30,46,53,52,55,42,46,47,32,28,30,30,26,26,23,,,,,,,,,,,,,,,,,,,,,,,,,,,,,,,,,,,,,,,,,,,,,,,,,,,,,,,,,,,,,,,,,,,,,,,,,,,,,,,,,,,,,,,,,,,,,,,,,,,,,,,,,,,,,,,,,,,,,,,,,,,,,,,,,,,,,,,,,,,,,,,,,,,,,,,,,,,,,,,,,,,,,,,,,,,,,,,,,,,,,,,,,,,,,,,,
20,27,30,32,24,23,25,28,30,26,26,45,42,44,36,38,36,41,24,28,26,26,28,28,37,45,39,44,37,32,36,34,28,28,26,25,25,27,37,40,44,43,34,41,33,28,26,26,27,26,28,30,39,36,47,42,32,32,36,27,26,24,22,23,21,,,,,,,,,,,,,,,,,,,,,,,,,,,,,,,,,,,,,,,,,,,,,,,,,,,,,,,,,,,,,,,,,,,,,,,,,,,,,,,,,,,,,,,,,,,,,,,,,,,,,,,,,,,,,,,,,,,,,,,,,,,,,,,,,,,,,,,,,,,,,,,,,,,,,,,,,,,,,,,,,,,,,,,,,,,,,,,,,,,,,,,,,,,,,,,,
21,28,29,28,37,25,24,26,28,27,26,35,44,50,45,38,42,34,26,29,31,26,28,25,28,43,39,44,41,36,39,37,29,26,27,29,26,26,28,44,42,42,38,33,36,38,26,25,25,24,26,26,36,42,43,46,38,37,34,29,25,28,26,23,21,,,,,,,,,,,,,,,,,,,,,,,,,,,,,,,,,,,,,,,,,,,,,,,,,,,,,,,,,,,,,,,,,,,,,,,,,,,,,,,,,,,,,,,,,,,,,,,,,,,,,,,,,,,,,,,,,,,,,,,,,,,,,,,,,,,,,,,,,,,,,,,,,,,,,,,,,,,,,,,,,,,,,,,,,,,,,,,,,,,,,,,,,,,,,,,,
22,33,29,31,32,25,24,27,24,27,24,28,39,41,44,40,36,32,39,24,30,26,28,26,26,30,47,43,45,36,41,35,38,25,28,26,26,25,26,34,41,41,45,37,35,38,28,29,25,28,29,23,28,43,41,40,45,36,31,37,28,23,23,21,23,,,,,,,,,,,,,,,,,,,,,,,,,,,,,,,,,,,,,,,,,,,,,,,,,,,,,,,,,,,,,,,,,,,,,,,,,,,,,,,,,,,,,,,,,,,,,,,,,,,,,,,,,,,,,,,,,,,,,,,,,,,,,,,,,,,,,,,,,,,,,,,,,,,,,,,,,,,,,,,,,,,,,,,,,,,,,,,,,,,,,,,,,,,,,,,,
23,30,30,32,28,32,23,23,23,25,26,23,32,37,38,40,33,32,33,33,23,25,24,25,23,25,35,44,38,47,33,32,31,24,26,26,24,27,24,24,41,38,37,35,30,33,34,24,26,24,25,24,25,23,38,43,37,35,30,28,30,22,20,24,19,,,,,,,,,,,,,,,,,,,,,,,,,,,,,,,,,,,,,,,,,,,,,,,,,,,,,,,,,,,,,,,,,,,,,,,,,,,,,,,,,,,,,,,,,,,,,,,,,,,,,,,,,,,,,,,,,,,,,,,,,,,,,,,,,,,,,,,,,,,,,,,,,,,,,,,,,,,,,,,,,,,,,,,,,,,,,,,,,,,,,,,,,,,,,,,,
24,35,28,28,29,29,28,32,38,44,49,47,40,41,43,43,33,31,31,31,30,31,36,48,50,49,49,47,38,29,30,31,33,31,31,30,46,43,51,48,44,36,48,32,34,29,29,35,33,31,48,52,48,48,41,41,41,31,29,31,29,29,30,35,37,,,,,,,,,,,,,,,,,,,,,,,,,,,,,,,,,,,,,,,,,,,,,,,,,,,,,,,,,,,,,,,,,,,,,,,,,,,,,,,,,,,,,,,,,,,,,,,,,,,,,,,,,,,,,,,,,,,,,,,,,,,,,,,,,,,,,,,,,,,,,,,,,,,,,,,,,,,,,,,,,,,,,,,,,,,,,,,,,,,,,,,,,,,,,,,,
25,29,23,21,28,26,26,28,25,39,44,38,39,35,35,37,28,28,29,29,26,29,29,41,42,42,37,33,39,35,26,29,30,27,28,29,33,43,41,42,35,36,35,34,29,27,26,28,28,28,34,43,40,43,35,35,35,26,27,26,27,24,25,23,37,,,,,,,,,,,,,,,,,,,,,,,,,,,,,,,,,,,,,,,,,,,,,,,,,,,,,,,,,,,,,,,,,,,,,,,,,,,,,,,,,,,,,,,,,,,,,,,,,,,,,,,,,,,,,,,,,,,,,,,,,,,,,,,,,,,,,,,,,,,,,,,,,,,,,,,,,,,,,,,,,,,,,,,,,,,,,,,,,,,,,,,,,,,,,,,,
26,30,31,27,26,27,29,27,26,29,44,44,39,41,36,43,33,27,30,30,29,28,30,35,45,44,45,37,39,37,25,27,29,29,30,27,26,49,43,45,44,40,40,41,29,30,29,28,29,29,31,41,49,45,44,39,34,31,26,29,27,27,28,24,28,,,,,,,,,,,,,,,,,,,,,,,,,,,,,,,,,,,,,,,,,,,,,,,,,,,,,,,,,,,,,,,,,,,,,,,,,,,,,,,,,,,,,,,,,,,,,,,,,,,,,,,,,,,,,,,,,,,,,,,,,,,,,,,,,,,,,,,,,,,,,,,,,,,,,,,,,,,,,,,,,,,,,,,,,,,,,,,,,,,,,,,,,,,,,,,,
27,27,31,33,27,24,28,26,31,29,39,44,42,45,35,35,38,30,30,27,30,26,26,27,39,44,45,40,34,32,37,29,29,26,28,29,31,31,44,45,48,37,35,39,39,27,27,27,27,29,28,36,40,44,43,38,39,38,27,24,29,27,24,24,24,,,,,,,,,,,,,,,,,,,,,,,,,,,,,,,,,,,,,,,,,,,,,,,,,,,,,,,,,,,,,,,,,,,,,,,,,,,,,,,,,,,,,,,,,,,,,,,,,,,,,,,,,,,,,,,,,,,,,,,,,,,,,,,,,,,,,,,,,,,,,,,,,,,,,,,,,,,,,,,,,,,,,,,,,,,,,,,,,,,,,,,,,,,,,,,,
28,29,35,30,29,28,28,29,28,28,25,39,42,43,34,38,45,36,28,29,26,29,25,27,33,43,42,41,38,37,41,35,27,26,26,28,29,26,37,39,46,43,34,38,35,27,31,34,26,29,26,27,43,43,42,39,39,38,36,27,26,28,25,22,26,,,,,,,,,,,,,,,,,,,,,,,,,,,,,,,,,,,,,,,,,,,,,,,,,,,,,,,,,,,,,,,,,,,,,,,,,,,,,,,,,,,,,,,,,,,,,,,,,,,,,,,,,,,,,,,,,,,,,,,,,,,,,,,,,,,,,,,,,,,,,,,,,,,,,,,,,,,,,,,,,,,,,,,,,,,,,,,,,,,,,,,,,,,,,,,,
29,28,28,33,34,26,29,26,27,29,30,33,43,42,42,33,36,35,26,31,26,26,25,25,27,45,38,42,44,36,40,36,31,26,24,29,26,29,29,42,42,42,36,36,36,35,27,30,29,27,31,25,32,38,40,44,37,31,37,29,24,27,25,24,21,,,,,,,,,,,,,,,,,,,,,,,,,,,,,,,,,,,,,,,,,,,,,,,,,,,,,,,,,,,,,,,,,,,,,,,,,,,,,,,,,,,,,,,,,,,,,,,,,,,,,,,,,,,,,,,,,,,,,,,,,,,,,,,,,,,,,,,,,,,,,,,,,,,,,,,,,,,,,,,,,,,,,,,,,,,,,,,,,,,,,,,,,,,,,,,,
30,32,31,33,31,26,24,26,26,29,25,28,42,39,40,42,35,35,33,29,25,26,27,29,31,27,43,44,45,41,38,35,37,28,27,26,27,28,28,36,41,41,40,36,35,36,29,27,28,26,27,29,26,42,40,45,40,34,32,35,25,23,23,22,24,,,,,,,,,,,,,,,,,,,,,,,,,,,,,,,,,,,,,,,,,,,,,,,,,,,,,,,,,,,,,,,,,,,,,,,,,,,,,,,,,,,,,,,,,,,,,,,,,,,,,,,,,,,,,,,,,,,,,,,,,,,,,,,,,,,,,,,,,,,,,,,,,,,,,,,,,,,,,,,,,,,,,,,,,,,,,,,,,,,,,,,,,,,,,,,,
31,33,29,29,33,32,22,26,26,23,27,26,35,39,41,39,36,36,33,34,27,25,28,26,26,28,32,39,41,40,35,36,35,29,29,26,27,28,25,26,42,42,44,41,37,36,37,29,31,26,25,24,26,26,36,39,41,33,33,33,28,26,24,24,22,,,,,,,,,,,,,,,,,,,,,,,,,,,,,,,,,,,,,,,,,,,,,,,,,,,,,,,,,,,,,,,,,,,,,,,,,,,,,,,,,,,,,,,,,,,,,,,,,,,,,,,,,,,,,,,,,,,,,,,,,,,,,,,,,,,,,,,,,,,,,,,,,,,,,,,,,,,,,,,,,,,,,,,,,,,,,,,,,,,,,,,,,,,,,,,,
32,35,28,29,28,28,28,28,41,47,47,52,42,40,44,39,26,30,29,33,29,33,37,54,52,50,40,41,38,30,30,32,30,33,33,30,50,55,44,47,40,39,40,29,35,35,33,33,30,32,45,49,46,36,42,45,39,34,35,33,32,29,29,34,39,,,,,,,,,,,,,,,,,,,,,,,,,,,,,,,,,,,,,,,,,,,,,,,,,,,,,,,,,,,,,,,,,,,,,,,,,,,,,,,,,,,,,,,,,,,,,,,,,,,,,,,,,,,,,,,,,,,,,,,,,,,,,,,,,,,,,,,,,,,,,,,,,,,,,,,,,,,,,,,,,,,,,,,,,,,,,,,,,,,,,,,,,,,,,,,,
33,28,23,25,26,29,27,27,29,45,43,44,43,37,40,40,30,27,29,26,28,30,29,40,43,46,37,40,39,38,29,30,28,27,26,28,36,42,46,44,40,38,39,35,29,29,32,28,28,29,40,46,45,46,36,38,38,30,26,29,28,26,29,23,36,,,,,,,,,,,,,,,,,,,,,,,,,,,,,,,,,,,,,,,,,,,,,,,,,,,,,,,,,,,,,,,,,,,,,,,,,,,,,,,,,,,,,,,,,,,,,,,,,,,,,,,,,,,,,,,,,,,,,,,,,,,,,,,,,,,,,,,,,,,,,,,,,,,,,,,,,,,,,,,,,,,,,,,,,,,,,,,,,,,,,,,,,,,,,,,,
34,34,28,27,28,28,32,31,30,29,50,47,45,40,45,44,38,30,28,31,32,31,28,38,49,46,48,40,40,41,30,32,32,30,30,28,29,46,48,48,44,39,40,49,32,29,33,33,32,28,31,45,46,43,39,41,33,40,27,30,30,27,30,25,32,,,,,,,,,,,,,,,,,,,,,,,,,,,,,,,,,,,,,,,,,,,,,,,,,,,,,,,,,,,,,,,,,,,,,,,,,,,,,,,,,,,,,,,,,,,,,,,,,,,,,,,,,,,,,,,,,,,,,,,,,,,,,,,,,,,,,,,,,,,,,,,,,,,,,,,,,,,,,,,,,,,,,,,,,,,,,,,,,,,,,,,,,,,,,,,,
35,31,31,35,28,27,29,29,32,27,36,47,42,43,38,34,41,30,29,31,29,28,25,27,43,45,45,40,44,37,39,29,32,30,30,32,30,28,46,45,47,39,37,42,39,29,29,28,28,27,29,35,48,47,45,39,39,35,31,27,28,28,25,28,24,,,,,,,,,,,,,,,,,,,,,,,,,,,,,,,,,,,,,,,,,,,,,,,,,,,,,,,,,,,,,,,,,,,,,,,,,,,,,,,,,,,,,,,,,,,,,,,,,,,,,,,,,,,,,,,,,,,,,,,,,,,,,,,,,,,,,,,,,,,,,,,,,,,,,,,,,,,,,,,,,,,,,,,,,,,,,,,,,,,,,,,,,,,,,,,,
36,32,35,39,28,28,29,29,29,30,26,41,43,41,36,40,39,33,33,31,27,31,31,33,34,48,43,48,36,42,40,38,28,29,26,28,29,31,37,46,41,47,40,40,38,28,28,30,28,30,28,28,45,44,45,42,36,40,42,30,27,26,24,23,25,,,,,,,,,,,,,,,,,,,,,,,,,,,,,,,,,,,,,,,,,,,,,,,,,,,,,,,,,,,,,,,,,,,,,,,,,,,,,,,,,,,,,,,,,,,,,,,,,,,,,,,,,,,,,,,,,,,,,,,,,,,,,,,,,,,,,,,,,,,,,,,,,,,,,,,,,,,,,,,,,,,,,,,,,,,,,,,,,,,,,,,,,,,,,,,,
37,29,35,30,33,30,27,29,29,29,31,37,47,43,46,43,36,39,30,32,29,31,28,28,32,49,46,48,50,36,36,40,30,30,28,29,29,29,30,46,49,42,40,40,40,38,33,27,27,29,29,30,37,42,42,47,38,39,35,36,27,29,27,24,22,,,,,,,,,,,,,,,,,,,,,,,,,,,,,,,,,,,,,,,,,,,,,,,,,,,,,,,,,,,,,,,,,,,,,,,,,,,,,,,,,,,,,,,,,,,,,,,,,,,,,,,,,,,,,,,,,,,,,,,,,,,,,,,,,,,,,,,,,,,,,,,,,,,,,,,,,,,,,,,,,,,,,,,,,,,,,,,,,,,,,,,,,,,,,,,,
38,33,32,31,33,27,27,25,25,27,28,27,38,40,40,38,36,34,36,28,28,26,25,29,29,28,42,39,42,36,38,34,36,28,29,26,29,28,27,35,43,40,42,32,35,38,30,27,28,30,26,29,26,41,44,42,38,34,36,31,26,25,25,24,24,,,,,,,,,,,,,,,,,,,,,,,,,,,,,,,,,,,,,,,,,,,,,,,,,,,,,,,,,,,,,,,,,,,,,,,,,,,,,,,,,,,,,,,,,,,,,,,,,,,,,,,,,,,,,,,,,,,,,,,,,,,,,,,,,,,,,,,,,,,,,,,,,,,,,,,,,,,,,,,,,,,,,,,,,,,,,,,,,,,,,,,,,,,,,,,,
39,34,32,37,35,30,27,27,29,28,28,28,40,41,50,43,42,38,39,40,27,26,31,29,29,33,37,48,47,46,42,40,40,30,30,32,29,28,28,31,42,46,43,46,44,39,39,31,28,31,28,28,24,30,41,45,45,36,37,33,38,26,26,24,24,,,,,,,,,,,,,,,,,,,,,,,,,,,,,,,,,,,,,,,,,,,,,,,,,,,,,,,,,,,,,,,,,,,,,,,,,,,,,,,,,,,,,,,,,,,,,,,,,,,,,,,,,,,,,,,,,,,,,,,,,,,,,,,,,,,,,,,,,,,,,,,,,,,,,,,,,,,,,,,,,,,,,,,,,,,,,,,,,,,,,,,,,,,,,,,,
40,33,27,27,25,27,31,26,38,42,46,46,39,38,38,38,30,29,34,32,30,28,43,43,49,47,46,38,42,30,35,28,30,29,28,31,46,46,42,47,40,34,36,28,34,30,29,28,30,30,43,47,48,38,39,40,35,31,27,28,27,29,27,30,38,,,,,,,,,,,,,,,,,,,,,,,,,,,,,,,,,,,,,,,,,,,,,,,,,,,,,,,,,,,,,,,,,,,,,,,,,,,,,,,,,,,,,,,,,,,,,,,,,,,,,,,,,,,,,,,,,,,,,,,,,,,,,,,,,,,,,,,,,,,,,,,,,,,,,,,,,,,,,,,,,,,,,,,,,,,,,,,,,,,,,,,,,,,,,,,,
41,29,22,23,24,27,25,27,31,45,43,41,36,34,37,39,28,29,24,27,25,26,30,43,37,39,36,35,33,38,28,29,27,30,27,28,32,40,43,43,39,37,36,36,27,28,29,27,24,27,35,39,43,40,37,36,36,29,27,24,28,26,24,23,33,,,,,,,,,,,,,,,,,,,,,,,,,,,,,,,,,,,,,,,,,,,,,,,,,,,,,,,,,,,,,,,,,,,,,,,,,,,,,,,,,,,,,,,,,,,,,,,,,,,,,,,,,,,,,,,,,,,,,,,,,,,,,,,,,,,,,,,,,,,,,,,,,,,,,,,,,,,,,,,,,,,,,,,,,,,,,,,,,,,,,,,,,,,,,,,,
42,30,32,28,28,27,30,27,31,33,43,47,46,40,45,37,43,31,30,32,32,32,28,39,48,43,58,38,38,41,33,29,32,29,32,32,30,51,53,49,51,36,45,39,30,30,30,31,32,30,32,49,49,42,40,37,38,37,28,30,26,27,28,26,32,,,,,,,,,,,,,,,,,,,,,,,,,,,,,,,,,,,,,,,,,,,,,,,,,,,,,,,,,,,,,,,,,,,,,,,,,,,,,,,,,,,,,,,,,,,,,,,,,,,,,,,,,,,,,,,,,,,,,,,,,,,,,,,,,,,,,,,,,,,,,,,,,,,,,,,,,,,,,,,,,,,,,,,,,,,,,,,,,,,,,,,,,,,,,,,,
43,28,36,35,27,26,28,30,29,27,35,46,43,45,36,35,37,31,28,27,30,28,30,28,49,50,48,50,42,38,39,30,30,28,29,30,34,30,49,44,44,38,42,34,36,30,30,29,30,29,28,35,47,45,48,39,41,38,27,29,27,27,27,26,23,,,,,,,,,,,,,,,,,,,,,,,,,,,,,,,,,,,,,,,,,,,,,,,,,,,,,,,,,,,,,,,,,,,,,,,,,,,,,,,,,,,,,,,,,,,,,,,,,,,,,,,,,,,,,,,,,,,,,,,,,,,,,,,,,,,,,,,,,,,,,,,,,,,,,,,,,,,,,,,,,,,,,,,,,,,,,,,,,,,,,,,,,,,,,,,,
44,26,28,34,23,25,25,27,26,25,26,41,40,40,34,34,36,35,27,26,26,28,26,27,32,40,41,40,33,33,37,32,27,26,28,26,26,28,39,41,42,41,39,35,37,25,27,26,27,29,24,28,41,40,41,38,33,34,36,24,24,24,22,25,21,,,,,,,,,,,,,,,,,,,,,,,,,,,,,,,,,,,,,,,,,,,,,,,,,,,,,,,,,,,,,,,,,,,,,,,,,,,,,,,,,,,,,,,,,,,,,,,,,,,,,,,,,,,,,,,,,,,,,,,,,,,,,,,,,,,,,,,,,,,,,,,,,,,,,,,,,,,,,,,,,,,,,,,,,,,,,,,,,,,,,,,,,,,,,,,,
45,30,30,33,33,28,26,30,28,31,26,32,42,42,42,39,37,37,25,30,27,28,30,28,27,49,39,47,47,37,38,34,29,27,29,27,28,28,31,40,46,35,37,36,36,35,29,29,27,26,30,29,36,41,44,43,39,36,34,31,23,25,26,22,22,,,,,,,,,,,,,,,,,,,,,,,,,,,,,,,,,,,,,,,,,,,,,,,,,,,,,,,,,,,,,,,,,,,,,,,,,,,,,,,,,,,,,,,,,,,,,,,,,,,,,,,,,,,,,,,,,,,,,,,,,,,,,,,,,,,,,,,,,,,,,,,,,,,,,,,,,,,,,,,,,,,,,,,,,,,,,,,,,,,,,,,,,,,,,,,,
46,39,37,36,37,30,34,30,30,30,31,28,45,48,46,47,37,40,42,34,32,33,33,30,31,32,40,52,51,40,40,47,37,31,32,28,32,29,30,43,47,46,49,41,39,42,27,31,32,32,31,32,34,48,50,46,46,45,44,38,30,28,26,25,27,,,,,,,,,,,,,,,,,,,,,,,,,,,,,,,,,,,,,,,,,,,,,,,,,,,,,,,,,,,,,,,,,,,,,,,,,,,,,,,,,,,,,,,,,,,,,,,,,,,,,,,,,,,,,,,,,,,,,,,,,,,,,,,,,,,,,,,,,,,,,,,,,,,,,,,,,,,,,,,,,,,,,,,,,,,,,,,,,,,,,,,,,,,,,,,,
47,35,38,37,41,37,29,30,30,29,27,33,40,50,46,48,39,42,41,39,27,29,30,31,34,34,37,47,44,48,40,41,40,28,31,36,32,34,29,30,43,50,51,44,40,42,40,34,29,33,32,29,30,33,53,52,54,39,37,40,34,28,27,30,25,,,,,,,,,,,,,,,,,,,,,,,,,,,,,,,,,,,,,,,,,,,,,,,,,,,,,,,,,,,,,,,,,,,,,,,,,,,,,,,,,,,,,,,,,,,,,,,,,,,,,,,,,,,,,,,,,,,,,,,,,,,,,,,,,,,,,,,,,,,,,,,,,,,,,,,,,,,,,,,,,,,,,,,,,,,,,,,,,,,,,,,,,,,,,,,,
48,32,28,28,29,27,25,30,34,46,47,53,38,45,39,44,29,30,33,33,30,34,42,48,52,55,43,44,42,33,33,33,31,31,35,33,54,51,45,51,43,43,42,31,31,31,33,30,33,31,52,55,50,41,43,43,43,30,29,28,26,31,30,33,36,,,,,,,,,,,,,,,,,,,,,,,,,,,,,,,,,,,,,,,,,,,,,,,,,,,,,,,,,,,,,,,,,,,,,,,,,,,,,,,,,,,,,,,,,,,,,,,,,,,,,,,,,,,,,,,,,,,,,,,,,,,,,,,,,,,,,,,,,,,,,,,,,,,,,,,,,,,,,,,,,,,,,,,,,,,,,,,,,,,,,,,,,,,,,,,,
49,31,25,27,28,26,26,28,30,49,51,43,39,36,36,42,27,28,26,29,31,29,27,41,46,46,42,42,40,42,29,32,32,29,30,31,36,46,46,49,38,41,39,36,28,27,30,31,27,28,39,49,43,41,43,33,43,28,31,28,28,25,25,24,38,,,,,,,,,,,,,,,,,,,,,,,,,,,,,,,,,,,,,,,,,,,,,,,,,,,,,,,,,,,,,,,,,,,,,,,,,,,,,,,,,,,,,,,,,,,,,,,,,,,,,,,,,,,,,,,,,,,,,,,,,,,,,,,,,,,,,,,,,,,,,,,,,,,,,,,,,,,,,,,,,,,,,,,,,,,,,,,,,,,,,,,,,,,,,,,,
50,26,31,20,25,27,25,26,31,28,41,41,43,33,39,36,36,28,25,30,25,18,30,34,46,41,46,36,34,37,27,27,28,28,27,27,28,44,45,39,48,37,39,36,25,28,27,30,28,27,30,40,46,45,37,34,34,39,25,27,25,26,25,25,25,,,,,,,,,,,,,,,,,,,,,,,,,,,,,,,,,,,,,,,,,,,,,,,,,,,,,,,,,,,,,,,,,,,,,,,,,,,,,,,,,,,,,,,,,,,,,,,,,,,,,,,,,,,,,,,,,,,,,,,,,,,,,,,,,,,,,,,,,,,,,,,,,,,,,,,,,,,,,,,,,,,,,,,,,,,,,,,,,,,,,,,,,,,,,,,,
51,30,34,38,28,25,29,25,26,28,35,44,46,46,38,38,40,29,27,29,30,27,26,27,43,40,43,45,35,39,39,29,27,29,28,29,28,28,48,48,46,39,39,37,38,27,28,26,32,29,29,34,45,43,37,36,37,40,27,27,28,25,27,25,24,,,,,,,,,,,,,,,,,,,,,,,,,,,,,,,,,,,,,,,,,,,,,,,,,,,,,,,,,,,,,,,,,,,,,,,,,,,,,,,,,,,,,,,,,,,,,,,,,,,,,,,,,,,,,,,,,,,,,,,,,,,,,,,,,,,,,,,,,,,,,,,,,,,,,,,,,,,,,,,,,,,,,,,,,,,,,,,,,,,,,,,,,,,,,,,,
52,27,32,31,21,25,27,22,26,27,28,42,41,36,35,31,34,34,25,26,24,25,25,27,35,39,41,44,32,34,37,36,25,25,24,28,25,27,32,39,35,39,37,32,34,25,27,25,24,26,25,26,39,37,41,38,33,32,31,25,24,25,23,23,21,,,,,,,,,,,,,,,,,,,,,,,,,,,,,,,,,,,,,,,,,,,,,,,,,,,,,,,,,,,,,,,,,,,,,,,,,,,,,,,,,,,,,,,,,,,,,,,,,,,,,,,,,,,,,,,,,,,,,,,,,,,,,,,,,,,,,,,,,,,,,,,,,,,,,,,,,,,,,,,,,,,,,,,,,,,,,,,,,,,,,,,,,,,,,,,,
53,29,31,39,36,31,28,28,30,31,29,37,49,52,43,39,42,43,27,33,30,30,30,31,29,46,44,48,46,42,42,43,33,31,29,27,30,30,27,45,51,49,45,41,39,41,31,30,29,30,32,32,38,46,47,47,41,41,41,36,28,24,26,23,21,,,,,,,,,,,,,,,,,,,,,,,,,,,,,,,,,,,,,,,,,,,,,,,,,,,,,,,,,,,,,,,,,,,,,,,,,,,,,,,,,,,,,,,,,,,,,,,,,,,,,,,,,,,,,,,,,,,,,,,,,,,,,,,,,,,,,,,,,,,,,,,,,,,,,,,,,,,,,,,,,,,,,,,,,,,,,,,,,,,,,,,,,,,,,,,,
54,36,32,34,36,25,28,27,25,29,28,28,46,46,44,43,40,35,40,35,28,29,27,30,28,30,40,41,44,34,43,37,44,28,32,30,27,26,26,36,47,41,45,40,40,35,30,29,29,29,28,28,28,42,39,41,36,36,34,36,28,29,24,25,22,,,,,,,,,,,,,,,,,,,,,,,,,,,,,,,,,,,,,,,,,,,,,,,,,,,,,,,,,,,,,,,,,,,,,,,,,,,,,,,,,,,,,,,,,,,,,,,,,,,,,,,,,,,,,,,,,,,,,,,,,,,,,,,,,,,,,,,,,,,,,,,,,,,,,,,,,,,,,,,,,,,,,,,,,,,,,,,,,,,,,,,,,,,,,,,,
55,37,35,31,41,41,29,29,28,29,27,29,36,47,50,47,45,44,45,36,30,26,28,28,31,30,41,51,43,50,42,43,38,31,29,33,30,28,35,31,44,47,45,44,40,37,40,31,27,28,29,33,30,33,44,47,44,37,41,47,44,25,24,25,25,,,,,,,,,,,,,,,,,,,,,,,,,,,,,,,,,,,,,,,,,,,,,,,,,,,,,,,,,,,,,,,,,,,,,,,,,,,,,,,,,,,,,,,,,,,,,,,,,,,,,,,,,,,,,,,,,,,,,,,,,,,,,,,,,,,,,,,,,,,,,,,,,,,,,,,,,,,,,,,,,,,,,,,,,,,,,,,,,,,,,,,,,,,,,,,,
56,27,24,24,22,25,25,24,30,38,36,46,33,33,37,31,24,29,27,26,26,27,29,38,39,42,35,33,31,26,28,28,25,24,27,23,37,36,39,42,33,34,35,25,27,25,25,25,29,26,42,42,35,35,33,32,35,23,25,27,25,26,22,26,29,,,,,,,,,,,,,,,,,,,,,,,,,,,,,,,,,,,,,,,,,,,,,,,,,,,,,,,,,,,,,,,,,,,,,,,,,,,,,,,,,,,,,,,,,,,,,,,,,,,,,,,,,,,,,,,,,,,,,,,,,,,,,,,,,,,,,,,,,,,,,,,,,,,,,,,,,,,,,,,,,,,,,,,,,,,,,,,,,,,,,,,,,,,,,,,,
57,27,24,22,28,25,26,28,25,43,45,45,42,37,37,35,25,27,26,26,28,27,28,41,45,43,38,35,37,36,26,31,27,25,25,27,35,43,48,44,38,37,37,34,28,26,27,26,31,26,43,44,47,45,43,35,35,26,28,25,29,23,23,22,33,,,,,,,,,,,,,,,,,,,,,,,,,,,,,,,,,,,,,,,,,,,,,,,,,,,,,,,,,,,,,,,,,,,,,,,,,,,,,,,,,,,,,,,,,,,,,,,,,,,,,,,,,,,,,,,,,,,,,,,,,,,,,,,,,,,,,,,,,,,,,,,,,,,,,,,,,,,,,,,,,,,,,,,,,,,,,,,,,,,,,,,,,,,,,,,,
58,27,29,22,25,22,25,26,26,25,42,37,39,36,37,33,37,25,24,29,25,26,26,31,41,40,37,32,35,33,22,24,25,27,27,24,25,45,42,40,37,30,33,38,26,29,25,25,26,26,26,41,43,38,38,33,32,36,27,25,22,24,22,23,26,,,,,,,,,,,,,,,,,,,,,,,,,,,,,,,,,,,,,,,,,,,,,,,,,,,,,,,,,,,,,,,,,,,,,,,,,,,,,,,,,,,,,,,,,,,,,,,,,,,,,,,,,,,,,,,,,,,,,,,,,,,,,,,,,,,,,,,,,,,,,,,,,,,,,,,,,,,,,,,,,,,,,,,,,,,,,,,,,,,,,,,,,,,,,,,,
59,28,26,29,23,21,23,24,23,22,32,38,41,39,33,35,32,26,24,25,26,25,25,24,37,41,37,39,31,35,34,25,25,28,24,25,26,24,42,41,37,37,33,35,30,26,25,23,27,26,26,33,39,39,41,33,30,30,25,25,24,25,22,22,21,,,,,,,,,,,,,,,,,,,,,,,,,,,,,,,,,,,,,,,,,,,,,,,,,,,,,,,,,,,,,,,,,,,,,,,,,,,,,,,,,,,,,,,,,,,,,,,,,,,,,,,,,,,,,,,,,,,,,,,,,,,,,,,,,,,,,,,,,,,,,,,,,,,,,,,,,,,,,,,,,,,,,,,,,,,,,,,,,,,,,,,,,,,,,,,,
60,28,27,30,24,22,22,25,26,26,25,37,38,36,33,35,31,35,24,26,27,25,25,26,29,35,43,37,32,31,36,33,27,25,24,27,22,24,33,39,38,38,31,34,32,27,26,25,25,26,26,25,38,37,35,37,34,36,34,25,23,22,20,22,20,,,,,,,,,,,,,,,,,,,,,,,,,,,,,,,,,,,,,,,,,,,,,,,,,,,,,,,,,,,,,,,,,,,,,,,,,,,,,,,,,,,,,,,,,,,,,,,,,,,,,,,,,,,,,,,,,,,,,,,,,,,,,,,,,,,,,,,,,,,,,,,,,,,,,,,,,,,,,,,,,,,,,,,,,,,,,,,,,,,,,,,,,,,,,,,,
61,23,24,25,28,24,20,21,23,23,22,26,33,37,34,30,29,30,24,20,21,21,23,23,24,37,36,34,34,31,29,29,25,21,23,23,23,24,24,32,34,35,28,26,30,31,20,24,24,23,24,21,26,34,36,38,29,29,28,25,22,22,21,19,18,,,,,,,,,,,,,,,,,,,,,,,,,,,,,,,,,,,,,,,,,,,,,,,,,,,,,,,,,,,,,,,,,,,,,,,,,,,,,,,,,,,,,,,,,,,,,,,,,,,,,,,,,,,,,,,,,,,,,,,,,,,,,,,,,,,,,,,,,,,,,,,,,,,,,,,,,,,,,,,,,,,,,,,,,,,,,,,,,,,,,,,,,,,,,,,,
62,33,28,30,29,22,24,23,25,25,22,25,39,42,35,35,34,32,29,23,25,22,26,24,24,23,35,38,38,35,36,31,29,23,22,25,26,23,25,30,37,34,35,35,26,34,25,27,21,24,24,25,22,38,38,38,34,31,32,32,24,23,21,21,20,,,,,,,,,,,,,,,,,,,,,,,,,,,,,,,,,,,,,,,,,,,,,,,,,,,,,,,,,,,,,,,,,,,,,,,,,,,,,,,,,,,,,,,,,,,,,,,,,,,,,,,,,,,,,,,,,,,,,,,,,,,,,,,,,,,,,,,,,,,,,,,,,,,,,,,,,,,,,,,,,,,,,,,,,,,,,,,,,,,,,,,,,,,,,,,,
63,32,29,31,31,31,22,24,23,21,22,23,32,36,37,34,31,35,30,29,24,24,24,23,23,25,34,37,38,37,31,30,33,24,23,25,26,23,26,24,37,34,42,40,33,34,33,22,25,26,25,24,24,25,41,37,35,30,31,27,33,22,21,21,20,,,,,,,,,,,,,,,,,,,,,,,,,,,,,,,,,,,,,,,,,,,,,,,,,,,,,,,,,,,,,,,,,,,,,,,,,,,,,,,,,,,,,,,,,,,,,,,,,,,,,,,,,,,,,,,,,,,,,,,,,,,,,,,,,,,,,,,,,,,,,,,,,,,,,,,,,,,,,,,,,,,,,,,,,,,,,,,,,,,,,,,,,,,,,,,,
,,,,,,,,,,,,,,,,,,,,,,,,,,,,,,,,,,,,,,,,,,,,,,,,,,,,,,,,,,,,,,,,,,,,,,,,,,,,,,,,,,,,,,,,,,,,,,,,,,,,,,,,,,,,,,,,,,,,,,,,,,,,,,,,,,,,,,,,,,,,,,,,,,,,,,,,,,,,,,,,,,,,,,,,,,,,,,,,,,,,,,,,,,,,,,,,,,,,,,,,,,,,,,,,,,,,,,,,,,,,,,,,,,,,,,,,,,,,,,,,,,,,,,,,,,,,,,,,
value,0,1,2,3,4,5,6,7,8,9,10,11,12,13,14,15,16,17,18,19,20,21,22,23,24,25,26,27,28,29,30,31,32,33,34,35,36,37,38,39,40,41,42,43,44,45,46,47,48,49,50,51,52,53,54,55,56,57,58,59,60,61,62,63,64,65,66,67,68,69,70,71,72,73,74,75,76,77,78,79,80,81,82,83,84,85,86,87,88,89,90,91,92,93,94,95,96,97,98,99,100,101,102,103,104,105,106,107,108,109,110,111,112,113,114,115,116,117,118,119,120,121,122,123,124,125,126,127,128,129,130,131,132,133,134,135,136,137,138,139,140,141,142,143,144,145,146,147,148,149,150,151,152,153,154,155,156,157,158,159,160,161,162,163,164,165,166,167,168,169,170,171,172,173,174,175,176,177,178,179,180,181,182,183,184,185,186,187,188,189,190,191,192,193,194,195,196,197,198,199,200,201,202,203,204,205,206,207,208,209,210,211,212,213,214,215,216,217,218,219,220,221,222,223,224,225,226,227,228,229,230,231,232,233,234,235,236,237,238,239,240,241,242,243,244,245,246,247,248,249,250,251,252,253,254,255
count,0,0,0,0,0,0,0,0,0,0,0,0,0,0,0,0,1,1,10,14,44,63,100,138,201,212,258,254,290,229,211,164,147,144,142,120,154,129,119,124,107,108,111,104,79,79,63,46,34,31,18,15,14,4,6,5,1,1,1,0,0,0,0,0,0,0,0,0,0,0,0,0,0,0,0,0,0,0,0,0,0,0,0,0,0,0,0,0,0,0,0,0,0,0,0,0,0,0,0,0,0,0,0,0,0,0,0,0,0,0,0,0,0,0,0,0,0,0,0,0,0,0,0,0,0,0,0,0,0,0,0,0,0,0,0,0,0,0,0,0,0,0,0,0,0,0,0,0,0,0,0,0,0,0,0,0,0,0,0,0,0,0,0,0,0,0,0,0,0,0,0,0,0,0,0,0,0,0,0,0,0,0,0,0,0,0,0,0,0,0,0,0,0,0,0,0,0,0,0,0,0,0,0,0,0,0,0,0,0,0,0,0,0,0,0,0,0,0,0,0,0,0,0,0,0,0,0,0,0,0,0,0,0,0,0,0,0,0,0,0,0,0,0,0,0,0,0,0,0,0,0,0,0,0,0,0
,,,,,,,,,,,,,,,,,,,,,,,,,,,,,,,,,,,,,,,,,,,,,,,,,,,,,,,,,,,,,,,,,,,,,,,,,,,,,,,,,,,,,,,,,,,,,,,,,,,,,,,,,,,,,,,,,,,,,,,,,,,,,,,,,,,,,,,,,,,,,,,,,,,,,,,,,,,,,,,,,,,,,,,,,,,,,,,,,,,,,,,,,,,,,,,,,,,,,,,,,,,,,,,,,,,,,,,,,,,,,,,,,,,,,,,,,,,,,,,,,,,,,,,,,,,,,,,,
7,,,,,,,,,,,,,,,,,,,,,,,,,,,,,,,,,,,,,,,,,,,,,,,,,,,,,,,,,,,,,,,,,,,,,,,,,,,,,,,,,,,,,,,,,,,,,,,,,,,,,,,,,,,,,,,,,,,,,,,,,,,,,,,,,,,,,,,,,,,,,,,,,,,,,,,,,,,,,,,,,,,,,,,,,,,,,,,,,,,,,,,,,,,,,,,,,,,,,,,,,,,,,,,,,,,,,,,,,,,,,,,,,,,,,,,,,,,,,,,,,,,,,,,,,,,,,,,,
,0,1,2,3,4,5,6,7,8,9,10,11,12,13,14,15,16,17,18,19,20,21,22,23,24,25,26,27,28,29,30,31,32,33,34,35,36,37,38,39,40,41,42,43,44,45,46,47,48,49,50,51,52,53,54,55,56,57,58,59,60,61,62,63,,,,,,,,,,,,,,,,,,,,,,,,,,,,,,,,,,,,,,,,,,,,,,,,,,,,,,,,,,,,,,,,,,,,,,,,,,,,,,,,,,,,,,,,,,,,,,,,,,,,,,,,,,,,,,,,,,,,,,,,,,,,,,,,,,,,,,,,,,,,,,,,,,,,,,,,,,,,,,,,,,,,,,,,,,,,,,,,,,,,,,,,,,,,,,,,
0,24,17,21,21,21,21,20,22,29,35,36,28,29,30,28,23,21,24,23,20,21,25,36,34,36,30,29,32,23,20,22,22,20,20,21,34,34,35,36,32,31,30,22,20,22,23,20,20,24,33,35,33,29,26,28,29,21,24,20,20,19,21,25,27,,,,,,,,,,,,,,,,,,,,,,,,,,,,,,,,,,,,,,,,,,,,,,,,,,,,,,,,,,,,,,,,,,,,,,,,,,,,,,,,,,,,,,,,,,,,,,,,,,,,,,,,,,,,,,,,,,,,,,,,,,,,,,,,,,,,,,,,,,,,,,,,,,,,,,,,,,,,,,,,,,,,,,,,,,,,,,,,,,,,,,,,,,,,,,,,
1,27,24,20,21,22,22,24,19,31,35,39,35,32,34,28,26,20,21,21,22,24,21,32,34,37,33,32,28,30,23,20,25,20,24,25,27,36,34,33,30,29,27,30,24,23,24,24,22,22,32,34,40,37,30,31,32,20,22,24,19,19,21,19,28,,,,,,,,,,,,,,,,,,,,,,,,,,,,,,,,,,,,,,,,,,,,,,,,,,,,,,,,,,,,,,,,,,,,,,,,,,,,,,,,,,,,,,,,,,,,,,,,,,,,,,,,,,,,,,,,,,,,,,,,,,,,,,,,,,,,,,,,,,,,,,,,,,,,,,,,,,,,,,,,,,,,,,,,,,,,,,,,,,,,,,,,,,,,,,,,
2,25,29,21,23,23,20,22,21,26,34,32,38,31,29,28,32,24,21,21,21,24,22,30,36,36,35,32,33,30,24,22,24,21,23,24,23,37,36,36,32,29,31,32,25,22,24,20,26,22,22,34,34,33,30,29,29,30,22,20,20,19,20,19,22,,,,,,,,,,,,,,,,,,,,,,,,,,,,,,,,,,,,,,,,,,,,,,,,,,,,,,,,,,,,,,,,,,,,,,,,,,,,,,,,,,,,,,,,,,,,,,,,,,,,,,,,,,,,,,,,,,,,,,,,,,,,,,,,,,,,,,,,,,,,,,,,,,,,,,,,,,,,,,,,,,,,,,,,,,,,,,,,,,,,,,,,,,,,,,,,
3,22,26,25,19,20,20,22,22,24,28,32,38,32,31,28,32,21,21,21,23,22,23,22,38,32,35,42,30,32,29,23,23,21,24,24,20,24,35,31,36,28,31,34,33,24,21,24,21,25,23,30,37,38,38,28,30,31,19,22,20,21,19,20,18,,,,,,,,,,,,,,,,,,,,,,,,,,,,,,,,,,,,,,,,,,,,,,,,,,,,,,,,,,,,,,,,,,,,,,,,,,,,,,,,,,,,,,,,,,,,,,,,,,,,,,,,,,,,,,,,,,,,,,,,,,,,,,,,,,,,,,,,,,,,,,,,,,,,,,,,,,,,,,,,,,,,,,,,,,,,,,,,,,,,,,,,,,,,,,,,
4,31,28,34,24,24,25,26,29,25,21,40,43,36,34,38,34,29,23,24,24,26,25,25,32,41,43,44,33,32,32,38,20,27,26,26,28,28,34,39,44,41,35,30,36,28,26,24,27,22,24,23,42,47,41,42,32,31,36,28,25,20,24,21,19,,,,,,,,,,,,,,,,,,,,,,,,,,,,,,,,,,,,,,,,,,,,,,,,,,,,,,,,,,,,,,,,,,,,,,,,,,,,,,,,,,,,,,,,,,,,,,,,,,,,,,,,,,,,,,,,,,,,,,,,,,,,,,,,,,,,,,,,,,,,,,,,,,,,,,,,,,,,,,,,,,,,,,,,,,,,,,,,,,,,,,,,,,,,,,,,
5,23,23,29,28,21,20,23,21,24,23,27,37,33,34,27,32,29,23,22,21,23,21,23,20,38,32,38,34,31,31,30,23,22,23,22,22,20,24,34,38,32,30,30,28,27,21,23,19,25,21,24,29,36,38,35,32,29,29,26,20,23,19,18,16,,,,,,,,,,,,,,,,,,,,,,,,,,,,,,,,,,,,,,,,,,,,,,,,,,,,,,,,,,,,,,,,,,,,,,,,,,,,,,,,,,,,,,,,,,,,,,,,,,,,,,,,,,,,,,,,,,,,,,,,,,,,,,,,,,,,,,,,,,,,,,,,,,,,,,,,,,,,,,,,,,,,,,,,,,,,,,,,,,,,,,,,,,,,,,,,
6,30,31,30,33,22,23,27,23,24,23,24,35,38,42,34,31,37,35,28,28,28,27,24,24,24,40,38,42,35,36,34,32,23,28,26,27,23,22,34,43,44,42,31,34,36,24,26,26,23,25,28,28,48,39,40,42,32,37,31,26,24,22,24,18,,,,,,,,,,,,,,,,,,,,,,,,,,,,,,,,,,,,,,,,,,,,,,,,,,,,,,,,,,,,,,,,,,,,,,,,,,,,,,,,,,,,,,,,,,,,,,,,,,,,,,,,,,,,,,,,,,,,,,,,,,,,,,,,,,,,,,,,,,,,,,,,,,,,,,,,,,,,,,,,,,,,,,,,,,,,,,,,,,,,,,,,,,,,,,,,
7,29,26,24,28,27,22,22,20,22,23,22,27,37,39,34,32,30,29,31,22,18,24,23,24,25,26,37,39,38,29,30,31,24,24,23,21,26,22,28,36,35,44,36,31,37,30,22,24,22,26,26,22,22,39,34,34,29,34,30,29,19,20,17,19,,,,,,,,,,,,,,,,,,,,,,,,,,,,,,,,,,,,,,,,,,,,,,,,,,,,,,,,,,,,,,,,,,,,,,,,,,,,,,,,,,,,,,,,,,,,,,,,,,,,,,,,,,,,,,,,,,,,,,,,,,,,,,,,,,,,,,,,,,,,,,,,,,,,,,,,,,,,,,,,,,,,,,,,,,,,,,,,,,,,,,,,,,,,,,,,
8,28,22,23,24,23,26,25,28,38,40,45,33,31,33,37,24,23,25,22,24,26,31,41,46,40,38,34,36,28,27,26,27,26,26,23,42,43,44,41,36,37,34,27,24,26,23,27,24,22,40,42,42,36,34,36,34,24,26,26,23,24,23,27,37,,,,,,,,,,,,,,,,,,,,,,,,,,,,,,,,,,,,,,,,,,,,,,,,,,,,,,,,,,,,,,,,,,,,,,,,,,,,,,,,,,,,,,,,,,,,,,,,,,,,,,,,,,,,,,,,,,,,,,,,,,,,,,,,,,,,,,,,,,,,,,,,,,,,,,,,,,,,,,,,,,,,,,,,,,,,,,,,,,,,,,,,,,,,,,,,
9,28,23,22,24,22,25,24,23,42,41,42,42,30,34,34,23,25,23,28,25,27,28,43,43,40,40,35,34,31,27,24,28,27,23,25,30,41,45,44,38,33,34,32,28,27,24,23,25,26,32,36,48,39,34,35,33,24,23,22,26,23,22,21,32,,,,,,,,,,,,,,,,,,,,,,,,,,,,,,,,,,,,,,,,,,,,,,,,,,,,,,,,,,,,,,,,,,,,,,,,,,,,,,,,,,,,,,,,,,,,,,,,,,,,,,,,,,,,,,,,,,,,,,,,,,,,,,,,,,,,,,,,,,,,,,,,,,,,,,,,,,,,,,,,,,,,,,,,,,,,,,,,,,,,,,,,,,,,,,,,
10,27,29,23,23,24,25,25,23,26,39,41,42,36,33,35,33,23,26,25,25,23,25,36,43,47,38,36,32,33,26,25,27,25,25,27,27,41,40,43,46,37,34,36,27,25,25,23,25,26,24,44,42,41,32,37,32,34,24,24,23,25,22,23,24,,,,,,,,,,,,,,,,,,,,,,,,,,,,,,,,,,,,,,,,,,,,,,,,,,,,,,,,,,,,,,,,,,,,,,,,,,,,,,,,,,,,,,,,,,,,,,,,,,,,,,,,,,,,,,,,,,,,,,,,,,,,,,,,,,,,,,,,,,,,,,,,,,,,,,,,,,,,,,,,,,,,,,,,,,,,,,,,,,,,,,,,,,,,,,,,
11,30,32,28,21,25,29,24,27,28,33,45,45,44,42,39,34,24,27,26,28,27,33,30,46,44,46,48,40,38,43,28,31,30,28,26,27,28,44,43,47,40,39,38,43,31,30,32,26,29,29,36,49,49,44,37,39,38,27,30,24,26,23,25,21,,,,,,,,,,,,,,,,,,,,,,,,,,,,,,,,,,,,,,,,,,,,,,,,,,,,,,,,,,,,,,,,,,,,,,,,,,,,,,,,,,,,,,,,,,,,,,,,,,,,,,,,,,,,,,,,,,,,,,,,,,,,,,,,,,,,,,,,,,,,,,,,,,,,,,,,,,,,,,,,,,,,,,,,,,,,,,,,,,,,,,,,,,,,,,,,
12,30,31,36,27,27,29,26,30,25,25,50,50,47,43,45,44,39,29,28,29,27,33,28,36,56,54,53,39,40,43,43,27,30,29,31,29,30,43,52,48,45,43,42,41,30,28,33,30,31,28,30,45,43,51,48,39,39,42,28,26,24,26,24,21,,,,,,,,,,,,,,,,,,,,,,,,,,,,,,,,,,,,,,,,,,,,,,,,,,,,,,,,,,,,,,,,,,,,,,,,,,,,,,,,,,,,,,,,,,,,,,,,,,,,,,,,,,,,,,,,,,,,,,,,,,,,,,,,,,,,,,,,,,,,,,,,,,,,,,,,,,,,,,,,,,,,,,,,,,,,,,,,,,,,,,,,,,,,,,,,
13,30,31,29,32,24,24,22,23,26,26,34,36,43,42,32,37,36,27,26,24,25,27,24,26,40,39,41,40,36,36,33,25,28,25,28,25,24,26,42,43,38,34,36,32,37,26,24,27,26,27,24,33,44,40,40,40,34,38,37,26,24,23,20,19,,,,,,,,,,,,,,,,,,,,,,,,,,,,,,,,,,,,,,,,,,,,,,,,,,,,,,,,,,,,,,,,,,,,,,,,,,,,,,,,,,,,,,,,,,,,,,,,,,,,,,,,,,,,,,,,,,,,,,,,,,,,,,,,,,,,,,,,,,,,,,,,,,,,,,,,,,,,,,,,,,,,,,,,,,,,,,,,,,,,,,,,,,,,,,,,
14,30,30,31,36,24,25,27,25,26,25,27,34,42,43,39,35,42,32,25,27,26,27,27,22,25,38,38,42,36,32,34,33,26,23,27,25,28,22,34,36,39,45,31,37,36,25,27,25,25,24,30,25,44,42,37,37,35,35,34,25,24,21,24,18,,,,,,,,,,,,,,,,,,,,,,,,,,,,,,,,,,,,,,,,,,,,,,,,,,,,,,,,,,,,,,,,,,,,,,,,,,,,,,,,,,,,,,,,,,,,,,,,,,,,,,,,,,,,,,,,,,,,,,,,,,,,,,,,,,,,,,,,,,,,,,,,,,,,,,,,,,,,,,,,,,,,,,,,,,,,,,,,,,,,,,,,,,,,,,,,
15,31,30,29,33,34,28,28,25,28,26,25,31,40,44,37,37,36,34,35,29,23,28,26,26,27,30,38,41,44,35,37,36,24,27,25,26,26,26,28,39,45,42,47,42,38,39,25,26,26,27,27,25,28,47,44,43,34,35,36,35,21,24,21,21,,,,,,,,,,,,,,,,,,,,,,,,,,,,,,,,,,,,,,,,,,,,,,,,,,,,,,,,,,,,,,,,,,,,,,,,,,,,,,,,,,,,,,,,,,,,,,,,,,,,,,,,,,,,,,,,,,,,,,,,,,,,,,,,,,,,,,,,,,,,,,,,,,,,,,,,,,,,,,,,,,,,,,,,,,,,,,,,,,,,,,,,,,,,,,,,
16,27,20,20,24,23,24,24,26,34,40,38,35,33,35,33,23,23,26,24,26,24,35,38,40,39,32,34,36,23,28,26,26,22,25,25,45,42,41,37,33,35,31,25,30,25,23,23,23,27,45,39,40,34,34,33,35,24,26,27,24,23,25,27,29,,,,,,,,,,,,,,,,,,,,,,,,,,,,,,,,,,,,,,,,,,,,,,,,,,,,,,,,,,,,,,,,,,,,,,,,,,,,,,,,,,,,,,,,,,,,,,,,,,,,,,,,,,,,,,,,,,,,,,,,,,,,,,,,,,,,,,,,,,,,,,,,,,,,,,,,,,,,,,,,,,,,,,,,,,,,,,,,,,,,,,,,,,,,,,,,
17,32,28,24,28,23,28,27,27,42,50,43,48,43,38,43,31,29,30,30,28,28,32,47,47,46,40,42,42,44,30,31,32,30,27,29,37,52,46,44,36,37,40,45,29,32,29,29,28,30,36,50,46,48,40,39,41,26,30,30,29,28,28,23,35,,,,,,,,,,,,,,,,,,,,,,,,,,,,,,,,,,,,,,,,,,,,,,,,,,,,,,,,,,,,,,,,,,,,,,,,,,,,,,,,,,,,,,,,,,,,,,,,,,,,,,,,,,,,,,,,,,,,,,,,,,,,,,,,,,,,,,,,,,,,,,,,,,,,,,,,,,,,,,,,,,,,,,,,,,,,,,,,,,,,,,,,,,,,,,,,
18,30,33,27,25,28,26,28,28,29,41,46,44,40,43,42,39,26,28,28,27,26,30,39,51,45,49,40,38,41,34,28,32,32,31,28,26,45,43,44,44,44,41,40,29,32,30,33,29,30,29,46,45,52,35,41,40,39,28,28,25,27,24,25,25,,,,,,,,,,,,,,,,,,,,,,,,,,,,,,,,,,,,,,,,,,,,,,,,,,,,,,,,,,,,,,,,,,,,,,,,,,,,,,,,,,,,,,,,,,,,,,,,,,,,,,,,,,,,,,,,,,,,,,,,,,,,,,,,,,,,,,,,,,,,,,,,,,,,,,,,,,,,,,,,,,,,,,,,,,,,,,,,,,,,,,,,,,,,,,,,
19,33,37,38,30,29,32,28,32,33,48,52,50,52,48,44,44,34,32,31,30,30,31,32,55,47,51,47,40,44,43,30,30,32,30,32,29,29,49,50,51,50,45,47,45,33,32,35,30,32,29,45,54,58,57,41,47,46,31,33,28,30,26,23,25,,,,,,,,,,,,,,,,,,,,,,,,,,,,,,,,,,,,,,,,,,,,,,,,,,,,,,,,,,,,,,,,,,,,,,,,,,,,,,,,,,,,,,,,,,,,,,,,,,,,,,,,,,,,,,,,,,,,,,,,,,,,,,,,,,,,,,,,,,,,,,,,,,,,,,,,,,,,,,,,,,,,,,,,,,,,,,,,,,,,,,,,,,,,,,,,
20,27,28,33,24,23,24,28,28,25,28,44,45,41,37,41,39,38,23,27,25,25,26,27,36,45,42,40,37,36,35,37,28,26,25,26,24,26,38,41,44,42,34,40,32,29,27,26,30,27,28,30,40,37,45,44,35,31,36,27,24,21,25,23,23,,,,,,,,,,,,,,,,,,,,,,,,,,,,,,,,,,,,,,,,,,,,,,,,,,,,,,,,,,,,,,,,,,,,,,,,,,,,,,,,,,,,,,,,,,,,,,,,,,,,,,,,,,,,,,,,,,,,,,,,,,,,,,,,,,,,,,,,,,,,,,,,,,,,,,,,,,,,,,,,,,,,,,,,,,,,,,,,,,,,,,,,,,,,,,,,
21,28,30,27,34,26,26,26,27,24,25,33,43,47,45,39,43,35,26,28,27,26,30,28,27,44,38,43,43,37,39,37,28,29,29,28,27,26,29,43,41,44,35,33,36,37,26,25,27,27,26,26,37,45,44,43,42,38,36,31,28,29,24,23,22,,,,,,,,,,,,,,,,,,,,,,,,,,,,,,,,,,,,,,,,,,,,,,,,,,,,,,,,,,,,,,,,,,,,,,,,,,,,,,,,,,,,,,,,,,,,,,,,,,,,,,,,,,,,,,,,,,,,,,,,,,,,,,,,,,,,,,,,,,,,,,,,,,,,,,,,,,,,,,,,,,,,,,,,,,,,,,,,,,,,,,,,,,,,,,,,
22,33,30,28,33,25,25,26,26,26,25,27,40,43,45,40,36,34,40,26,29,28,30,28,25,28,44,42,45,38,40,33,35,26,28,28,29,25,25,33,39,41,43,36,36,36,26,29,24,26,27,25,28,43,38,39,44,37,32,35,30,24,24,22,20,,,,,,,,,,,,,,,,,,,,,,,,,,,,,,,,,,,,,,,,,,,,,,,,,,,,,,,,,,,,,,,,,,,,,,,,,,,,,,,,,,,,,,,,,,,,,,,,,,,,,,,,,,,,,,,,,,,,,,,,,,,,,,,,,,,,,,,,,,,,,,,,,,,,,,,,,,,,,,,,,,,,,,,,,,,,,,,,,,,,,,,,,,,,,,,,
23,29,29,31,30,32,24,23,23,25,23,25,28,36,38,40,34,30,31,34,23,25,25,26,24,24,36,45,38,44,33,33,33,23,26,25,25,28,23,26,39,38,40,36,31,33,32,24,28,23,27,25,22,23,39,39,38,32,30,32,30,22,20,20,18,,,,,,,,,,,,,,,,,,,,,,,,,,,,,,,,,,,,,,,,,,,,,,,,,,,,,,,,,,,,,,,,,,,,,,,,,,,,,,,,,,,,,,,,,,,,,,,,,,,,,,,,,,,,,,,,,,,,,,,,,,,,,,,,,,,,,,,,,,,,,,,,,,,,,,,,,,,,,,,,,,,,,,,,,,,,,,,,,,,,,,,,,,,,,,,,
24,33,29,29,27,31,29,33,36,42,50,50,41,40,45,44,35,30,31,31,31,33,36,50,49,47,46,46,42,31,29,30,35,33,31,33,47,44,51,47,45,41,47,31,29,29,29,34,33,33,46,53,49,49,41,42,40,32,34,30,29,26,28,33,38,,,,,,,,,,,,,,,,,,,,,,,,,,,,,,,,,,,,,,,,,,,,,,,,,,,,,,,,,,,,,,,,,,,,,,,,,,,,,,,,,,,,,,,,,,,,,,,,,,,,,,,,,,,,,,,,,,,,,,,,,,,,,,,,,,,,,,,,,,,,,,,,,,,,,,,,,,,,,,,,,,,,,,,,,,,,,,,,,,,,,,,,,,,,,,,,
25,30,26,21,27,26,26,26,26,38,43,40,41,36,34,38,28,29,27,26,25,29,28,40,42,44,38,36,37,34,26,29,30,28,29,31,33,45,41,43,34,35,35,37,31,28,25,26,28,29,35,43,41,41,34,35,36,28,26,26,27,22,25,26,37,,,,,,,,,,,,,,,,,,,,,,,,,,,,,,,,,,,,,,,,,,,,,,,,,,,,,,,,,,,,,,,,,,,,,,,,,,,,,,,,,,,,,,,,,,,,,,,,,,,,,,,,,,,,,,,,,,,,,,,,,,,,,,,,,,,,,,,,,,,,,,,,,,,,,,,,,,,,,,,,,,,,,,,,,,,,,,,,,,,,,,,,,,,,,,,,
26,31,33,27,26,27,28,28,27,29,45,42,37,40,37,47,34,29,29,29,29,27,29,33,47,45,46,39,41,39,26,26,29,27,29,26,29,50,42,45,45,39,37,37,28,28,31,29,31,30,29,41,49,46,40,36,35,31,26,31,25,29,26,26,30,,,,,,,,,,,,,,,,,,,,,,,,,,,,,,,,,,,,,,,,,,,,,,,,,,,,,,,,,,,,,,,,,,,,,,,,,,,,,,,,,,,,,,,,,,,,,,,,,,,,,,,,,,,,,,,,,,,,,,,,,,,,,,,,,,,,,,,,,,,,,,,,,,,,,,,,,,,,,,,,,,,,,,,,,,,,,,,,,,,,,,,,,,,,,,,,
27,26,33,32,26,25,27,25,29,28,39,44,42,44,36,37,37,27,29,29,31,26,29,28,37,43,45,43,35,33,37,29,29,27,29,29,31,29,43,43,46,34,36,39,39,26,26,29,28,29,29,39,41,44,43,41,39,36,30,26,27,31,22,24,23,,,,,,,,,,,,,,,,,,,,,,,,,,,,,,,,,,,,,,,,,,,,,,,,,,,,,,,,,,,,,,,,,,,,,,,,,,,,,,,,,,,,,,,,,,,,,,,,,,,,,,,,,,,,,,,,,,,,,,,,,,,,,,,,,,,,,,,,,,,,,,,,,,,,,,,,,,,,,,,,,,,,,,,,,,,,,,,,,,,,,,,,,,,,,,,,
28,29,33,31,26,28,26,27,31,29,24,40,43,44,35,39,44,33,26,27,28,29,26,30,31,43,42,44,38,38,41,36,29,26,26,24,27,26,35,45,46,44,35,41,39,27,29,35,27,30,28,26,44,45,41,40,36,36,35,28,28,26,27,22,26,,,,,,,,,,,,,,,,,,,,,,,,,,,,,,,,,,,,,,,,,,,,,,,,,,,,,,,,,,,,,,,,,,,,,,,,,,,,,,,,,,,,,,,,,,,,,,,,,,,,,,,,,,,,,,,,,,,,,,,,,,,,,,,,,,,,,,,,,,,,,,,,,,,,,,,,,,,,,,,,,,,,,,,,,,,,,,,,,,,,,,,,,,,,,,,,
29,30,29,32,32,24,28,28,27,27,29,29,40,44,40,33,36,36,26,31,26,27,28,26,26,46,36,42,43,35,40,37,26,29,26,30,26,29,28,41,45,44,35,35,36,36,28,33,29,29,29,26,32,37,43,42,40,33,39,33,26,27,23,25,21,,,,,,,,,,,,,,,,,,,,,,,,,,,,,,,,,,,,,,,,,,,,,,,,,,,,,,,,,,,,,,,,,,,,,,,,,,,,,,,,,,,,,,,,,,,,,,,,,,,,,,,,,,,,,,,,,,,,,,,,,,,,,,,,,,,,,,,,,,,,,,,,,,,,,,,,,,,,,,,,,,,,,,,,,,,,,,,,,,,,,,,,,,,,,,,,
30,31,33,31,35,26,25,27,26,27,26,27,42,39,43,40,36,34,34,28,27,26,26,29,29,26,43,44,43,40,38,33,36,28,28,24,27,28,26,36,41,41,41,36,35,37,27,25,24,26,29,27,27,43,39,47,40,36,32,36,25,26,25,26,21,,,,,,,,,,,,,,,,,,,,,,,,,,,,,,,,,,,,,,,,,,,,,,,,,,,,,,,,,,,,,,,,,,,,,,,,,,,,,,,,,,,,,,,,,,,,,,,,,,,,,,,,,,,,,,,,,,,,,,,,,,,,,,,,,,,,,,,,,,,,,,,,,,,,,,,,,,,,,,,,,,,,,,,,,,,,,,,,,,,,,,,,,,,,,,,,
31,32,30,29,35,33,25,27,28,23,28,24,33,38,42,38,33,33,33,35,26,26,27,27,27,29,31,40,42,39,38,35,35,27,29,29,27,28,24,26,43,43,44,38,35,39,37,29,31,25,27,27,26,26,37,39,42,32,35,33,29,27,25,23,22,,,,,,,,,,,,,,,,,,,,,,,,,,,,,,,,,,,,,,,,,,,,,,,,,,,,,,,,,,,,,,,,,,,,,,,,,,,,,,,,,,,,,,,,,,,,,,,,,,,,,,,,,,,,,,,,,,,,,,,,,,,,,,,,,,,,,,,,,,,,,,,,,,,,,,,,,,,,,,,,,,,,,,,,,,,,,,,,,,,,,,,,,,,,,,,,
32,36,24,28,30,27,30,27,35,45,52,52,44,39,45,42,27,28,28,32,30,36,34,53,54,48,38,38,38,32,30,30,33,30,33,31,48,55,44,46,42,41,43,29,36,32,32,33,31,29,46,49,46,36,41,45,41,33,31,32,30,27,26,32,40,,,,,,,,,,,,,,,,,,,,,,,,,,,,,,,,,,,,,,,,,,,,,,,,,,,,,,,,,,,,,,,,,,,,,,,,,,,,,,,,,,,,,,,,,,,,,,,,,,,,,,,,,,,,,,,,,,,,,,,,,,,,,,,,,,,,,,,,,,,,,,,,,,,,,,,,,,,,,,,,,,,,,,,,,,,,,,,,,,,,,,,,,,,,,,,,
33,31,27,25,27,26,26,27,28,44,42,42,44,37,40,39,30,27,28,27,30,29,31,41,47,45,39,40,40,36,28,28,28,28,26,28,34,43,44,43,41,40,36,35,29,30,32,29,30,27,37,46,49,45,36,39,39,30,29,31,31,25,29,25,33,,,,,,,,,,,,,,,,,,,,,,,,,,,,,,,,,,,,,,,,,,,,,,,,,,,,,,,,,,,,,,,,,,,,,,,,,,,,,,,,,,,,,,,,,,,,,,,,,,,,,,,,,,,,,,,,,,,,,,,,,,,,,,,,,,,,,,,,,,,,,,,,,,,,,,,,,,,,,,,,,,,,,,,,,,,,,,,,,,,,,,,,,,,,,,,,
34,35,32,28,27,26,29,32,28,34,45,47,46,40,43,42,40,32,30,32,32,28,27,38,49,45,45,39,39,42,33,31,33,30,30,28,29,47,48,51,43,40,41,44,32,32,33,32,32,30,30,42,45,47,40,39,38,39,30,29,32,29,28,24,31,,,,,,,,,,,,,,,,,,,,,,,,,,,,,,,,,,,,,,,,,,,,,,,,,,,,,,,,,,,,,,,,,,,,,,,,,,,,,,,,,,,,,,,,,,,,,,,,,,,,,,,,,,,,,,,,,,,,,,,,,,,,,,,,,,,,,,,,,,,,,,,,,,,,,,,,,,,,,,,,,,,,,,,,,,,,,,,,,,,,,,,,,,,,,,,,
35,29,33,33,27,29,28,28,29,28,37,45,44,44,41,34,40,30,28,27,28,29,27,28,43,43,45,40,45,39,39,32,31,28,33,33,31,27,47,45,43,38,35,42,39,28,32,30,27,28,29,36,47,48,46,40,37,35,29,30,28,27,25,25,24,,,,,,,,,,,,,,,,,,,,,,,,,,,,,,,,,,,,,,,,,,,,,,,,,,,,,,,,,,,,,,,,,,,,,,,,,,,,,,,,,,,,,,,,,,,,,,,,,,,,,,,,,,,,,,,,,,,,,,,,,,,,,,,,,,,,,,,,,,,,,,,,,,,,,,,,,,,,,,,,,,,,,,,,,,,,,,,,,,,,,,,,,,,,,,,,
36,32,33,36,28,30,27,31,31,28,28,43,46,41,39,40,40,35,31,28,31,30,28,32,33,47,44,48,38,45,38,39,28,29,28,27,28,28,38,45,45,46,37,40,37,30,29,29,28,29,28,30,43,43,46,43,36,40,39,30,28,24,24,25,25,,,,,,,,,,,,,,,,,,,,,,,,,,,,,,,,,,,,,,,,,,,,,,,,,,,,,,,,,,,,,,,,,,,,,,,,,,,,,,,,,,,,,,,,,,,,,,,,,,,,,,,,,,,,,,,,,,,,,,,,,,,,,,,,,,,,,,,,,,,,,,,,,,,,,,,,,,,,,,,,,,,,,,,,,,,,,,,,,,,,,,,,,,,,,,,,
37,33,36,33,34,30,28,27,31,28,31,34,46,42,50,41,35,40,29,31,29,31,28,30,29,45,45,45,49,41,38,42,28,31,26,32,29,27,32,44,48,47,38,38,38,39,32,27,29,32,29,28,36,45,43,46,40,39,37,38,28,27,27,23,22,,,,,,,,,,,,,,,,,,,,,,,,,,,,,,,,,,,,,,,,,,,,,,,,,,,,,,,,,,,,,,,,,,,,,,,,,,,,,,,,,,,,,,,,,,,,,,,,,,,,,,,,,,,,,,,,,,,,,,,,,,,,,,,,,,,,,,,,,,,,,,,,,,,,,,,,,,,,,,,,,,,,,,,,,,,,,,,,,,,,,,,,,,,,,,,,
38,32,31,30,34,26,26,26,25,28,28,26,40,38,40,41,35,36,38,28,28,27,25,28,28,27,43,39,43,34,37,36,33,27,30,26,28,29,27,31,45,43,45,32,36,36,28,29,27,28,26,32,27,43,44,41,37,35,36,32,24,27,27,23,22,,,,,,,,,,,,,,,,,,,,,,,,,,,,,,,,,,,,,,,,,,,,,,,,,,,,,,,,,,,,,,,,,,,,,,,,,,,,,,,,,,,,,,,,,,,,,,,,,,,,,,,,,,,,,,,,,,,,,,,,,,,,,,,,,,,,,,,,,,,,,,,,,,,,,,,,,,,,,,,,,,,,,,,,,,,,,,,,,,,,,,,,,,,,,,,,
39,33,34,34,37,18,29,27,28,30,29,27,36,42,48,43,38,38,40,38,27,27,30,30,28,31,37,46,47,45,45,38,39,30,31,28,30,28,29,31,42,44,44,43,44,40,38,30,29,28,28,29,25,28,40,44,42,37,38,36,36,28,27,24,24,,,,,,,,,,,,,,,,,,,,,,,,,,,,,,,,,,,,,,,,,,,,,,,,,,,,,,,,,,,,,,,,,,,,,,,,,,,,,,,,,,,,,,,,,,,,,,,,,,,,,,,,,,,,,,,,,,,,,,,,,,,,,,,,,,,,,,,,,,,,,,,,,,,,,,,,,,,,,,,,,,,,,,,,,,,,,,,,,,,,,,,,,,,,,,,,
40,32,27,26,26,29,32,25,32,41,45,44,40,37,39,40,30,30,30,30,32,29,40,44,46,44,43,36,45,30,33,31,34,29,28,33,49,50,41,46,40,34,38,27,32,30,31,29,28,31,46,45,46,38,37,39,37,33,28,29,28,28,27,31,39,,,,,,,,,,,,,,,,,,,,,,,,,,,,,,,,,,,,,,,,,,,,,,,,,,,,,,,,,,,,,,,,,,,,,,,,,,,,,,,,,,,,,,,,,,,,,,,,,,,,,,,,,,,,,,,,,,,,,,,,,,,,,,,,,,,,,,,,,,,,,,,,,,,,,,,,,,,,,,,,,,,,,,,,,,,,,,,,,,,,,,,,,,,,,,,,
41,30,26,25,23,24,26,29,29,42,41,42,40,36,36,39,29,29,26,27,25,27,30,44,40,38,38,34,34,36,28,28,28,30,26,28,30,39,42,42,36,37,33,37,30,30,27,28,28,28,34,39,41,40,36,39,38,30,25,25,27,30,25,25,30,,,,,,,,,,,,,,,,,,,,,,,,,,,,,,,,,,,,,,,,,,,,,,,,,,,,,,,,,,,,,,,,,,,,,,,,,,,,,,,,,,,,,,,,,,,,,,,,,,,,,,,,,,,,,,,,,,,,,,,,,,,,,,,,,,,,,,,,,,,,,,,,,,,,,,,,,,,,,,,,,,,,,,,,,,,,,,,,,,,,,,,,,,,,,,,,
42,31,33,27,31,26,29,28,30,36,42,47,42,38,45,38,44,30,31,32,31,32,30,38,48,44,54,36,37,39,35,28,32,28,31,34,30,51,50,47,49,39,42,36,31,30,32,30,31,32,30,49,47,44,40,38,40,39,30,29,30,30,30,27,32,,,,,,,,,,,,,,,,,,,,,,,,,,,,,,,,,,,,,,,,,,,,,,,,,,,,,,,,,,,,,,,,,,,,,,,,,,,,,,,,,,,,,,,,,,,,,,,,,,,,,,,,,,,,,,,,,,,,,,,,,,,,,,,,,,,,,,,,,,,,,,,,,,,,,,,,,,,,,,,,,,,,,,,,,,,,,,,,,,,,,,,,,,,,,,,,
43,29,34,36,25,27,27,31,28,27,37,40,45,46,36,34,37,30,27,26,30,30,30,29,47,47,51,51,43,39,37,28,30,28,29,31,30,28,47,43,42,39,39,35,34,30,30,30,28,30,28,36,44,47,46,39,41,39,27,30,26,25,24,25,24,,,,,,,,,,,,,,,,,,,,,,,,,,,,,,,,,,,,,,,,,,,,,,,,,,,,,,,,,,,,,,,,,,,,,,,,,,,,,,,,,,,,,,,,,,,,,,,,,,,,,,,,,,,,,,,,,,,,,,,,,,,,,,,,,,,,,,,,,,,,,,,,,,,,,,,,,,,,,,,,,,,,,,,,,,,,,,,,,,,,,,,,,,,,,,,,
44,27,27,35,25,24,25,25,27,26,25,40,39,39,33,34,37,36,26,25,26,26,26,28,32,40,42,39,33,33,39,33,25,27,29,24,25,27,36,41,43,42,37,35,39,27,29,24,29,28,24,27,40,41,44,37,33,33,34,25,24,23,23,24,22,,,,,,,,,,,,,,,,,,,,,,,,,,,,,,,,,,,,,,,,,,,,,,,,,,,,,,,,,,,,,,,,,,,,,,,,,,,,,,,,,,,,,,,,,,,,,,,,,,,,,,,,,,,,,,,,,,,,,,,,,,,,,,,,,,,,,,,,,,,,,,,,,,,,,,,,,,,,,,,,,,,,,,,,,,,,,,,,,,,,,,,,,,,,,,,,
45,32,31,35,32,27,25,29,28,28,27,33,42,44,43,39,36,36,28,32,29,27,29,27,26,43,39,46,47,37,37,34,27,29,29,29,28,28,31,41,44,37,36,35,36,33,28,28,28,26,27,27,36,40,44,43,42,37,36,32,26,27,26,22,22,,,,,,,,,,,,,,,,,,,,,,,,,,,,,,,,,,,,,,,,,,,,,,,,,,,,,,,,,,,,,,,,,,,,,,,,,,,,,,,,,,,,,,,,,,,,,,,,,,,,,,,,,,,,,,,,,,,,,,,,,,,,,,,,,,,,,,,,,,,,,,,,,,,,,,,,,,,,,,,,,,,,,,,,,,,,,,,,,,,,,,,,,,,,,,,,
46,37,37,36,37,31,32,30,28,30,30,28,44,50,47,48,36,40,39,29,31,33,32,30,31,30,40,50,48,38,40,46,36,30,30,30,34,32,31,41,46,46,48,40,41,42,28,34,31,30,31,30,34,49,51,45,46,43,49,40,29,29,27,27,25,,,,,,,,,,,,,,,,,,,,,,,,,,,,,,,,,,,,,,,,,,,,,,,,,,,,,,,,,,,,,,,,,,,,,,,,,,,,,,,,,,,,,,,,,,,,,,,,,,,,,,,,,,,,,,,,,,,,,,,,,,,,,,,,,,,,,,,,,,,,,,,,,,,,,,,,,,,,,,,,,,,,,,,,,,,,,,,,,,,,,,,,,,,,,,,,
47,38,37,38,42,37,30,30,31,30,29,32,36,49,43,49,43,39,43,36,29,29,27,30,31,31,38,48,42,46,40,40,37,29,32,30,32,33,30,30,42,51,51,42,40,44,39,37,30,30,32,31,31,32,54,52,52,39,34,41,39,27,30,27,26,,,,,,,,,,,,,,,,,,,,,,,,,,,,,,,,,,,,,,,,,,,,,,,,,,,,,,,,,,,,,,,,,,,,,,,,,,,,,,,,,,,,,,,,,,,,,,,,,,,,,,,,,,,,,,,,,,,,,,,,,,,,,,,,,,,,,,,,,,,,,,,,,,,,,,,,,,,,,,,,,,,,,,,,,,,,,,,,,,,,,,,,,,,,,,,,
48,31,29,27,27,28,30,30,30,46,52,53,39,43,40,44,28,28,30,31,27,31,40,47,54,52,37,44,43,30,34,32,30,31,31,34,52,50,44,49,45,45,45,30,31,32,32,31,32,29,53,53,52,40,41,46,43,31,31,31,29,28,28,34,36,,,,,,,,,,,,,,,,,,,,,,,,,,,,,,,,,,,,,,,,,,,,,,,,,,,,,,,,,,,,,,,,,,,,,,,,,,,,,,,,,,,,,,,,,,,,,,,,,,,,,,,,,,,,,,,,,,,,,,,,,,,,,,,,,,,,,,,,,,,,,,,,,,,,,,,,,,,,,,,,,,,,,,,,,,,,,,,,,,,,,,,,,,,,,,,,
49,30,25,25,27,26,23,28,28,47,47,41,43,37,39,39,28,28,28,28,30,28,28,43,47,47,44,43,41,41,27,33,30,28,31,30,36,51,47,45,38,40,41,37,29,31,28,29,31,28,40,48,42,41,43,35,38,28,29,29,27,24,27,25,36,,,,,,,,,,,,,,,,,,,,,,,,,,,,,,,,,,,,,,,,,,,,,,,,,,,,,,,,,,,,,,,,,,,,,,,,,,,,,,,,,,,,,,,,,,,,,,,,,,,,,,,,,,,,,,,,,,,,,,,,,,,,,,,,,,,,,,,,,,,,,,,,,,,,,,,,,,,,,,,,,,,,,,,,,,,,,,,,,,,,,,,,,,,,,,,,
50,29,33,23,25,25,26,29,29,28,37,42,41,32,39,35,33,28,26,27,28,29,26,34,44,40,43,36,34,39,27,27,31,26,28,26,26,42,41,41,46,40,37,40,27,30,28,28,28,27,27,41,40,46,36,33,39,37,24,26,26,26,25,24,25,,,,,,,,,,,,,,,,,,,,,,,,,,,,,,,,,,,,,,,,,,,,,,,,,,,,,,,,,,,,,,,,,,,,,,,,,,,,,,,,,,,,,,,,,,,,,,,,,,,,,,,,,,,,,,,,,,,,,,,,,,,,,,,,,,,,,,,,,,,,,,,,,,,,,,,,,,,,,,,,,,,,,,,,,,,,,,,,,,,,,,,,,,,,,,,,
51,31,31,34,27,25,28,23,26,30,33,41,46,45,36,37,39,28,27,30,29,26,28,29,44,41,42,47,35,38,39,31,27,26,29,28,30,26,46,46,44,37,39,38,37,28,28,28,31,30,30,36,47,43,40,37,40,39,28,26,28,26,25,24,22,,,,,,,,,,,,,,,,,,,,,,,,,,,,,,,,,,,,,,,,,,,,,,,,,,,,,,,,,,,,,,,,,,,,,,,,,,,,,,,,,,,,,,,,,,,,,,,,,,,,,,,,,,,,,,,,,,,,,,,,,,,,,,,,,,,,,,,,,,,,,,,,,,,,,,,,,,,,,,,,,,,,,,,,,,,,,,,,,,,,,,,,,,,,,,,,
52,28,28,33,23,24,25,25,27,24,28,40,40,36,35,33,32,34,25,27,23,25,27,28,33,38,40,41,31,36,36,37,25,25,25,26,25,28,31,39,37,39,36,33,34,26,26,25,25,25,27,26,37,37,41,38,35,33,31,27,25,22,21,23,18,,,,,,,,,,,,,,,,,,,,,,,,,,,,,,,,,,,,,,,,,,,,,,,,,,,,,,,,,,,,,,,,,,,,,,,,,,,,,,,,,,,,,,,,,,,,,,,,,,,,,,,,,,,,,,,,,,,,,,,,,,,,,,,,,,,,,,,,,,,,,,,,,,,,,,,,,,,,,,,,,,,,,,,,,,,,,,,,,,,,,,,,,,,,,,,,
53,33,31,34,33,29,28,28,29,31,31,37,52,52,41,41,40,40,26,35,32,30,31,31,29,44,44,50,44,40,43,40,27,31,29,28,30,30,28,46,47,51,42,39,37,42,28,31,31,28,30,31,36,47,48,44,44,41,37,39,30,25,27,24,24,,,,,,,,,,,,,,,,,,,,,,,,,,,,,,,,,,,,,,,,,,,,,,,,,,,,,,,,,,,,,,,,,,,,,,,,,,,,,,,,,,,,,,,,,,,,,,,,,,,,,,,,,,,,,,,,,,,,,,,,,,,,,,,,,,,,,,,,,,,,,,,,,,,,,,,,,,,,,,,,,,,,,,,,,,,,,,,,,,,,,,,,,,,,,,,,
54,35,30,35,37,27,27,28,26,27,29,29,45,46,44,44,37,32,39,33,30,31,28,30,28,27,40,43,43,34,43,36,43,25,33,29,26,25,26,33,48,41,47,37,41,35,28,27,29,30,31,31,28,43,41,43,37,36,34,36,28,30,27,25,20,,,,,,,,,,,,,,,,,,,,,,,,,,,,,,,,,,,,,,,,,,,,,,,,,,,,,,,,,,,,,,,,,,,,,,,,,,,,,,,,,,,,,,,,,,,,,,,,,,,,,,,,,,,,,,,,,,,,,,,,,,,,,,,,,,,,,,,,,,,,,,,,,,,,,,,,,,,,,,,,,,,,,,,,,,,,,,,,,,,,,,,,,,,,,,,,
55,37,35,32,38,42,31,28,28,29,27,29,34,48,50,45,42,43,44,39,30,27,30,28,28,28,41,48,44,53,44,42,40,30,31,31,29,31,33,33,44,46,48,43,41,40,42,31,29,28,32,34,27,31,46,49,45,37,42,45,41,26,25,24,26,,,,,,,,,,,,,,,,,,,,,,,,,,,,,,,,,,,,,,,,,,,,,,,,,,,,,,,,,,,,,,,,,,,,,,,,,,,,,,,,,,,,,,,,,,,,,,,,,,,,,,,,,,,,,,,,,,,,,,,,,,,,,,,,,,,,,,,,,,,,,,,,,,,,,,,,,,,,,,,,,,,,,,,,,,,,,,,,,,,,,,,,,,,,,,,,
56,25,22,22,22,23,26,25,23,37,38,46,35,32,36,31,23,28,25,24,26,26,29,39,38,39,36,32,35,27,28,26,26,24,26,22,37,39,41,39,34,37,33,26,25,25,26,25,29,26,42,41,36,37,32,33,34,23,28,27,23,23,21,25,31,,,,,,,,,,,,,,,,,,,,,,,,,,,,,,,,,,,,,,,,,,,,,,,,,,,,,,,,,,,,,,,,,,,,,,,,,,,,,,,,,,,,,,,,,,,,,,,,,,,,,,,,,,,,,,,,,,,,,,,,,,,,,,,,,,,,,,,,,,,,,,,,,,,,,,,,,,,,,,,,,,,,,,,,,,,,,,,,,,,,,,,,,,,,,,,,
57,30,25,23,27,24,25,26,24,38,44,43,43,39,37,38,27,25,26,25,24,25,26,41,46,43,43,35,38,35,26,27,28,26,26,26,35,43,43,40,38,37,37,33,27,27,30,26,27,26,43,43,49,41,40,34,34,29,28,26,26,25,25,25,34,,,,,,,,,,,,,,,,,,,,,,,,,,,,,,,,,,,,,,,,,,,,,,,,,,,,,,,,,,,,,,,,,,,,,,,,,,,,,,,,,,,,,,,,,,,,,,,,,,,,,,,,,,,,,,,,,,,,,,,,,,,,,,,,,,,,,,,,,,,,,,,,,,,,,,,,,,,,,,,,,,,,,,,,,,,,,,,,,,,,,,,,,,,,,,,,
58,29,31,22,28,22,25,27,26,27,41,37,39,35,35,32,35,27,25,28,26,26,25,32,42,39,38,32,35,32,25,26,25,27,27,25,25,44,43,40,39,31,36,37,26,29,26,25,24,25,27,41,44,38,37,31,32,37,27,27,22,25,22,22,26,,,,,,,,,,,,,,,,,,,,,,,,,,,,,,,,,,,,,,,,,,,,,,,,,,,,,,,,,,,,,,,,,,,,,,,,,,,,,,,,,,,,,,,,,,,,,,,,,,,,,,,,,,,,,,,,,,,,,,,,,,,,,,,,,,,,,,,,,,,,,,,,,,,,,,,,,,,,,,,,,,,,,,,,,,,,,,,,,,,,,,,,,,,,,,,,
59,26,25,29,23,25,25,24,25,23,33,36,44,38,31,32,35,24,24,24,25,25,25,23,37,39,38,38,30,34,33,25,25,26,26,25,26,23,41,40,37,37,29,33,31,25,26,24,25,28,24,33,38,42,44,31,32,32,26,26,23,23,23,22,21,,,,,,,,,,,,,,,,,,,,,,,,,,,,,,,,,,,,,,,,,,,,,,,,,,,,,,,,,,,,,,,,,,,,,,,,,,,,,,,,,,,,,,,,,,,,,,,,,,,,,,,,,,,,,,,,,,,,,,,,,,,,,,,,,,,,,,,,,,,,,,,,,,,,,,,,,,,,,,,,,,,,,,,,,,,,,,,,,,,,,,,,,,,,,,,,
60,29,27,30,24,22,23,23,26,26,25,39,38,39,33,33,33,38,25,25,25,22,26,24,31,38,40,38,32,30,35,34,27,23,26,25,23,23,32,38,37,39,31,34,31,25,27,24,28,26,25,25,40,39,38,35,31,35,32,24,21,22,21,20,20,,,,,,,,,,,,,,,,,,,,,,,,,,,,,,,,,,,,,,,,,,,,,,,,,,,,,,,,,,,,,,,,,,,,,,,,,,,,,,,,,,,,,,,,,,,,,,,,,,,,,,,,,,,,,,,,,,,,,,,,,,,,,,,,,,,,,,,,,,,,,,,,,,,,,,,,,,,,,,,,,,,,,,,,,,,,,,,,,,,,,,,,,,,,,,,,
61,24,23,25,26,24,20,21,22,22,23,25,33,35,34,29,28,29,23,22,22,21,23,22,21,34,34,33,33,31,26,29,22,23,21,23,22,22,24,29,34,35,28,27,30,29,21,24,24,24,21,22,26,35,37,37,29,28,28,27,24,22,21,20,18,,,,,,,,,,,,,,,,,,,,,,,,,,,,,,,,,,,,,,,,,,,,,,,,,,,,,,,,,,,,,,,,,,,,,,,,,,,,,,,,,,,,,,,,,,,,,,,,,,,,,,,,,,,,,,,,,,,,,,,,,,,,,,,,,,,,,,,,,,,,,,,,,,,,,,,,,,,,,,,,,,,,,,,,,,,,,,,,,,,,,,,,,,,,,,,,
62,33,27,28,29,22,23,25,25,22,24,25,35,38,38,33,33,29,30,23,26,27,27,23,23,24,36,37,38,37,34,30,31,26,22,24,25,23,24,29,37,35,36,33,29,35,25,26,22,25,25,26,23,38,39,35,32,30,33,32,24,22,23,22,19,,,,,,,,,,,,,,,,,,,,,,,,,,,,,,,,,,,,,,,,,,,,,,,,,,,,,,,,,,,,,,,,,,,,,,,,,,,,,,,,,,,,,,,,,,,,,,,,,,,,,,,,,,,,,,,,,,,,,,,,,,,,,,,,,,,,,,,,,,,,,,,,,,,,,,,,,,,,,,,,,,,,,,,,,,,,,,,,,,,,,,,,,,,,,,,,
63,31,30,29,29,34,25,23,23,22,25,25,29,38,38,34,31,33,31,32,25,23,25,25,24,24,31,39,38,37,31,32,34,24,25,24,27,24,25,26,38,38,41,41,33,35,34,27,25,26,26,26,23,21,40,39,38,29,31,30,32,22,23,21,21,,,,,,,,,,,,,,,,,,,,,,,,,,,,,,,,,,,,,,,,,,,,,,,,,,,,,,,,,,,,,,,,,,,,,,,,,,,,,,,,,,,,,,,,,,,,,,,,,,,,,,,,,,,,,,,,,,,,,,,,,,,,,,,,,,,,,,,,,,,,,,,,,,,,,,,,,,,,,,,,,,,,,,,,,,,,,,,,,,,,,,,,,,,,,,,,
,,,,,,,,,,,,,,,,,,,,,,,,,,,,,,,,,,,,,,,,,,,,,,,,,,,,,,,,,,,,,,,,,,,,,,,,,,,,,,,,,,,,,,,,,,,,,,,,,,,,,,,,,,,,,,,,,,,,,,,,,,,,,,,,,,,,,,,,,,,,,,,,,,,,,,,,,,,,,,,,,,,,,,,,,,,,,,,,,,,,,,,,,,,,,,,,,,,,,,,,,,,,,,,,,,,,,,,,,,,,,,,,,,,,,,,,,,,,,,,,,,,,,,,,,,,,,,,,
value,0,1,2,3,4,5,6,7,8,9,10,11,12,13,14,15,16,17,18,19,20,21,22,23,24,25,26,27,28,29,30,31,32,33,34,35,36,37,38,39,40,41,42,43,44,45,46,47,48,49,50,51,52,53,54,55,56,57,58,59,60,61,62,63,64,65,66,67,68,69,70,71,72,73,74,75,76,77,78,79,80,81,82,83,84,85,86,87,88,89,90,91,92,93,94,95,96,97,98,99,100,101,102,103,104,105,106,107,108,109,110,111,112,113,114,115,116,117,118,119,120,121,122,123,124,125,126,127,128,129,130,131,132,133,134,135,136,137,138,139,140,141,142,143,144,145,146,147,148,149,150,151,152,153,154,155,156,157,158,159,160,161,162,163,164,165,166,167,168,169,170,171,172,173,174,175,176,177,178,179,180,181,182,183,184,185,186,187,188,189,190,191,192,193,194,195,196,197,198,199,200,201,202,203,204,205,206,207,208,209,210,211,212,213,214,215,216,217,218,219,220,221,222,223,224,225,226,227,228,229,230,231,232,233,234,235,236,237,238,239,240,241,242,243,244,245,246,247,248,249,250,251,252,253,254,255
count,0,0,0,0,0,0,0,0,0,0,0,0,0,0,0,0,1,2,9,17,44,63,101,141,173,223,262,248,291,232,222,180,153,143,125,108,147,133,123,128,128,98,93,111,102,76,55,49,27,22,19,14,15,7,6,2,1,1,1,0,0,0,0,0,0,0,0,0,0,0,0,0,0,0,0,0,0,0,0,0,0,0,0,0,0,0,0,0,0,0,0,0,0,0,0,0,0,0,0,0,0,0,0,0,0,0,0,0,0,0,0,0,0,0,0,0,0,0,0,0,0,0,0,0,0,0,0,0,0,0,0,0,0,0,0,0,0,0,0,0,0,0,0,0,0,0,0,0,0,0,0,0,0,0,0,0,0,0,0,0,0,0,0,0,0,0,0,0,0,0,0,0,0,0,0,0,0,0,0,0,0,0,0,0,0,0,0,0,0,0,0,0,0,0,0,0,0,0,0,0,0,0,0,0,0,0,0,0,0,0,0,0,0,0,0,0,0,0,0,0,0,0,0,0,0,0,0,0,0,0,0,0,0,0,0,0,0,0,0,0,0,0,0,0,0,0,0,0,0,0,0,0,0,0,0,0
