0,,,,,,,,,,,,,,,,,,,,,,,,,,,,,,,,,,,,,,,,,,,,,,,,,,,,,,,,,,,,,,,,,,,,,,,,,,,,,,,,,,,,,,,,,,,,,,,,,,,,,,,,,,,,,,,,,,,,,,,,,,,,,,,,,,,,,,,,,,,,,,,,,,,,,,,,,,,,,,,,,,,,,,,,,,,,,,,,,,,,,,,,,,,,,,,,,,,,,,,,,,,,,,,,,,,,,,,,,,,,,,,,,,,,,,,,,,,,,,,,,,,,,,,,,,,,,,,,
,0,1,2,3,4,5,6,7,8,9,10,11,12,13,14,15,16,17,18,19,20,21,22,23,24,25,26,27,28,29,30,31,32,33,34,35,36,37,38,39,40,41,42,43,44,45,46,47,48,49,50,51,52,53,54,55,56,57,58,59,60,61,62,63,,,,,,,,,,,,,,,,,,,,,,,,,,,,,,,,,,,,,,,,,,,,,,,,,,,,,,,,,,,,,,,,,,,,,,,,,,,,,,,,,,,,,,,,,,,,,,,,,,,,,,,,,,,,,,,,,,,,,,,,,,,,,,,,,,,,,,,,,,,,,,,,,,,,,,,,,,,,,,,,,,,,,,,,,,,,,,,,,,,,,,,,,,,,,,,,
0,0,1,2,3,4,5,6,7,8,9,10,11,12,13,14,15,16,17,18,19,20,21,22,23,24,25,26,27,28,29,30,31,32,33,34,35,36,37,38,39,40,41,42,43,44,45,46,47,48,49,50,51,52,53,54,55,56,57,58,59,60,61,62,63,,,,,,,,,,,,,,,,,,,,,,,,,,,,,,,,,,,,,,,,,,,,,,,,,,,,,,,,,,,,,,,,,,,,,,,,,,,,,,,,,,,,,,,,,,,,,,,,,,,,,,,,,,,,,,,,,,,,,,,,,,,,,,,,,,,,,,,,,,,,,,,,,,,,,,,,,,,,,,,,,,,,,,,,,,,,,,,,,,,,,,,,,,,,,,,,
1,64,65,66,67,68,69,70,71,72,73,74,75,76,77,78,79,80,81,82,83,84,85,86,87,88,89,90,91,92,93,94,95,96,97,98,99,100,101,102,103,104,105,106,107,108,109,110,111,112,113,114,115,116,117,118,119,120,121,122,123,124,125,126,127,,,,,,,,,,,,,,,,,,,,,,,,,,,,,,,,,,,,,,,,,,,,,,,,,,,,,,,,,,,,,,,,,,,,,,,,,,,,,,,,,,,,,,,,,,,,,,,,,,,,,,,,,,,,,,,,,,,,,,,,,,,,,,,,,,,,,,,,,,,,,,,,,,,,,,,,,,,,,,,,,,,,,,,,,,,,,,,,,,,,,,,,,,,,,,,,
2,128,129,130,131,132,133,134,135,136,137,138,139,140,141,142,143,144,145,146,147,148,149,150,151,152,153,154,155,156,157,158,159,160,161,162,163,164,165,166,167,168,169,170,171,172,173,174,175,176,177,178,179,180,181,182,183,184,185,186,187,188,189,190,191,,,,,,,,,,,,,,,,,,,,,,,,,,,,,,,,,,,,,,,,,,,,,,,,,,,,,,,,,,,,,,,,,,,,,,,,,,,,,,,,,,,,,,,,,,,,,,,,,,,,,,,,,,,,,,,,,,,,,,,,,,,,,,,,,,,,,,,,,,,,,,,,,,,,,,,,,,,,,,,,,,,,,,,,,,,,,,,,,,,,,,,,,,,,,,,,
3,192,193,194,195,196,197,198,199,200,201,202,203,204,205,206,207,208,209,210,211,212,213,214,215,216,217,218,219,220,221,222,223,224,225,226,227,228,229,230,231,232,233,234,235,236,237,238,239,240,241,242,243,244,245,246,247,248,249,250,251,252,253,254,255,,,,,,,,,,,,,,,,,,,,,,,,,,,,,,,,,,,,,,,,,,,,,,,,,,,,,,,,,,,,,,,,,,,,,,,,,,,,,,,,,,,,,,,,,,,,,,,,,,,,,,,,,,,,,,,,,,,,,,,,,,,,,,,,,,,,,,,,,,,,,,,,,,,,,,,,,,,,,,,,,,,,,,,,,,,,,,,,,,,,,,,,,,,,,,,,
4,0,1,2,3,4,5,6,7,8,9,10,11,12,13,14,15,16,17,18,19,20,21,22,23,24,25,26,27,28,29,30,31,32,33,34,35,36,37,38,39,40,41,42,43,44,45,46,47,48,49,50,51,52,53,54,55,56,57,58,59,60,61,62,63,,,,,,,,,,,,,,,,,,,,,,,,,,,,,,,,,,,,,,,,,,,,,,,,,,,,,,,,,,,,,,,,,,,,,,,,,,,,,,,,,,,,,,,,,,,,,,,,,,,,,,,,,,,,,,,,,,,,,,,,,,,,,,,,,,,,,,,,,,,,,,,,,,,,,,,,,,,,,,,,,,,,,,,,,,,,,,,,,,,,,,,,,,,,,,,,
5,64,65,66,67,68,69,70,71,72,73,74,75,76,77,78,79,80,81,82,83,84,85,86,87,88,89,90,91,92,93,94,95,96,97,98,99,100,101,102,103,104,105,106,107,108,109,110,111,112,113,114,115,116,117,118,119,120,121,122,123,124,125,126,127,,,,,,,,,,,,,,,,,,,,,,,,,,,,,,,,,,,,,,,,,,,,,,,,,,,,,,,,,,,,,,,,,,,,,,,,,,,,,,,,,,,,,,,,,,,,,,,,,,,,,,,,,,,,,,,,,,,,,,,,,,,,,,,,,,,,,,,,,,,,,,,,,,,,,,,,,,,,,,,,,,,,,,,,,,,,,,,,,,,,,,,,,,,,,,,,
6,128,129,130,131,132,133,134,135,136,137,138,139,140,141,142,143,144,145,146,147,148,149,150,151,152,153,154,155,156,157,158,159,160,161,162,163,164,165,166,167,168,169,170,171,172,173,174,175,176,177,178,179,180,181,182,183,184,185,186,187,188,189,190,191,,,,,,,,,,,,,,,,,,,,,,,,,,,,,,,,,,,,,,,,,,,,,,,,,,,,,,,,,,,,,,,,,,,,,,,,,,,,,,,,,,,,,,,,,,,,,,,,,,,,,,,,,,,,,,,,,,,,,,,,,,,,,,,,,,,,,,,,,,,,,,,,,,,,,,,,,,,,,,,,,,,,,,,,,,,,,,,,,,,,,,,,,,,,,,,,
7,192,193,194,195,196,197,198,199,200,201,202,203,204,205,206,207,208,209,210,211,212,213,214,215,216,217,218,219,220,221,222,223,224,225,226,227,228,229,230,231,232,233,234,235,236,237,238,239,240,241,242,243,244,245,246,247,248,249,250,251,252,253,254,255,,,,,,,,,,,,,,,,,,,,,,,,,,,,,,,,,,,,,,,,,,,,,,,,,,,,,,,,,,,,,,,,,,,,,,,,,,,,,,,,,,,,,,,,,,,,,,,,,,,,,,,,,,,,,,,,,,,,,,,,,,,,,,,,,,,,,,,,,,,,,,,,,,,,,,,,,,,,,,,,,,,,,,,,,,,,,,,,,,,,,,,,,,,,,,,,
8,0,1,2,3,4,5,6,7,8,9,10,11,12,13,14,15,16,17,18,19,20,21,22,23,24,25,26,27,28,29,30,31,32,33,34,35,36,37,38,39,40,41,42,43,44,45,46,47,48,49,50,51,52,53,54,55,56,57,58,59,60,61,62,63,,,,,,,,,,,,,,,,,,,,,,,,,,,,,,,,,,,,,,,,,,,,,,,,,,,,,,,,,,,,,,,,,,,,,,,,,,,,,,,,,,,,,,,,,,,,,,,,,,,,,,,,,,,,,,,,,,,,,,,,,,,,,,,,,,,,,,,,,,,,,,,,,,,,,,,,,,,,,,,,,,,,,,,,,,,,,,,,,,,,,,,,,,,,,,,,
9,64,65,66,67,68,69,70,71,72,73,74,75,76,77,78,79,80,81,82,83,84,85,86,87,88,89,90,91,92,93,94,95,96,97,98,99,100,101,102,103,104,105,106,107,108,109,110,111,112,113,114,115,116,117,118,119,120,121,122,123,124,125,126,127,,,,,,,,,,,,,,,,,,,,,,,,,,,,,,,,,,,,,,,,,,,,,,,,,,,,,,,,,,,,,,,,,,,,,,,,,,,,,,,,,,,,,,,,,,,,,,,,,,,,,,,,,,,,,,,,,,,,,,,,,,,,,,,,,,,,,,,,,,,,,,,,,,,,,,,,,,,,,,,,,,,,,,,,,,,,,,,,,,,,,,,,,,,,,,,,
10,128,129,130,131,132,133,134,135,136,137,138,139,140,141,142,143,144,145,146,147,148,149,150,151,152,153,154,155,156,157,158,159,160,161,162,163,164,165,166,167,168,169,170,171,172,173,174,175,176,177,178,179,180,181,182,183,184,185,186,187,188,189,190,191,,,,,,,,,,,,,,,,,,,,,,,,,,,,,,,,,,,,,,,,,,,,,,,,,,,,,,,,,,,,,,,,,,,,,,,,,,,,,,,,,,,,,,,,,,,,,,,,,,,,,,,,,,,,,,,,,,,,,,,,,,,,,,,,,,,,,,,,,,,,,,,,,,,,,,,,,,,,,,,,,,,,,,,,,,,,,,,,,,,,,,,,,,,,,,,,
11,192,193,194,195,196,197,198,199,200,201,202,203,204,205,206,207,208,209,210,211,212,213,214,215,216,217,218,219,220,221,222,223,224,225,226,227,228,229,230,231,232,233,234,235,236,237,238,239,240,241,242,243,244,245,246,247,248,249,250,251,252,253,254,255,,,,,,,,,,,,,,,,,,,,,,,,,,,,,,,,,,,,,,,,,,,,,,,,,,,,,,,,,,,,,,,,,,,,,,,,,,,,,,,,,,,,,,,,,,,,,,,,,,,,,,,,,,,,,,,,,,,,,,,,,,,,,,,,,,,,,,,,,,,,,,,,,,,,,,,,,,,,,,,,,,,,,,,,,,,,,,,,,,,,,,,,,,,,,,,,
12,0,1,2,3,4,5,6,7,8,9,10,11,12,13,14,15,16,17,18,19,20,21,22,23,24,25,26,27,28,29,30,31,32,33,34,35,36,37,38,39,40,41,42,43,44,45,46,47,48,49,50,51,52,53,54,55,56,57,58,59,60,61,62,63,,,,,,,,,,,,,,,,,,,,,,,,,,,,,,,,,,,,,,,,,,,,,,,,,,,,,,,,,,,,,,,,,,,,,,,,,,,,,,,,,,,,,,,,,,,,,,,,,,,,,,,,,,,,,,,,,,,,,,,,,,,,,,,,,,,,,,,,,,,,,,,,,,,,,,,,,,,,,,,,,,,,,,,,,,,,,,,,,,,,,,,,,,,,,,,,
13,64,65,66,67,68,69,70,71,72,73,74,75,76,77,78,79,80,81,82,83,84,85,86,87,88,89,90,91,92,93,94,95,96,97,98,99,100,101,102,103,104,105,106,107,108,109,110,111,112,113,114,115,116,117,118,119,120,121,122,123,124,125,126,127,,,,,,,,,,,,,,,,,,,,,,,,,,,,,,,,,,,,,,,,,,,,,,,,,,,,,,,,,,,,,,,,,,,,,,,,,,,,,,,,,,,,,,,,,,,,,,,,,,,,,,,,,,,,,,,,,,,,,,,,,,,,,,,,,,,,,,,,,,,,,,,,,,,,,,,,,,,,,,,,,,,,,,,,,,,,,,,,,,,,,,,,,,,,,,,,
14,128,129,130,131,132,133,134,135,136,137,138,139,140,141,142,143,144,145,146,147,148,149,150,151,152,153,154,155,156,157,158,159,160,161,162,163,164,165,166,167,168,169,170,171,172,173,174,175,176,177,178,179,180,181,182,183,184,185,186,187,188,189,190,191,,,,,,,,,,,,,,,,,,,,,,,,,,,,,,,,,,,,,,,,,,,,,,,,,,,,,,,,,,,,,,,,,,,,,,,,,,,,,,,,,,,,,,,,,,,,,,,,,,,,,,,,,,,,,,,,,,,,,,,,,,,,,,,,,,,,,,,,,,,,,,,,,,,,,,,,,,,,,,,,,,,,,,,,,,,,,,,,,,,,,,,,,,,,,,,,
15,192,193,194,195,196,197,198,199,200,201,202,203,204,205,206,207,208,209,210,211,212,213,214,215,216,217,218,219,220,221,222,223,224,225,226,227,228,229,230,231,232,233,234,235,236,237,238,239,240,241,242,243,244,245,246,247,248,249,250,251,252,253,254,255,,,,,,,,,,,,,,,,,,,,,,,,,,,,,,,,,,,,,,,,,,,,,,,,,,,,,,,,,,,,,,,,,,,,,,,,,,,,,,,,,,,,,,,,,,,,,,,,,,,,,,,,,,,,,,,,,,,,,,,,,,,,,,,,,,,,,,,,,,,,,,,,,,,,,,,,,,,,,,,,,,,,,,,,,,,,,,,,,,,,,,,,,,,,,,,,
16,0,1,2,3,4,5,6,7,8,9,10,11,12,13,14,15,16,17,18,19,20,21,22,23,24,25,26,27,28,29,30,31,32,33,34,35,36,37,38,39,40,41,42,43,44,45,46,47,48,49,50,51,52,53,54,55,56,57,58,59,60,61,62,63,,,,,,,,,,,,,,,,,,,,,,,,,,,,,,,,,,,,,,,,,,,,,,,,,,,,,,,,,,,,,,,,,,,,,,,,,,,,,,,,,,,,,,,,,,,,,,,,,,,,,,,,,,,,,,,,,,,,,,,,,,,,,,,,,,,,,,,,,,,,,,,,,,,,,,,,,,,,,,,,,,,,,,,,,,,,,,,,,,,,,,,,,,,,,,,,
17,64,65,66,67,68,69,70,71,72,73,74,75,76,77,78,79,80,81,82,83,84,85,86,87,88,89,90,91,92,93,94,95,96,97,98,99,100,101,102,103,104,105,106,107,108,109,110,111,112,113,114,115,116,117,118,119,120,121,122,123,124,125,126,127,,,,,,,,,,,,,,,,,,,,,,,,,,,,,,,,,,,,,,,,,,,,,,,,,,,,,,,,,,,,,,,,,,,,,,,,,,,,,,,,,,,,,,,,,,,,,,,,,,,,,,,,,,,,,,,,,,,,,,,,,,,,,,,,,,,,,,,,,,,,,,,,,,,,,,,,,,,,,,,,,,,,,,,,,,,,,,,,,,,,,,,,,,,,,,,,
18,128,129,130,131,132,133,134,135,136,137,138,139,140,141,142,143,144,145,146,147,148,149,150,151,152,153,154,155,156,157,158,159,160,161,162,163,164,165,166,167,168,169,170,171,172,173,174,175,176,177,178,179,180,181,182,183,184,185,186,187,188,189,190,191,,,,,,,,,,,,,,,,,,,,,,,,,,,,,,,,,,,,,,,,,,,,,,,,,,,,,,,,,,,,,,,,,,,,,,,,,,,,,,,,,,,,,,,,,,,,,,,,,,,,,,,,,,,,,,,,,,,,,,,,,,,,,,,,,,,,,,,,,,,,,,,,,,,,,,,,,,,,,,,,,,,,,,,,,,,,,,,,,,,,,,,,,,,,,,,,
19,192,193,194,195,196,197,198,199,200,201,202,203,204,205,206,207,208,209,210,211,212,213,214,215,216,217,218,219,220,221,222,223,224,225,226,227,228,229,230,231,232,233,234,235,236,237,238,239,240,241,242,243,244,245,246,247,248,249,250,251,252,253,254,255,,,,,,,,,,,,,,,,,,,,,,,,,,,,,,,,,,,,,,,,,,,,,,,,,,,,,,,,,,,,,,,,,,,,,,,,,,,,,,,,,,,,,,,,,,,,,,,,,,,,,,,,,,,,,,,,,,,,,,,,,,,,,,,,,,,,,,,,,,,,,,,,,,,,,,,,,,,,,,,,,,,,,,,,,,,,,,,,,,,,,,,,,,,,,,,,
20,0,1,2,3,4,5,6,7,8,9,10,11,12,13,14,15,16,17,18,19,20,21,22,23,24,25,26,27,28,29,30,31,32,33,34,35,36,37,38,39,40,41,42,43,44,45,46,47,48,49,50,51,52,53,54,55,56,57,58,59,60,61,62,63,,,,,,,,,,,,,,,,,,,,,,,,,,,,,,,,,,,,,,,,,,,,,,,,,,,,,,,,,,,,,,,,,,,,,,,,,,,,,,,,,,,,,,,,,,,,,,,,,,,,,,,,,,,,,,,,,,,,,,,,,,,,,,,,,,,,,,,,,,,,,,,,,,,,,,,,,,,,,,,,,,,,,,,,,,,,,,,,,,,,,,,,,,,,,,,,
21,64,65,66,67,68,69,70,71,72,73,74,75,76,77,78,79,80,81,82,83,84,85,86,87,88,89,90,91,92,93,94,95,96,97,98,99,100,101,102,103,104,105,106,107,108,109,110,111,112,113,114,115,116,117,118,119,120,121,122,123,124,125,126,127,,,,,,,,,,,,,,,,,,,,,,,,,,,,,,,,,,,,,,,,,,,,,,,,,,,,,,,,,,,,,,,,,,,,,,,,,,,,,,,,,,,,,,,,,,,,,,,,,,,,,,,,,,,,,,,,,,,,,,,,,,,,,,,,,,,,,,,,,,,,,,,,,,,,,,,,,,,,,,,,,,,,,,,,,,,,,,,,,,,,,,,,,,,,,,,,
22,128,129,130,131,132,133,134,135,136,137,138,139,140,141,142,143,144,145,146,147,148,149,150,151,152,153,154,155,156,157,158,159,160,161,162,163,164,165,166,167,168,169,170,171,172,173,174,175,176,177,178,179,180,181,182,183,184,185,186,187,188,189,190,191,,,,,,,,,,,,,,,,,,,,,,,,,,,,,,,,,,,,,,,,,,,,,,,,,,,,,,,,,,,,,,,,,,,,,,,,,,,,,,,,,,,,,,,,,,,,,,,,,,,,,,,,,,,,,,,,,,,,,,,,,,,,,,,,,,,,,,,,,,,,,,,,,,,,,,,,,,,,,,,,,,,,,,,,,,,,,,,,,,,,,,,,,,,,,,,,
23,192,193,194,195,196,197,198,199,200,201,202,203,204,205,206,207,208,209,210,211,212,213,214,215,216,217,218,219,220,221,222,223,224,225,226,227,228,229,230,231,232,233,234,235,236,237,238,239,240,241,242,243,244,245,246,247,248,249,250,251,252,253,254,255,,,,,,,,,,,,,,,,,,,,,,,,,,,,,,,,,,,,,,,,,,,,,,,,,,,,,,,,,,,,,,,,,,,,,,,,,,,,,,,,,,,,,,,,,,,,,,,,,,,,,,,,,,,,,,,,,,,,,,,,,,,,,,,,,,,,,,,,,,,,,,,,,,,,,,,,,,,,,,,,,,,,,,,,,,,,,,,,,,,,,,,,,,,,,,,,
24,0,1,2,3,4,5,6,7,8,9,10,11,12,13,14,15,16,17,18,19,20,21,22,23,24,25,26,27,28,29,30,31,32,33,34,35,36,37,38,39,40,41,42,43,44,45,46,47,48,49,50,51,52,53,54,55,56,57,58,59,60,61,62,63,,,,,,,,,,,,,,,,,,,,,,,,,,,,,,,,,,,,,,,,,,,,,,,,,,,,,,,,,,,,,,,,,,,,,,,,,,,,,,,,,,,,,,,,,,,,,,,,,,,,,,,,,,,,,,,,,,,,,,,,,,,,,,,,,,,,,,,,,,,,,,,,,,,,,,,,,,,,,,,,,,,,,,,,,,,,,,,,,,,,,,,,,,,,,,,,
25,64,65,66,67,68,69,70,71,72,73,74,75,76,77,78,79,80,81,82,83,84,85,86,87,88,89,90,91,92,93,94,95,96,97,98,99,100,101,102,103,104,105,106,107,108,109,110,111,112,113,114,115,116,117,118,119,120,121,122,123,124,125,126,127,,,,,,,,,,,,,,,,,,,,,,,,,,,,,,,,,,,,,,,,,,,,,,,,,,,,,,,,,,,,,,,,,,,,,,,,,,,,,,,,,,,,,,,,,,,,,,,,,,,,,,,,,,,,,,,,,,,,,,,,,,,,,,,,,,,,,,,,,,,,,,,,,,,,,,,,,,,,,,,,,,,,,,,,,,,,,,,,,,,,,,,,,,,,,,,,
26,128,129,130,131,132,133,134,135,136,137,138,139,140,141,142,143,144,145,146,147,148,149,150,151,152,153,154,155,156,157,158,159,160,161,162,163,164,165,166,167,168,169,170,171,172,173,174,175,176,177,178,179,180,181,182,183,184,185,186,187,188,189,190,191,,,,,,,,,,,,,,,,,,,,,,,,,,,,,,,,,,,,,,,,,,,,,,,,,,,,,,,,,,,,,,,,,,,,,,,,,,,,,,,,,,,,,,,,,,,,,,,,,,,,,,,,,,,,,,,,,,,,,,,,,,,,,,,,,,,,,,,,,,,,,,,,,,,,,,,,,,,,,,,,,,,,,,,,,,,,,,,,,,,,,,,,,,,,,,,,
27,192,193,194,195,196,197,198,199,200,201,202,203,204,205,206,207,208,209,210,211,212,213,214,215,216,217,218,219,220,221,222,223,224,225,226,227,228,229,230,231,232,233,234,235,236,237,238,239,240,241,242,243,244,245,246,247,248,249,250,251,252,253,254,255,,,,,,,,,,,,,,,,,,,,,,,,,,,,,,,,,,,,,,,,,,,,,,,,,,,,,,,,,,,,,,,,,,,,,,,,,,,,,,,,,,,,,,,,,,,,,,,,,,,,,,,,,,,,,,,,,,,,,,,,,,,,,,,,,,,,,,,,,,,,,,,,,,,,,,,,,,,,,,,,,,,,,,,,,,,,,,,,,,,,,,,,,,,,,,,,
28,0,1,2,3,4,5,6,7,8,9,10,11,12,13,14,15,16,17,18,19,20,21,22,23,24,25,26,27,28,29,30,31,32,33,34,35,36,37,38,39,40,41,42,43,44,45,46,47,48,49,50,51,52,53,54,55,56,57,58,59,60,61,62,63,,,,,,,,,,,,,,,,,,,,,,,,,,,,,,,,,,,,,,,,,,,,,,,,,,,,,,,,,,,,,,,,,,,,,,,,,,,,,,,,,,,,,,,,,,,,,,,,,,,,,,,,,,,,,,,,,,,,,,,,,,,,,,,,,,,,,,,,,,,,,,,,,,,,,,,,,,,,,,,,,,,,,,,,,,,,,,,,,,,,,,,,,,,,,,,,
29,64,65,66,67,68,69,70,71,72,73,74,75,76,77,78,79,80,81,82,83,84,85,86,87,88,89,90,91,92,93,94,95,96,97,98,99,100,101,102,103,104,105,106,107,108,109,110,111,112,113,114,115,116,117,118,119,120,121,122,123,124,125,126,127,,,,,,,,,,,,,,,,,,,,,,,,,,,,,,,,,,,,,,,,,,,,,,,,,,,,,,,,,,,,,,,,,,,,,,,,,,,,,,,,,,,,,,,,,,,,,,,,,,,,,,,,,,,,,,,,,,,,,,,,,,,,,,,,,,,,,,,,,,,,,,,,,,,,,,,,,,,,,,,,,,,,,,,,,,,,,,,,,,,,,,,,,,,,,,,,
30,128,129,130,131,132,133,134,135,136,137,138,139,140,141,142,143,144,145,146,147,148,149,150,151,152,153,154,155,156,157,158,159,160,161,162,163,164,165,166,167,168,169,170,171,172,173,174,175,176,177,178,179,180,181,182,183,184,185,186,187,188,189,190,191,,,,,,,,,,,,,,,,,,,,,,,,,,,,,,,,,,,,,,,,,,,,,,,,,,,,,,,,,,,,,,,,,,,,,,,,,,,,,,,,,,,,,,,,,,,,,,,,,,,,,,,,,,,,,,,,,,,,,,,,,,,,,,,,,,,,,,,,,,,,,,,,,,,,,,,,,,,,,,,,,,,,,,,,,,,,,,,,,,,,,,,,,,,,,,,,
31,192,193,194,195,196,197,198,199,200,201,202,203,204,205,206,207,208,209,210,211,212,213,214,215,216,217,218,219,220,221,222,223,224,225,226,227,228,229,230,231,232,233,234,235,236,237,238,239,240,241,242,243,244,245,246,247,248,249,250,251,252,253,254,255,,,,,,,,,,,,,,,,,,,,,,,,,,,,,,,,,,,,,,,,,,,,,,,,,,,,,,,,,,,,,,,,,,,,,,,,,,,,,,,,,,,,,,,,,,,,,,,,,,,,,,,,,,,,,,,,,,,,,,,,,,,,,,,,,,,,,,,,,,,,,,,,,,,,,,,,,,,,,,,,,,,,,,,,,,,,,,,,,,,,,,,,,,,,,,,,
32,0,1,2,3,4,5,6,7,8,9,10,11,12,13,14,15,16,17,18,19,20,21,22,23,24,25,26,27,28,29,30,31,32,33,34,35,36,37,38,39,40,41,42,43,44,45,46,47,48,49,50,51,52,53,54,55,56,57,58,59,60,61,62,63,,,,,,,,,,,,,,,,,,,,,,,,,,,,,,,,,,,,,,,,,,,,,,,,,,,,,,,,,,,,,,,,,,,,,,,,,,,,,,,,,,,,,,,,,,,,,,,,,,,,,,,,,,,,,,,,,,,,,,,,,,,,,,,,,,,,,,,,,,,,,,,,,,,,,,,,,,,,,,,,,,,,,,,,,,,,,,,,,,,,,,,,,,,,,,,,
33,64,65,66,67,68,69,70,71,72,73,74,75,76,77,78,79,80,81,82,83,84,85,86,87,88,89,90,91,92,93,94,95,96,97,98,99,100,101,102,103,104,105,106,107,108,109,110,111,112,113,114,115,116,117,118,119,120,121,122,123,124,125,126,127,,,,,,,,,,,,,,,,,,,,,,,,,,,,,,,,,,,,,,,,,,,,,,,,,,,,,,,,,,,,,,,,,,,,,,,,,,,,,,,,,,,,,,,,,,,,,,,,,,,,,,,,,,,,,,,,,,,,,,,,,,,,,,,,,,,,,,,,,,,,,,,,,,,,,,,,,,,,,,,,,,,,,,,,,,,,,,,,,,,,,,,,,,,,,,,,
34,128,129,130,131,132,133,134,135,136,137,138,139,140,141,142,143,144,145,146,147,148,149,150,151,152,153,154,155,156,157,158,159,160,161,162,163,164,165,166,167,168,169,170,171,172,173,174,175,176,177,178,179,180,181,182,183,184,185,186,187,188,189,190,191,,,,,,,,,,,,,,,,,,,,,,,,,,,,,,,,,,,,,,,,,,,,,,,,,,,,,,,,,,,,,,,,,,,,,,,,,,,,,,,,,,,,,,,,,,,,,,,,,,,,,,,,,,,,,,,,,,,,,,,,,,,,,,,,,,,,,,,,,,,,,,,,,,,,,,,,,,,,,,,,,,,,,,,,,,,,,,,,,,,,,,,,,,,,,,,,
35,192,193,194,195,196,197,198,199,200,201,202,203,204,205,206,207,208,209,210,211,212,213,214,215,216,217,218,219,220,221,222,223,224,225,226,227,228,229,230,231,232,233,234,235,236,237,238,239,240,241,242,243,244,245,246,247,248,249,250,251,252,253,254,255,,,,,,,,,,,,,,,,,,,,,,,,,,,,,,,,,,,,,,,,,,,,,,,,,,,,,,,,,,,,,,,,,,,,,,,,,,,,,,,,,,,,,,,,,,,,,,,,,,,,,,,,,,,,,,,,,,,,,,,,,,,,,,,,,,,,,,,,,,,,,,,,,,,,,,,,,,,,,,,,,,,,,,,,,,,,,,,,,,,,,,,,,,,,,,,,
36,0,1,2,3,4,5,6,7,8,9,10,11,12,13,14,15,16,17,18,19,20,21,22,23,24,25,26,27,28,29,30,31,32,33,34,35,36,37,38,39,40,41,42,43,44,45,46,47,48,49,50,51,52,53,54,55,56,57,58,59,60,61,62,63,,,,,,,,,,,,,,,,,,,,,,,,,,,,,,,,,,,,,,,,,,,,,,,,,,,,,,,,,,,,,,,,,,,,,,,,,,,,,,,,,,,,,,,,,,,,,,,,,,,,,,,,,,,,,,,,,,,,,,,,,,,,,,,,,,,,,,,,,,,,,,,,,,,,,,,,,,,,,,,,,,,,,,,,,,,,,,,,,,,,,,,,,,,,,,,,
37,64,65,66,67,68,69,70,71,72,73,74,75,76,77,78,79,80,81,82,83,84,85,86,87,88,89,90,91,92,93,94,95,96,97,98,99,100,101,102,103,104,105,106,107,108,109,110,111,112,113,114,115,116,117,118,119,120,121,122,123,124,125,126,127,,,,,,,,,,,,,,,,,,,,,,,,,,,,,,,,,,,,,,,,,,,,,,,,,,,,,,,,,,,,,,,,,,,,,,,,,,,,,,,,,,,,,,,,,,,,,,,,,,,,,,,,,,,,,,,,,,,,,,,,,,,,,,,,,,,,,,,,,,,,,,,,,,,,,,,,,,,,,,,,,,,,,,,,,,,,,,,,,,,,,,,,,,,,,,,,
38,128,129,130,131,132,133,134,135,136,137,138,139,140,141,142,143,144,145,146,147,148,149,150,151,152,153,154,155,156,157,158,159,160,161,162,163,164,165,166,167,168,169,170,171,172,173,174,175,176,177,178,179,180,181,182,183,184,185,186,187,188,189,190,191,,,,,,,,,,,,,,,,,,,,,,,,,,,,,,,,,,,,,,,,,,,,,,,,,,,,,,,,,,,,,,,,,,,,,,,,,,,,,,,,,,,,,,,,,,,,,,,,,,,,,,,,,,,,,,,,,,,,,,,,,,,,,,,,,,,,,,,,,,,,,,,,,,,,,,,,,,,,,,,,,,,,,,,,,,,,,,,,,,,,,,,,,,,,,,,,
39,192,193,194,195,196,197,198,199,200,201,202,203,204,205,206,207,208,209,210,211,212,213,214,215,216,217,218,219,220,221,222,223,224,225,226,227,228,229,230,231,232,233,234,235,236,237,238,239,240,241,242,243,244,245,246,247,248,249,250,251,252,253,254,255,,,,,,,,,,,,,,,,,,,,,,,,,,,,,,,,,,,,,,,,,,,,,,,,,,,,,,,,,,,,,,,,,,,,,,,,,,,,,,,,,,,,,,,,,,,,,,,,,,,,,,,,,,,,,,,,,,,,,,,,,,,,,,,,,,,,,,,,,,,,,,,,,,,,,,,,,,,,,,,,,,,,,,,,,,,,,,,,,,,,,,,,,,,,,,,,
40,0,1,2,3,4,5,6,7,8,9,10,11,12,13,14,15,16,17,18,19,20,21,22,23,24,25,26,27,28,29,30,31,32,33,34,35,36,37,38,39,40,41,42,43,44,45,46,47,48,49,50,51,52,53,54,55,56,57,58,59,60,61,62,63,,,,,,,,,,,,,,,,,,,,,,,,,,,,,,,,,,,,,,,,,,,,,,,,,,,,,,,,,,,,,,,,,,,,,,,,,,,,,,,,,,,,,,,,,,,,,,,,,,,,,,,,,,,,,,,,,,,,,,,,,,,,,,,,,,,,,,,,,,,,,,,,,,,,,,,,,,,,,,,,,,,,,,,,,,,,,,,,,,,,,,,,,,,,,,,,
41,64,65,66,67,68,69,70,71,72,73,74,75,76,77,78,79,80,81,82,83,84,85,86,87,88,89,90,91,92,93,94,95,96,97,98,99,100,101,102,103,104,105,106,107,108,109,110,111,112,113,114,115,116,117,118,119,120,121,122,123,124,125,126,127,,,,,,,,,,,,,,,,,,,,,,,,,,,,,,,,,,,,,,,,,,,,,,,,,,,,,,,,,,,,,,,,,,,,,,,,,,,,,,,,,,,,,,,,,,,,,,,,,,,,,,,,,,,,,,,,,,,,,,,,,,,,,,,,,,,,,,,,,,,,,,,,,,,,,,,,,,,,,,,,,,,,,,,,,,,,,,,,,,,,,,,,,,,,,,,,
42,128,129,130,131,132,133,134,135,136,137,138,139,140,141,142,143,144,145,146,147,148,149,150,151,152,153,154,155,156,157,158,159,160,161,162,163,164,165,166,167,168,169,170,171,172,173,174,175,176,177,178,179,180,181,182,183,184,185,186,187,188,189,190,191,,,,,,,,,,,,,,,,,,,,,,,,,,,,,,,,,,,,,,,,,,,,,,,,,,,,,,,,,,,,,,,,,,,,,,,,,,,,,,,,,,,,,,,,,,,,,,,,,,,,,,,,,,,,,,,,,,,,,,,,,,,,,,,,,,,,,,,,,,,,,,,,,,,,,,,,,,,,,,,,,,,,,,,,,,,,,,,,,,,,,,,,,,,,,,,,
43,192,193,194,195,196,197,198,199,200,201,202,203,204,205,206,207,208,209,210,211,212,213,214,215,216,217,218,219,220,221,222,223,224,225,226,227,228,229,230,231,232,233,234,235,236,237,238,239,240,241,242,243,244,245,246,247,248,249,250,251,252,253,254,255,,,,,,,,,,,,,,,,,,,,,,,,,,,,,,,,,,,,,,,,,,,,,,,,,,,,,,,,,,,,,,,,,,,,,,,,,,,,,,,,,,,,,,,,,,,,,,,,,,,,,,,,,,,,,,,,,,,,,,,,,,,,,,,,,,,,,,,,,,,,,,,,,,,,,,,,,,,,,,,,,,,,,,,,,,,,,,,,,,,,,,,,,,,,,,,,
44,0,1,2,3,4,5,6,7,8,9,10,11,12,13,14,15,16,17,18,19,20,21,22,23,24,25,26,27,28,29,30,31,32,33,34,35,36,37,38,39,40,41,42,43,44,45,46,47,48,49,50,51,52,53,54,55,56,57,58,59,60,61,62,63,,,,,,,,,,,,,,,,,,,,,,,,,,,,,,,,,,,,,,,,,,,,,,,,,,,,,,,,,,,,,,,,,,,,,,,,,,,,,,,,,,,,,,,,,,,,,,,,,,,,,,,,,,,,,,,,,,,,,,,,,,,,,,,,,,,,,,,,,,,,,,,,,,,,,,,,,,,,,,,,,,,,,,,,,,,,,,,,,,,,,,,,,,,,,,,,
45,64,65,66,67,68,69,70,71,72,73,74,75,76,77,78,79,80,81,82,83,84,85,86,87,88,89,90,91,92,93,94,95,96,97,98,99,100,101,102,103,104,105,106,107,108,109,110,111,112,113,114,115,116,117,118,119,120,121,122,123,124,125,126,127,,,,,,,,,,,,,,,,,,,,,,,,,,,,,,,,,,,,,,,,,,,,,,,,,,,,,,,,,,,,,,,,,,,,,,,,,,,,,,,,,,,,,,,,,,,,,,,,,,,,,,,,,,,,,,,,,,,,,,,,,,,,,,,,,,,,,,,,,,,,,,,,,,,,,,,,,,,,,,,,,,,,,,,,,,,,,,,,,,,,,,,,,,,,,,,,
46,128,129,130,131,132,133,134,135,136,137,138,139,140,141,142,143,144,145,146,147,148,149,150,151,152,153,154,155,156,157,158,159,160,161,162,163,164,165,166,167,168,169,170,171,172,173,174,175,176,177,178,179,180,181,182,183,184,185,186,187,188,189,190,191,,,,,,,,,,,,,,,,,,,,,,,,,,,,,,,,,,,,,,,,,,,,,,,,,,,,,,,,,,,,,,,,,,,,,,,,,,,,,,,,,,,,,,,,,,,,,,,,,,,,,,,,,,,,,,,,,,,,,,,,,,,,,,,,,,,,,,,,,,,,,,,,,,,,,,,,,,,,,,,,,,,,,,,,,,,,,,,,,,,,,,,,,,,,,,,,
47,192,193,194,195,196,197,198,199,200,201,202,203,204,205,206,207,208,209,210,211,212,213,214,215,216,217,218,219,220,221,222,223,224,225,226,227,228,229,230,231,232,233,234,235,236,237,238,239,240,241,242,243,244,245,246,247,248,249,250,251,252,253,254,255,,,,,,,,,,,,,,,,,,,,,,,,,,,,,,,,,,,,,,,,,,,,,,,,,,,,,,,,,,,,,,,,,,,,,,,,,,,,,,,,,,,,,,,,,,,,,,,,,,,,,,,,,,,,,,,,,,,,,,,,,,,,,,,,,,,,,,,,,,,,,,,,,,,,,,,,,,,,,,,,,,,,,,,,,,,,,,,,,,,,,,,,,,,,,,,,
48,0,1,2,3,4,5,6,7,8,9,10,11,12,13,14,15,16,17,18,19,20,21,22,23,24,25,26,27,28,29,30,31,32,33,34,35,36,37,38,39,40,41,42,43,44,45,46,47,48,49,50,51,52,53,54,55,56,57,58,59,60,61,62,63,,,,,,,,,,,,,,,,,,,,,,,,,,,,,,,,,,,,,,,,,,,,,,,,,,,,,,,,,,,,,,,,,,,,,,,,,,,,,,,,,,,,,,,,,,,,,,,,,,,,,,,,,,,,,,,,,,,,,,,,,,,,,,,,,,,,,,,,,,,,,,,,,,,,,,,,,,,,,,,,,,,,,,,,,,,,,,,,,,,,,,,,,,,,,,,,
49,64,65,66,67,68,69,70,71,72,73,74,75,76,77,78,79,80,81,82,83,84,85,86,87,88,89,90,91,92,93,94,95,96,97,98,99,100,101,102,103,104,105,106,107,108,109,110,111,112,113,114,115,116,117,118,119,120,121,122,123,124,125,126,127,,,,,,,,,,,,,,,,,,,,,,,,,,,,,,,,,,,,,,,,,,,,,,,,,,,,,,,,,,,,,,,,,,,,,,,,,,,,,,,,,,,,,,,,,,,,,,,,,,,,,,,,,,,,,,,,,,,,,,,,,,,,,,,,,,,,,,,,,,,,,,,,,,,,,,,,,,,,,,,,,,,,,,,,,,,,,,,,,,,,,,,,,,,,,,,,
50,128,129,130,131,132,133,134,135,136,137,138,139,140,141,142,143,144,145,146,147,148,149,150,151,152,153,154,155,156,157,158,159,160,161,162,163,164,165,166,167,168,169,170,171,172,173,174,175,176,177,178,179,180,181,182,183,184,185,186,187,188,189,190,191,,,,,,,,,,,,,,,,,,,,,,,,,,,,,,,,,,,,,,,,,,,,,,,,,,,,,,,,,,,,,,,,,,,,,,,,,,,,,,,,,,,,,,,,,,,,,,,,,,,,,,,,,,,,,,,,,,,,,,,,,,,,,,,,,,,,,,,,,,,,,,,,,,,,,,,,,,,,,,,,,,,,,,,,,,,,,,,,,,,,,,,,,,,,,,,,
51,192,193,194,195,196,197,198,199,200,201,202,203,204,205,206,207,208,209,210,211,212,213,214,215,216,217,218,219,220,221,222,223,224,225,226,227,228,229,230,231,232,233,234,235,236,237,238,239,240,241,242,243,244,245,246,247,248,249,250,251,252,253,254,255,,,,,,,,,,,,,,,,,,,,,,,,,,,,,,,,,,,,,,,,,,,,,,,,,,,,,,,,,,,,,,,,,,,,,,,,,,,,,,,,,,,,,,,,,,,,,,,,,,,,,,,,,,,,,,,,,,,,,,,,,,,,,,,,,,,,,,,,,,,,,,,,,,,,,,,,,,,,,,,,,,,,,,,,,,,,,,,,,,,,,,,,,,,,,,,,
52,0,1,2,3,4,5,6,7,8,9,10,11,12,13,14,15,16,17,18,19,20,21,22,23,24,25,26,27,28,29,30,31,32,33,34,35,36,37,38,39,40,41,42,43,44,45,46,47,48,49,50,51,52,53,54,55,56,57,58,59,60,61,62,63,,,,,,,,,,,,,,,,,,,,,,,,,,,,,,,,,,,,,,,,,,,,,,,,,,,,,,,,,,,,,,,,,,,,,,,,,,,,,,,,,,,,,,,,,,,,,,,,,,,,,,,,,,,,,,,,,,,,,,,,,,,,,,,,,,,,,,,,,,,,,,,,,,,,,,,,,,,,,,,,,,,,,,,,,,,,,,,,,,,,,,,,,,,,,,,,
53,64,65,66,67,68,69,70,71,72,73,74,75,76,77,78,79,80,81,82,83,84,85,86,87,88,89,90,91,92,93,94,95,96,97,98,99,100,101,102,103,104,105,106,107,108,109,110,111,112,113,114,115,116,117,118,119,120,121,122,123,124,125,126,127,,,,,,,,,,,,,,,,,,,,,,,,,,,,,,,,,,,,,,,,,,,,,,,,,,,,,,,,,,,,,,,,,,,,,,,,,,,,,,,,,,,,,,,,,,,,,,,,,,,,,,,,,,,,,,,,,,,,,,,,,,,,,,,,,,,,,,,,,,,,,,,,,,,,,,,,,,,,,,,,,,,,,,,,,,,,,,,,,,,,,,,,,,,,,,,,
54,128,129,130,131,132,133,134,135,136,137,138,139,140,141,142,143,144,145,146,147,148,149,150,151,152,153,154,155,156,157,158,159,160,161,162,163,164,165,166,167,168,169,170,171,172,173,174,175,176,177,178,179,180,181,182,183,184,185,186,187,188,189,190,191,,,,,,,,,,,,,,,,,,,,,,,,,,,,,,,,,,,,,,,,,,,,,,,,,,,,,,,,,,,,,,,,,,,,,,,,,,,,,,,,,,,,,,,,,,,,,,,,,,,,,,,,,,,,,,,,,,,,,,,,,,,,,,,,,,,,,,,,,,,,,,,,,,,,,,,,,,,,,,,,,,,,,,,,,,,,,,,,,,,,,,,,,,,,,,,,
55,192,193,194,195,196,197,198,199,200,201,202,203,204,205,206,207,208,209,210,211,212,213,214,215,216,217,218,219,220,221,222,223,224,225,226,227,228,229,230,231,232,233,234,235,236,237,238,239,240,241,242,243,244,245,246,247,248,249,250,251,252,253,254,255,,,,,,,,,,,,,,,,,,,,,,,,,,,,,,,,,,,,,,,,,,,,,,,,,,,,,,,,,,,,,,,,,,,,,,,,,,,,,,,,,,,,,,,,,,,,,,,,,,,,,,,,,,,,,,,,,,,,,,,,,,,,,,,,,,,,,,,,,,,,,,,,,,,,,,,,,,,,,,,,,,,,,,,,,,,,,,,,,,,,,,,,,,,,,,,,
56,0,1,2,3,4,5,6,7,8,9,10,11,12,13,14,15,16,17,18,19,20,21,22,23,24,25,26,27,28,29,30,31,32,33,34,35,36,37,38,39,40,41,42,43,44,45,46,47,48,49,50,51,52,53,54,55,56,57,58,59,60,61,62,63,,,,,,,,,,,,,,,,,,,,,,,,,,,,,,,,,,,,,,,,,,,,,,,,,,,,,,,,,,,,,,,,,,,,,,,,,,,,,,,,,,,,,,,,,,,,,,,,,,,,,,,,,,,,,,,,,,,,,,,,,,,,,,,,,,,,,,,,,,,,,,,,,,,,,,,,,,,,,,,,,,,,,,,,,,,,,,,,,,,,,,,,,,,,,,,,
57,64,65,66,67,68,69,70,71,72,73,74,75,76,77,78,79,80,81,82,83,84,85,86,87,88,89,90,91,92,93,94,95,96,97,98,99,100,101,102,103,104,105,106,107,108,109,110,111,112,113,114,115,116,117,118,119,120,121,122,123,124,125,126,127,,,,,,,,,,,,,,,,,,,,,,,,,,,,,,,,,,,,,,,,,,,,,,,,,,,,,,,,,,,,,,,,,,,,,,,,,,,,,,,,,,,,,,,,,,,,,,,,,,,,,,,,,,,,,,,,,,,,,,,,,,,,,,,,,,,,,,,,,,,,,,,,,,,,,,,,,,,,,,,,,,,,,,,,,,,,,,,,,,,,,,,,,,,,,,,,
58,128,129,130,131,132,133,134,135,136,137,138,139,140,141,142,143,144,145,146,147,148,149,150,151,152,153,154,155,156,157,158,159,160,161,162,163,164,165,166,167,168,169,170,171,172,173,174,175,176,177,178,179,180,181,182,183,184,185,186,187,188,189,190,191,,,,,,,,,,,,,,,,,,,,,,,,,,,,,,,,,,,,,,,,,,,,,,,,,,,,,,,,,,,,,,,,,,,,,,,,,,,,,,,,,,,,,,,,,,,,,,,,,,,,,,,,,,,,,,,,,,,,,,,,,,,,,,,,,,,,,,,,,,,,,,,,,,,,,,,,,,,,,,,,,,,,,,,,,,,,,,,,,,,,,,,,,,,,,,,,
59,192,193,194,195,196,197,198,199,200,201,202,203,204,205,206,207,208,209,210,211,212,213,214,215,216,217,218,219,220,221,222,223,224,225,226,227,228,229,230,231,232,233,234,235,236,237,238,239,240,241,242,243,244,245,246,247,248,249,250,251,252,253,254,255,,,,,,,,,,,,,,,,,,,,,,,,,,,,,,,,,,,,,,,,,,,,,,,,,,,,,,,,,,,,,,,,,,,,,,,,,,,,,,,,,,,,,,,,,,,,,,,,,,,,,,,,,,,,,,,,,,,,,,,,,,,,,,,,,,,,,,,,,,,,,,,,,,,,,,,,,,,,,,,,,,,,,,,,,,,,,,,,,,,,,,,,,,,,,,,,
60,0,1,2,3,4,5,6,7,8,9,10,11,12,13,14,15,16,17,18,19,20,21,22,23,24,25,26,27,28,29,30,31,32,33,34,35,36,37,38,39,40,41,42,43,44,45,46,47,48,49,50,51,52,53,54,55,56,57,58,59,60,61,62,63,,,,,,,,,,,,,,,,,,,,,,,,,,,,,,,,,,,,,,,,,,,,,,,,,,,,,,,,,,,,,,,,,,,,,,,,,,,,,,,,,,,,,,,,,,,,,,,,,,,,,,,,,,,,,,,,,,,,,,,,,,,,,,,,,,,,,,,,,,,,,,,,,,,,,,,,,,,,,,,,,,,,,,,,,,,,,,,,,,,,,,,,,,,,,,,,
61,64,65,66,67,68,69,70,71,72,73,74,75,76,77,78,79,80,81,82,83,84,85,86,87,88,89,90,91,92,93,94,95,96,97,98,99,100,101,102,103,104,105,106,107,108,109,110,111,112,113,114,115,116,117,118,119,120,121,122,123,124,125,126,127,,,,,,,,,,,,,,,,,,,,,,,,,,,,,,,,,,,,,,,,,,,,,,,,,,,,,,,,,,,,,,,,,,,,,,,,,,,,,,,,,,,,,,,,,,,,,,,,,,,,,,,,,,,,,,,,,,,,,,,,,,,,,,,,,,,,,,,,,,,,,,,,,,,,,,,,,,,,,,,,,,,,,,,,,,,,,,,,,,,,,,,,,,,,,,,,
62,128,129,130,131,132,133,134,135,136,137,138,139,140,141,142,143,144,145,146,147,148,149,150,151,152,153,154,155,156,157,158,159,160,161,162,163,164,165,166,167,168,169,170,171,172,173,174,175,176,177,178,179,180,181,182,183,184,185,186,187,188,189,190,191,,,,,,,,,,,,,,,,,,,,,,,,,,,,,,,,,,,,,,,,,,,,,,,,,,,,,,,,,,,,,,,,,,,,,,,,,,,,,,,,,,,,,,,,,,,,,,,,,,,,,,,,,,,,,,,,,,,,,,,,,,,,,,,,,,,,,,,,,,,,,,,,,,,,,,,,,,,,,,,,,,,,,,,,,,,,,,,,,,,,,,,,,,,,,,,,
63,192,193,194,195,196,197,198,199,200,201,202,203,204,205,206,207,208,209,210,211,212,213,214,215,216,217,218,219,220,221,222,223,224,225,226,227,228,229,230,231,232,233,234,235,236,237,238,239,240,241,242,243,244,245,246,247,248,249,250,251,252,253,254,255,,,,,,,,,,,,,,,,,,,,,,,,,,,,,,,,,,,,,,,,,,,,,,,,,,,,,,,,,,,,,,,,,,,,,,,,,,,,,,,,,,,,,,,,,,,,,,,,,,,,,,,,,,,,,,,,,,,,,,,,,,,,,,,,,,,,,,,,,,,,,,,,,,,,,,,,,,,,,,,,,,,,,,,,,,,,,,,,,,,,,,,,,,,,,,,,
,,,,,,,,,,,,,,,,,,,,,,,,,,,,,,,,,,,,,,,,,,,,,,,,,,,,,,,,,,,,,,,,,,,,,,,,,,,,,,,,,,,,,,,,,,,,,,,,,,,,,,,,,,,,,,,,,,,,,,,,,,,,,,,,,,,,,,,,,,,,,,,,,,,,,,,,,,,,,,,,,,,,,,,,,,,,,,,,,,,,,,,,,,,,,,,,,,,,,,,,,,,,,,,,,,,,,,,,,,,,,,,,,,,,,,,,,,,,,,,,,,,,,,,,,,,,,,,,
value,0,1,2,3,4,5,6,7,8,9,10,11,12,13,14,15,16,17,18,19,20,21,22,23,24,25,26,27,28,29,30,31,32,33,34,35,36,37,38,39,40,41,42,43,44,45,46,47,48,49,50,51,52,53,54,55,56,57,58,59,60,61,62,63,64,65,66,67,68,69,70,71,72,73,74,75,76,77,78,79,80,81,82,83,84,85,86,87,88,89,90,91,92,93,94,95,96,97,98,99,100,101,102,103,104,105,106,107,108,109,110,111,112,113,114,115,116,117,118,119,120,121,122,123,124,125,126,127,128,129,130,131,132,133,134,135,136,137,138,139,140,141,142,143,144,145,146,147,148,149,150,151,152,153,154,155,156,157,158,159,160,161,162,163,164,165,166,167,168,169,170,171,172,173,174,175,176,177,178,179,180,181,182,183,184,185,186,187,188,189,190,191,192,193,194,195,196,197,198,199,200,201,202,203,204,205,206,207,208,209,210,211,212,213,214,215,216,217,218,219,220,221,222,223,224,225,226,227,228,229,230,231,232,233,234,235,236,237,238,239,240,241,242,243,244,245,246,247,248,249,250,251,252,253,254,255
count,16,16,16,16,16,16,16,16,16,16,16,16,16,16,16,16,16,16,16,16,16,16,16,16,16,16,16,16,16,16,16,16,16,16,16,16,16,16,16,16,16,16,16,16,16,16,16,16,16,16,16,16,16,16,16,16,16,16,16,16,16,16,16,16,16,16,16,16,16,16,16,16,16,16,16,16,16,16,16,16,16,16,16,16,16,16,16,16,16,16,16,16,16,16,16,16,16,16,16,16,16,16,16,16,16,16,16,16,16,16,16,16,16,16,16,16,16,16,16,16,16,16,16,16,16,16,16,16,16,16,16,16,16,16,16,16,16,16,16,16,16,16,16,16,16,16,16,16,16,16,16,16,16,16,16,16,16,16,16,16,16,16,16,16,16,16,16,16,16,16,16,16,16,16,16,16,16,16,16,16,16,16,16,16,16,16,16,16,16,16,16,16,16,16,16,16,16,16,16,16,16,16,16,16,16,16,16,16,16,16,16,16,16,16,16,16,16,16,16,16,16,16,16,16,16,16,16,16,16,16,16,16,16,16,16,16,16,16,16,16,16,16,16,16,16,16,16,16,16,16,16,16,16,16,16,16
,,,,,,,,,,,,,,,,,,,,,,,,,,,,,,,,,,,,,,,,,,,,,,,,,,,,,,,,,,,,,,,,,,,,,,,,,,,,,,,,,,,,,,,,,,,,,,,,,,,,,,,,,,,,,,,,,,,,,,,,,,,,,,,,,,,,,,,,,,,,,,,,,,,,,,,,,,,,,,,,,,,,,,,,,,,,,,,,,,,,,,,,,,,,,,,,,,,,,,,,,,,,,,,,,,,,,,,,,,,,,,,,,,,,,,,,,,,,,,,,,,,,,,,,,,,,,,,,
1,,,,,,,,,,,,,,,,,,,,,,,,,,,,,,,,,,,,,,,,,,,,,,,,,,,,,,,,,,,,,,,,,,,,,,,,,,,,,,,,,,,,,,,,,,,,,,,,,,,,,,,,,,,,,,,,,,,,,,,,,,,,,,,,,,,,,,,,,,,,,,,,,,,,,,,,,,,,,,,,,,,,,,,,,,,,,,,,,,,,,,,,,,,,,,,,,,,,,,,,,,,,,,,,,,,,,,,,,,,,,,,,,,,,,,,,,,,,,,,,,,,,,,,,,,,,,,,,
,0,1,2,3,4,5,6,7,8,9,10,11,12,13,14,15,16,17,18,19,20,21,22,23,24,25,26,27,28,29,30,31,32,33,34,35,36,37,38,39,40,41,42,43,44,45,46,47,48,49,50,51,52,53,54,55,56,57,58,59,60,61,62,63,,,,,,,,,,,,,,,,,,,,,,,,,,,,,,,,,,,,,,,,,,,,,,,,,,,,,,,,,,,,,,,,,,,,,,,,,,,,,,,,,,,,,,,,,,,,,,,,,,,,,,,,,,,,,,,,,,,,,,,,,,,,,,,,,,,,,,,,,,,,,,,,,,,,,,,,,,,,,,,,,,,,,,,,,,,,,,,,,,,,,,,,,,,,,,,,
0,43,42,58,52,52,51,54,53,51,58,56,58,56,58,58,59,57,62,65,57,56,53,58,54,59,58,60,60,56,54,63,60,54,53,56,59,61,58,56,57,65,60,52,51,59,59,58,52,61,57,55,56,52,56,56,50,52,56,52,49,46,44,42,40,,,,,,,,,,,,,,,,,,,,,,,,,,,,,,,,,,,,,,,,,,,,,,,,,,,,,,,,,,,,,,,,,,,,,,,,,,,,,,,,,,,,,,,,,,,,,,,,,,,,,,,,,,,,,,,,,,,,,,,,,,,,,,,,,,,,,,,,,,,,,,,,,,,,,,,,,,,,,,,,,,,,,,,,,,,,,,,,,,,,,,,,,,,,,,,,
1,32,34,34,33,39,42,41,34,37,41,42,40,46,50,37,45,45,46,47,46,48,43,46,49,51,52,56,50,56,59,57,55,50,65,61,58,54,53,58,58,56,51,58,60,63,59,62,60,56,58,57,64,59,60,57,63,54,63,56,54,57,55,48,49,,,,,,,,,,,,,,,,,,,,,,,,,,,,,,,,,,,,,,,,,,,,,,,,,,,,,,,,,,,,,,,,,,,,,,,,,,,,,,,,,,,,,,,,,,,,,,,,,,,,,,,,,,,,,,,,,,,,,,,,,,,,,,,,,,,,,,,,,,,,,,,,,,,,,,,,,,,,,,,,,,,,,,,,,,,,,,,,,,,,,,,,,,,,,,,,
2,40,40,43,47,45,47,45,42,41,38,36,43,40,34,39,41,39,38,40,36,41,41,36,38,36,37,42,39,38,42,36,38,39,41,43,41,38,40,42,38,41,45,45,49,43,55,48,59,51,50,53,51,49,57,58,53,58,57,55,53,53,52,45,43,,,,,,,,,,,,,,,,,,,,,,,,,,,,,,,,,,,,,,,,,,,,,,,,,,,,,,,,,,,,,,,,,,,,,,,,,,,,,,,,,,,,,,,,,,,,,,,,,,,,,,,,,,,,,,,,,,,,,,,,,,,,,,,,,,,,,,,,,,,,,,,,,,,,,,,,,,,,,,,,,,,,,,,,,,,,,,,,,,,,,,,,,,,,,,,,
3,47,54,53,57,58,57,62,64,68,60,57,69,63,62,56,63,55,62,60,53,55,53,53,54,50,50,53,49,45,47,45,49,45,48,44,34,40,39,36,40,38,39,43,40,40,38,40,38,41,38,41,39,38,41,35,39,40,36,36,34,36,32,34,33,,,,,,,,,,,,,,,,,,,,,,,,,,,,,,,,,,,,,,,,,,,,,,,,,,,,,,,,,,,,,,,,,,,,,,,,,,,,,,,,,,,,,,,,,,,,,,,,,,,,,,,,,,,,,,,,,,,,,,,,,,,,,,,,,,,,,,,,,,,,,,,,,,,,,,,,,,,,,,,,,,,,,,,,,,,,,,,,,,,,,,,,,,,,,,,,
4,57,51,61,62,66,71,69,74,68,63,70,70,66,67,74,70,67,69,67,69,72,64,67,68,68,66,73,67,64,66,74,62,69,67,73,71,72,74,66,70,63,61,56,66,73,62,60,63,52,55,50,59,63,50,52,48,48,55,52,50,41,45,36,32,,,,,,,,,,,,,,,,,,,,,,,,,,,,,,,,,,,,,,,,,,,,,,,,,,,,,,,,,,,,,,,,,,,,,,,,,,,,,,,,,,,,,,,,,,,,,,,,,,,,,,,,,,,,,,,,,,,,,,,,,,,,,,,,,,,,,,,,,,,,,,,,,,,,,,,,,,,,,,,,,,,,,,,,,,,,,,,,,,,,,,,,,,,,,,,,
5,30,35,41,43,43,46,49,49,58,56,55,59,54,60,60,64,64,62,65,65,70,74,72,63,70,66,77,60,72,63,71,66,69,79,71,65,69,69,70,72,69,72,64,68,63,71,74,62,71,64,70,71,71,68,66,69,66,72,58,62,63,56,47,47,,,,,,,,,,,,,,,,,,,,,,,,,,,,,,,,,,,,,,,,,,,,,,,,,,,,,,,,,,,,,,,,,,,,,,,,,,,,,,,,,,,,,,,,,,,,,,,,,,,,,,,,,,,,,,,,,,,,,,,,,,,,,,,,,,,,,,,,,,,,,,,,,,,,,,,,,,,,,,,,,,,,,,,,,,,,,,,,,,,,,,,,,,,,,,,,
6,33,33,40,40,38,39,43,44,42,38,42,40,38,43,39,41,47,45,45,44,42,44,41,43,43,47,45,50,48,53,54,51,50,56,54,59,54,56,59,68,69,64,67,65,64,62,68,72,64,70,71,72,77,62,72,68,65,68,66,65,61,52,56,48,,,,,,,,,,,,,,,,,,,,,,,,,,,,,,,,,,,,,,,,,,,,,,,,,,,,,,,,,,,,,,,,,,,,,,,,,,,,,,,,,,,,,,,,,,,,,,,,,,,,,,,,,,,,,,,,,,,,,,,,,,,,,,,,,,,,,,,,,,,,,,,,,,,,,,,,,,,,,,,,,,,,,,,,,,,,,,,,,,,,,,,,,,,,,,,,
7,47,52,52,58,53,59,54,61,59,58,57,54,55,50,47,53,51,51,45,50,38,38,39,40,40,36,38,41,37,37,38,40,46,42,40,42,46,37,47,42,38,46,44,39,45,41,39,44,40,47,48,43,41,48,42,47,49,53,53,50,48,50,40,44,,,,,,,,,,,,,,,,,,,,,,,,,,,,,,,,,,,,,,,,,,,,,,,,,,,,,,,,,,,,,,,,,,,,,,,,,,,,,,,,,,,,,,,,,,,,,,,,,,,,,,,,,,,,,,,,,,,,,,,,,,,,,,,,,,,,,,,,,,,,,,,,,,,,,,,,,,,,,,,,,,,,,,,,,,,,,,,,,,,,,,,,,,,,,,,,
8,57,65,60,64,67,68,70,74,65,79,82,74,72,76,79,70,75,75,71,71,70,72,71,84,76,77,76,77,84,74,82,81,79,78,76,81,77,78,71,80,77,72,76,70,77,72,84,79,75,75,76,74,73,71,71,68,65,66,68,56,58,54,47,49,,,,,,,,,,,,,,,,,,,,,,,,,,,,,,,,,,,,,,,,,,,,,,,,,,,,,,,,,,,,,,,,,,,,,,,,,,,,,,,,,,,,,,,,,,,,,,,,,,,,,,,,,,,,,,,,,,,,,,,,,,,,,,,,,,,,,,,,,,,,,,,,,,,,,,,,,,,,,,,,,,,,,,,,,,,,,,,,,,,,,,,,,,,,,,,,
9,35,34,42,50,42,44,45,43,45,46,46,48,46,49,48,47,55,57,62,60,62,62,61,62,66,72,74,68,66,77,63,78,73,65,70,75,82,78,77,80,78,77,75,86,77,75,71,75,81,75,76,86,81,77,75,72,75,72,69,70,62,63,54,53,,,,,,,,,,,,,,,,,,,,,,,,,,,,,,,,,,,,,,,,,,,,,,,,,,,,,,,,,,,,,,,,,,,,,,,,,,,,,,,,,,,,,,,,,,,,,,,,,,,,,,,,,,,,,,,,,,,,,,,,,,,,,,,,,,,,,,,,,,,,,,,,,,,,,,,,,,,,,,,,,,,,,,,,,,,,,,,,,,,,,,,,,,,,,,,,
10,44,46,46,45,58,53,54,49,44,43,46,47,40,42,44,43,42,44,45,42,43,45,48,43,46,39,45,41,41,47,45,46,46,43,46,49,50,50,50,55,52,50,52,54,58,60,58,65,59,65,70,65,66,65,78,67,69,70,70,64,67,67,60,57,,,,,,,,,,,,,,,,,,,,,,,,,,,,,,,,,,,,,,,,,,,,,,,,,,,,,,,,,,,,,,,,,,,,,,,,,,,,,,,,,,,,,,,,,,,,,,,,,,,,,,,,,,,,,,,,,,,,,,,,,,,,,,,,,,,,,,,,,,,,,,,,,,,,,,,,,,,,,,,,,,,,,,,,,,,,,,,,,,,,,,,,,,,,,,,,
11,59,67,61,65,70,76,72,75,76,67,77,71,71,73,73,68,64,70,72,68,62,71,68,61,62,64,64,60,53,58,58,59,61,57,51,46,48,46,46,49,46,48,48,52,53,49,54,51,48,52,49,48,46,46,45,47,47,43,51,46,45,39,40,35,,,,,,,,,,,,,,,,,,,,,,,,,,,,,,,,,,,,,,,,,,,,,,,,,,,,,,,,,,,,,,,,,,,,,,,,,,,,,,,,,,,,,,,,,,,,,,,,,,,,,,,,,,,,,,,,,,,,,,,,,,,,,,,,,,,,,,,,,,,,,,,,,,,,,,,,,,,,,,,,,,,,,,,,,,,,,,,,,,,,,,,,,,,,,,,,
12,60,70,72,79,84,77,80,90,85,72,76,84,82,85,85,83,80,86,83,83,76,81,75,76,90,86,79,81,83,81,84,80,81,76,86,79,77,89,85,81,73,90,79,83,76,76,76,70,68,72,70,70,56,65,61,65,62,64,60,55,54,47,46,40,,,,,,,,,,,,,,,,,,,,,,,,,,,,,,,,,,,,,,,,,,,,,,,,,,,,,,,,,,,,,,,,,,,,,,,,,,,,,,,,,,,,,,,,,,,,,,,,,,,,,,,,,,,,,,,,,,,,,,,,,,,,,,,,,,,,,,,,,,,,,,,,,,,,,,,,,,,,,,,,,,,,,,,,,,,,,,,,,,,,,,,,,,,,,,,,
13,40,44,41,50,51,53,51,55,54,63,63,66,68,65,66,68,71,70,69,64,75,72,72,77,78,81,83,72,74,79,79,68,80,74,75,74,69,80,77,78,72,77,78,77,78,77,73,76,79,79,66,76,82,73,77,80,76,75,76,68,66,64,55,55,,,,,,,,,,,,,,,,,,,,,,,,,,,,,,,,,,,,,,,,,,,,,,,,,,,,,,,,,,,,,,,,,,,,,,,,,,,,,,,,,,,,,,,,,,,,,,,,,,,,,,,,,,,,,,,,,,,,,,,,,,,,,,,,,,,,,,,,,,,,,,,,,,,,,,,,,,,,,,,,,,,,,,,,,,,,,,,,,,,,,,,,,,,,,,,,
14,33,37,39,44,43,43,50,40,43,39,45,38,44,45,43,45,50,42,44,44,45,48,46,43,48,47,49,54,50,54,57,55,64,53,56,58,66,62,67,61,67,77,63,77,62,70,74,71,73,75,77,78,76,71,70,76,70,69,65,67,66,54,57,50,,,,,,,,,,,,,,,,,,,,,,,,,,,,,,,,,,,,,,,,,,,,,,,,,,,,,,,,,,,,,,,,,,,,,,,,,,,,,,,,,,,,,,,,,,,,,,,,,,,,,,,,,,,,,,,,,,,,,,,,,,,,,,,,,,,,,,,,,,,,,,,,,,,,,,,,,,,,,,,,,,,,,,,,,,,,,,,,,,,,,,,,,,,,,,,,
15,50,57,54,56,68,63,60,64,63,60,56,63,56,57,53,58,56,54,55,57,47,50,45,44,46,39,42,44,46,45,45,43,38,55,46,45,47,46,45,40,45,48,50,54,46,51,43,41,47,47,49,46,51,56,52,52,52,55,54,55,47,52,50,45,,,,,,,,,,,,,,,,,,,,,,,,,,,,,,,,,,,,,,,,,,,,,,,,,,,,,,,,,,,,,,,,,,,,,,,,,,,,,,,,,,,,,,,,,,,,,,,,,,,,,,,,,,,,,,,,,,,,,,,,,,,,,,,,,,,,,,,,,,,,,,,,,,,,,,,,,,,,,,,,,,,,,,,,,,,,,,,,,,,,,,,,,,,,,,,,
16,53,55,56,60,61,71,66,71,75,75,76,75,80,83,74,81,81,79,72,79,81,78,82,77,73,77,78,74,72,73,78,79,74,81,78,78,78,83,74,73,78,70,69,84,73,76,73,83,72,84,76,80,70,73,73,68,71,61,65,55,54,53,47,45,,,,,,,,,,,,,,,,,,,,,,,,,,,,,,,,,,,,,,,,,,,,,,,,,,,,,,,,,,,,,,,,,,,,,,,,,,,,,,,,,,,,,,,,,,,,,,,,,,,,,,,,,,,,,,,,,,,,,,,,,,,,,,,,,,,,,,,,,,,,,,,,,,,,,,,,,,,,,,,,,,,,,,,,,,,,,,,,,,,,,,,,,,,,,,,,
17,36,38,43,55,42,47,49,53,47,58,52,55,59,54,57,54,55,64,70,60,69,71,63,64,68,70,76,78,78,76,86,80,76,74,77,84,91,81,78,78,72,86,86,80,80,79,82,79,83,78,87,74,83,82,75,74,66,82,75,72,70,75,59,58,,,,,,,,,,,,,,,,,,,,,,,,,,,,,,,,,,,,,,,,,,,,,,,,,,,,,,,,,,,,,,,,,,,,,,,,,,,,,,,,,,,,,,,,,,,,,,,,,,,,,,,,,,,,,,,,,,,,,,,,,,,,,,,,,,,,,,,,,,,,,,,,,,,,,,,,,,,,,,,,,,,,,,,,,,,,,,,,,,,,,,,,,,,,,,,,
18,45,47,56,50,57,55,60,53,52,46,47,48,51,53,53,52,44,49,50,52,49,47,51,55,48,49,49,46,53,58,48,55,50,48,46,49,49,51,49,51,56,57,55,62,62,60,66,59,66,67,70,72,78,75,77,74,76,75,69,66,65,59,62,50,,,,,,,,,,,,,,,,,,,,,,,,,,,,,,,,,,,,,,,,,,,,,,,,,,,,,,,,,,,,,,,,,,,,,,,,,,,,,,,,,,,,,,,,,,,,,,,,,,,,,,,,,,,,,,,,,,,,,,,,,,,,,,,,,,,,,,,,,,,,,,,,,,,,,,,,,,,,,,,,,,,,,,,,,,,,,,,,,,,,,,,,,,,,,,,,
19,65,73,73,87,72,83,76,80,79,89,83,77,76,78,87,80,80,78,78,69,73,72,71,76,65,69,62,60,68,65,72,68,68,63,59,52,54,55,55,58,62,57,58,62,58,50,59,62,52,54,57,57,58,59,54,56,61,58,59,51,54,52,43,44,,,,,,,,,,,,,,,,,,,,,,,,,,,,,,,,,,,,,,,,,,,,,,,,,,,,,,,,,,,,,,,,,,,,,,,,,,,,,,,,,,,,,,,,,,,,,,,,,,,,,,,,,,,,,,,,,,,,,,,,,,,,,,,,,,,,,,,,,,,,,,,,,,,,,,,,,,,,,,,,,,,,,,,,,,,,,,,,,,,,,,,,,,,,,,,,
20,54,59,66,61,68,68,77,85,67,69,77,79,78,73,76,80,76,75,80,75,74,76,80,82,79,73,75,78,76,70,73,78,75,73,74,73,68,73,76,84,69,69,73,68,76,62,62,59,63,62,68,62,52,61,57,52,51,56,51,53,45,39,37,33,,,,,,,,,,,,,,,,,,,,,,,,,,,,,,,,,,,,,,,,,,,,,,,,,,,,,,,,,,,,,,,,,,,,,,,,,,,,,,,,,,,,,,,,,,,,,,,,,,,,,,,,,,,,,,,,,,,,,,,,,,,,,,,,,,,,,,,,,,,,,,,,,,,,,,,,,,,,,,,,,,,,,,,,,,,,,,,,,,,,,,,,,,,,,,,,
21,37,40,40,55,51,53,55,59,60,57,66,66,69,71,70,74,63,71,75,75,78,77,72,71,80,80,68,76,71,79,80,78,75,80,77,79,81,76,75,77,76,78,72,74,76,75,75,80,73,76,73,83,77,73,71,75,77,74,70,70,72,67,58,56,,,,,,,,,,,,,,,,,,,,,,,,,,,,,,,,,,,,,,,,,,,,,,,,,,,,,,,,,,,,,,,,,,,,,,,,,,,,,,,,,,,,,,,,,,,,,,,,,,,,,,,,,,,,,,,,,,,,,,,,,,,,,,,,,,,,,,,,,,,,,,,,,,,,,,,,,,,,,,,,,,,,,,,,,,,,,,,,,,,,,,,,,,,,,,,,
22,36,39,36,40,43,42,45,33,44,44,50,43,44,48,40,47,40,50,41,51,44,51,47,47,50,50,50,52,51,59,61,61,54,60,65,64,65,68,68,70,72,78,75,71,65,72,75,76,83,82,83,82,85,74,78,86,81,75,71,77,69,61,56,56,,,,,,,,,,,,,,,,,,,,,,,,,,,,,,,,,,,,,,,,,,,,,,,,,,,,,,,,,,,,,,,,,,,,,,,,,,,,,,,,,,,,,,,,,,,,,,,,,,,,,,,,,,,,,,,,,,,,,,,,,,,,,,,,,,,,,,,,,,,,,,,,,,,,,,,,,,,,,,,,,,,,,,,,,,,,,,,,,,,,,,,,,,,,,,,,
23,51,55,59,57,65,67,59,58,60,61,63,62,51,52,55,54,52,51,54,50,50,43,44,43,41,44,45,39,44,39,41,44,39,47,43,39,45,41,42,41,39,44,42,41,37,44,40,45,39,47,49,43,46,48,54,51,56,53,52,52,49,45,47,46,,,,,,,,,,,,,,,,,,,,,,,,,,,,,,,,,,,,,,,,,,,,,,,,,,,,,,,,,,,,,,,,,,,,,,,,,,,,,,,,,,,,,,,,,,,,,,,,,,,,,,,,,,,,,,,,,,,,,,,,,,,,,,,,,,,,,,,,,,,,,,,,,,,,,,,,,,,,,,,,,,,,,,,,,,,,,,,,,,,,,,,,,,,,,,,,
24,60,59,70,63,66,66,70,72,68,74,79,73,75,76,78,76,73,75,77,70,78,75,73,79,80,81,82,74,73,72,77,84,76,74,79,76,70,79,76,80,71,87,73,71,70,74,82,79,76,72,76,72,85,71,70,66,71,67,65,60,55,57,54,54,,,,,,,,,,,,,,,,,,,,,,,,,,,,,,,,,,,,,,,,,,,,,,,,,,,,,,,,,,,,,,,,,,,,,,,,,,,,,,,,,,,,,,,,,,,,,,,,,,,,,,,,,,,,,,,,,,,,,,,,,,,,,,,,,,,,,,,,,,,,,,,,,,,,,,,,,,,,,,,,,,,,,,,,,,,,,,,,,,,,,,,,,,,,,,,,
25,35,35,33,45,39,43,45,45,41,48,44,46,49,45,50,54,53,57,57,57,56,60,57,63,62,64,69,67,64,67,70,69,67,72,71,71,79,70,78,77,74,67,77,85,74,69,79,74,71,73,74,74,74,71,71,74,74,81,68,70,60,59,56,57,,,,,,,,,,,,,,,,,,,,,,,,,,,,,,,,,,,,,,,,,,,,,,,,,,,,,,,,,,,,,,,,,,,,,,,,,,,,,,,,,,,,,,,,,,,,,,,,,,,,,,,,,,,,,,,,,,,,,,,,,,,,,,,,,,,,,,,,,,,,,,,,,,,,,,,,,,,,,,,,,,,,,,,,,,,,,,,,,,,,,,,,,,,,,,,,
26,43,46,50,52,53,52,52,53,49,47,47,40,47,43,56,41,43,45,51,43,44,47,43,50,46,49,47,50,47,45,43,49,47,46,42,46,55,46,52,50,50,55,56,56,57,63,59,62,62,62,62,67,64,75,70,67,61,69,67,63,67,63,60,57,,,,,,,,,,,,,,,,,,,,,,,,,,,,,,,,,,,,,,,,,,,,,,,,,,,,,,,,,,,,,,,,,,,,,,,,,,,,,,,,,,,,,,,,,,,,,,,,,,,,,,,,,,,,,,,,,,,,,,,,,,,,,,,,,,,,,,,,,,,,,,,,,,,,,,,,,,,,,,,,,,,,,,,,,,,,,,,,,,,,,,,,,,,,,,,,
27,48,57,63,66,65,68,66,77,73,81,68,78,77,69,67,66,69,71,61,63,67,57,59,53,59,62,57,47,50,55,54,57,54,53,48,48,47,44,45,48,44,44,46,46,43,43,45,45,48,46,48,43,45,43,49,46,43,42,41,44,46,40,37,36,,,,,,,,,,,,,,,,,,,,,,,,,,,,,,,,,,,,,,,,,,,,,,,,,,,,,,,,,,,,,,,,,,,,,,,,,,,,,,,,,,,,,,,,,,,,,,,,,,,,,,,,,,,,,,,,,,,,,,,,,,,,,,,,,,,,,,,,,,,,,,,,,,,,,,,,,,,,,,,,,,,,,,,,,,,,,,,,,,,,,,,,,,,,,,,,
28,56,64,60,67,73,69,68,71,73,64,71,71,76,67,81,83,71,81,79,78,71,82,75,69,72,75,78,76,76,72,74,72,70,71,68,74,77,73,75,73,68,66,72,66,65,73,73,60,61,60,60,61,57,56,51,53,53,53,51,53,48,41,37,35,,,,,,,,,,,,,,,,,,,,,,,,,,,,,,,,,,,,,,,,,,,,,,,,,,,,,,,,,,,,,,,,,,,,,,,,,,,,,,,,,,,,,,,,,,,,,,,,,,,,,,,,,,,,,,,,,,,,,,,,,,,,,,,,,,,,,,,,,,,,,,,,,,,,,,,,,,,,,,,,,,,,,,,,,,,,,,,,,,,,,,,,,,,,,,,,
29,39,40,43,52,49,57,50,60,60,63,63,70,62,68,66,71,67,70,70,75,70,71,73,75,83,76,72,81,78,80,81,79,71,75,75,83,82,82,76,74,84,72,64,77,74,79,78,79,81,78,73,75,72,68,75,76,71,72,65,61,66,59,57,50,,,,,,,,,,,,,,,,,,,,,,,,,,,,,,,,,,,,,,,,,,,,,,,,,,,,,,,,,,,,,,,,,,,,,,,,,,,,,,,,,,,,,,,,,,,,,,,,,,,,,,,,,,,,,,,,,,,,,,,,,,,,,,,,,,,,,,,,,,,,,,,,,,,,,,,,,,,,,,,,,,,,,,,,,,,,,,,,,,,,,,,,,,,,,,,,
30,33,37,42,40,40,36,43,44,45,44,47,47,38,46,47,44,41,42,47,42,42,45,45,50,44,49,48,50,55,52,51,52,58,60,57,60,63,66,68,64,70,70,72,66,71,71,76,74,81,75,77,73,79,77,79,79,72,67,68,66,65,64,62,52,,,,,,,,,,,,,,,,,,,,,,,,,,,,,,,,,,,,,,,,,,,,,,,,,,,,,,,,,,,,,,,,,,,,,,,,,,,,,,,,,,,,,,,,,,,,,,,,,,,,,,,,,,,,,,,,,,,,,,,,,,,,,,,,,,,,,,,,,,,,,,,,,,,,,,,,,,,,,,,,,,,,,,,,,,,,,,,,,,,,,,,,,,,,,,,,
31,53,54,60,66,62,58,65,65,54,65,60,60,52,57,52,52,53,54,55,51,48,42,45,44,45,41,41,43,40,44,45,43,47,48,43,43,46,42,44,44,47,47,42,45,46,46,46,52,45,45,48,50,43,45,47,51,53,60,53,47,56,51,48,49,,,,,,,,,,,,,,,,,,,,,,,,,,,,,,,,,,,,,,,,,,,,,,,,,,,,,,,,,,,,,,,,,,,,,,,,,,,,,,,,,,,,,,,,,,,,,,,,,,,,,,,,,,,,,,,,,,,,,,,,,,,,,,,,,,,,,,,,,,,,,,,,,,,,,,,,,,,,,,,,,,,,,,,,,,,,,,,,,,,,,,,,,,,,,,,,
32,60,53,64,66,66,68,74,80,84,82,82,81,74,89,78,69,76,73,80,76,85,77,83,79,81,74,78,71,77,78,76,77,79,77,82,82,81,68,79,72,78,77,81,79,83,78,80,76,77,73,78,78,64,75,73,66,72,73,74,64,61,56,54,56,,,,,,,,,,,,,,,,,,,,,,,,,,,,,,,,,,,,,,,,,,,,,,,,,,,,,,,,,,,,,,,,,,,,,,,,,,,,,,,,,,,,,,,,,,,,,,,,,,,,,,,,,,,,,,,,,,,,,,,,,,,,,,,,,,,,,,,,,,,,,,,,,,,,,,,,,,,,,,,,,,,,,,,,,,,,,,,,,,,,,,,,,,,,,,,,
33,35,35,42,40,44,45,43,45,47,47,46,48,51,56,54,55,51,59,55,61,66,65,57,67,66,70,70,70,73,73,73,67,76,75,75,80,77,75,73,80,80,75,72,82,76,78,73,79,80,77,77,80,81,74,80,73,80,70,69,76,61,65,56,59,,,,,,,,,,,,,,,,,,,,,,,,,,,,,,,,,,,,,,,,,,,,,,,,,,,,,,,,,,,,,,,,,,,,,,,,,,,,,,,,,,,,,,,,,,,,,,,,,,,,,,,,,,,,,,,,,,,,,,,,,,,,,,,,,,,,,,,,,,,,,,,,,,,,,,,,,,,,,,,,,,,,,,,,,,,,,,,,,,,,,,,,,,,,,,,,
34,45,43,50,52,53,55,62,55,51,52,51,48,47,54,52,49,52,51,50,48,46,45,50,51,48,47,49,47,49,50,49,51,52,50,47,47,53,53,57,52,55,58,67,66,62,67,68,65,65,67,67,67,66,71,71,68,72,68,68,70,72,63,58,60,,,,,,,,,,,,,,,,,,,,,,,,,,,,,,,,,,,,,,,,,,,,,,,,,,,,,,,,,,,,,,,,,,,,,,,,,,,,,,,,,,,,,,,,,,,,,,,,,,,,,,,,,,,,,,,,,,,,,,,,,,,,,,,,,,,,,,,,,,,,,,,,,,,,,,,,,,,,,,,,,,,,,,,,,,,,,,,,,,,,,,,,,,,,,,,,
35,56,59,69,63,67,72,75,75,70,83,75,76,75,74,66,71,70,71,70,65,64,57,60,58,65,62,57,67,52,57,59,62,53,57,55,49,45,46,49,45,48,46,49,50,47,51,47,46,42,46,49,47,51,50,48,48,43,45,47,43,42,43,40,38,,,,,,,,,,,,,,,,,,,,,,,,,,,,,,,,,,,,,,,,,,,,,,,,,,,,,,,,,,,,,,,,,,,,,,,,,,,,,,,,,,,,,,,,,,,,,,,,,,,,,,,,,,,,,,,,,,,,,,,,,,,,,,,,,,,,,,,,,,,,,,,,,,,,,,,,,,,,,,,,,,,,,,,,,,,,,,,,,,,,,,,,,,,,,,,,
36,60,64,66,69,75,79,77,76,75,71,74,75,72,74,81,79,74,79,83,85,83,80,80,74,81,75,77,73,81,72,78,70,72,76,74,74,78,74,81,75,73,74,74,76,68,69,63,65,61,62,61,66,56,58,55,56,58,60,58,49,42,38,37,37,,,,,,,,,,,,,,,,,,,,,,,,,,,,,,,,,,,,,,,,,,,,,,,,,,,,,,,,,,,,,,,,,,,,,,,,,,,,,,,,,,,,,,,,,,,,,,,,,,,,,,,,,,,,,,,,,,,,,,,,,,,,,,,,,,,,,,,,,,,,,,,,,,,,,,,,,,,,,,,,,,,,,,,,,,,,,,,,,,,,,,,,,,,,,,,,
37,40,50,44,53,61,56,59,60,60,66,69,65,65,77,75,67,73,70,76,73,87,72,80,81,76,82,84,86,79,79,78,78,83,77,77,76,76,82,81,85,74,78,79,79,77,84,68,80,91,78,73,77,81,74,84,79,76,66,82,68,69,63,55,56,,,,,,,,,,,,,,,,,,,,,,,,,,,,,,,,,,,,,,,,,,,,,,,,,,,,,,,,,,,,,,,,,,,,,,,,,,,,,,,,,,,,,,,,,,,,,,,,,,,,,,,,,,,,,,,,,,,,,,,,,,,,,,,,,,,,,,,,,,,,,,,,,,,,,,,,,,,,,,,,,,,,,,,,,,,,,,,,,,,,,,,,,,,,,,,,
38,32,38,36,40,40,42,38,41,42,47,40,42,40,43,43,44,43,50,42,45,43,42,45,48,46,47,45,51,52,53,57,56,63,61,55,65,64,66,68,72,72,76,73,67,78,75,80,84,80,73,79,76,76,85,76,73,73,82,71,66,69,65,56,54,,,,,,,,,,,,,,,,,,,,,,,,,,,,,,,,,,,,,,,,,,,,,,,,,,,,,,,,,,,,,,,,,,,,,,,,,,,,,,,,,,,,,,,,,,,,,,,,,,,,,,,,,,,,,,,,,,,,,,,,,,,,,,,,,,,,,,,,,,,,,,,,,,,,,,,,,,,,,,,,,,,,,,,,,,,,,,,,,,,,,,,,,,,,,,,,
39,57,57,68,64,62,66,59,64,62,62,62,64,55,63,56,61,56,61,58,53,49,47,50,46,47,47,49,51,46,50,49,52,49,49,52,45,46,46,49,45,47,47,49,56,49,47,45,48,49,45,52,45,49,51,55,54,60,54,55,55,55,55,52,47,,,,,,,,,,,,,,,,,,,,,,,,,,,,,,,,,,,,,,,,,,,,,,,,,,,,,,,,,,,,,,,,,,,,,,,,,,,,,,,,,,,,,,,,,,,,,,,,,,,,,,,,,,,,,,,,,,,,,,,,,,,,,,,,,,,,,,,,,,,,,,,,,,,,,,,,,,,,,,,,,,,,,,,,,,,,,,,,,,,,,,,,,,,,,,,,
40,55,61,64,60,68,72,63,73,67,79,76,78,73,73,73,80,80,79,78,74,71,74,73,75,73,80,69,85,81,80,71,81,72,73,83,77,72,69,72,80,72,76,68,76,77,78,73,79,78,71,79,76,73,72,66,60,71,59,60,59,63,52,49,52,,,,,,,,,,,,,,,,,,,,,,,,,,,,,,,,,,,,,,,,,,,,,,,,,,,,,,,,,,,,,,,,,,,,,,,,,,,,,,,,,,,,,,,,,,,,,,,,,,,,,,,,,,,,,,,,,,,,,,,,,,,,,,,,,,,,,,,,,,,,,,,,,,,,,,,,,,,,,,,,,,,,,,,,,,,,,,,,,,,,,,,,,,,,,,,,
41,34,32,39,38,40,41,42,50,47,46,47,46,51,49,50,52,58,56,61,53,59,62,63,66,61,68,65,67,72,77,72,68,72,70,75,69,77,77,81,77,75,73,77,78,78,79,78,68,76,78,70,70,74,75,80,78,77,74,70,66,65,57,55,49,,,,,,,,,,,,,,,,,,,,,,,,,,,,,,,,,,,,,,,,,,,,,,,,,,,,,,,,,,,,,,,,,,,,,,,,,,,,,,,,,,,,,,,,,,,,,,,,,,,,,,,,,,,,,,,,,,,,,,,,,,,,,,,,,,,,,,,,,,,,,,,,,,,,,,,,,,,,,,,,,,,,,,,,,,,,,,,,,,,,,,,,,,,,,,,,
42,41,46,53,58,55,56,53,60,59,47,48,47,48,52,47,56,47,47,49,54,50,44,47,50,49,58,45,45,49,56,43,52,46,51,54,48,55,55,55,58,52,62,53,61,57,62,61,64,63,62,68,67,68,73,67,70,68,71,68,62,66,62,58,61,,,,,,,,,,,,,,,,,,,,,,,,,,,,,,,,,,,,,,,,,,,,,,,,,,,,,,,,,,,,,,,,,,,,,,,,,,,,,,,,,,,,,,,,,,,,,,,,,,,,,,,,,,,,,,,,,,,,,,,,,,,,,,,,,,,,,,,,,,,,,,,,,,,,,,,,,,,,,,,,,,,,,,,,,,,,,,,,,,,,,,,,,,,,,,,,
43,56,63,70,69,68,69,80,75,73,72,72,80,78,71,69,74,72,74,67,69,70,66,62,65,66,67,65,63,55,57,57,58,56,53,51,53,48,51,50,44,46,55,43,44,48,48,52,49,46,46,48,45,49,49,46,49,47,44,47,42,47,39,43,37,,,,,,,,,,,,,,,,,,,,,,,,,,,,,,,,,,,,,,,,,,,,,,,,,,,,,,,,,,,,,,,,,,,,,,,,,,,,,,,,,,,,,,,,,,,,,,,,,,,,,,,,,,,,,,,,,,,,,,,,,,,,,,,,,,,,,,,,,,,,,,,,,,,,,,,,,,,,,,,,,,,,,,,,,,,,,,,,,,,,,,,,,,,,,,,,
44,55,59,65,72,69,65,70,74,77,76,82,73,72,72,83,93,75,70,77,69,75,81,76,77,76,72,82,73,77,77,70,79,90,78,76,69,80,79,73,78,71,72,74,72,70,67,61,62,61,64,60,64,60,56,53,51,54,53,49,50,40,34,37,32,,,,,,,,,,,,,,,,,,,,,,,,,,,,,,,,,,,,,,,,,,,,,,,,,,,,,,,,,,,,,,,,,,,,,,,,,,,,,,,,,,,,,,,,,,,,,,,,,,,,,,,,,,,,,,,,,,,,,,,,,,,,,,,,,,,,,,,,,,,,,,,,,,,,,,,,,,,,,,,,,,,,,,,,,,,,,,,,,,,,,,,,,,,,,,,,
45,41,43,45,48,54,56,58,59,61,59,65,67,68,69,73,69,68,68,78,71,73,74,72,79,81,70,76,76,77,76,75,73,74,85,76,83,76,79,73,77,70,71,77,66,82,74,73,73,73,77,75,78,75,71,73,73,74,74,67,62,62,65,56,53,,,,,,,,,,,,,,,,,,,,,,,,,,,,,,,,,,,,,,,,,,,,,,,,,,,,,,,,,,,,,,,,,,,,,,,,,,,,,,,,,,,,,,,,,,,,,,,,,,,,,,,,,,,,,,,,,,,,,,,,,,,,,,,,,,,,,,,,,,,,,,,,,,,,,,,,,,,,,,,,,,,,,,,,,,,,,,,,,,,,,,,,,,,,,,,,
46,41,42,43,42,52,53,50,45,46,50,44,50,54,50,51,43,49,49,50,52,52,51,50,52,49,48,58,57,49,56,67,55,60,62,57,69,68,65,74,72,72,78,72,71,79,63,77,79,76,80,78,80,81,76,71,78,80,84,73,73,69,59,60,59,,,,,,,,,,,,,,,,,,,,,,,,,,,,,,,,,,,,,,,,,,,,,,,,,,,,,,,,,,,,,,,,,,,,,,,,,,,,,,,,,,,,,,,,,,,,,,,,,,,,,,,,,,,,,,,,,,,,,,,,,,,,,,,,,,,,,,,,,,,,,,,,,,,,,,,,,,,,,,,,,,,,,,,,,,,,,,,,,,,,,,,,,,,,,,,,
47,57,66,66,73,62,61,65,69,60,63,70,65,62,58,59,62,61,66,57,57,54,45,50,54,57,48,49,44,50,47,50,51,47,51,58,51,55,53,48,48,55,54,49,55,49,53,57,51,55,54,50,53,56,62,61,62,59,57,65,56,57,58,55,54,,,,,,,,,,,,,,,,,,,,,,,,,,,,,,,,,,,,,,,,,,,,,,,,,,,,,,,,,,,,,,,,,,,,,,,,,,,,,,,,,,,,,,,,,,,,,,,,,,,,,,,,,,,,,,,,,,,,,,,,,,,,,,,,,,,,,,,,,,,,,,,,,,,,,,,,,,,,,,,,,,,,,,,,,,,,,,,,,,,,,,,,,,,,,,,,
48,57,69,62,64,70,74,75,65,72,79,80,76,85,72,77,75,73,75,82,77,83,81,77,78,77,74,77,78,87,86,82,79,79,89,94,81,79,70,79,80,77,78,72,72,80,84,77,89,75,82,83,76,79,77,73,71,76,69,69,62,60,61,53,52,,,,,,,,,,,,,,,,,,,,,,,,,,,,,,,,,,,,,,,,,,,,,,,,,,,,,,,,,,,,,,,,,,,,,,,,,,,,,,,,,,,,,,,,,,,,,,,,,,,,,,,,,,,,,,,,,,,,,,,,,,,,,,,,,,,,,,,,,,,,,,,,,,,,,,,,,,,,,,,,,,,,,,,,,,,,,,,,,,,,,,,,,,,,,,,,
49,37,38,43,44,43,45,46,48,52,53,46,48,54,52,51,51,53,54,62,66,64,61,59,67,64,72,75,72,72,69,80,73,71,76,78,77,84,78,78,77,81,77,73,76,75,79,77,74,78,77,77,69,72,81,70,76,71,74,72,66,62,64,61,59,,,,,,,,,,,,,,,,,,,,,,,,,,,,,,,,,,,,,,,,,,,,,,,,,,,,,,,,,,,,,,,,,,,,,,,,,,,,,,,,,,,,,,,,,,,,,,,,,,,,,,,,,,,,,,,,,,,,,,,,,,,,,,,,,,,,,,,,,,,,,,,,,,,,,,,,,,,,,,,,,,,,,,,,,,,,,,,,,,,,,,,,,,,,,,,,
50,42,46,43,50,55,50,56,62,49,41,46,45,38,44,47,47,45,43,48,44,48,43,46,48,45,47,46,43,47,45,43,49,46,43,46,48,48,48,46,57,53,53,55,51,62,60,62,59,60,64,63,65,70,68,66,72,70,63,73,67,65,64,61,48,,,,,,,,,,,,,,,,,,,,,,,,,,,,,,,,,,,,,,,,,,,,,,,,,,,,,,,,,,,,,,,,,,,,,,,,,,,,,,,,,,,,,,,,,,,,,,,,,,,,,,,,,,,,,,,,,,,,,,,,,,,,,,,,,,,,,,,,,,,,,,,,,,,,,,,,,,,,,,,,,,,,,,,,,,,,,,,,,,,,,,,,,,,,,,,,
51,59,61,72,70,66,74,36,70,73,71,70,77,78,66,70,75,76,70,73,71,66,62,61,62,57,56,57,53,54,59,59,54,59,56,46,43,45,49,50,47,47,46,46,46,47,48,47,55,49,47,48,46,42,42,47,48,49,41,42,47,42,42,43,40,,,,,,,,,,,,,,,,,,,,,,,,,,,,,,,,,,,,,,,,,,,,,,,,,,,,,,,,,,,,,,,,,,,,,,,,,,,,,,,,,,,,,,,,,,,,,,,,,,,,,,,,,,,,,,,,,,,,,,,,,,,,,,,,,,,,,,,,,,,,,,,,,,,,,,,,,,,,,,,,,,,,,,,,,,,,,,,,,,,,,,,,,,,,,,,,
52,53,56,73,60,67,69,74,72,70,71,76,74,73,78,69,71,80,71,72,71,76,76,69,73,71,75,80,69,78,74,73,74,76,70,72,74,77,72,66,71,67,67,64,66,71,67,58,64,59,53,59,55,52,55,49,52,47,48,51,48,44,37,36,29,,,,,,,,,,,,,,,,,,,,,,,,,,,,,,,,,,,,,,,,,,,,,,,,,,,,,,,,,,,,,,,,,,,,,,,,,,,,,,,,,,,,,,,,,,,,,,,,,,,,,,,,,,,,,,,,,,,,,,,,,,,,,,,,,,,,,,,,,,,,,,,,,,,,,,,,,,,,,,,,,,,,,,,,,,,,,,,,,,,,,,,,,,,,,,,,
53,43,43,53,56,65,62,58,61,65,66,66,74,73,67,73,72,70,64,79,72,73,78,82,75,72,75,81,73,75,79,76,72,80,77,74,84,82,72,76,79,79,79,81,71,78,75,77,73,78,79,73,77,71,76,74,80,79,71,75,72,64,61,70,56,,,,,,,,,,,,,,,,,,,,,,,,,,,,,,,,,,,,,,,,,,,,,,,,,,,,,,,,,,,,,,,,,,,,,,,,,,,,,,,,,,,,,,,,,,,,,,,,,,,,,,,,,,,,,,,,,,,,,,,,,,,,,,,,,,,,,,,,,,,,,,,,,,,,,,,,,,,,,,,,,,,,,,,,,,,,,,,,,,,,,,,,,,,,,,,,
54,41,37,43,47,46,46,42,40,46,49,51,48,48,46,46,48,39,47,54,48,47,44,51,44,48,43,47,52,45,65,58,66,55,63,68,57,58,60,60,71,65,73,67,67,65,70,70,72,72,74,70,71,75,67,67,64,72,64,66,65,67,59,55,48,,,,,,,,,,,,,,,,,,,,,,,,,,,,,,,,,,,,,,,,,,,,,,,,,,,,,,,,,,,,,,,,,,,,,,,,,,,,,,,,,,,,,,,,,,,,,,,,,,,,,,,,,,,,,,,,,,,,,,,,,,,,,,,,,,,,,,,,,,,,,,,,,,,,,,,,,,,,,,,,,,,,,,,,,,,,,,,,,,,,,,,,,,,,,,,,
55,61,69,58,67,71,69,66,66,61,66,68,61,61,59,56,67,64,65,59,58,49,45,49,52,48,56,48,47,49,52,49,47,50,50,54,52,53,55,52,46,44,49,49,48,46,47,52,46,47,51,61,52,52,50,58,55,55,64,69,61,53,52,49,59,,,,,,,,,,,,,,,,,,,,,,,,,,,,,,,,,,,,,,,,,,,,,,,,,,,,,,,,,,,,,,,,,,,,,,,,,,,,,,,,,,,,,,,,,,,,,,,,,,,,,,,,,,,,,,,,,,,,,,,,,,,,,,,,,,,,,,,,,,,,,,,,,,,,,,,,,,,,,,,,,,,,,,,,,,,,,,,,,,,,,,,,,,,,,,,,
56,44,56,55,58,58,64,62,61,69,67,70,76,70,70,70,70,74,76,66,70,75,69,79,70,74,74,71,74,66,69,70,69,65,69,69,72,70,74,69,65,68,71,68,65,66,69,67,72,69,67,70,67,68,66,60,61,58,58,61,51,49,48,42,44,,,,,,,,,,,,,,,,,,,,,,,,,,,,,,,,,,,,,,,,,,,,,,,,,,,,,,,,,,,,,,,,,,,,,,,,,,,,,,,,,,,,,,,,,,,,,,,,,,,,,,,,,,,,,,,,,,,,,,,,,,,,,,,,,,,,,,,,,,,,,,,,,,,,,,,,,,,,,,,,,,,,,,,,,,,,,,,,,,,,,,,,,,,,,,,,
57,35,37,38,47,41,45,45,44,46,48,49,52,51,51,48,50,54,57,53,57,59,58,62,66,59,67,67,71,67,72,69,66,70,67,72,74,67,71,72,75,75,72,73,70,71,79,68,80,73,87,77,75,74,83,73,66,74,76,67,69,62,60,59,55,,,,,,,,,,,,,,,,,,,,,,,,,,,,,,,,,,,,,,,,,,,,,,,,,,,,,,,,,,,,,,,,,,,,,,,,,,,,,,,,,,,,,,,,,,,,,,,,,,,,,,,,,,,,,,,,,,,,,,,,,,,,,,,,,,,,,,,,,,,,,,,,,,,,,,,,,,,,,,,,,,,,,,,,,,,,,,,,,,,,,,,,,,,,,,,,
58,39,45,42,53,45,47,46,48,45,43,38,40,40,43,39,43,43,42,44,39,45,43,39,42,39,39,42,44,40,40,42,39,44,41,43,43,48,47,43,48,43,47,50,51,61,55,57,50,54,59,60,63,63,70,65,63,63,66,64,58,61,54,53,50,,,,,,,,,,,,,,,,,,,,,,,,,,,,,,,,,,,,,,,,,,,,,,,,,,,,,,,,,,,,,,,,,,,,,,,,,,,,,,,,,,,,,,,,,,,,,,,,,,,,,,,,,,,,,,,,,,,,,,,,,,,,,,,,,,,,,,,,,,,,,,,,,,,,,,,,,,,,,,,,,,,,,,,,,,,,,,,,,,,,,,,,,,,,,,,,
59,52,54,60,59,66,64,65,67,70,65,64,75,69,62,60,58,64,62,63,64,57,57,57,55,58,55,51,46,48,49,47,51,53,46,43,41,38,45,42,40,40,39,40,40,42,39,39,42,45,41,47,42,42,46,38,40,38,40,40,38,39,38,34,34,,,,,,,,,,,,,,,,,,,,,,,,,,,,,,,,,,,,,,,,,,,,,,,,,,,,,,,,,,,,,,,,,,,,,,,,,,,,,,,,,,,,,,,,,,,,,,,,,,,,,,,,,,,,,,,,,,,,,,,,,,,,,,,,,,,,,,,,,,,,,,,,,,,,,,,,,,,,,,,,,,,,,,,,,,,,,,,,,,,,,,,,,,,,,,,,
60,52,53,57,64,61,65,64,70,68,67,65,69,64,65,71,66,76,67,70,67,68,70,65,64,67,72,68,66,63,69,75,73,68,73,71,60,66,68,68,68,66,63,63,60,67,67,59,54,58,59,51,55,51,48,48,50,53,50,46,46,43,33,32,31,,,,,,,,,,,,,,,,,,,,,,,,,,,,,,,,,,,,,,,,,,,,,,,,,,,,,,,,,,,,,,,,,,,,,,,,,,,,,,,,,,,,,,,,,,,,,,,,,,,,,,,,,,,,,,,,,,,,,,,,,,,,,,,,,,,,,,,,,,,,,,,,,,,,,,,,,,,,,,,,,,,,,,,,,,,,,,,,,,,,,,,,,,,,,,,,
61,31,33,35,41,43,42,42,49,48,49,48,50,54,57,56,51,59,53,57,53,56,61,62,63,62,59,61,60,54,60,59,57,58,59,59,67,59,59,56,62,64,58,54,62,58,55,62,61,60,57,54,58,56,59,63,61,58,56,56,57,55,47,47,43,,,,,,,,,,,,,,,,,,,,,,,,,,,,,,,,,,,,,,,,,,,,,,,,,,,,,,,,,,,,,,,,,,,,,,,,,,,,,,,,,,,,,,,,,,,,,,,,,,,,,,,,,,,,,,,,,,,,,,,,,,,,,,,,,,,,,,,,,,,,,,,,,,,,,,,,,,,,,,,,,,,,,,,,,,,,,,,,,,,,,,,,,,,,,,,,
62,35,32,33,35,40,37,42,39,37,39,40,40,44,39,35,41,36,37,38,40,37,42,38,40,37,41,45,43,53,50,47,45,49,46,50,50,50,53,53,51,55,51,61,49,59,59,59,54,57,58,60,56,61,59,58,57,58,60,57,58,55,58,51,49,,,,,,,,,,,,,,,,,,,,,,,,,,,,,,,,,,,,,,,,,,,,,,,,,,,,,,,,,,,,,,,,,,,,,,,,,,,,,,,,,,,,,,,,,,,,,,,,,,,,,,,,,,,,,,,,,,,,,,,,,,,,,,,,,,,,,,,,,,,,,,,,,,,,,,,,,,,,,,,,,,,,,,,,,,,,,,,,,,,,,,,,,,,,,,,,
63,50,56,55,51,56,55,57,50,46,52,56,54,49,50,45,45,48,44,46,50,48,41,38,39,40,41,39,41,38,38,36,41,39,41,42,44,41,38,40,39,43,42,42,43,41,42,39,43,44,43,42,43,39,45,45,44,51,48,50,50,51,46,45,43,,,,,,,,,,,,,,,,,,,,,,,,,,,,,,,,,,,,,,,,,,,,,,,,,,,,,,,,,,,,,,,,,,,,,,,,,,,,,,,,,,,,,,,,,,,,,,,,,,,,,,,,,,,,,,,,,,,,,,,,,,,,,,,,,,,,,,,,,,,,,,,,,,,,,,,,,,,,,,,,,,,,,,,,,,,,,,,,,,,,,,,,,,,,,,,,
,,,,,,,,,,,,,,,,,,,,,,,,,,,,,,,,,,,,,,,,,,,,,,,,,,,,,,,,,,,,,,,,,,,,,,,,,,,,,,,,,,,,,,,,,,,,,,,,,,,,,,,,,,,,,,,,,,,,,,,,,,,,,,,,,,,,,,,,,,,,,,,,,,,,,,,,,,,,,,,,,,,,,,,,,,,,,,,,,,,,,,,,,,,,,,,,,,,,,,,,,,,,,,,,,,,,,,,,,,,,,,,,,,,,,,,,,,,,,,,,,,,,,,,,,,,,,,,,
value,0,1,2,3,4,5,6,7,8,9,10,11,12,13,14,15,16,17,18,19,20,21,22,23,24,25,26,27,28,29,30,31,32,33,34,35,36,37,38,39,40,41,42,43,44,45,46,47,48,49,50,51,52,53,54,55,56,57,58,59,60,61,62,63,64,65,66,67,68,69,70,71,72,73,74,75,76,77,78,79,80,81,82,83,84,85,86,87,88,89,90,91,92,93,94,95,96,97,98,99,100,101,102,103,104,105,106,107,108,109,110,111,112,113,114,115,116,117,118,119,120,121,122,123,124,125,126,127,128,129,130,131,132,133,134,135,136,137,138,139,140,141,142,143,144,145,146,147,148,149,150,151,152,153,154,155,156,157,158,159,160,161,162,163,164,165,166,167,168,169,170,171,172,173,174,175,176,177,178,179,180,181,182,183,184,185,186,187,188,189,190,191,192,193,194,195,196,197,198,199,200,201,202,203,204,205,206,207,208,209,210,211,212,213,214,215,216,217,218,219,220,221,222,223,224,225,226,227,228,229,230,231,232,233,234,235,236,237,238,239,240,241,242,243,244,245,246,247,248,249,250,251,252,253,254,255
count,0,0,0,0,0,0,0,0,0,0,0,0,0,0,0,0,0,0,0,0,0,0,0,0,0,0,0,0,0,1,1,2,8,12,12,14,21,26,44,52,69,58,75,105,73,108,108,119,99,97,104,85,90,91,82,95,92,93,85,87,82,74,89,64,70,82,96,88,86,83,114,100,120,116,99,99,112,101,89,78,64,50,34,31,21,15,11,7,0,5,4,2,0,1,1,0,0,0,0,0,0,0,0,0,0,0,0,0,0,0,0,0,0,0,0,0,0,0,0,0,0,0,0,0,0,0,0,0,0,0,0,0,0,0,0,0,0,0,0,0,0,0,0,0,0,0,0,0,0,0,0,0,0,0,0,0,0,0,0,0,0,0,0,0,0,0,0,0,0,0,0,0,0,0,0,0,0,0,0,0,0,0,0,0,0,0,0,0,0,0,0,0,0,0,0,0,0,0,0,0,0,0,0,0,0,0,0,0,0,0,0,0,0,0,0,0,0,0,0,0,0,0,0,0,0,0,0,0,0,0,0,0,0,0,0,0,0,0,0,0,0,0,0,0,0,0,0,0,0,0,0,0,0,0,0,0
,,,,,,,,,,,,,,,,,,,,,,,,,,,,,,,,,,,,,,,,,,,,,,,,,,,,,,,,,,,,,,,,,,,,,,,,,,,,,,,,,,,,,,,,,,,,,,,,,,,,,,,,,,,,,,,,,,,,,,,,,,,,,,,,,,,,,,,,,,,,,,,,,,,,,,,,,,,,,,,,,,,,,,,,,,,,,,,,,,,,,,,,,,,,,,,,,,,,,,,,,,,,,,,,,,,,,,,,,,,,,,,,,,,,,,,,,,,,,,,,,,,,,,,,,,,,,,,,
2,,,,,,,,,,,,,,,,,,,,,,,,,,,,,,,,,,,,,,,,,,,,,,,,,,,,,,,,,,,,,,,,,,,,,,,,,,,,,,,,,,,,,,,,,,,,,,,,,,,,,,,,,,,,,,,,,,,,,,,,,,,,,,,,,,,,,,,,,,,,,,,,,,,,,,,,,,,,,,,,,,,,,,,,,,,,,,,,,,,,,,,,,,,,,,,,,,,,,,,,,,,,,,,,,,,,,,,,,,,,,,,,,,,,,,,,,,,,,,,,,,,,,,,,,,,,,,,,
,0,1,2,3,4,5,6,7,8,9,10,11,12,13,14,15,16,17,18,19,20,21,22,23,24,25,26,27,28,29,30,31,32,33,34,35,36,37,38,39,40,41,42,43,44,45,46,47,48,49,50,51,52,53,54,55,56,57,58,59,60,61,62,63,60.37890625,,,,,,,,,,,,,,,,,,,,,,,,,,,,,,,,,,,,,,,,,,,,,,,,,,,,,,,,,,,,,,,,,,,,,,,,,,,,,,,,,,,,,,,,,,,,,,,,,,,,,,,,,,,,,,,,,,,,,,,,,,,,,,,,,,,,,,,,,,,,,,,,,,,,,,,,,,,,,,,,,,,,,,,,,,,,,,,,,,,,,,,,,,,,,,,
0,45,44,54,51,55,54,55,53,56,54,57,56,57,60,54,61,58,60,65,52,57,58,57,54,59,57,60,60,55,53,63,59,58,51,54,55,56,54,55,61,59,56,53,54,58,56,56,53,61,52,58,55,52,52,53,56,52,58,47,48,45,45,43,37,,,,,,,,,,,,,,,,,,,,,,,,,,,,,,,,,,,,,,,,,,,,,,,,,,,,,,,,,,,,,,,,,,,,,,,,,,,,,,,,,,,,,,,,,,,,,,,,,,,,,,,,,,,,,,,,,,,,,,,,,,,,,,,,,,,,,,,,,,,,,,,,,,,,,,,,,,,,,,,,,,,,,,,,,,,,,,,,,,,,,,,,,,,,,,,,
1,31,32,36,34,40,38,38,32,37,40,43,37,45,48,39,45,46,43,46,49,49,45,47,48,53,54,56,53,56,60,56,57,53,67,62,59,57,55,62,59,54,56,61,58,61,61,68,56,57,61,60,64,61,61,57,62,55,60,61,59,57,54,52,46,,,,,,,,,,,,,,,,,,,,,,,,,,,,,,,,,,,,,,,,,,,,,,,,,,,,,,,,,,,,,,,,,,,,,,,,,,,,,,,,,,,,,,,,,,,,,,,,,,,,,,,,,,,,,,,,,,,,,,,,,,,,,,,,,,,,,,,,,,,,,,,,,,,,,,,,,,,,,,,,,,,,,,,,,,,,,,,,,,,,,,,,,,,,,,,,
2,41,39,43,47,48,49,41,34,41,36,37,45,39,33,38,44,36,37,40,36,39,37,39,36,36,37,40,40,39,40,39,42,38,40,39,45,39,42,40,39,42,45,50,48,45,54,54,61,52,54,50,54,51,57,56,53,58,55,55,58,52,49,49,43,,,,,,,,,,,,,,,,,,,,,,,,,,,,,,,,,,,,,,,,,,,,,,,,,,,,,,,,,,,,,,,,,,,,,,,,,,,,,,,,,,,,,,,,,,,,,,,,,,,,,,,,,,,,,,,,,,,,,,,,,,,,,,,,,,,,,,,,,,,,,,,,,,,,,,,,,,,,,,,,,,,,,,,,,,,,,,,,,,,,,,,,,,,,,,,,
3,44,55,56,57,57,56,61,66,74,61,63,66,58,60,59,64,58,60,57,51,54,54,52,56,48,46,50,48,45,48,45,44,43,42,40,35,40,39,36,39,36,39,43,40,42,37,40,37,41,37,39,40,38,42,36,36,39,34,37,35,34,34,36,30,,,,,,,,,,,,,,,,,,,,,,,,,,,,,,,,,,,,,,,,,,,,,,,,,,,,,,,,,,,,,,,,,,,,,,,,,,,,,,,,,,,,,,,,,,,,,,,,,,,,,,,,,,,,,,,,,,,,,,,,,,,,,,,,,,,,,,,,,,,,,,,,,,,,,,,,,,,,,,,,,,,,,,,,,,,,,,,,,,,,,,,,,,,,,,,,
4,58,56,63,63,66,69,68,74,66,62,66,72,69,65,72,72,66,69,64,67,66,60,68,65,71,69,69,64,67,63,73,62,71,70,73,71,71,72,62,67,60,65,59,70,70,61,60,62,54,55,49,57,61,48,50,50,47,51,49,46,37,44,36,35,,,,,,,,,,,,,,,,,,,,,,,,,,,,,,,,,,,,,,,,,,,,,,,,,,,,,,,,,,,,,,,,,,,,,,,,,,,,,,,,,,,,,,,,,,,,,,,,,,,,,,,,,,,,,,,,,,,,,,,,,,,,,,,,,,,,,,,,,,,,,,,,,,,,,,,,,,,,,,,,,,,,,,,,,,,,,,,,,,,,,,,,,,,,,,,,
5,30,36,43,44,44,47,51,54,55,56,56,62,65,61,65,64,62,65,63,69,71,75,72,64,65,67,75,62,72,67,70,66,70,73,72,59,68,74,72,72,68,72,65,66,67,63,68,61,71,69,70,71,73,69,66,71,66,67,62,61,62,53,47,46,,,,,,,,,,,,,,,,,,,,,,,,,,,,,,,,,,,,,,,,,,,,,,,,,,,,,,,,,,,,,,,,,,,,,,,,,,,,,,,,,,,,,,,,,,,,,,,,,,,,,,,,,,,,,,,,,,,,,,,,,,,,,,,,,,,,,,,,,,,,,,,,,,,,,,,,,,,,,,,,,,,,,,,,,,,,,,,,,,,,,,,,,,,,,,,,
6,35,37,40,40,37,40,48,46,44,41,45,40,41,43,41,43,48,45,44,44,45,43,41,46,42,48,46,51,48,57,53,51,47,56,56,58,57,55,62,68,68,65,66,59,70,68,69,71,63,67,74,73,76,64,74,70,63,68,66,61,60,55,54,49,,,,,,,,,,,,,,,,,,,,,,,,,,,,,,,,,,,,,,,,,,,,,,,,,,,,,,,,,,,,,,,,,,,,,,,,,,,,,,,,,,,,,,,,,,,,,,,,,,,,,,,,,,,,,,,,,,,,,,,,,,,,,,,,,,,,,,,,,,,,,,,,,,,,,,,,,,,,,,,,,,,,,,,,,,,,,,,,,,,,,,,,,,,,,,,,
7,48,53,54,62,51,56,55,62,58,54,56,54,51,50,45,51,47,54,48,43,39,42,41,40,41,37,40,43,39,36,39,40,45,43,40,41,45,39,48,40,37,48,40,41,44,41,38,43,42,46,46,45,45,45,43,51,52,52,55,50,48,46,42,46,,,,,,,,,,,,,,,,,,,,,,,,,,,,,,,,,,,,,,,,,,,,,,,,,,,,,,,,,,,,,,,,,,,,,,,,,,,,,,,,,,,,,,,,,,,,,,,,,,,,,,,,,,,,,,,,,,,,,,,,,,,,,,,,,,,,,,,,,,,,,,,,,,,,,,,,,,,,,,,,,,,,,,,,,,,,,,,,,,,,,,,,,,,,,,,,
8,58,64,59,67,71,70,74,75,71,80,81,73,71,78,80,77,74,72,70,73,72,79,73,84,79,83,74,83,84,80,84,76,82,84,80,80,76,74,77,75,75,76,76,68,82,71,83,80,75,75,78,71,72,70,68,72,65,66,67,55,59,54,48,47,,,,,,,,,,,,,,,,,,,,,,,,,,,,,,,,,,,,,,,,,,,,,,,,,,,,,,,,,,,,,,,,,,,,,,,,,,,,,,,,,,,,,,,,,,,,,,,,,,,,,,,,,,,,,,,,,,,,,,,,,,,,,,,,,,,,,,,,,,,,,,,,,,,,,,,,,,,,,,,,,,,,,,,,,,,,,,,,,,,,,,,,,,,,,,,,
9,32,33,39,46,43,42,43,43,45,47,49,48,46,49,49,51,58,58,65,61,60,63,65,62,67,70,78,67,70,77,67,83,77,67,76,77,80,82,77,80,76,79,76,82,83,78,70,74,78,69,75,84,79,79,75,71,73,71,64,73,63,61,55,54,,,,,,,,,,,,,,,,,,,,,,,,,,,,,,,,,,,,,,,,,,,,,,,,,,,,,,,,,,,,,,,,,,,,,,,,,,,,,,,,,,,,,,,,,,,,,,,,,,,,,,,,,,,,,,,,,,,,,,,,,,,,,,,,,,,,,,,,,,,,,,,,,,,,,,,,,,,,,,,,,,,,,,,,,,,,,,,,,,,,,,,,,,,,,,,,
10,42,46,49,45,59,51,53,44,41,43,46,48,46,42,46,41,43,42,46,44,43,45,47,44,48,42,47,43,44,48,44,46,47,45,44,49,49,50,51,51,54,51,56,61,58,61,58,64,64,70,71,64,67,66,72,69,68,68,66,64,69,64,61,54,,,,,,,,,,,,,,,,,,,,,,,,,,,,,,,,,,,,,,,,,,,,,,,,,,,,,,,,,,,,,,,,,,,,,,,,,,,,,,,,,,,,,,,,,,,,,,,,,,,,,,,,,,,,,,,,,,,,,,,,,,,,,,,,,,,,,,,,,,,,,,,,,,,,,,,,,,,,,,,,,,,,,,,,,,,,,,,,,,,,,,,,,,,,,,,,
11,56,65,61,59,74,74,70,74,76,66,79,76,73,74,71,67,62,67,66,66,62,71,73,62,63,58,61,60,55,62,58,58,60,51,51,46,45,45,44,48,48,46,45,51,56,49,53,48,48,50,49,50,49,46,45,46,46,45,53,51,43,41,39,34,,,,,,,,,,,,,,,,,,,,,,,,,,,,,,,,,,,,,,,,,,,,,,,,,,,,,,,,,,,,,,,,,,,,,,,,,,,,,,,,,,,,,,,,,,,,,,,,,,,,,,,,,,,,,,,,,,,,,,,,,,,,,,,,,,,,,,,,,,,,,,,,,,,,,,,,,,,,,,,,,,,,,,,,,,,,,,,,,,,,,,,,,,,,,,,,
12,62,68,71,77,82,79,79,94,85,74,78,86,85,82,86,85,84,85,80,85,75,80,78,80,91,87,84,81,83,82,86,80,80,74,89,79,80,89,84,75,72,88,78,82,72,76,76,70,68,70,70,67,57,62,62,61,60,62,63,51,48,43,45,39,,,,,,,,,,,,,,,,,,,,,,,,,,,,,,,,,,,,,,,,,,,,,,,,,,,,,,,,,,,,,,,,,,,,,,,,,,,,,,,,,,,,,,,,,,,,,,,,,,,,,,,,,,,,,,,,,,,,,,,,,,,,,,,,,,,,,,,,,,,,,,,,,,,,,,,,,,,,,,,,,,,,,,,,,,,,,,,,,,,,,,,,,,,,,,,,
13,38,47,46,51,51,54,55,53,57,68,67,67,65,65,65,68,67,70,72,74,78,76,73,76,73,77,80,78,72,77,77,68,82,79,75,70,71,76,73,75,75,72,76,76,78,77,75,77,79,81,69,78,77,76,79,81,71,74,76,68,69,64,56,56,,,,,,,,,,,,,,,,,,,,,,,,,,,,,,,,,,,,,,,,,,,,,,,,,,,,,,,,,,,,,,,,,,,,,,,,,,,,,,,,,,,,,,,,,,,,,,,,,,,,,,,,,,,,,,,,,,,,,,,,,,,,,,,,,,,,,,,,,,,,,,,,,,,,,,,,,,,,,,,,,,,,,,,,,,,,,,,,,,,,,,,,,,,,,,,,
14,33,37,40,45,44,40,51,39,43,41,46,37,43,48,43,45,52,41,43,47,48,49,46,46,46,49,49,53,54,57,55,53,62,56,60,60,67,63,73,65,66,71,64,79,65,75,74,72,77,75,80,80,72,72,68,74,70,73,66,65,63,56,58,51,,,,,,,,,,,,,,,,,,,,,,,,,,,,,,,,,,,,,,,,,,,,,,,,,,,,,,,,,,,,,,,,,,,,,,,,,,,,,,,,,,,,,,,,,,,,,,,,,,,,,,,,,,,,,,,,,,,,,,,,,,,,,,,,,,,,,,,,,,,,,,,,,,,,,,,,,,,,,,,,,,,,,,,,,,,,,,,,,,,,,,,,,,,,,,,,
15,50,56,55,57,69,61,63,62,67,60,57,61,56,56,54,55,58,54,59,53,43,47,45,44,49,40,42,46,45,45,46,44,42,53,42,43,47,47,47,43,46,47,46,53,49,46,42,44,46,48,49,47,54,55,48,57,54,57,57,59,47,51,51,46,,,,,,,,,,,,,,,,,,,,,,,,,,,,,,,,,,,,,,,,,,,,,,,,,,,,,,,,,,,,,,,,,,,,,,,,,,,,,,,,,,,,,,,,,,,,,,,,,,,,,,,,,,,,,,,,,,,,,,,,,,,,,,,,,,,,,,,,,,,,,,,,,,,,,,,,,,,,,,,,,,,,,,,,,,,,,,,,,,,,,,,,,,,,,,,,
16,54,55,55,62,64,73,69,71,73,80,81,77,84,83,78,83,78,78,72,77,78,77,86,78,73,75,79,77,70,72,75,81,73,80,76,79,79,84,75,77,81,73,76,83,73,77,71,82,72,82,80,76,74,72,74,72,67,61,60,57,57,56,46,44,,,,,,,,,,,,,,,,,,,,,,,,,,,,,,,,,,,,,,,,,,,,,,,,,,,,,,,,,,,,,,,,,,,,,,,,,,,,,,,,,,,,,,,,,,,,,,,,,,,,,,,,,,,,,,,,,,,,,,,,,,,,,,,,,,,,,,,,,,,,,,,,,,,,,,,,,,,,,,,,,,,,,,,,,,,,,,,,,,,,,,,,,,,,,,,,
17,35,43,42,51,42,47,47,52,49,58,53,55,58,50,57,59,58,64,71,66,72,73,67,66,71,72,77,78,81,77,82,84,79,77,80,80,92,81,78,75,75,84,86,79,82,81,84,80,87,77,85,74,80,77,75,78,70,80,74,72,71,77,59,57,,,,,,,,,,,,,,,,,,,,,,,,,,,,,,,,,,,,,,,,,,,,,,,,,,,,,,,,,,,,,,,,,,,,,,,,,,,,,,,,,,,,,,,,,,,,,,,,,,,,,,,,,,,,,,,,,,,,,,,,,,,,,,,,,,,,,,,,,,,,,,,,,,,,,,,,,,,,,,,,,,,,,,,,,,,,,,,,,,,,,,,,,,,,,,,,
18,44,49,54,53,59,55,60,51,51,43,47,50,47,52,55,49,42,48,48,52,50,48,51,56,49,49,49,49,52,56,51,54,54,53,47,49,46,51,51,51,58,57,56,62,66,59,69,63,69,72,66,66,77,76,77,77,77,71,66,69,67,61,65,52,,,,,,,,,,,,,,,,,,,,,,,,,,,,,,,,,,,,,,,,,,,,,,,,,,,,,,,,,,,,,,,,,,,,,,,,,,,,,,,,,,,,,,,,,,,,,,,,,,,,,,,,,,,,,,,,,,,,,,,,,,,,,,,,,,,,,,,,,,,,,,,,,,,,,,,,,,,,,,,,,,,,,,,,,,,,,,,,,,,,,,,,,,,,,,,,
19,62,73,69,87,78,85,76,86,80,89,85,74,76,79,87,78,75,76,78,74,77,73,75,75,67,67,56,60,67,67,76,66,66,59,62,53,56,55,52,56,65,57,60,62,56,54,61,61,54,54,61,57,57,58,51,55,65,57,58,54,52,50,46,46,,,,,,,,,,,,,,,,,,,,,,,,,,,,,,,,,,,,,,,,,,,,,,,,,,,,,,,,,,,,,,,,,,,,,,,,,,,,,,,,,,,,,,,,,,,,,,,,,,,,,,,,,,,,,,,,,,,,,,,,,,,,,,,,,,,,,,,,,,,,,,,,,,,,,,,,,,,,,,,,,,,,,,,,,,,,,,,,,,,,,,,,,,,,,,,,
20,56,58,65,61,66,70,72,82,69,73,75,77,79,75,79,77,83,71,74,72,72,78,76,78,79,70,76,76,77,72,73,77,74,76,76,76,72,71,68,76,67,71,72,70,71,61,60,62,63,65,68,56,50,57,58,50,49,51,52,48,41,38,38,33,,,,,,,,,,,,,,,,,,,,,,,,,,,,,,,,,,,,,,,,,,,,,,,,,,,,,,,,,,,,,,,,,,,,,,,,,,,,,,,,,,,,,,,,,,,,,,,,,,,,,,,,,,,,,,,,,,,,,,,,,,,,,,,,,,,,,,,,,,,,,,,,,,,,,,,,,,,,,,,,,,,,,,,,,,,,,,,,,,,,,,,,,,,,,,,,
21,40,43,46,57,54,58,55,61,65,57,66,71,72,73,69,81,65,72,80,81,76,76,74,77,76,78,72,77,75,81,83,79,74,80,74,78,80,81,76,75,79,74,71,76,74,76,72,79,75,78,72,80,76,73,75,76,79,69,66,68,73,67,61,52,,,,,,,,,,,,,,,,,,,,,,,,,,,,,,,,,,,,,,,,,,,,,,,,,,,,,,,,,,,,,,,,,,,,,,,,,,,,,,,,,,,,,,,,,,,,,,,,,,,,,,,,,,,,,,,,,,,,,,,,,,,,,,,,,,,,,,,,,,,,,,,,,,,,,,,,,,,,,,,,,,,,,,,,,,,,,,,,,,,,,,,,,,,,,,,,
22,36,37,38,39,42,41,43,44,45,42,48,45,45,47,45,44,42,50,41,51,48,52,47,48,49,55,51,53,56,65,64,60,58,60,65,68,66,67,66,69,69,76,74,74,71,72,79,79,85,82,84,87,77,74,74,84,79,74,71,76,66,63,57,54,,,,,,,,,,,,,,,,,,,,,,,,,,,,,,,,,,,,,,,,,,,,,,,,,,,,,,,,,,,,,,,,,,,,,,,,,,,,,,,,,,,,,,,,,,,,,,,,,,,,,,,,,,,,,,,,,,,,,,,,,,,,,,,,,,,,,,,,,,,,,,,,,,,,,,,,,,,,,,,,,,,,,,,,,,,,,,,,,,,,,,,,,,,,,,,,
23,50,55,57,63,60,63,63,58,65,60,65,59,51,53,53,53,50,52,54,46,46,43,44,40,39,45,45,43,45,45,42,41,40,42,43,39,45,40,45,42,41,43,39,42,40,44,43,47,43,46,48,43,45,50,56,55,55,52,52,54,51,44,48,47,,,,,,,,,,,,,,,,,,,,,,,,,,,,,,,,,,,,,,,,,,,,,,,,,,,,,,,,,,,,,,,,,,,,,,,,,,,,,,,,,,,,,,,,,,,,,,,,,,,,,,,,,,,,,,,,,,,,,,,,,,,,,,,,,,,,,,,,,,,,,,,,,,,,,,,,,,,,,,,,,,,,,,,,,,,,,,,,,,,,,,,,,,,,,,,,
24,61,60,68,70,65,65,74,75,72,75,77,75,74,74,78,82,74,74,79,71,80,73,75,79,77,83,77,73,72,74,78,80,75,73,75,73,65,77,76,80,69,86,74,71,71,74,82,79,76,72,76,71,84,72,69,65,68,68,63,62,55,60,56,52,,,,,,,,,,,,,,,,,,,,,,,,,,,,,,,,,,,,,,,,,,,,,,,,,,,,,,,,,,,,,,,,,,,,,,,,,,,,,,,,,,,,,,,,,,,,,,,,,,,,,,,,,,,,,,,,,,,,,,,,,,,,,,,,,,,,,,,,,,,,,,,,,,,,,,,,,,,,,,,,,,,,,,,,,,,,,,,,,,,,,,,,,,,,,,,,
25,33,35,36,41,42,39,43,40,41,49,46,46,48,48,54,53,56,58,56,56,56,62,62,64,68,67,69,71,65,68,68,76,68,73,75,75,76,76,74,72,73,75,79,83,78,66,84,80,78,69,74,73,75,72,69,73,74,74,69,73,65,58,58,54,,,,,,,,,,,,,,,,,,,,,,,,,,,,,,,,,,,,,,,,,,,,,,,,,,,,,,,,,,,,,,,,,,,,,,,,,,,,,,,,,,,,,,,,,,,,,,,,,,,,,,,,,,,,,,,,,,,,,,,,,,,,,,,,,,,,,,,,,,,,,,,,,,,,,,,,,,,,,,,,,,,,,,,,,,,,,,,,,,,,,,,,,,,,,,,,
26,44,47,50,50,52,54,53,50,45,47,49,44,46,41,51,44,46,49,49,45,46,45,47,50,46,48,50,50,49,46,43,48,47,46,43,48,53,46,54,52,54,54,54,56,57,63,60,63,60,61,63,71,71,74,69,65,60,69,69,66,66,63,60,57,,,,,,,,,,,,,,,,,,,,,,,,,,,,,,,,,,,,,,,,,,,,,,,,,,,,,,,,,,,,,,,,,,,,,,,,,,,,,,,,,,,,,,,,,,,,,,,,,,,,,,,,,,,,,,,,,,,,,,,,,,,,,,,,,,,,,,,,,,,,,,,,,,,,,,,,,,,,,,,,,,,,,,,,,,,,,,,,,,,,,,,,,,,,,,,,
27,49,58,61,62,66,71,66,79,78,81,72,73,72,69,64,66,70,74,57,65,61,59,59,57,60,61,55,50,47,55,53,54,52,46,48,51,47,45,46,47,43,42,47,47,45,42,45,44,45,47,49,42,48,46,46,45,44,41,42,45,46,38,40,38,,,,,,,,,,,,,,,,,,,,,,,,,,,,,,,,,,,,,,,,,,,,,,,,,,,,,,,,,,,,,,,,,,,,,,,,,,,,,,,,,,,,,,,,,,,,,,,,,,,,,,,,,,,,,,,,,,,,,,,,,,,,,,,,,,,,,,,,,,,,,,,,,,,,,,,,,,,,,,,,,,,,,,,,,,,,,,,,,,,,,,,,,,,,,,,,
28,55,62,63,70,75,64,70,70,73,64,68,70,79,69,78,78,70,84,74,79,71,81,75,72,72,70,74,74,74,73,72,75,74,71,72,74,75,77,68,72,69,68,72,69,64,71,74,60,63,61,58,57,57,56,51,58,54,50,52,52,47,40,37,40,,,,,,,,,,,,,,,,,,,,,,,,,,,,,,,,,,,,,,,,,,,,,,,,,,,,,,,,,,,,,,,,,,,,,,,,,,,,,,,,,,,,,,,,,,,,,,,,,,,,,,,,,,,,,,,,,,,,,,,,,,,,,,,,,,,,,,,,,,,,,,,,,,,,,,,,,,,,,,,,,,,,,,,,,,,,,,,,,,,,,,,,,,,,,,,,
29,37,41,46,51,49,57,53,63,64,63,62,71,62,73,66,66,63,71,75,77,74,74,69,81,79,77,75,81,79,79,81,81,71,75,75,83,82,82,76,74,84,72,64,77,74,79,78,79,81,78,73,75,72,68,75,76,71,72,65,61,66,59,57,50,,,,,,,,,,,,,,,,,,,,,,,,,,,,,,,,,,,,,,,,,,,,,,,,,,,,,,,,,,,,,,,,,,,,,,,,,,,,,,,,,,,,,,,,,,,,,,,,,,,,,,,,,,,,,,,,,,,,,,,,,,,,,,,,,,,,,,,,,,,,,,,,,,,,,,,,,,,,,,,,,,,,,,,,,,,,,,,,,,,,,,,,,,,,,,,,
30,33,37,42,40,40,36,43,44,45,44,47,47,38,46,47,44,41,42,47,42,42,45,45,50,44,49,48,50,55,52,51,52,57,61,58,65,63,69,70,63,69,69,71,65,74,71,74,74,80,77,79,72,79,75,79,80,72,68,69,67,64,64,57,53,,,,,,,,,,,,,,,,,,,,,,,,,,,,,,,,,,,,,,,,,,,,,,,,,,,,,,,,,,,,,,,,,,,,,,,,,,,,,,,,,,,,,,,,,,,,,,,,,,,,,,,,,,,,,,,,,,,,,,,,,,,,,,,,,,,,,,,,,,,,,,,,,,,,,,,,,,,,,,,,,,,,,,,,,,,,,,,,,,,,,,,,,,,,,,,,
31,51,56,60,68,60,55,63,63,59,63,65,58,56,56,51,50,53,50,56,49,46,40,43,43,43,42,42,46,43,43,44,46,42,46,45,43,47,44,43,46,46,45,45,45,48,47,48,49,45,45,46,49,46,46,47,54,53,59,55,48,55,51,52,50,,,,,,,,,,,,,,,,,,,,,,,,,,,,,,,,,,,,,,,,,,,,,,,,,,,,,,,,,,,,,,,,,,,,,,,,,,,,,,,,,,,,,,,,,,,,,,,,,,,,,,,,,,,,,,,,,,,,,,,,,,,,,,,,,,,,,,,,,,,,,,,,,,,,,,,,,,,,,,,,,,,,,,,,,,,,,,,,,,,,,,,,,,,,,,,,
32,62,55,62,64,67,69,73,78,81,79,80,78,77,84,78,72,74,72,83,75,89,76,84,81,79,78,73,70,77,78,80,79,81,78,77,80,82,70,77,75,77,75,78,87,79,75,78,77,75,74,78,78,64,75,75,70,77,73,72,63,60,56,51,55,,,,,,,,,,,,,,,,,,,,,,,,,,,,,,,,,,,,,,,,,,,,,,,,,,,,,,,,,,,,,,,,,,,,,,,,,,,,,,,,,,,,,,,,,,,,,,,,,,,,,,,,,,,,,,,,,,,,,,,,,,,,,,,,,,,,,,,,,,,,,,,,,,,,,,,,,,,,,,,,,,,,,,,,,,,,,,,,,,,,,,,,,,,,,,,,
33,33,36,43,43,44,42,44,45,46,49,48,48,49,55,56,56,54,60,55,60,67,61,55,66,69,78,71,71,73,72,71,70,72,73,75,76,78,78,79,84,77,77,73,75,77,81,73,81,75,76,79,81,81,73,80,74,78,71,72,78,66,64,63,55,,,,,,,,,,,,,,,,,,,,,,,,,,,,,,,,,,,,,,,,,,,,,,,,,,,,,,,,,,,,,,,,,,,,,,,,,,,,,,,,,,,,,,,,,,,,,,,,,,,,,,,,,,,,,,,,,,,,,,,,,,,,,,,,,,,,,,,,,,,,,,,,,,,,,,,,,,,,,,,,,,,,,,,,,,,,,,,,,,,,,,,,,,,,,,,,
34,47,42,53,53,54,54,55,47,51,51,51,51,49,53,53,51,51,48,54,51,48,43,50,52,51,49,46,47,44,50,50,49,50,50,45,50,51,56,59,53,57,60,67,70,64,66,68,64,66,67,70,69,70,72,77,65,73,70,68,66,66,64,62,62,,,,,,,,,,,,,,,,,,,,,,,,,,,,,,,,,,,,,,,,,,,,,,,,,,,,,,,,,,,,,,,,,,,,,,,,,,,,,,,,,,,,,,,,,,,,,,,,,,,,,,,,,,,,,,,,,,,,,,,,,,,,,,,,,,,,,,,,,,,,,,,,,,,,,,,,,,,,,,,,,,,,,,,,,,,,,,,,,,,,,,,,,,,,,,,,
35,60,60,66,63,67,75,74,74,70,84,79,73,73,70,64,71,75,69,68,66,64,62,64,62,62,57,54,67,56,58,60,60,54,54,52,50,45,47,47,44,48,46,50,50,48,50,49,45,44,45,47,49,50,49,47,45,44,48,46,45,42,42,40,37,,,,,,,,,,,,,,,,,,,,,,,,,,,,,,,,,,,,,,,,,,,,,,,,,,,,,,,,,,,,,,,,,,,,,,,,,,,,,,,,,,,,,,,,,,,,,,,,,,,,,,,,,,,,,,,,,,,,,,,,,,,,,,,,,,,,,,,,,,,,,,,,,,,,,,,,,,,,,,,,,,,,,,,,,,,,,,,,,,,,,,,,,,,,,,,,
36,59,66,65,71,74,73,78,79,78,67,73,75,73,78,81,78,75,81,75,87,82,76,84,75,81,77,78,73,82,74,77,71,73,74,79,75,78,74,72,75,73,76,75,75,61,68,61,64,64,64,62,62,54,59,53,55,58,57,55,45,41,39,35,38,,,,,,,,,,,,,,,,,,,,,,,,,,,,,,,,,,,,,,,,,,,,,,,,,,,,,,,,,,,,,,,,,,,,,,,,,,,,,,,,,,,,,,,,,,,,,,,,,,,,,,,,,,,,,,,,,,,,,,,,,,,,,,,,,,,,,,,,,,,,,,,,,,,,,,,,,,,,,,,,,,,,,,,,,,,,,,,,,,,,,,,,,,,,,,,,
37,42,48,46,57,62,57,63,61,61,69,64,72,68,77,77,67,74,70,79,77,87,77,76,81,79,80,78,81,80,77,78,82,79,72,80,83,79,75,78,82,77,78,78,82,80,85,72,79,83,82,78,76,80,73,81,78,74,67,82,65,73,62,57,58,,,,,,,,,,,,,,,,,,,,,,,,,,,,,,,,,,,,,,,,,,,,,,,,,,,,,,,,,,,,,,,,,,,,,,,,,,,,,,,,,,,,,,,,,,,,,,,,,,,,,,,,,,,,,,,,,,,,,,,,,,,,,,,,,,,,,,,,,,,,,,,,,,,,,,,,,,,,,,,,,,,,,,,,,,,,,,,,,,,,,,,,,,,,,,,,
38,33,37,38,39,41,42,40,41,45,46,42,41,42,41,45,43,42,47,45,47,44,42,50,48,46,48,47,50,55,57,57,58,59,62,59,67,69,67,67,70,71,72,68,71,80,75,82,89,78,71,82,77,74,82,73,73,71,76,68,64,70,67,58,54,,,,,,,,,,,,,,,,,,,,,,,,,,,,,,,,,,,,,,,,,,,,,,,,,,,,,,,,,,,,,,,,,,,,,,,,,,,,,,,,,,,,,,,,,,,,,,,,,,,,,,,,,,,,,,,,,,,,,,,,,,,,,,,,,,,,,,,,,,,,,,,,,,,,,,,,,,,,,,,,,,,,,,,,,,,,,,,,,,,,,,,,,,,,,,,,
39,54,56,64,65,62,66,58,65,62,60,65,61,59,59,51,56,57,58,57,47,47,45,49,46,47,46,49,53,47,53,49,50,47,50,49,47,46,49,50,46,47,43,46,55,50,47,48,50,49,46,51,43,49,52,53,59,59,60,57,56,55,56,50,50,,,,,,,,,,,,,,,,,,,,,,,,,,,,,,,,,,,,,,,,,,,,,,,,,,,,,,,,,,,,,,,,,,,,,,,,,,,,,,,,,,,,,,,,,,,,,,,,,,,,,,,,,,,,,,,,,,,,,,,,,,,,,,,,,,,,,,,,,,,,,,,,,,,,,,,,,,,,,,,,,,,,,,,,,,,,,,,,,,,,,,,,,,,,,,,,
40,56,62,66,59,69,74,63,76,67,79,76,78,72,70,72,77,78,81,80,79,77,76,78,78,76,77,73,80,79,77,78,83,72,70,78,76,74,73,76,79,70,72,69,74,81,74,79,79,78,72,83,72,68,75,65,62,66,59,61,61,57,58,53,49,,,,,,,,,,,,,,,,,,,,,,,,,,,,,,,,,,,,,,,,,,,,,,,,,,,,,,,,,,,,,,,,,,,,,,,,,,,,,,,,,,,,,,,,,,,,,,,,,,,,,,,,,,,,,,,,,,,,,,,,,,,,,,,,,,,,,,,,,,,,,,,,,,,,,,,,,,,,,,,,,,,,,,,,,,,,,,,,,,,,,,,,,,,,,,,,
41,34,34,40,39,40,40,42,47,46,45,50,46,47,51,54,52,57,53,57,53,59,61,68,66,59,66,64,65,74,73,69,69,74,71,74,73,80,79,83,76,74,73,77,75,80,76,76,69,75,76,71,71,73,76,84,80,79,71,73,71,67,58,54,50,,,,,,,,,,,,,,,,,,,,,,,,,,,,,,,,,,,,,,,,,,,,,,,,,,,,,,,,,,,,,,,,,,,,,,,,,,,,,,,,,,,,,,,,,,,,,,,,,,,,,,,,,,,,,,,,,,,,,,,,,,,,,,,,,,,,,,,,,,,,,,,,,,,,,,,,,,,,,,,,,,,,,,,,,,,,,,,,,,,,,,,,,,,,,,,,
42,42,45,50,55,55,55,52,54,59,45,50,49,50,49,47,58,49,51,49,55,51,45,48,48,47,58,46,47,50,58,47,51,46,52,54,52,55,58,53,54,50,63,53,60,61,64,64,66,63,66,68,69,69,72,66,72,67,69,71,67,69,67,57,65,,,,,,,,,,,,,,,,,,,,,,,,,,,,,,,,,,,,,,,,,,,,,,,,,,,,,,,,,,,,,,,,,,,,,,,,,,,,,,,,,,,,,,,,,,,,,,,,,,,,,,,,,,,,,,,,,,,,,,,,,,,,,,,,,,,,,,,,,,,,,,,,,,,,,,,,,,,,,,,,,,,,,,,,,,,,,,,,,,,,,,,,,,,,,,,,
43,58,65,67,70,70,69,81,80,80,75,70,78,76,68,68,79,75,68,66,67,66,64,61,66,65,64,65,62,52,59,58,61,57,52,53,51,50,50,48,44,47,48,42,42,47,49,51,49,48,49,50,46,49,49,46,51,46,46,46,43,40,43,43,39,,,,,,,,,,,,,,,,,,,,,,,,,,,,,,,,,,,,,,,,,,,,,,,,,,,,,,,,,,,,,,,,,,,,,,,,,,,,,,,,,,,,,,,,,,,,,,,,,,,,,,,,,,,,,,,,,,,,,,,,,,,,,,,,,,,,,,,,,,,,,,,,,,,,,,,,,,,,,,,,,,,,,,,,,,,,,,,,,,,,,,,,,,,,,,,,
44,51,61,65,68,71,60,72,76,72,79,86,73,76,75,83,93,77,69,77,75,80,80,77,79,78,71,79,73,78,79,73,78,91,77,76,68,74,81,75,76,74,72,68,74,70,61,59,60,66,61,63,59,54,55,47,53,53,54,49,47,38,34,37,32,,,,,,,,,,,,,,,,,,,,,,,,,,,,,,,,,,,,,,,,,,,,,,,,,,,,,,,,,,,,,,,,,,,,,,,,,,,,,,,,,,,,,,,,,,,,,,,,,,,,,,,,,,,,,,,,,,,,,,,,,,,,,,,,,,,,,,,,,,,,,,,,,,,,,,,,,,,,,,,,,,,,,,,,,,,,,,,,,,,,,,,,,,,,,,,,
45,42,42,49,49,53,54,63,62,62,64,62,67,69,67,72,65,67,70,74,75,79,75,74,81,76,70,78,81,80,78,72,74,75,82,75,81,73,78,75,78,70,72,77,70,84,78,76,76,70,76,78,76,73,78,74,74,74,72,70,60,66,67,53,56,,,,,,,,,,,,,,,,,,,,,,,,,,,,,,,,,,,,,,,,,,,,,,,,,,,,,,,,,,,,,,,,,,,,,,,,,,,,,,,,,,,,,,,,,,,,,,,,,,,,,,,,,,,,,,,,,,,,,,,,,,,,,,,,,,,,,,,,,,,,,,,,,,,,,,,,,,,,,,,,,,,,,,,,,,,,,,,,,,,,,,,,,,,,,,,,
46,41,46,45,41,50,54,52,46,47,47,47,50,47,49,52,45,50,49,52,47,52,52,51,57,51,49,58,56,52,61,69,56,61,66,59,70,65,66,78,70,73,74,71,72,74,66,75,84,78,78,82,82,80,75,72,77,81,83,73,75,69,56,62,56,,,,,,,,,,,,,,,,,,,,,,,,,,,,,,,,,,,,,,,,,,,,,,,,,,,,,,,,,,,,,,,,,,,,,,,,,,,,,,,,,,,,,,,,,,,,,,,,,,,,,,,,,,,,,,,,,,,,,,,,,,,,,,,,,,,,,,,,,,,,,,,,,,,,,,,,,,,,,,,,,,,,,,,,,,,,,,,,,,,,,,,,,,,,,,,,
47,56,62,68,72,64,61,65,69,63,58,71,64,65,57,61,60,59,66,58,53,50,45,50,54,57,48,47,46,49,46,50,49,46,50,55,56,57,50,53,46,54,55,49,52,52,49,60,51,53,56,53,54,55,61,60,66,60,55,66,62,62,58,57,53,,,,,,,,,,,,,,,,,,,,,,,,,,,,,,,,,,,,,,,,,,,,,,,,,,,,,,,,,,,,,,,,,,,,,,,,,,,,,,,,,,,,,,,,,,,,,,,,,,,,,,,,,,,,,,,,,,,,,,,,,,,,,,,,,,,,,,,,,,,,,,,,,,,,,,,,,,,,,,,,,,,,,,,,,,,,,,,,,,,,,,,,,,,,,,,,
48,62,68,64,63,68,73,78,65,73,78,79,74,82,75,78,75,72,82,78,73,81,78,77,78,77,70,80,76,84,86,84,80,79,90,96,85,75,70,83,81,79,77,75,76,80,83,75,85,77,79,83,77,76,71,73,74,75,68,66,62,65,62,54,51,,,,,,,,,,,,,,,,,,,,,,,,,,,,,,,,,,,,,,,,,,,,,,,,,,,,,,,,,,,,,,,,,,,,,,,,,,,,,,,,,,,,,,,,,,,,,,,,,,,,,,,,,,,,,,,,,,,,,,,,,,,,,,,,,,,,,,,,,,,,,,,,,,,,,,,,,,,,,,,,,,,,,,,,,,,,,,,,,,,,,,,,,,,,,,,,
49,39,38,45,44,45,42,45,53,53,53,48,44,52,50,51,49,58,56,63,64,62,61,63,70,68,75,75,73,78,74,79,78,71,80,84,73,85,81,80,74,82,78,77,73,74,79,78,79,80,77,82,72,70,81,69,73,69,74,71,67,61,66,63,60,,,,,,,,,,,,,,,,,,,,,,,,,,,,,,,,,,,,,,,,,,,,,,,,,,,,,,,,,,,,,,,,,,,,,,,,,,,,,,,,,,,,,,,,,,,,,,,,,,,,,,,,,,,,,,,,,,,,,,,,,,,,,,,,,,,,,,,,,,,,,,,,,,,,,,,,,,,,,,,,,,,,,,,,,,,,,,,,,,,,,,,,,,,,,,,,
50,43,48,45,51,55,51,53,57,46,39,43,44,40,47,47,46,45,43,46,45,49,47,45,46,45,48,45,43,46,44,48,51,47,44,44,50,48,48,47,55,54,52,55,57,62,55,67,62,60,64,63,66,73,68,72,69,69,63,74,69,66,65,60,51,,,,,,,,,,,,,,,,,,,,,,,,,,,,,,,,,,,,,,,,,,,,,,,,,,,,,,,,,,,,,,,,,,,,,,,,,,,,,,,,,,,,,,,,,,,,,,,,,,,,,,,,,,,,,,,,,,,,,,,,,,,,,,,,,,,,,,,,,,,,,,,,,,,,,,,,,,,,,,,,,,,,,,,,,,,,,,,,,,,,,,,,,,,,,,,,
51,59,61,65,70,67,73,71,68,78,71,74,76,74,70,67,71,75,64,69,68,64,66,62,64,62,54,56,54,57,54,57,54,54,53,45,42,45,48,50,46,47,46,48,44,48,46,49,51,48,47,48,46,44,42,45,47,52,46,42,43,40,42,45,40,,,,,,,,,,,,,,,,,,,,,,,,,,,,,,,,,,,,,,,,,,,,,,,,,,,,,,,,,,,,,,,,,,,,,,,,,,,,,,,,,,,,,,,,,,,,,,,,,,,,,,,,,,,,,,,,,,,,,,,,,,,,,,,,,,,,,,,,,,,,,,,,,,,,,,,,,,,,,,,,,,,,,,,,,,,,,,,,,,,,,,,,,,,,,,,,
52,54,54,71,61,66,69,74,74,65,74,71,71,72,76,69,74,82,76,70,73,77,74,69,74,71,77,72,68,74,77,76,79,73,75,73,73,76,72,67,65,66,68,67,67,63,67,62,63,55,56,57,53,51,53,51,53,49,47,53,46,41,34,37,31,,,,,,,,,,,,,,,,,,,,,,,,,,,,,,,,,,,,,,,,,,,,,,,,,,,,,,,,,,,,,,,,,,,,,,,,,,,,,,,,,,,,,,,,,,,,,,,,,,,,,,,,,,,,,,,,,,,,,,,,,,,,,,,,,,,,,,,,,,,,,,,,,,,,,,,,,,,,,,,,,,,,,,,,,,,,,,,,,,,,,,,,,,,,,,,,
53,43,42,55,52,64,58,58,61,65,70,67,71,74,68,74,72,71,66,80,75,76,74,81,72,74,73,78,74,75,82,77,72,79,77,69,83,80,73,74,84,80,80,83,73,77,77,74,74,78,82,76,75,73,71,70,79,75,71,78,73,65,65,69,56,,,,,,,,,,,,,,,,,,,,,,,,,,,,,,,,,,,,,,,,,,,,,,,,,,,,,,,,,,,,,,,,,,,,,,,,,,,,,,,,,,,,,,,,,,,,,,,,,,,,,,,,,,,,,,,,,,,,,,,,,,,,,,,,,,,,,,,,,,,,,,,,,,,,,,,,,,,,,,,,,,,,,,,,,,,,,,,,,,,,,,,,,,,,,,,,
54,40,38,40,43,45,44,44,40,47,46,49,50,46,49,45,49,42,46,54,49,49,46,49,46,49,45,50,49,49,65,59,65,58,65,68,58,60,62,63,70,64,71,65,69,66,71,73,72,74,74,69,72,76,63,65,64,72,64,65,65,66,58,60,50,,,,,,,,,,,,,,,,,,,,,,,,,,,,,,,,,,,,,,,,,,,,,,,,,,,,,,,,,,,,,,,,,,,,,,,,,,,,,,,,,,,,,,,,,,,,,,,,,,,,,,,,,,,,,,,,,,,,,,,,,,,,,,,,,,,,,,,,,,,,,,,,,,,,,,,,,,,,,,,,,,,,,,,,,,,,,,,,,,,,,,,,,,,,,,,,
55,58,68,60,66,73,66,65,64,63,64,70,60,61,61,57,60,67,62,60,53,44,44,49,48,49,55,51,47,51,53,52,48,51,50,54,53,52,56,50,44,50,51,46,48,49,49,50,45,47,54,61,49,57,54,57,57,55,62,71,64,52,53,53,60,,,,,,,,,,,,,,,,,,,,,,,,,,,,,,,,,,,,,,,,,,,,,,,,,,,,,,,,,,,,,,,,,,,,,,,,,,,,,,,,,,,,,,,,,,,,,,,,,,,,,,,,,,,,,,,,,,,,,,,,,,,,,,,,,,,,,,,,,,,,,,,,,,,,,,,,,,,,,,,,,,,,,,,,,,,,,,,,,,,,,,,,,,,,,,,,
56,46,56,54,53,60,66,66,64,70,68,75,75,70,74,73,71,73,71,68,71,75,65,75,72,73,71,70,73,67,72,69,66,68,72,72,74,67,71,68,62,70,70,64,68,71,68,68,66,69,69,70,61,61,63,62,64,56,61,58,55,49,49,44,41,,,,,,,,,,,,,,,,,,,,,,,,,,,,,,,,,,,,,,,,,,,,,,,,,,,,,,,,,,,,,,,,,,,,,,,,,,,,,,,,,,,,,,,,,,,,,,,,,,,,,,,,,,,,,,,,,,,,,,,,,,,,,,,,,,,,,,,,,,,,,,,,,,,,,,,,,,,,,,,,,,,,,,,,,,,,,,,,,,,,,,,,,,,,,,,,
57,32,36,37,45,43,42,45,44,43,49,47,51,49,52,51,55,56,60,56,56,59,57,63,65,65,71,70,74,69,68,67,70,73,72,77,76,74,78,76,75,77,77,72,75,69,80,70,81,69,82,78,76,74,80,73,68,74,75,65,73,65,59,60,55,,,,,,,,,,,,,,,,,,,,,,,,,,,,,,,,,,,,,,,,,,,,,,,,,,,,,,,,,,,,,,,,,,,,,,,,,,,,,,,,,,,,,,,,,,,,,,,,,,,,,,,,,,,,,,,,,,,,,,,,,,,,,,,,,,,,,,,,,,,,,,,,,,,,,,,,,,,,,,,,,,,,,,,,,,,,,,,,,,,,,,,,,,,,,,,,
58,40,43,45,50,44,47,50,46,43,41,40,42,40,44,42,44,43,42,45,40,43,38,38,42,42,40,41,45,42,43,41,37,45,43,42,42,48,48,44,46,43,49,56,52,62,50,57,53,53,58,60,63,61,73,62,66,65,62,61,57,62,57,58,53,,,,,,,,,,,,,,,,,,,,,,,,,,,,,,,,,,,,,,,,,,,,,,,,,,,,,,,,,,,,,,,,,,,,,,,,,,,,,,,,,,,,,,,,,,,,,,,,,,,,,,,,,,,,,,,,,,,,,,,,,,,,,,,,,,,,,,,,,,,,,,,,,,,,,,,,,,,,,,,,,,,,,,,,,,,,,,,,,,,,,,,,,,,,,,,,
59,53,51,63,62,71,68,63,65,68,67,66,74,67,64,61,63,64,60,58,59,55,60,58,56,59,52,49,50,50,49,47,48,49,44,43,40,39,43,44,39,45,40,41,41,42,41,41,41,43,39,45,42,42,45,37,39,38,42,39,38,38,37,33,35,,,,,,,,,,,,,,,,,,,,,,,,,,,,,,,,,,,,,,,,,,,,,,,,,,,,,,,,,,,,,,,,,,,,,,,,,,,,,,,,,,,,,,,,,,,,,,,,,,,,,,,,,,,,,,,,,,,,,,,,,,,,,,,,,,,,,,,,,,,,,,,,,,,,,,,,,,,,,,,,,,,,,,,,,,,,,,,,,,,,,,,,,,,,,,,,
60,55,52,57,64,59,66,66,70,65,65,67,68,67,66,68,68,72,66,66,65,68,67,65,63,63,72,69,70,63,70,74,73,68,70,71,62,70,68,63,64,62,62,63,62,63,61,61,57,57,60,52,51,49,47,45,51,53,48,52,41,40,32,34,30,,,,,,,,,,,,,,,,,,,,,,,,,,,,,,,,,,,,,,,,,,,,,,,,,,,,,,,,,,,,,,,,,,,,,,,,,,,,,,,,,,,,,,,,,,,,,,,,,,,,,,,,,,,,,,,,,,,,,,,,,,,,,,,,,,,,,,,,,,,,,,,,,,,,,,,,,,,,,,,,,,,,,,,,,,,,,,,,,,,,,,,,,,,,,,,,
61,31,33,38,43,45,44,44,50,48,51,47,52,55,55,59,51,55,54,62,58,57,62,61,63,62,61,59,61,57,61,59,55,59,60,59,64,61,55,52,63,63,54,55,66,59,53,62,62,57,57,57,55,61,61,63,61,58,58,53,56,57,50,47,41,,,,,,,,,,,,,,,,,,,,,,,,,,,,,,,,,,,,,,,,,,,,,,,,,,,,,,,,,,,,,,,,,,,,,,,,,,,,,,,,,,,,,,,,,,,,,,,,,,,,,,,,,,,,,,,,,,,,,,,,,,,,,,,,,,,,,,,,,,,,,,,,,,,,,,,,,,,,,,,,,,,,,,,,,,,,,,,,,,,,,,,,,,,,,,,,
62,37,35,36,35,41,38,41,38,37,39,42,38,40,39,37,43,38,37,37,45,38,43,37,41,37,43,43,41,56,51,48,46,52,47,54,52,50,54,56,51,53,52,58,50,61,60,66,56,61,60,60,57,61,57,57,59,60,61,55,56,54,56,53,48,,,,,,,,,,,,,,,,,,,,,,,,,,,,,,,,,,,,,,,,,,,,,,,,,,,,,,,,,,,,,,,,,,,,,,,,,,,,,,,,,,,,,,,,,,,,,,,,,,,,,,,,,,,,,,,,,,,,,,,,,,,,,,,,,,,,,,,,,,,,,,,,,,,,,,,,,,,,,,,,,,,,,,,,,,,,,,,,,,,,,,,,,,,,,,,,
63,51,55,57,55,56,55,56,46,47,50,53,52,51,48,45,46,48,46,45,49,42,43,35,41,43,43,40,40,39,41,38,42,37,38,40,44,42,40,40,38,40,42,39,44,46,42,43,45,43,47,46,40,39,49,43,47,46,47,50,52,45,45,48,43,,,,,,,,,,,,,,,,,,,,,,,,,,,,,,,,,,,,,,,,,,,,,,,,,,,,,,,,,,,,,,,,,,,,,,,,,,,,,,,,,,,,,,,,,,,,,,,,,,,,,,,,,,,,,,,,,,,,,,,,,,,,,,,,,,,,,,,,,,,,,,,,,,,,,,,,,,,,,,,,,,,,,,,,,,,,,,,,,,,,,,,,,,,,,,,,
,,,,,,,,,,,,,,,,,,,,,,,,,,,,,,,,,,,,,,,,,,,,,,,,,,,,,,,,,,,,,,,,,,,,,,,,,,,,,,,,,,,,,,,,,,,,,,,,,,,,,,,,,,,,,,,,,,,,,,,,,,,,,,,,,,,,,,,,,,,,,,,,,,,,,,,,,,,,,,,,,,,,,,,,,,,,,,,,,,,,,,,,,,,,,,,,,,,,,,,,,,,,,,,,,,,,,,,,,,,,,,,,,,,,,,,,,,,,,,,,,,,,,,,,,,,,,,,,
value,0,1,2,3,4,5,6,7,8,9,10,11,12,13,14,15,16,17,18,19,20,21,22,23,24,25,26,27,28,29,30,31,32,33,34,35,36,37,38,39,40,41,42,43,44,45,46,47,48,49,50,51,52,53,54,55,56,57,58,59,60,61,62,63,64,65,66,67,68,69,70,71,72,73,74,75,76,77,78,79,80,81,82,83,84,85,86,87,88,89,90,91,92,93,94,95,96,97,98,99,100,101,102,103,104,105,106,107,108,109,110,111,112,113,114,115,116,117,118,119,120,121,122,123,124,125,126,127,128,129,130,131,132,133,134,135,136,137,138,139,140,141,142,143,144,145,146,147,148,149,150,151,152,153,154,155,156,157,158,159,160,161,162,163,164,165,166,167,168,169,170,171,172,173,174,175,176,177,178,179,180,181,182,183,184,185,186,187,188,189,190,191,192,193,194,195,196,197,198,199,200,201,202,203,204,205,206,207,208,209,210,211,212,213,214,215,216,217,218,219,220,221,222,223,224,225,226,227,228,229,230,231,232,233,234,235,236,237,238,239,240,241,242,243,244,245,246,247,248,249,250,251,252,253,254,255
count,0,0,0,0,0,0,0,0,0,0,0,0,0,0,0,0,0,0,0,0,0,0,0,0,0,0,0,0,0,0,3,3,6,10,11,11,20,38,32,44,66,54,83,95,73,118,126,106,93,109,94,97,71,86,97,91,94,96,78,60,79,94,91,74,72,88,97,78,84,84,89,101,113,110,131,112,95,95,103,82,69,48,41,27,31,13,9,8,1,5,1,2,1,1,1,0,1,0,0,0,0,0,0,0,0,0,0,0,0,0,0,0,0,0,0,0,0,0,0,0,0,0,0,0,0,0,0,0,0,0,0,0,0,0,0,0,0,0,0,0,0,0,0,0,0,0,0,0,0,0,0,0,0,0,0,0,0,0,0,0,0,0,0,0,0,0,0,0,0,0,0,0,0,0,0,0,0,0,0,0,0,0,0,0,0,0,0,0,0,0,0,0,0,0,0,0,0,0,0,0,0,0,0,0,0,0,0,0,0,0,0,0,0,0,0,0,0,0,0,0,0,0,0,0,0,0,0,0,0,0,0,0,0,0,0,0,0,0,0,0,0,0,0,0,0,0,0,0,0,0,0,0,0,0,0,0
,,,,,,,,,,,,,,,,,,,,,,,,,,,,,,,,,,,,,,,,,,,,,,,,,,,,,,,,,,,,,,,,,,,,,,,,,,,,,,,,,,,,,,,,,,,,,,,,,,,,,,,,,,,,,,,,,,,,,,,,,,,,,,,,,,,,,,,,,,,,,,,,,,,,,,,,,,,,,,,,,,,,,,,,,,,,,,,,,,,,,,,,,,,,,,,,,,,,,,,,,,,,,,,,,,,,,,,,,,,,,,,,,,,,,,,,,,,,,,,,,,,,,,,,,,,,,,,,
3,,,,,,,,,,,,,,,,,,,,,,,,,,,,,,,,,,,,,,,,,,,,,,,,,,,,,,,,,,,,,,,,,,,,,,,,,,,,,,,,,,,,,,,,,,,,,,,,,,,,,,,,,,,,,,,,,,,,,,,,,,,,,,,,,,,,,,,,,,,,,,,,,,,,,,,,,,,,,,,,,,,,,,,,,,,,,,,,,,,,,,,,,,,,,,,,,,,,,,,,,,,,,,,,,,,,,,,,,,,,,,,,,,,,,,,,,,,,,,,,,,,,,,,,,,,,,,,,
,0,1,2,3,4,5,6,7,8,9,10,11,12,13,14,15,16,17,18,19,20,21,22,23,24,25,26,27,28,29,30,31,32,33,34,35,36,37,38,39,40,41,42,43,44,45,46,47,48,49,50,51,52,53,54,55,56,57,58,59,60,61,62,63,60.41064453,,,,,,,,,,,,,,,,,,,,,,,,,,,,,,,,,,,,,,,,,,,,,,,,,,,,,,,,,,,,,,,,,,,,,,,,,,,,,,,,,,,,,,,,,,,,,,,,,,,,,,,,,,,,,,,,,,,,,,,,,,,,,,,,,,,,,,,,,,,,,,,,,,,,,,,,,,,,,,,,,,,,,,,,,,,,,,,,,,,,,,,,,,,,,,,
0,45,43,54,53,53,53,55,53,49,58,58,56,59,57,55,62,58,65,62,53,55,56,59,53,61,61,60,62,52,55,61,59,56,56,56,55,59,55,57,60,61,57,53,55,61,62,55,53,60,55,58,56,54,51,54,54,53,54,46,48,46,45,43,41,,,,,,,,,,,,,,,,,,,,,,,,,,,,,,,,,,,,,,,,,,,,,,,,,,,,,,,,,,,,,,,,,,,,,,,,,,,,,,,,,,,,,,,,,,,,,,,,,,,,,,,,,,,,,,,,,,,,,,,,,,,,,,,,,,,,,,,,,,,,,,,,,,,,,,,,,,,,,,,,,,,,,,,,,,,,,,,,,,,,,,,,,,,,,,,,
1,30,34,34,35,42,38,38,34,37,40,45,38,45,50,40,48,47,40,45,49,49,44,51,51,52,53,60,52,54,56,57,57,56,66,63,58,58,51,60,59,54,54,59,60,62,61,65,59,62,60,58,61,60,57,56,63,54,59,59,57,58,54,52,47,,,,,,,,,,,,,,,,,,,,,,,,,,,,,,,,,,,,,,,,,,,,,,,,,,,,,,,,,,,,,,,,,,,,,,,,,,,,,,,,,,,,,,,,,,,,,,,,,,,,,,,,,,,,,,,,,,,,,,,,,,,,,,,,,,,,,,,,,,,,,,,,,,,,,,,,,,,,,,,,,,,,,,,,,,,,,,,,,,,,,,,,,,,,,,,,
2,38,38,41,46,47,44,36,34,40,38,34,42,41,35,36,45,36,36,40,36,41,38,38,38,37,34,41,42,39,38,37,41,40,38,43,42,38,39,40,42,44,45,51,52,46,53,46,60,49,53,50,54,53,59,57,53,57,58,55,59,53,48,47,44,,,,,,,,,,,,,,,,,,,,,,,,,,,,,,,,,,,,,,,,,,,,,,,,,,,,,,,,,,,,,,,,,,,,,,,,,,,,,,,,,,,,,,,,,,,,,,,,,,,,,,,,,,,,,,,,,,,,,,,,,,,,,,,,,,,,,,,,,,,,,,,,,,,,,,,,,,,,,,,,,,,,,,,,,,,,,,,,,,,,,,,,,,,,,,,,
3,49,53,58,57,61,54,59,68,73,62,60,66,62,59,60,61,57,60,56,47,55,54,52,58,44,45,50,48,44,48,48,45,40,38,40,34,41,37,37,40,36,43,44,41,41,38,38,37,42,37,37,38,38,44,34,37,39,35,37,33,36,35,37,32,,,,,,,,,,,,,,,,,,,,,,,,,,,,,,,,,,,,,,,,,,,,,,,,,,,,,,,,,,,,,,,,,,,,,,,,,,,,,,,,,,,,,,,,,,,,,,,,,,,,,,,,,,,,,,,,,,,,,,,,,,,,,,,,,,,,,,,,,,,,,,,,,,,,,,,,,,,,,,,,,,,,,,,,,,,,,,,,,,,,,,,,,,,,,,,,
4,59,57,63,64,67,72,71,74,67,63,70,70,68,63,72,71,66,68,64,67,73,65,67,66,70,68,67,68,62,65,72,64,68,71,71,69,70,69,66,72,62,61,56,66,70,58,55,64,50,56,48,55,59,49,52,48,49,55,48,44,39,45,33,31,,,,,,,,,,,,,,,,,,,,,,,,,,,,,,,,,,,,,,,,,,,,,,,,,,,,,,,,,,,,,,,,,,,,,,,,,,,,,,,,,,,,,,,,,,,,,,,,,,,,,,,,,,,,,,,,,,,,,,,,,,,,,,,,,,,,,,,,,,,,,,,,,,,,,,,,,,,,,,,,,,,,,,,,,,,,,,,,,,,,,,,,,,,,,,,,
5,31,34,43,47,46,47,50,53,55,58,57,65,60,64,66,64,66,68,64,68,67,70,70,62,68,69,74,61,71,62,68,66,70,76,68,67,68,74,68,69,66,73,64,68,62,69,74,61,67,68,66,71,71,69,65,69,62,73,61,64,66,56,47,45,,,,,,,,,,,,,,,,,,,,,,,,,,,,,,,,,,,,,,,,,,,,,,,,,,,,,,,,,,,,,,,,,,,,,,,,,,,,,,,,,,,,,,,,,,,,,,,,,,,,,,,,,,,,,,,,,,,,,,,,,,,,,,,,,,,,,,,,,,,,,,,,,,,,,,,,,,,,,,,,,,,,,,,,,,,,,,,,,,,,,,,,,,,,,,,,
6,32,37,41,42,40,41,46,46,42,40,42,39,43,43,40,40,46,45,44,43,48,42,41,43,43,48,45,52,53,58,53,52,51,62,57,61,55,59,61,69,72,63,68,62,68,68,67,69,67,70,72,75,80,63,72,71,64,67,66,65,61,54,56,50,,,,,,,,,,,,,,,,,,,,,,,,,,,,,,,,,,,,,,,,,,,,,,,,,,,,,,,,,,,,,,,,,,,,,,,,,,,,,,,,,,,,,,,,,,,,,,,,,,,,,,,,,,,,,,,,,,,,,,,,,,,,,,,,,,,,,,,,,,,,,,,,,,,,,,,,,,,,,,,,,,,,,,,,,,,,,,,,,,,,,,,,,,,,,,,,
7,45,54,52,60,49,53,51,61,60,59,56,52,51,51,45,52,46,51,47,41,38,40,40,42,37,39,39,43,40,36,40,42,44,42,38,38,40,39,47,41,41,45,41,41,44,40,38,47,40,45,48,44,45,50,45,49,53,52,53,53,53,47,45,45,,,,,,,,,,,,,,,,,,,,,,,,,,,,,,,,,,,,,,,,,,,,,,,,,,,,,,,,,,,,,,,,,,,,,,,,,,,,,,,,,,,,,,,,,,,,,,,,,,,,,,,,,,,,,,,,,,,,,,,,,,,,,,,,,,,,,,,,,,,,,,,,,,,,,,,,,,,,,,,,,,,,,,,,,,,,,,,,,,,,,,,,,,,,,,,,
8,56,61,61,64,70,73,74,77,74,80,85,78,68,72,82,73,77,76,70,79,72,74,74,81,76,83,75,77,84,78,78,80,75,81,81,79,77,78,77,80,80,77,83,70,81,74,80,79,78,78,75,70,70,69,73,68,70,65,66,56,59,53,49,48,,,,,,,,,,,,,,,,,,,,,,,,,,,,,,,,,,,,,,,,,,,,,,,,,,,,,,,,,,,,,,,,,,,,,,,,,,,,,,,,,,,,,,,,,,,,,,,,,,,,,,,,,,,,,,,,,,,,,,,,,,,,,,,,,,,,,,,,,,,,,,,,,,,,,,,,,,,,,,,,,,,,,,,,,,,,,,,,,,,,,,,,,,,,,,,,
9,33,34,42,44,39,44,43,45,50,46,46,49,45,51,50,52,59,59,64,58,62,66,65,64,67,72,76,69,66,73,63,80,81,68,68,80,85,83,79,81,77,77,78,82,81,79,70,74,79,70,74,84,76,76,73,69,73,73,67,73,67,62,56,51,,,,,,,,,,,,,,,,,,,,,,,,,,,,,,,,,,,,,,,,,,,,,,,,,,,,,,,,,,,,,,,,,,,,,,,,,,,,,,,,,,,,,,,,,,,,,,,,,,,,,,,,,,,,,,,,,,,,,,,,,,,,,,,,,,,,,,,,,,,,,,,,,,,,,,,,,,,,,,,,,,,,,,,,,,,,,,,,,,,,,,,,,,,,,,,,
10,41,46,51,46,57,53,48,44,44,43,43,46,44,43,44,44,48,45,45,43,44,47,44,44,46,43,47,43,41,47,45,46,48,45,48,46,48,52,52,54,55,52,59,62,59,59,59,66,62,69,75,69,70,68,75,65,66,74,73,68,67,63,63,55,,,,,,,,,,,,,,,,,,,,,,,,,,,,,,,,,,,,,,,,,,,,,,,,,,,,,,,,,,,,,,,,,,,,,,,,,,,,,,,,,,,,,,,,,,,,,,,,,,,,,,,,,,,,,,,,,,,,,,,,,,,,,,,,,,,,,,,,,,,,,,,,,,,,,,,,,,,,,,,,,,,,,,,,,,,,,,,,,,,,,,,,,,,,,,,,
11,56,65,62,61,71,73,73,75,77,69,76,69,69,73,74,69,65,63,62,67,62,74,71,65,57,57,61,60,54,62,57,58,55,50,49,48,48,47,43,49,47,51,48,54,55,46,53,45,52,52,48,51,52,47,44,47,47,46,51,46,44,44,42,37,,,,,,,,,,,,,,,,,,,,,,,,,,,,,,,,,,,,,,,,,,,,,,,,,,,,,,,,,,,,,,,,,,,,,,,,,,,,,,,,,,,,,,,,,,,,,,,,,,,,,,,,,,,,,,,,,,,,,,,,,,,,,,,,,,,,,,,,,,,,,,,,,,,,,,,,,,,,,,,,,,,,,,,,,,,,,,,,,,,,,,,,,,,,,,,,
12,61,71,70,77,83,80,80,88,85,74,79,85,82,82,84,84,80,88,79,80,84,82,73,80,96,87,83,81,81,82,85,84,81,78,93,78,76,84,84,77,73,85,79,79,74,76,74,70,68,71,64,64,56,63,66,64,61,65,59,49,49,45,45,39,,,,,,,,,,,,,,,,,,,,,,,,,,,,,,,,,,,,,,,,,,,,,,,,,,,,,,,,,,,,,,,,,,,,,,,,,,,,,,,,,,,,,,,,,,,,,,,,,,,,,,,,,,,,,,,,,,,,,,,,,,,,,,,,,,,,,,,,,,,,,,,,,,,,,,,,,,,,,,,,,,,,,,,,,,,,,,,,,,,,,,,,,,,,,,,,
13,40,45,46,52,52,52,56,57,56,65,63,69,68,66,66,66,68,73,72,74,76,78,77,79,78,81,81,73,71,79,76,72,80,73,79,75,75,76,76,80,72,78,81,72,78,78,77,76,71,75,70,77,82,80,79,81,69,75,78,69,70,65,56,56,,,,,,,,,,,,,,,,,,,,,,,,,,,,,,,,,,,,,,,,,,,,,,,,,,,,,,,,,,,,,,,,,,,,,,,,,,,,,,,,,,,,,,,,,,,,,,,,,,,,,,,,,,,,,,,,,,,,,,,,,,,,,,,,,,,,,,,,,,,,,,,,,,,,,,,,,,,,,,,,,,,,,,,,,,,,,,,,,,,,,,,,,,,,,,,,
14,33,38,40,45,42,39,50,37,41,39,44,40,45,45,43,45,51,39,42,48,47,47,47,45,49,48,47,55,58,52,55,55,65,56,56,62,68,67,71,62,65,70,64,73,66,79,74,71,73,79,80,77,84,75,69,73,71,69,67,66,63,57,55,50,,,,,,,,,,,,,,,,,,,,,,,,,,,,,,,,,,,,,,,,,,,,,,,,,,,,,,,,,,,,,,,,,,,,,,,,,,,,,,,,,,,,,,,,,,,,,,,,,,,,,,,,,,,,,,,,,,,,,,,,,,,,,,,,,,,,,,,,,,,,,,,,,,,,,,,,,,,,,,,,,,,,,,,,,,,,,,,,,,,,,,,,,,,,,,,,
15,48,55,54,56,61,59,61,61,70,60,56,60,53,55,52,63,58,49,53,49,42,48,44,43,46,42,40,46,47,42,45,45,40,54,42,45,44,44,48,43,47,45,50,55,49,49,44,45,46,48,49,48,55,58,56,54,59,57,53,58,50,53,51,49,,,,,,,,,,,,,,,,,,,,,,,,,,,,,,,,,,,,,,,,,,,,,,,,,,,,,,,,,,,,,,,,,,,,,,,,,,,,,,,,,,,,,,,,,,,,,,,,,,,,,,,,,,,,,,,,,,,,,,,,,,,,,,,,,,,,,,,,,,,,,,,,,,,,,,,,,,,,,,,,,,,,,,,,,,,,,,,,,,,,,,,,,,,,,,,,
16,55,56,57,66,66,75,69,78,75,75,75,75,82,77,74,80,77,80,71,78,77,77,82,77,74,72,80,78,73,77,77,84,74,81,73,80,80,86,74,81,79,71,72,85,74,78,76,78,74,83,76,78,72,72,72,71,70,62,59,59,56,54,48,42,,,,,,,,,,,,,,,,,,,,,,,,,,,,,,,,,,,,,,,,,,,,,,,,,,,,,,,,,,,,,,,,,,,,,,,,,,,,,,,,,,,,,,,,,,,,,,,,,,,,,,,,,,,,,,,,,,,,,,,,,,,,,,,,,,,,,,,,,,,,,,,,,,,,,,,,,,,,,,,,,,,,,,,,,,,,,,,,,,,,,,,,,,,,,,,,
17,37,41,46,51,41,47,48,53,53,58,53,56,62,50,57,59,62,64,68,65,74,73,69,66,69,75,78,76,78,73,83,88,81,80,80,82,88,78,82,78,75,85,79,78,76,81,81,74,80,82,84,76,81,81,76,78,66,83,75,77,70,73,59,56,,,,,,,,,,,,,,,,,,,,,,,,,,,,,,,,,,,,,,,,,,,,,,,,,,,,,,,,,,,,,,,,,,,,,,,,,,,,,,,,,,,,,,,,,,,,,,,,,,,,,,,,,,,,,,,,,,,,,,,,,,,,,,,,,,,,,,,,,,,,,,,,,,,,,,,,,,,,,,,,,,,,,,,,,,,,,,,,,,,,,,,,,,,,,,,,
18,46,48,55,55,58,56,55,45,50,46,45,49,52,49,55,53,40,49,48,52,49,52,51,51,48,49,50,49,56,57,51,56,53,49,49,48,47,53,50,52,59,60,60,61,66,63,69,59,68,75,68,73,79,81,77,74,79,75,66,66,70,61,68,54,,,,,,,,,,,,,,,,,,,,,,,,,,,,,,,,,,,,,,,,,,,,,,,,,,,,,,,,,,,,,,,,,,,,,,,,,,,,,,,,,,,,,,,,,,,,,,,,,,,,,,,,,,,,,,,,,,,,,,,,,,,,,,,,,,,,,,,,,,,,,,,,,,,,,,,,,,,,,,,,,,,,,,,,,,,,,,,,,,,,,,,,,,,,,,,,
19,65,75,75,85,81,81,79,81,78,89,82,75,77,79,84,76,76,75,78,70,79,76,73,80,64,61,58,59,63,63,77,64,64,56,61,53,54,52,53,59,64,58,57,63,59,52,60,60,55,53,55,57,58,57,51,57,62,58,58,51,51,52,49,47,,,,,,,,,,,,,,,,,,,,,,,,,,,,,,,,,,,,,,,,,,,,,,,,,,,,,,,,,,,,,,,,,,,,,,,,,,,,,,,,,,,,,,,,,,,,,,,,,,,,,,,,,,,,,,,,,,,,,,,,,,,,,,,,,,,,,,,,,,,,,,,,,,,,,,,,,,,,,,,,,,,,,,,,,,,,,,,,,,,,,,,,,,,,,,,,
20,53,58,65,59,67,65,72,82,67,73,78,79,82,76,77,80,80,69,78,76,80,73,80,78,79,73,74,77,74,66,74,78,74,77,73,76,71,74,69,74,70,71,73,69,70,60,60,62,61,66,67,56,50,59,59,51,49,53,50,44,40,40,37,33,,,,,,,,,,,,,,,,,,,,,,,,,,,,,,,,,,,,,,,,,,,,,,,,,,,,,,,,,,,,,,,,,,,,,,,,,,,,,,,,,,,,,,,,,,,,,,,,,,,,,,,,,,,,,,,,,,,,,,,,,,,,,,,,,,,,,,,,,,,,,,,,,,,,,,,,,,,,,,,,,,,,,,,,,,,,,,,,,,,,,,,,,,,,,,,,
21,39,46,47,57,51,58,57,63,64,57,63,68,71,76,70,78,67,71,81,80,80,75,76,77,75,73,74,76,74,78,80,84,74,78,77,79,77,80,79,73,80,79,71,76,78,73,74,74,73,74,71,79,76,72,75,78,80,74,70,68,71,70,60,53,,,,,,,,,,,,,,,,,,,,,,,,,,,,,,,,,,,,,,,,,,,,,,,,,,,,,,,,,,,,,,,,,,,,,,,,,,,,,,,,,,,,,,,,,,,,,,,,,,,,,,,,,,,,,,,,,,,,,,,,,,,,,,,,,,,,,,,,,,,,,,,,,,,,,,,,,,,,,,,,,,,,,,,,,,,,,,,,,,,,,,,,,,,,,,,,
22,33,38,39,41,45,41,43,39,40,44,48,46,49,47,44,46,42,50,40,54,46,53,48,49,50,53,53,54,59,65,63,60,57,62,72,72,67,67,73,70,72,74,72,68,71,76,80,77,82,83,84,86,81,75,73,88,81,73,71,77,68,61,57,53,,,,,,,,,,,,,,,,,,,,,,,,,,,,,,,,,,,,,,,,,,,,,,,,,,,,,,,,,,,,,,,,,,,,,,,,,,,,,,,,,,,,,,,,,,,,,,,,,,,,,,,,,,,,,,,,,,,,,,,,,,,,,,,,,,,,,,,,,,,,,,,,,,,,,,,,,,,,,,,,,,,,,,,,,,,,,,,,,,,,,,,,,,,,,,,,
23,47,59,58,58,60,64,62,58,61,64,58,55,51,49,56,53,54,52,49,39,45,43,46,40,40,47,47,41,44,41,43,41,41,45,43,39,46,38,41,44,38,41,40,44,42,42,41,44,43,46,45,48,47,50,57,59,51,56,54,55,53,46,48,48,,,,,,,,,,,,,,,,,,,,,,,,,,,,,,,,,,,,,,,,,,,,,,,,,,,,,,,,,,,,,,,,,,,,,,,,,,,,,,,,,,,,,,,,,,,,,,,,,,,,,,,,,,,,,,,,,,,,,,,,,,,,,,,,,,,,,,,,,,,,,,,,,,,,,,,,,,,,,,,,,,,,,,,,,,,,,,,,,,,,,,,,,,,,,,,,
24,60,61,70,65,69,67,73,77,71,75,82,75,73,77,83,78,76,74,75,75,77,73,73,78,78,83,79,74,73,73,70,83,73,73,77,76,69,76,75,78,69,86,75,68,70,70,83,81,82,75,75,70,81,71,68,63,72,67,62,59,57,58,54,52,,,,,,,,,,,,,,,,,,,,,,,,,,,,,,,,,,,,,,,,,,,,,,,,,,,,,,,,,,,,,,,,,,,,,,,,,,,,,,,,,,,,,,,,,,,,,,,,,,,,,,,,,,,,,,,,,,,,,,,,,,,,,,,,,,,,,,,,,,,,,,,,,,,,,,,,,,,,,,,,,,,,,,,,,,,,,,,,,,,,,,,,,,,,,,,,
25,33,35,36,45,40,40,42,46,42,49,47,42,47,48,53,56,61,55,54,57,58,59,62,67,69,69,71,69,64,67,71,72,69,75,74,76,82,78,78,70,74,74,80,85,74,66,75,78,74,74,75,76,74,68,70,70,73,71,69,68,66,58,55,57,,,,,,,,,,,,,,,,,,,,,,,,,,,,,,,,,,,,,,,,,,,,,,,,,,,,,,,,,,,,,,,,,,,,,,,,,,,,,,,,,,,,,,,,,,,,,,,,,,,,,,,,,,,,,,,,,,,,,,,,,,,,,,,,,,,,,,,,,,,,,,,,,,,,,,,,,,,,,,,,,,,,,,,,,,,,,,,,,,,,,,,,,,,,,,,,
26,43,44,49,50,55,51,46,44,43,47,47,42,48,43,57,43,44,49,47,45,47,47,44,48,48,49,46,51,47,46,45,45,46,46,44,50,54,46,52,52,53,55,61,59,57,62,66,65,62,66,63,72,72,74,71,66,65,68,69,67,68,63,59,58,,,,,,,,,,,,,,,,,,,,,,,,,,,,,,,,,,,,,,,,,,,,,,,,,,,,,,,,,,,,,,,,,,,,,,,,,,,,,,,,,,,,,,,,,,,,,,,,,,,,,,,,,,,,,,,,,,,,,,,,,,,,,,,,,,,,,,,,,,,,,,,,,,,,,,,,,,,,,,,,,,,,,,,,,,,,,,,,,,,,,,,,,,,,,,,,
27,52,57,61,63,68,66,64,75,77,80,71,73,71,68,65,65,67,67,58,62,60,60,64,59,56,58,54,53,48,55,57,54,49,43,49,49,48,45,48,47,46,46,45,46,43,41,43,43,44,47,46,43,47,46,45,46,42,40,42,44,46,41,36,37,,,,,,,,,,,,,,,,,,,,,,,,,,,,,,,,,,,,,,,,,,,,,,,,,,,,,,,,,,,,,,,,,,,,,,,,,,,,,,,,,,,,,,,,,,,,,,,,,,,,,,,,,,,,,,,,,,,,,,,,,,,,,,,,,,,,,,,,,,,,,,,,,,,,,,,,,,,,,,,,,,,,,,,,,,,,,,,,,,,,,,,,,,,,,,,,
28,53,64,59,71,75,65,69,70,71,67,68,71,82,68,85,80,72,78,72,80,78,78,76,73,74,75,79,77,70,73,73,76,72,76,69,74,78,70,68,73,69,65,74,66,59,67,71,57,64,58,58,57,56,51,53,58,57,54,50,47,42,43,36,41,,,,,,,,,,,,,,,,,,,,,,,,,,,,,,,,,,,,,,,,,,,,,,,,,,,,,,,,,,,,,,,,,,,,,,,,,,,,,,,,,,,,,,,,,,,,,,,,,,,,,,,,,,,,,,,,,,,,,,,,,,,,,,,,,,,,,,,,,,,,,,,,,,,,,,,,,,,,,,,,,,,,,,,,,,,,,,,,,,,,,,,,,,,,,,,,
29,39,40,49,52,52,57,54,62,61,67,64,71,67,73,66,70,64,70,73,75,74,76,74,75,81,73,76,81,79,78,79,79,71,75,75,83,82,82,76,74,84,72,64,77,74,79,78,79,81,78,73,75,72,68,75,76,71,72,65,61,66,59,57,50,,,,,,,,,,,,,,,,,,,,,,,,,,,,,,,,,,,,,,,,,,,,,,,,,,,,,,,,,,,,,,,,,,,,,,,,,,,,,,,,,,,,,,,,,,,,,,,,,,,,,,,,,,,,,,,,,,,,,,,,,,,,,,,,,,,,,,,,,,,,,,,,,,,,,,,,,,,,,,,,,,,,,,,,,,,,,,,,,,,,,,,,,,,,,,,,
30,33,37,42,40,40,36,43,44,45,44,47,47,38,46,47,44,41,42,47,42,42,45,45,50,44,49,48,50,55,52,51,52,59,64,61,68,65,69,72,65,66,66,73,67,78,74,79,77,77,77,82,71,80,76,77,84,74,71,70,64,64,63,59,52,,,,,,,,,,,,,,,,,,,,,,,,,,,,,,,,,,,,,,,,,,,,,,,,,,,,,,,,,,,,,,,,,,,,,,,,,,,,,,,,,,,,,,,,,,,,,,,,,,,,,,,,,,,,,,,,,,,,,,,,,,,,,,,,,,,,,,,,,,,,,,,,,,,,,,,,,,,,,,,,,,,,,,,,,,,,,,,,,,,,,,,,,,,,,,,,
31,48,58,56,63,58,55,63,65,56,66,57,61,53,57,54,52,54,49,50,43,46,46,44,45,42,40,41,42,42,43,44,47,47,49,47,46,46,39,43,46,45,44,45,46,48,45,49,50,42,46,47,51,48,48,51,54,54,61,53,50,58,54,50,49,,,,,,,,,,,,,,,,,,,,,,,,,,,,,,,,,,,,,,,,,,,,,,,,,,,,,,,,,,,,,,,,,,,,,,,,,,,,,,,,,,,,,,,,,,,,,,,,,,,,,,,,,,,,,,,,,,,,,,,,,,,,,,,,,,,,,,,,,,,,,,,,,,,,,,,,,,,,,,,,,,,,,,,,,,,,,,,,,,,,,,,,,,,,,,,,
32,60,59,64,64,68,71,73,85,81,79,80,78,75,81,77,67,74,73,83,76,89,74,81,82,78,77,72,72,76,79,78,82,86,76,81,86,85,74,79,75,74,76,77,84,79,75,77,75,73,74,75,76,65,74,75,72,76,72,69,62,55,54,47,53,,,,,,,,,,,,,,,,,,,,,,,,,,,,,,,,,,,,,,,,,,,,,,,,,,,,,,,,,,,,,,,,,,,,,,,,,,,,,,,,,,,,,,,,,,,,,,,,,,,,,,,,,,,,,,,,,,,,,,,,,,,,,,,,,,,,,,,,,,,,,,,,,,,,,,,,,,,,,,,,,,,,,,,,,,,,,,,,,,,,,,,,,,,,,,,,
33,34,35,43,44,45,45,47,45,48,46,50,47,49,56,55,56,59,60,58,61,65,67,60,66,70,76,72,71,74,70,68,69,78,76,74,80,78,78,77,79,78,75,72,77,75,83,76,78,76,79,81,76,84,75,79,75,77,72,71,75,62,66,58,53,,,,,,,,,,,,,,,,,,,,,,,,,,,,,,,,,,,,,,,,,,,,,,,,,,,,,,,,,,,,,,,,,,,,,,,,,,,,,,,,,,,,,,,,,,,,,,,,,,,,,,,,,,,,,,,,,,,,,,,,,,,,,,,,,,,,,,,,,,,,,,,,,,,,,,,,,,,,,,,,,,,,,,,,,,,,,,,,,,,,,,,,,,,,,,,,
34,47,40,54,51,54,54,54,45,50,50,47,50,48,55,54,50,50,47,53,52,49,43,48,49,48,47,46,49,48,51,50,48,51,51,47,49,51,56,55,54,58,62,67,68,60,66,65,65,68,66,71,70,70,74,74,68,72,71,69,70,70,63,61,65,,,,,,,,,,,,,,,,,,,,,,,,,,,,,,,,,,,,,,,,,,,,,,,,,,,,,,,,,,,,,,,,,,,,,,,,,,,,,,,,,,,,,,,,,,,,,,,,,,,,,,,,,,,,,,,,,,,,,,,,,,,,,,,,,,,,,,,,,,,,,,,,,,,,,,,,,,,,,,,,,,,,,,,,,,,,,,,,,,,,,,,,,,,,,,,,
35,58,60,64,66,70,71,74,72,68,81,79,76,77,70,67,75,76,65,67,64,63,58,63,63,61,58,51,64,53,58,62,60,50,48,51,47,47,46,47,47,48,47,50,50,47,51,47,44,43,46,47,48,50,49,49,46,45,48,46,43,42,43,42,40,,,,,,,,,,,,,,,,,,,,,,,,,,,,,,,,,,,,,,,,,,,,,,,,,,,,,,,,,,,,,,,,,,,,,,,,,,,,,,,,,,,,,,,,,,,,,,,,,,,,,,,,,,,,,,,,,,,,,,,,,,,,,,,,,,,,,,,,,,,,,,,,,,,,,,,,,,,,,,,,,,,,,,,,,,,,,,,,,,,,,,,,,,,,,,,,
36,56,67,68,67,71,79,75,76,76,73,73,77,74,77,84,83,76,79,73,84,79,78,81,73,80,74,79,76,80,77,81,75,71,79,79,77,76,70,73,74,76,75,72,70,62,65,64,65,65,62,59,61,53,56,56,52,59,57,50,44,40,36,36,36,,,,,,,,,,,,,,,,,,,,,,,,,,,,,,,,,,,,,,,,,,,,,,,,,,,,,,,,,,,,,,,,,,,,,,,,,,,,,,,,,,,,,,,,,,,,,,,,,,,,,,,,,,,,,,,,,,,,,,,,,,,,,,,,,,,,,,,,,,,,,,,,,,,,,,,,,,,,,,,,,,,,,,,,,,,,,,,,,,,,,,,,,,,,,,,,
37,42,54,49,56,63,60,62,63,66,70,72,70,68,78,78,70,72,68,78,81,90,74,78,79,83,83,83,81,81,79,82,79,82,76,81,75,79,76,86,83,73,77,82,81,73,85,72,81,80,81,75,81,78,69,81,77,73,67,82,68,71,61,58,55,,,,,,,,,,,,,,,,,,,,,,,,,,,,,,,,,,,,,,,,,,,,,,,,,,,,,,,,,,,,,,,,,,,,,,,,,,,,,,,,,,,,,,,,,,,,,,,,,,,,,,,,,,,,,,,,,,,,,,,,,,,,,,,,,,,,,,,,,,,,,,,,,,,,,,,,,,,,,,,,,,,,,,,,,,,,,,,,,,,,,,,,,,,,,,,,
38,34,38,37,38,40,41,38,39,43,46,44,43,42,43,45,45,43,46,42,45,42,46,48,49,47,49,49,52,59,57,58,58,60,64,58,69,69,65,70,72,68,76,70,74,80,68,84,90,75,72,80,76,78,81,75,70,77,76,69,65,67,68,60,54,,,,,,,,,,,,,,,,,,,,,,,,,,,,,,,,,,,,,,,,,,,,,,,,,,,,,,,,,,,,,,,,,,,,,,,,,,,,,,,,,,,,,,,,,,,,,,,,,,,,,,,,,,,,,,,,,,,,,,,,,,,,,,,,,,,,,,,,,,,,,,,,,,,,,,,,,,,,,,,,,,,,,,,,,,,,,,,,,,,,,,,,,,,,,,,,
39,53,61,62,65,61,66,58,67,64,61,58,60,53,58,57,61,53,59,57,44,47,48,51,46,48,49,49,49,47,53,50,46,49,51,50,47,45,45,51,48,50,43,49,53,49,48,44,50,51,46,52,43,50,54,53,59,58,57,57,63,60,60,52,51,,,,,,,,,,,,,,,,,,,,,,,,,,,,,,,,,,,,,,,,,,,,,,,,,,,,,,,,,,,,,,,,,,,,,,,,,,,,,,,,,,,,,,,,,,,,,,,,,,,,,,,,,,,,,,,,,,,,,,,,,,,,,,,,,,,,,,,,,,,,,,,,,,,,,,,,,,,,,,,,,,,,,,,,,,,,,,,,,,,,,,,,,,,,,,,,
40,57,63,62,60,68,74,67,73,70,80,74,80,73,68,69,77,81,77,79,82,77,77,72,79,80,82,75,84,78,80,74,81,71,71,77,79,72,71,72,79,76,73,66,79,76,74,74,79,80,72,77,72,74,72,65,66,68,61,60,60,59,56,49,51,,,,,,,,,,,,,,,,,,,,,,,,,,,,,,,,,,,,,,,,,,,,,,,,,,,,,,,,,,,,,,,,,,,,,,,,,,,,,,,,,,,,,,,,,,,,,,,,,,,,,,,,,,,,,,,,,,,,,,,,,,,,,,,,,,,,,,,,,,,,,,,,,,,,,,,,,,,,,,,,,,,,,,,,,,,,,,,,,,,,,,,,,,,,,,,,
41,34,32,40,38,40,40,43,50,48,46,47,46,49,53,54,54,61,54,58,58,62,59,67,66,65,67,65,67,71,76,70,66,78,76,75,73,77,72,80,76,78,80,79,78,82,79,76,69,77,78,71,72,76,74,81,80,77,69,76,68,69,58,57,50,,,,,,,,,,,,,,,,,,,,,,,,,,,,,,,,,,,,,,,,,,,,,,,,,,,,,,,,,,,,,,,,,,,,,,,,,,,,,,,,,,,,,,,,,,,,,,,,,,,,,,,,,,,,,,,,,,,,,,,,,,,,,,,,,,,,,,,,,,,,,,,,,,,,,,,,,,,,,,,,,,,,,,,,,,,,,,,,,,,,,,,,,,,,,,,,
42,41,46,53,54,56,53,48,51,58,46,49,44,47,51,50,57,48,47,49,52,53,47,48,50,48,57,47,47,49,55,46,53,49,52,55,50,58,59,52,58,53,61,54,62,61,65,61,64,62,67,68,72,70,74,64,71,65,69,70,68,66,67,62,63,,,,,,,,,,,,,,,,,,,,,,,,,,,,,,,,,,,,,,,,,,,,,,,,,,,,,,,,,,,,,,,,,,,,,,,,,,,,,,,,,,,,,,,,,,,,,,,,,,,,,,,,,,,,,,,,,,,,,,,,,,,,,,,,,,,,,,,,,,,,,,,,,,,,,,,,,,,,,,,,,,,,,,,,,,,,,,,,,,,,,,,,,,,,,,,,
43,54,68,69,67,66,68,81,79,72,74,68,74,80,70,66,77,70,68,63,66,66,64,64,69,63,62,63,61,55,57,57,58,50,45,53,52,45,50,46,46,50,50,42,44,47,50,49,46,49,44,45,46,52,50,47,50,44,44,47,41,44,41,42,37,,,,,,,,,,,,,,,,,,,,,,,,,,,,,,,,,,,,,,,,,,,,,,,,,,,,,,,,,,,,,,,,,,,,,,,,,,,,,,,,,,,,,,,,,,,,,,,,,,,,,,,,,,,,,,,,,,,,,,,,,,,,,,,,,,,,,,,,,,,,,,,,,,,,,,,,,,,,,,,,,,,,,,,,,,,,,,,,,,,,,,,,,,,,,,,,
44,52,58,66,68,68,62,71,73,72,77,84,72,75,75,85,95,82,71,74,74,82,79,71,75,72,73,82,76,77,77,76,77,88,77,74,68,75,78,73,72,71,75,69,71,64,61,57,61,65,56,60,56,56,54,49,50,52,56,43,43,37,33,36,30,,,,,,,,,,,,,,,,,,,,,,,,,,,,,,,,,,,,,,,,,,,,,,,,,,,,,,,,,,,,,,,,,,,,,,,,,,,,,,,,,,,,,,,,,,,,,,,,,,,,,,,,,,,,,,,,,,,,,,,,,,,,,,,,,,,,,,,,,,,,,,,,,,,,,,,,,,,,,,,,,,,,,,,,,,,,,,,,,,,,,,,,,,,,,,,,
45,40,43,50,50,56,54,65,63,64,64,65,66,68,67,73,65,67,73,75,77,79,75,75,79,79,71,75,79,78,77,70,77,75,79,78,82,70,79,75,74,71,70,73,70,80,75,73,75,73,73,75,77,69,73,73,74,75,73,69,62,62,68,58,51,,,,,,,,,,,,,,,,,,,,,,,,,,,,,,,,,,,,,,,,,,,,,,,,,,,,,,,,,,,,,,,,,,,,,,,,,,,,,,,,,,,,,,,,,,,,,,,,,,,,,,,,,,,,,,,,,,,,,,,,,,,,,,,,,,,,,,,,,,,,,,,,,,,,,,,,,,,,,,,,,,,,,,,,,,,,,,,,,,,,,,,,,,,,,,,,
46,42,43,45,44,47,53,50,46,48,48,45,52,51,50,49,46,48,51,52,50,54,50,49,52,51,49,57,58,57,59,71,54,62,64,60,73,68,69,77,72,73,75,71,71,83,70,76,82,80,80,79,79,81,74,75,79,84,82,71,74,70,58,59,57,,,,,,,,,,,,,,,,,,,,,,,,,,,,,,,,,,,,,,,,,,,,,,,,,,,,,,,,,,,,,,,,,,,,,,,,,,,,,,,,,,,,,,,,,,,,,,,,,,,,,,,,,,,,,,,,,,,,,,,,,,,,,,,,,,,,,,,,,,,,,,,,,,,,,,,,,,,,,,,,,,,,,,,,,,,,,,,,,,,,,,,,,,,,,,,,
47,54,63,66,73,60,61,61,70,61,62,65,57,63,58,58,59,61,63,56,48,49,46,51,52,53,51,49,48,50,48,52,49,46,53,53,55,54,50,47,46,56,51,50,50,51,52,60,55,54,53,51,56,56,64,60,66,61,54,63,60,60,59,57,54,,,,,,,,,,,,,,,,,,,,,,,,,,,,,,,,,,,,,,,,,,,,,,,,,,,,,,,,,,,,,,,,,,,,,,,,,,,,,,,,,,,,,,,,,,,,,,,,,,,,,,,,,,,,,,,,,,,,,,,,,,,,,,,,,,,,,,,,,,,,,,,,,,,,,,,,,,,,,,,,,,,,,,,,,,,,,,,,,,,,,,,,,,,,,,,,
48,59,71,64,62,71,72,78,71,75,78,83,73,83,72,79,78,74,75,82,76,83,73,74,81,80,75,80,77,87,87,79,75,80,90,95,83,80,69,77,80,82,79,74,74,82,83,76,85,80,82,81,77,70,73,76,75,77,67,66,61,63,61,53,51,,,,,,,,,,,,,,,,,,,,,,,,,,,,,,,,,,,,,,,,,,,,,,,,,,,,,,,,,,,,,,,,,,,,,,,,,,,,,,,,,,,,,,,,,,,,,,,,,,,,,,,,,,,,,,,,,,,,,,,,,,,,,,,,,,,,,,,,,,,,,,,,,,,,,,,,,,,,,,,,,,,,,,,,,,,,,,,,,,,,,,,,,,,,,,,,
49,36,40,43,46,43,43,45,50,55,52,49,47,56,51,54,57,61,56,61,66,63,61,64,67,67,77,74,74,70,71,83,77,76,85,80,80,84,77,80,73,76,72,75,77,69,81,81,78,79,74,83,73,73,79,68,74,76,75,72,71,65,67,66,58,,,,,,,,,,,,,,,,,,,,,,,,,,,,,,,,,,,,,,,,,,,,,,,,,,,,,,,,,,,,,,,,,,,,,,,,,,,,,,,,,,,,,,,,,,,,,,,,,,,,,,,,,,,,,,,,,,,,,,,,,,,,,,,,,,,,,,,,,,,,,,,,,,,,,,,,,,,,,,,,,,,,,,,,,,,,,,,,,,,,,,,,,,,,,,,,
50,43,46,44,51,55,49,48,52,44,41,43,47,41,46,45,45,45,42,46,45,48,46,46,47,44,47,45,44,48,43,46,50,48,42,50,51,47,49,48,55,55,58,58,56,66,58,62,59,62,69,66,70,68,73,70,72,71,62,71,71,67,61,59,51,,,,,,,,,,,,,,,,,,,,,,,,,,,,,,,,,,,,,,,,,,,,,,,,,,,,,,,,,,,,,,,,,,,,,,,,,,,,,,,,,,,,,,,,,,,,,,,,,,,,,,,,,,,,,,,,,,,,,,,,,,,,,,,,,,,,,,,,,,,,,,,,,,,,,,,,,,,,,,,,,,,,,,,,,,,,,,,,,,,,,,,,,,,,,,,,
51,62,58,65,65,67,71,70,68,79,69,69,74,71,66,68,69,73,67,68,65,63,63,62,62,57,57,58,51,56,56,59,53,53,47,45,46,44,50,48,47,46,49,47,45,47,48,49,51,49,45,46,47,45,43,45,46,49,47,43,44,43,44,43,39,,,,,,,,,,,,,,,,,,,,,,,,,,,,,,,,,,,,,,,,,,,,,,,,,,,,,,,,,,,,,,,,,,,,,,,,,,,,,,,,,,,,,,,,,,,,,,,,,,,,,,,,,,,,,,,,,,,,,,,,,,,,,,,,,,,,,,,,,,,,,,,,,,,,,,,,,,,,,,,,,,,,,,,,,,,,,,,,,,,,,,,,,,,,,,,,
52,52,57,70,59,67,67,73,73,68,71,74,78,72,76,69,74,83,77,68,72,76,70,71,76,70,79,74,72,73,78,73,78,74,70,74,72,72,71,64,65,67,68,69,64,64,63,59,64,53,56,54,50,52,52,54,51,50,49,46,40,39,33,35,29,,,,,,,,,,,,,,,,,,,,,,,,,,,,,,,,,,,,,,,,,,,,,,,,,,,,,,,,,,,,,,,,,,,,,,,,,,,,,,,,,,,,,,,,,,,,,,,,,,,,,,,,,,,,,,,,,,,,,,,,,,,,,,,,,,,,,,,,,,,,,,,,,,,,,,,,,,,,,,,,,,,,,,,,,,,,,,,,,,,,,,,,,,,,,,,,
53,44,44,54,56,64,61,59,64,69,69,65,74,73,67,72,74,70,64,80,72,75,75,86,74,76,73,81,74,73,81,75,76,79,76,73,80,82,72,77,81,79,77,81,70,77,76,76,73,80,80,78,77,70,73,70,77,76,70,80,72,64,64,67,54,,,,,,,,,,,,,,,,,,,,,,,,,,,,,,,,,,,,,,,,,,,,,,,,,,,,,,,,,,,,,,,,,,,,,,,,,,,,,,,,,,,,,,,,,,,,,,,,,,,,,,,,,,,,,,,,,,,,,,,,,,,,,,,,,,,,,,,,,,,,,,,,,,,,,,,,,,,,,,,,,,,,,,,,,,,,,,,,,,,,,,,,,,,,,,,,
54,40,40,41,47,44,44,46,37,46,50,50,49,48,48,44,49,41,48,54,48,49,49,53,47,46,46,48,52,53,64,58,64,60,65,70,60,62,62,61,72,66,72,68,71,66,71,70,73,72,71,71,75,74,68,69,63,72,63,67,68,69,60,58,53,,,,,,,,,,,,,,,,,,,,,,,,,,,,,,,,,,,,,,,,,,,,,,,,,,,,,,,,,,,,,,,,,,,,,,,,,,,,,,,,,,,,,,,,,,,,,,,,,,,,,,,,,,,,,,,,,,,,,,,,,,,,,,,,,,,,,,,,,,,,,,,,,,,,,,,,,,,,,,,,,,,,,,,,,,,,,,,,,,,,,,,,,,,,,,,,
55,58,68,57,66,70,68,63,62,62,62,65,58,59,63,57,63,67,63,55,50,46,48,49,49,47,52,51,48,54,50,50,48,51,51,58,51,52,57,54,49,49,45,45,47,46,49,52,46,48,54,57,55,58,54,58,60,57,61,72,65,57,54,56,62,,,,,,,,,,,,,,,,,,,,,,,,,,,,,,,,,,,,,,,,,,,,,,,,,,,,,,,,,,,,,,,,,,,,,,,,,,,,,,,,,,,,,,,,,,,,,,,,,,,,,,,,,,,,,,,,,,,,,,,,,,,,,,,,,,,,,,,,,,,,,,,,,,,,,,,,,,,,,,,,,,,,,,,,,,,,,,,,,,,,,,,,,,,,,,,,
56,47,54,53,53,64,67,65,64,68,67,75,77,70,69,68,65,70,76,67,68,75,65,77,73,74,70,71,73,71,70,68,70,67,72,72,72,68,70,68,65,72,75,65,64,68,69,68,73,68,69,67,67,65,65,59,62,61,56,60,52,50,43,46,42,,,,,,,,,,,,,,,,,,,,,,,,,,,,,,,,,,,,,,,,,,,,,,,,,,,,,,,,,,,,,,,,,,,,,,,,,,,,,,,,,,,,,,,,,,,,,,,,,,,,,,,,,,,,,,,,,,,,,,,,,,,,,,,,,,,,,,,,,,,,,,,,,,,,,,,,,,,,,,,,,,,,,,,,,,,,,,,,,,,,,,,,,,,,,,,,
57,33,36,38,45,39,43,44,45,43,50,48,53,51,52,52,55,56,62,54,58,58,61,65,64,66,70,67,72,69,68,68,70,75,73,71,73,71,76,73,76,75,71,72,73,70,80,69,80,73,86,75,72,74,79,71,65,71,69,64,74,64,61,59,54,,,,,,,,,,,,,,,,,,,,,,,,,,,,,,,,,,,,,,,,,,,,,,,,,,,,,,,,,,,,,,,,,,,,,,,,,,,,,,,,,,,,,,,,,,,,,,,,,,,,,,,,,,,,,,,,,,,,,,,,,,,,,,,,,,,,,,,,,,,,,,,,,,,,,,,,,,,,,,,,,,,,,,,,,,,,,,,,,,,,,,,,,,,,,,,,
58,44,44,44,51,44,45,46,42,44,42,39,41,42,41,41,45,41,39,44,42,45,40,40,42,41,37,42,47,42,39,42,39,47,43,42,42,48,47,46,46,44,47,57,54,60,52,55,55,57,58,62,66,66,74,64,61,65,65,67,59,63,54,55,52,,,,,,,,,,,,,,,,,,,,,,,,,,,,,,,,,,,,,,,,,,,,,,,,,,,,,,,,,,,,,,,,,,,,,,,,,,,,,,,,,,,,,,,,,,,,,,,,,,,,,,,,,,,,,,,,,,,,,,,,,,,,,,,,,,,,,,,,,,,,,,,,,,,,,,,,,,,,,,,,,,,,,,,,,,,,,,,,,,,,,,,,,,,,,,,,
59,52,56,58,60,68,62,67,67,69,67,63,74,65,60,66,62,65,58,58,63,55,58,58,57,54,50,49,46,50,51,47,49,46,41,40,45,39,44,42,42,43,39,41,43,39,40,41,38,44,40,45,43,42,43,37,41,37,39,40,38,37,40,35,35,,,,,,,,,,,,,,,,,,,,,,,,,,,,,,,,,,,,,,,,,,,,,,,,,,,,,,,,,,,,,,,,,,,,,,,,,,,,,,,,,,,,,,,,,,,,,,,,,,,,,,,,,,,,,,,,,,,,,,,,,,,,,,,,,,,,,,,,,,,,,,,,,,,,,,,,,,,,,,,,,,,,,,,,,,,,,,,,,,,,,,,,,,,,,,,,
60,54,55,55,59,60,64,66,69,64,65,68,70,69,63,68,65,79,68,67,67,73,73,67,61,65,71,67,74,62,71,74,72,72,69,68,63,65,68,62,63,61,63,66,62,60,59,59,56,63,55,48,50,50,49,48,51,52,50,47,39,37,32,35,28,,,,,,,,,,,,,,,,,,,,,,,,,,,,,,,,,,,,,,,,,,,,,,,,,,,,,,,,,,,,,,,,,,,,,,,,,,,,,,,,,,,,,,,,,,,,,,,,,,,,,,,,,,,,,,,,,,,,,,,,,,,,,,,,,,,,,,,,,,,,,,,,,,,,,,,,,,,,,,,,,,,,,,,,,,,,,,,,,,,,,,,,,,,,,,,,
61,32,35,38,44,45,44,45,50,48,49,50,48,55,53,57,54,57,55,56,57,58,63,62,64,63,60,60,60,57,60,61,59,57,55,60,68,62,59,58,62,64,60,60,62,60,53,63,63,58,54,56,55,59,60,63,59,60,60,55,58,56,49,48,42,,,,,,,,,,,,,,,,,,,,,,,,,,,,,,,,,,,,,,,,,,,,,,,,,,,,,,,,,,,,,,,,,,,,,,,,,,,,,,,,,,,,,,,,,,,,,,,,,,,,,,,,,,,,,,,,,,,,,,,,,,,,,,,,,,,,,,,,,,,,,,,,,,,,,,,,,,,,,,,,,,,,,,,,,,,,,,,,,,,,,,,,,,,,,,,,
62,34,34,35,37,38,37,42,42,36,37,42,40,43,40,35,43,41,37,37,43,41,42,38,39,41,39,43,43,58,51,45,49,55,46,55,54,52,56,55,53,54,55,59,49,60,60,63,56,57,61,62,55,63,57,55,58,61,61,59,56,56,56,55,50,,,,,,,,,,,,,,,,,,,,,,,,,,,,,,,,,,,,,,,,,,,,,,,,,,,,,,,,,,,,,,,,,,,,,,,,,,,,,,,,,,,,,,,,,,,,,,,,,,,,,,,,,,,,,,,,,,,,,,,,,,,,,,,,,,,,,,,,,,,,,,,,,,,,,,,,,,,,,,,,,,,,,,,,,,,,,,,,,,,,,,,,,,,,,,,,
63,51,52,57,57,54,54,53,51,46,54,49,52,49,47,46,46,47,46,42,44,43,40,41,38,39,42,40,37,37,39,39,39,38,40,40,43,41,42,42,40,40,46,44,41,45,41,38,46,41,45,45,44,38,46,46,46,46,50,46,53,52,49,48,45,,,,,,,,,,,,,,,,,,,,,,,,,,,,,,,,,,,,,,,,,,,,,,,,,,,,,,,,,,,,,,,,,,,,,,,,,,,,,,,,,,,,,,,,,,,,,,,,,,,,,,,,,,,,,,,,,,,,,,,,,,,,,,,,,,,,,,,,,,,,,,,,,,,,,,,,,,,,,,,,,,,,,,,,,,,,,,,,,,,,,,,,,,,,,,,,
,,,,,,,,,,,,,,,,,,,,,,,,,,,,,,,,,,,,,,,,,,,,,,,,,,,,,,,,,,,,,,,,,,,,,,,,,,,,,,,,,,,,,,,,,,,,,,,,,,,,,,,,,,,,,,,,,,,,,,,,,,,,,,,,,,,,,,,,,,,,,,,,,,,,,,,,,,,,,,,,,,,,,,,,,,,,,,,,,,,,,,,,,,,,,,,,,,,,,,,,,,,,,,,,,,,,,,,,,,,,,,,,,,,,,,,,,,,,,,,,,,,,,,,,,,,,,,,,
value,0,1,2,3,4,5,6,7,8,9,10,11,12,13,14,15,16,17,18,19,20,21,22,23,24,25,26,27,28,29,30,31,32,33,34,35,36,37,38,39,40,41,42,43,44,45,46,47,48,49,50,51,52,53,54,55,56,57,58,59,60,61,62,63,64,65,66,67,68,69,70,71,72,73,74,75,76,77,78,79,80,81,82,83,84,85,86,87,88,89,90,91,92,93,94,95,96,97,98,99,100,101,102,103,104,105,106,107,108,109,110,111,112,113,114,115,116,117,118,119,120,121,122,123,124,125,126,127,128,129,130,131,132,133,134,135,136,137,138,139,140,141,142,143,144,145,146,147,148,149,150,151,152,153,154,155,156,157,158,159,160,161,162,163,164,165,166,167,168,169,170,171,172,173,174,175,176,177,178,179,180,181,182,183,184,185,186,187,188,189,190,191,192,193,194,195,196,197,198,199,200,201,202,203,204,205,206,207,208,209,210,211,212,213,214,215,216,217,218,219,220,221,222,223,224,225,226,227,228,229,230,231,232,233,234,235,236,237,238,239,240,241,242,243,244,245,246,247,248,249,250,251,252,253,254,255
count,0,0,0,0,0,0,0,0,0,0,0,0,0,0,0,0,0,0,0,0,0,0,0,0,0,0,0,0,1,1,2,2,5,11,15,13,19,35,40,39,68,61,74,82,92,103,121,110,102,108,95,79,81,94,90,80,83,88,100,86,75,83,84,72,77,82,80,84,109,83,104,98,94,121,120,105,98,96,84,85,77,64,43,30,25,17,8,3,6,2,3,0,0,1,0,2,1,0,0,0,0,0,0,0,0,0,0,0,0,0,0,0,0,0,0,0,0,0,0,0,0,0,0,0,0,0,0,0,0,0,0,0,0,0,0,0,0,0,0,0,0,0,0,0,0,0,0,0,0,0,0,0,0,0,0,0,0,0,0,0,0,0,0,0,0,0,0,0,0,0,0,0,0,0,0,0,0,0,0,0,0,0,0,0,0,0,0,0,0,0,0,0,0,0,0,0,0,0,0,0,0,0,0,0,0,0,0,0,0,0,0,0,0,0,0,0,0,0,0,0,0,0,0,0,0,0,0,0,0,0,0,0,0,0,0,0,0,0,0,0,0,0,0,0,0,0,0,0,0,0,0,0,0,0,0,0
,,,,,,,,,,,,,,,,,,,,,,,,,,,,,,,,,,,,,,,,,,,,,,,,,,,,,,,,,,,,,,,,,,,,,,,,,,,,,,,,,,,,,,,,,,,,,,,,,,,,,,,,,,,,,,,,,,,,,,,,,,,,,,,,,,,,,,,,,,,,,,,,,,,,,,,,,,,,,,,,,,,,,,,,,,,,,,,,,,,,,,,,,,,,,,,,,,,,,,,,,,,,,,,,,,,,,,,,,,,,,,,,,,,,,,,,,,,,,,,,,,,,,,,,,,,,,,,,
4,,,,,,,,,,,,,,,,,,,,,,,,,,,,,,,,,,,,,,,,,,,,,,,,,,,,,,,,,,,,,,,,,,,,,,,,,,,,,,,,,,,,,,,,,,,,,,,,,,,,,,,,,,,,,,,,,,,,,,,,,,,,,,,,,,,,,,,,,,,,,,,,,,,,,,,,,,,,,,,,,,,,,,,,,,,,,,,,,,,,,,,,,,,,,,,,,,,,,,,,,,,,,,,,,,,,,,,,,,,,,,,,,,,,,,,,,,,,,,,,,,,,,,,,,,,,,,,,
,0,1,2,3,4,5,6,7,8,9,10,11,12,13,14,15,16,17,18,19,20,21,22,23,24,25,26,27,28,29,30,31,32,33,34,35,36,37,38,39,40,41,42,43,44,45,46,47,48,49,50,51,52,53,54,55,56,57,58,59,60,61,62,63,60.60717773,,,,,,,,,,,,,,,,,,,,,,,,,,,,,,,,,,,,,,,,,,,,,,,,,,,,,,,,,,,,,,,,,,,,,,,,,,,,,,,,,,,,,,,,,,,,,,,,,,,,,,,,,,,,,,,,,,,,,,,,,,,,,,,,,,,,,,,,,,,,,,,,,,,,,,,,,,,,,,,,,,,,,,,,,,,,,,,,,,,,,,,,,,,,,,,
0,44,42,58,54,58,53,56,54,53,52,57,57,57,59,57,57,58,61,65,54,53,56,56,50,62,58,61,62,55,54,66,58,60,55,55,57,57,61,58,58,62,59,56,53,62,56,57,54,58,53,58,54,48,52,55,55,51,52,47,49,44,47,44,36,,,,,,,,,,,,,,,,,,,,,,,,,,,,,,,,,,,,,,,,,,,,,,,,,,,,,,,,,,,,,,,,,,,,,,,,,,,,,,,,,,,,,,,,,,,,,,,,,,,,,,,,,,,,,,,,,,,,,,,,,,,,,,,,,,,,,,,,,,,,,,,,,,,,,,,,,,,,,,,,,,,,,,,,,,,,,,,,,,,,,,,,,,,,,,,,
1,32,35,36,34,40,40,41,35,37,39,43,38,45,51,43,50,49,43,48,47,53,48,54,52,55,53,59,52,57,59,57,56,54,66,65,60,53,55,59,60,56,55,59,61,60,58,63,55,60,59,59,65,62,61,57,63,54,61,59,56,59,55,50,47,,,,,,,,,,,,,,,,,,,,,,,,,,,,,,,,,,,,,,,,,,,,,,,,,,,,,,,,,,,,,,,,,,,,,,,,,,,,,,,,,,,,,,,,,,,,,,,,,,,,,,,,,,,,,,,,,,,,,,,,,,,,,,,,,,,,,,,,,,,,,,,,,,,,,,,,,,,,,,,,,,,,,,,,,,,,,,,,,,,,,,,,,,,,,,,,
2,41,38,41,45,43,45,36,36,40,38,34,41,41,36,41,43,37,38,40,34,38,41,38,38,35,38,42,40,39,41,37,39,38,37,43,43,38,42,42,40,44,48,50,48,45,57,49,57,54,55,50,60,53,59,56,56,60,58,53,56,54,54,44,40,,,,,,,,,,,,,,,,,,,,,,,,,,,,,,,,,,,,,,,,,,,,,,,,,,,,,,,,,,,,,,,,,,,,,,,,,,,,,,,,,,,,,,,,,,,,,,,,,,,,,,,,,,,,,,,,,,,,,,,,,,,,,,,,,,,,,,,,,,,,,,,,,,,,,,,,,,,,,,,,,,,,,,,,,,,,,,,,,,,,,,,,,,,,,,,,
3,48,55,56,56,59,55,59,62,71,62,59,64,57,63,59,62,55,56,56,49,53,51,52,54,46,45,49,49,47,48,44,41,35,36,42,36,38,37,38,39,37,40,44,41,42,43,39,38,40,38,39,40,38,40,37,38,41,35,36,36,35,37,36,33,,,,,,,,,,,,,,,,,,,,,,,,,,,,,,,,,,,,,,,,,,,,,,,,,,,,,,,,,,,,,,,,,,,,,,,,,,,,,,,,,,,,,,,,,,,,,,,,,,,,,,,,,,,,,,,,,,,,,,,,,,,,,,,,,,,,,,,,,,,,,,,,,,,,,,,,,,,,,,,,,,,,,,,,,,,,,,,,,,,,,,,,,,,,,,,,
4,53,57,63,61,67,70,69,73,65,66,71,71,66,68,73,70,66,68,66,67,69,66,69,68,66,68,70,69,63,64,75,59,71,72,71,67,68,70,63,68,66,62,57,65,70,61,59,63,55,54,46,53,62,49,53,49,48,52,45,41,38,46,34,33,,,,,,,,,,,,,,,,,,,,,,,,,,,,,,,,,,,,,,,,,,,,,,,,,,,,,,,,,,,,,,,,,,,,,,,,,,,,,,,,,,,,,,,,,,,,,,,,,,,,,,,,,,,,,,,,,,,,,,,,,,,,,,,,,,,,,,,,,,,,,,,,,,,,,,,,,,,,,,,,,,,,,,,,,,,,,,,,,,,,,,,,,,,,,,,,
5,32,35,46,48,44,46,50,55,60,61,58,61,60,61,68,68,67,66,67,70,68,73,69,70,72,66,77,63,68,65,67,70,67,73,75,66,66,70,71,76,68,68,63,66,64,66,70,63,72,69,71,72,75,70,69,71,62,70,58,62,67,54,48,44,,,,,,,,,,,,,,,,,,,,,,,,,,,,,,,,,,,,,,,,,,,,,,,,,,,,,,,,,,,,,,,,,,,,,,,,,,,,,,,,,,,,,,,,,,,,,,,,,,,,,,,,,,,,,,,,,,,,,,,,,,,,,,,,,,,,,,,,,,,,,,,,,,,,,,,,,,,,,,,,,,,,,,,,,,,,,,,,,,,,,,,,,,,,,,,,
6,34,40,39,41,36,40,41,46,43,36,46,42,40,43,39,38,47,45,45,40,45,44,40,46,44,49,50,53,53,57,50,53,51,58,56,61,58,57,62,66,69,64,66,66,72,67,67,71,68,71,75,72,78,65,70,66,63,66,71,64,59,54,53,50,,,,,,,,,,,,,,,,,,,,,,,,,,,,,,,,,,,,,,,,,,,,,,,,,,,,,,,,,,,,,,,,,,,,,,,,,,,,,,,,,,,,,,,,,,,,,,,,,,,,,,,,,,,,,,,,,,,,,,,,,,,,,,,,,,,,,,,,,,,,,,,,,,,,,,,,,,,,,,,,,,,,,,,,,,,,,,,,,,,,,,,,,,,,,,,,
7,49,52,53,55,48,54,52,60,56,57,55,47,50,51,47,51,47,49,40,39,36,41,41,42,39,38,40,44,39,37,38,41,43,42,37,37,43,40,48,40,39,48,41,39,44,40,41,43,43,47,49,46,44,49,47,53,52,52,55,52,49,49,45,50,,,,,,,,,,,,,,,,,,,,,,,,,,,,,,,,,,,,,,,,,,,,,,,,,,,,,,,,,,,,,,,,,,,,,,,,,,,,,,,,,,,,,,,,,,,,,,,,,,,,,,,,,,,,,,,,,,,,,,,,,,,,,,,,,,,,,,,,,,,,,,,,,,,,,,,,,,,,,,,,,,,,,,,,,,,,,,,,,,,,,,,,,,,,,,,,
8,59,62,59,69,72,74,77,79,73,77,82,77,69,78,83,76,77,75,73,72,78,72,71,77,75,81,75,76,84,78,86,84,80,82,74,78,76,74,76,79,73,75,84,68,80,75,81,79,75,78,72,72,67,67,68,69,67,66,64,54,58,54,47,45,,,,,,,,,,,,,,,,,,,,,,,,,,,,,,,,,,,,,,,,,,,,,,,,,,,,,,,,,,,,,,,,,,,,,,,,,,,,,,,,,,,,,,,,,,,,,,,,,,,,,,,,,,,,,,,,,,,,,,,,,,,,,,,,,,,,,,,,,,,,,,,,,,,,,,,,,,,,,,,,,,,,,,,,,,,,,,,,,,,,,,,,,,,,,,,,
9,32,35,42,45,42,45,44,47,47,47,45,47,46,53,53,59,60,60,65,60,68,70,70,65,69,72,78,70,65,75,72,86,79,69,72,78,78,83,81,78,83,76,70,84,82,78,75,72,84,75,75,85,82,79,71,70,75,70,67,69,66,62,55,55,,,,,,,,,,,,,,,,,,,,,,,,,,,,,,,,,,,,,,,,,,,,,,,,,,,,,,,,,,,,,,,,,,,,,,,,,,,,,,,,,,,,,,,,,,,,,,,,,,,,,,,,,,,,,,,,,,,,,,,,,,,,,,,,,,,,,,,,,,,,,,,,,,,,,,,,,,,,,,,,,,,,,,,,,,,,,,,,,,,,,,,,,,,,,,,,
10,45,44,51,48,52,49,43,41,43,44,45,46,43,44,47,40,44,45,49,42,43,45,46,42,47,42,45,40,44,47,47,46,44,46,48,48,51,55,50,53,57,58,60,60,57,62,60,67,63,69,75,71,69,68,74,68,76,76,73,70,69,65,62,57,,,,,,,,,,,,,,,,,,,,,,,,,,,,,,,,,,,,,,,,,,,,,,,,,,,,,,,,,,,,,,,,,,,,,,,,,,,,,,,,,,,,,,,,,,,,,,,,,,,,,,,,,,,,,,,,,,,,,,,,,,,,,,,,,,,,,,,,,,,,,,,,,,,,,,,,,,,,,,,,,,,,,,,,,,,,,,,,,,,,,,,,,,,,,,,,
11,57,65,58,64,72,76,68,73,77,66,77,68,69,73,72,68,61,64,63,65,63,71,67,59,55,56,59,60,57,60,57,57,52,52,50,48,48,49,43,49,49,46,49,50,53,49,52,47,50,53,47,49,49,46,45,47,46,44,51,49,41,41,40,37,,,,,,,,,,,,,,,,,,,,,,,,,,,,,,,,,,,,,,,,,,,,,,,,,,,,,,,,,,,,,,,,,,,,,,,,,,,,,,,,,,,,,,,,,,,,,,,,,,,,,,,,,,,,,,,,,,,,,,,,,,,,,,,,,,,,,,,,,,,,,,,,,,,,,,,,,,,,,,,,,,,,,,,,,,,,,,,,,,,,,,,,,,,,,,,,
12,59,71,71,83,83,83,83,90,86,73,83,85,85,86,83,82,81,86,80,83,83,81,75,80,97,92,86,82,85,83,84,81,81,75,88,82,74,85,84,74,68,91,79,76,75,74,75,72,72,70,67,63,55,64,63,61,60,63,56,46,46,45,47,42,,,,,,,,,,,,,,,,,,,,,,,,,,,,,,,,,,,,,,,,,,,,,,,,,,,,,,,,,,,,,,,,,,,,,,,,,,,,,,,,,,,,,,,,,,,,,,,,,,,,,,,,,,,,,,,,,,,,,,,,,,,,,,,,,,,,,,,,,,,,,,,,,,,,,,,,,,,,,,,,,,,,,,,,,,,,,,,,,,,,,,,,,,,,,,,,
13,42,51,50,52,54,57,56,58,60,65,67,73,66,68,71,72,72,72,73,78,76,78,73,74,76,80,83,74,75,77,74,73,79,73,76,77,76,75,74,79,78,75,78,73,81,75,77,80,77,79,72,77,79,71,78,79,73,75,77,69,70,66,54,52,,,,,,,,,,,,,,,,,,,,,,,,,,,,,,,,,,,,,,,,,,,,,,,,,,,,,,,,,,,,,,,,,,,,,,,,,,,,,,,,,,,,,,,,,,,,,,,,,,,,,,,,,,,,,,,,,,,,,,,,,,,,,,,,,,,,,,,,,,,,,,,,,,,,,,,,,,,,,,,,,,,,,,,,,,,,,,,,,,,,,,,,,,,,,,,,
14,31,38,38,47,42,40,51,40,45,40,46,37,43,43,42,46,51,40,43,48,49,51,47,43,49,48,51,57,58,54,56,57,63,57,61,65,71,67,72,64,70,71,64,82,69,79,75,75,75,74,81,77,76,70,66,71,68,66,68,65,62,57,56,53,,,,,,,,,,,,,,,,,,,,,,,,,,,,,,,,,,,,,,,,,,,,,,,,,,,,,,,,,,,,,,,,,,,,,,,,,,,,,,,,,,,,,,,,,,,,,,,,,,,,,,,,,,,,,,,,,,,,,,,,,,,,,,,,,,,,,,,,,,,,,,,,,,,,,,,,,,,,,,,,,,,,,,,,,,,,,,,,,,,,,,,,,,,,,,,,
15,49,56,52,56,61,59,62,64,64,65,53,55,51,53,51,58,56,51,51,48,39,48,45,45,49,38,44,45,46,46,42,44,40,56,42,44,47,46,49,39,48,44,49,55,49,48,48,45,46,50,49,50,56,58,56,59,53,57,57,63,52,55,54,49,,,,,,,,,,,,,,,,,,,,,,,,,,,,,,,,,,,,,,,,,,,,,,,,,,,,,,,,,,,,,,,,,,,,,,,,,,,,,,,,,,,,,,,,,,,,,,,,,,,,,,,,,,,,,,,,,,,,,,,,,,,,,,,,,,,,,,,,,,,,,,,,,,,,,,,,,,,,,,,,,,,,,,,,,,,,,,,,,,,,,,,,,,,,,,,,
16,55,56,56,67,68,72,66,74,76,76,77,77,79,81,74,82,81,81,72,85,79,78,81,79,76,75,80,78,75,76,80,83,74,78,76,76,81,78,72,77,80,76,74,84,76,82,75,79,74,80,78,73,67,74,75,71,70,60,58,55,53,56,49,42,,,,,,,,,,,,,,,,,,,,,,,,,,,,,,,,,,,,,,,,,,,,,,,,,,,,,,,,,,,,,,,,,,,,,,,,,,,,,,,,,,,,,,,,,,,,,,,,,,,,,,,,,,,,,,,,,,,,,,,,,,,,,,,,,,,,,,,,,,,,,,,,,,,,,,,,,,,,,,,,,,,,,,,,,,,,,,,,,,,,,,,,,,,,,,,,
17,37,41,43,49,42,47,49,53,51,59,49,58,59,54,59,65,65,64,72,67,73,79,68,70,73,75,79,80,76,76,87,83,81,79,81,84,91,79,76,73,76,84,83,77,85,82,81,72,85,76,84,75,80,81,74,81,69,84,74,76,74,74,57,57,,,,,,,,,,,,,,,,,,,,,,,,,,,,,,,,,,,,,,,,,,,,,,,,,,,,,,,,,,,,,,,,,,,,,,,,,,,,,,,,,,,,,,,,,,,,,,,,,,,,,,,,,,,,,,,,,,,,,,,,,,,,,,,,,,,,,,,,,,,,,,,,,,,,,,,,,,,,,,,,,,,,,,,,,,,,,,,,,,,,,,,,,,,,,,,,
18,45,48,56,53,56,52,50,50,51,47,46,47,51,53,54,52,42,50,47,52,50,49,51,54,50,52,49,49,54,55,50,53,52,52,51,49,50,55,52,51,58,62,63,63,61,65,71,63,69,73,69,75,78,77,80,79,82,77,70,70,68,59,66,53,,,,,,,,,,,,,,,,,,,,,,,,,,,,,,,,,,,,,,,,,,,,,,,,,,,,,,,,,,,,,,,,,,,,,,,,,,,,,,,,,,,,,,,,,,,,,,,,,,,,,,,,,,,,,,,,,,,,,,,,,,,,,,,,,,,,,,,,,,,,,,,,,,,,,,,,,,,,,,,,,,,,,,,,,,,,,,,,,,,,,,,,,,,,,,,,
19,63,75,76,85,73,81,75,83,78,87,80,75,74,79,86,77,74,71,75,73,80,73,74,79,61,65,57,63,65,65,73,63,61,55,57,52,54,55,51,58,62,54,58,61,55,54,62,60,54,50,57,56,60,57,51,57,61,58,55,56,54,52,49,48,,,,,,,,,,,,,,,,,,,,,,,,,,,,,,,,,,,,,,,,,,,,,,,,,,,,,,,,,,,,,,,,,,,,,,,,,,,,,,,,,,,,,,,,,,,,,,,,,,,,,,,,,,,,,,,,,,,,,,,,,,,,,,,,,,,,,,,,,,,,,,,,,,,,,,,,,,,,,,,,,,,,,,,,,,,,,,,,,,,,,,,,,,,,,,,,
20,55,61,66,59,70,72,77,85,68,71,76,78,81,76,78,80,80,73,80,73,77,76,82,82,77,71,71,79,77,72,71,73,72,75,76,80,69,71,69,73,71,71,76,66,69,61,59,59,65,62,61,52,50,61,57,51,52,53,45,41,40,40,38,35,,,,,,,,,,,,,,,,,,,,,,,,,,,,,,,,,,,,,,,,,,,,,,,,,,,,,,,,,,,,,,,,,,,,,,,,,,,,,,,,,,,,,,,,,,,,,,,,,,,,,,,,,,,,,,,,,,,,,,,,,,,,,,,,,,,,,,,,,,,,,,,,,,,,,,,,,,,,,,,,,,,,,,,,,,,,,,,,,,,,,,,,,,,,,,,,
21,39,46,47,57,53,58,57,60,65,60,68,70,72,73,70,78,67,74,84,86,80,78,72,77,79,82,75,80,78,79,80,83,75,77,75,83,80,78,81,75,81,78,70,75,77,77,78,81,73,76,73,82,74,69,74,76,82,71,64,71,70,66,59,53,,,,,,,,,,,,,,,,,,,,,,,,,,,,,,,,,,,,,,,,,,,,,,,,,,,,,,,,,,,,,,,,,,,,,,,,,,,,,,,,,,,,,,,,,,,,,,,,,,,,,,,,,,,,,,,,,,,,,,,,,,,,,,,,,,,,,,,,,,,,,,,,,,,,,,,,,,,,,,,,,,,,,,,,,,,,,,,,,,,,,,,,,,,,,,,,
22,35,38,38,39,43,41,42,44,46,43,49,42,47,45,43,45,44,49,42,51,48,57,51,47,52,52,53,56,60,66,60,63,62,64,73,72,69,68,69,73,74,75,76,77,73,76,85,78,83,83,86,88,84,74,73,83,84,70,70,77,71,64,55,56,,,,,,,,,,,,,,,,,,,,,,,,,,,,,,,,,,,,,,,,,,,,,,,,,,,,,,,,,,,,,,,,,,,,,,,,,,,,,,,,,,,,,,,,,,,,,,,,,,,,,,,,,,,,,,,,,,,,,,,,,,,,,,,,,,,,,,,,,,,,,,,,,,,,,,,,,,,,,,,,,,,,,,,,,,,,,,,,,,,,,,,,,,,,,,,,
23,51,57,58,51,59,58,63,57,57,61,57,53,50,53,59,52,51,47,48,38,43,43,45,44,40,46,46,43,44,45,42,42,38,46,40,41,44,43,44,41,40,39,40,40,42,46,44,46,41,48,49,44,44,54,58,59,59,57,52,54,55,49,50,49,,,,,,,,,,,,,,,,,,,,,,,,,,,,,,,,,,,,,,,,,,,,,,,,,,,,,,,,,,,,,,,,,,,,,,,,,,,,,,,,,,,,,,,,,,,,,,,,,,,,,,,,,,,,,,,,,,,,,,,,,,,,,,,,,,,,,,,,,,,,,,,,,,,,,,,,,,,,,,,,,,,,,,,,,,,,,,,,,,,,,,,,,,,,,,,,
24,63,57,71,66,70,68,78,73,74,73,78,75,72,80,77,83,75,76,78,73,79,73,75,76,84,81,80,72,72,71,77,81,75,75,72,71,67,79,78,77,68,85,76,68,69,72,79,80,80,74,78,69,83,72,72,67,68,64,59,60,58,58,58,48,,,,,,,,,,,,,,,,,,,,,,,,,,,,,,,,,,,,,,,,,,,,,,,,,,,,,,,,,,,,,,,,,,,,,,,,,,,,,,,,,,,,,,,,,,,,,,,,,,,,,,,,,,,,,,,,,,,,,,,,,,,,,,,,,,,,,,,,,,,,,,,,,,,,,,,,,,,,,,,,,,,,,,,,,,,,,,,,,,,,,,,,,,,,,,,,
25,35,37,36,42,41,39,45,44,40,49,47,47,48,49,55,58,60,57,57,57,62,64,65,65,71,67,66,71,65,67,71,74,73,76,77,71,82,74,79,72,77,73,79,86,73,65,79,73,73,72,72,71,74,73,74,68,75,72,69,72,65,57,55,57,,,,,,,,,,,,,,,,,,,,,,,,,,,,,,,,,,,,,,,,,,,,,,,,,,,,,,,,,,,,,,,,,,,,,,,,,,,,,,,,,,,,,,,,,,,,,,,,,,,,,,,,,,,,,,,,,,,,,,,,,,,,,,,,,,,,,,,,,,,,,,,,,,,,,,,,,,,,,,,,,,,,,,,,,,,,,,,,,,,,,,,,,,,,,,,,
26,43,47,53,49,52,50,47,48,42,48,47,41,47,42,56,43,47,48,50,45,46,48,49,50,48,50,48,47,48,43,44,45,49,50,49,48,55,49,51,49,58,59,62,57,60,64,62,68,66,67,61,75,71,78,68,66,62,75,72,69,69,67,60,56,,,,,,,,,,,,,,,,,,,,,,,,,,,,,,,,,,,,,,,,,,,,,,,,,,,,,,,,,,,,,,,,,,,,,,,,,,,,,,,,,,,,,,,,,,,,,,,,,,,,,,,,,,,,,,,,,,,,,,,,,,,,,,,,,,,,,,,,,,,,,,,,,,,,,,,,,,,,,,,,,,,,,,,,,,,,,,,,,,,,,,,,,,,,,,,,
27,52,57,62,66,65,66,68,75,76,77,69,71,67,65,69,67,68,65,56,65,62,60,61,56,54,61,55,51,47,60,53,51,43,45,47,49,47,47,46,52,45,45,45,47,44,42,45,46,46,47,47,42,46,47,46,45,43,42,41,46,47,40,42,37,,,,,,,,,,,,,,,,,,,,,,,,,,,,,,,,,,,,,,,,,,,,,,,,,,,,,,,,,,,,,,,,,,,,,,,,,,,,,,,,,,,,,,,,,,,,,,,,,,,,,,,,,,,,,,,,,,,,,,,,,,,,,,,,,,,,,,,,,,,,,,,,,,,,,,,,,,,,,,,,,,,,,,,,,,,,,,,,,,,,,,,,,,,,,,,,
28,55,65,64,74,74,70,69,74,73,65,71,69,83,68,84,77,74,77,75,77,75,80,74,73,73,76,74,70,71,80,75,74,73,71,71,71,72,72,66,70,66,66,71,64,58,63,73,61,62,59,54,53,54,54,51,56,58,53,46,46,45,42,33,39,,,,,,,,,,,,,,,,,,,,,,,,,,,,,,,,,,,,,,,,,,,,,,,,,,,,,,,,,,,,,,,,,,,,,,,,,,,,,,,,,,,,,,,,,,,,,,,,,,,,,,,,,,,,,,,,,,,,,,,,,,,,,,,,,,,,,,,,,,,,,,,,,,,,,,,,,,,,,,,,,,,,,,,,,,,,,,,,,,,,,,,,,,,,,,,,
29,39,43,49,51,51,59,56,63,63,65,65,77,65,71,66,71,68,74,77,76,74,76,74,78,79,78,75,79,80,79,83,82,71,75,75,83,82,82,76,74,84,72,64,77,74,79,78,79,81,78,73,75,72,68,75,76,71,72,65,61,66,59,57,50,,,,,,,,,,,,,,,,,,,,,,,,,,,,,,,,,,,,,,,,,,,,,,,,,,,,,,,,,,,,,,,,,,,,,,,,,,,,,,,,,,,,,,,,,,,,,,,,,,,,,,,,,,,,,,,,,,,,,,,,,,,,,,,,,,,,,,,,,,,,,,,,,,,,,,,,,,,,,,,,,,,,,,,,,,,,,,,,,,,,,,,,,,,,,,,,
30,33,37,42,40,40,36,43,44,45,44,47,47,38,46,47,44,41,42,47,42,42,45,45,50,44,49,48,50,55,52,51,52,61,61,58,65,66,73,73,62,72,72,76,73,79,74,74,75,80,78,83,76,76,78,77,79,71,67,67,69,63,62,60,54,,,,,,,,,,,,,,,,,,,,,,,,,,,,,,,,,,,,,,,,,,,,,,,,,,,,,,,,,,,,,,,,,,,,,,,,,,,,,,,,,,,,,,,,,,,,,,,,,,,,,,,,,,,,,,,,,,,,,,,,,,,,,,,,,,,,,,,,,,,,,,,,,,,,,,,,,,,,,,,,,,,,,,,,,,,,,,,,,,,,,,,,,,,,,,,,
31,51,53,58,63,56,56,66,63,55,61,56,56,51,55,53,55,52,50,48,43,42,43,44,45,42,39,45,45,42,44,44,45,42,52,45,44,47,43,45,45,45,44,43,43,45,45,47,50,45,48,52,53,48,51,56,56,51,61,58,50,56,52,54,54,,,,,,,,,,,,,,,,,,,,,,,,,,,,,,,,,,,,,,,,,,,,,,,,,,,,,,,,,,,,,,,,,,,,,,,,,,,,,,,,,,,,,,,,,,,,,,,,,,,,,,,,,,,,,,,,,,,,,,,,,,,,,,,,,,,,,,,,,,,,,,,,,,,,,,,,,,,,,,,,,,,,,,,,,,,,,,,,,,,,,,,,,,,,,,,,
32,62,54,63,66,65,71,80,79,81,78,80,77,72,85,79,68,74,72,81,79,90,72,84,81,77,75,75,74,77,80,83,80,82,80,78,82,82,73,75,74,79,75,76,86,81,77,78,75,80,77,74,75,66,74,77,70,78,71,69,63,55,56,54,51,,,,,,,,,,,,,,,,,,,,,,,,,,,,,,,,,,,,,,,,,,,,,,,,,,,,,,,,,,,,,,,,,,,,,,,,,,,,,,,,,,,,,,,,,,,,,,,,,,,,,,,,,,,,,,,,,,,,,,,,,,,,,,,,,,,,,,,,,,,,,,,,,,,,,,,,,,,,,,,,,,,,,,,,,,,,,,,,,,,,,,,,,,,,,,,,
33,36,35,42,41,45,44,47,47,48,49,49,49,47,53,58,60,58,59,58,63,69,69,61,69,69,74,71,72,75,69,76,71,78,78,77,78,78,74,74,80,80,79,72,82,75,79,74,78,74,80,80,75,84,72,79,72,81,68,70,76,63,63,57,55,,,,,,,,,,,,,,,,,,,,,,,,,,,,,,,,,,,,,,,,,,,,,,,,,,,,,,,,,,,,,,,,,,,,,,,,,,,,,,,,,,,,,,,,,,,,,,,,,,,,,,,,,,,,,,,,,,,,,,,,,,,,,,,,,,,,,,,,,,,,,,,,,,,,,,,,,,,,,,,,,,,,,,,,,,,,,,,,,,,,,,,,,,,,,,,,
34,49,42,51,54,54,55,50,47,53,54,52,48,50,55,52,50,52,51,53,49,48,45,49,50,48,49,48,50,49,49,49,49,53,47,51,52,51,56,57,53,57,62,72,66,64,65,69,69,66,70,73,75,72,73,71,70,76,73,72,73,67,67,59,65,,,,,,,,,,,,,,,,,,,,,,,,,,,,,,,,,,,,,,,,,,,,,,,,,,,,,,,,,,,,,,,,,,,,,,,,,,,,,,,,,,,,,,,,,,,,,,,,,,,,,,,,,,,,,,,,,,,,,,,,,,,,,,,,,,,,,,,,,,,,,,,,,,,,,,,,,,,,,,,,,,,,,,,,,,,,,,,,,,,,,,,,,,,,,,,,
35,59,61,67,64,68,71,73,75,71,80,76,71,74,71,67,73,69,63,65,64,62,56,62,58,60,58,54,66,58,59,59,56,47,53,51,52,45,49,46,47,48,47,51,47,45,47,48,45,42,45,47,47,50,48,48,47,43,46,44,46,41,43,46,40,,,,,,,,,,,,,,,,,,,,,,,,,,,,,,,,,,,,,,,,,,,,,,,,,,,,,,,,,,,,,,,,,,,,,,,,,,,,,,,,,,,,,,,,,,,,,,,,,,,,,,,,,,,,,,,,,,,,,,,,,,,,,,,,,,,,,,,,,,,,,,,,,,,,,,,,,,,,,,,,,,,,,,,,,,,,,,,,,,,,,,,,,,,,,,,,
36,57,66,70,71,74,79,78,79,79,70,74,77,76,78,85,79,71,75,81,85,83,75,84,77,85,73,80,77,87,75,83,73,76,72,77,73,70,72,69,74,74,81,77,69,62,65,59,61,66,62,57,58,56,59,56,56,59,53,48,42,39,38,38,36,,,,,,,,,,,,,,,,,,,,,,,,,,,,,,,,,,,,,,,,,,,,,,,,,,,,,,,,,,,,,,,,,,,,,,,,,,,,,,,,,,,,,,,,,,,,,,,,,,,,,,,,,,,,,,,,,,,,,,,,,,,,,,,,,,,,,,,,,,,,,,,,,,,,,,,,,,,,,,,,,,,,,,,,,,,,,,,,,,,,,,,,,,,,,,,,
37,43,54,52,58,62,60,61,64,65,74,74,70,67,76,81,64,76,72,83,81,87,76,77,81,79,82,83,82,80,78,78,80,78,71,83,78,78,82,85,81,78,78,80,81,78,84,74,80,84,81,76,74,75,72,82,80,76,70,79,67,70,65,55,56,,,,,,,,,,,,,,,,,,,,,,,,,,,,,,,,,,,,,,,,,,,,,,,,,,,,,,,,,,,,,,,,,,,,,,,,,,,,,,,,,,,,,,,,,,,,,,,,,,,,,,,,,,,,,,,,,,,,,,,,,,,,,,,,,,,,,,,,,,,,,,,,,,,,,,,,,,,,,,,,,,,,,,,,,,,,,,,,,,,,,,,,,,,,,,,,
38,33,38,37,39,40,43,38,43,44,46,42,43,42,40,43,45,42,46,43,45,46,46,51,50,49,50,51,55,60,58,58,62,61,63,59,71,70,67,73,68,72,72,72,72,85,76,85,89,79,74,83,77,80,80,76,70,72,78,73,65,67,65,57,54,,,,,,,,,,,,,,,,,,,,,,,,,,,,,,,,,,,,,,,,,,,,,,,,,,,,,,,,,,,,,,,,,,,,,,,,,,,,,,,,,,,,,,,,,,,,,,,,,,,,,,,,,,,,,,,,,,,,,,,,,,,,,,,,,,,,,,,,,,,,,,,,,,,,,,,,,,,,,,,,,,,,,,,,,,,,,,,,,,,,,,,,,,,,,,,,
39,56,60,61,62,60,63,57,65,61,65,58,61,53,60,57,59,56,55,53,43,48,48,49,48,46,49,48,51,46,55,50,50,49,49,48,45,45,47,50,44,48,45,49,54,49,49,48,51,53,48,52,45,50,57,60,58,57,58,60,58,59,60,53,52,,,,,,,,,,,,,,,,,,,,,,,,,,,,,,,,,,,,,,,,,,,,,,,,,,,,,,,,,,,,,,,,,,,,,,,,,,,,,,,,,,,,,,,,,,,,,,,,,,,,,,,,,,,,,,,,,,,,,,,,,,,,,,,,,,,,,,,,,,,,,,,,,,,,,,,,,,,,,,,,,,,,,,,,,,,,,,,,,,,,,,,,,,,,,,,,
40,59,65,63,59,72,73,63,74,72,78,73,80,72,73,69,79,75,78,78,81,73,76,72,76,80,81,73,86,77,82,77,80,71,74,77,79,75,70,74,80,71,78,69,75,80,75,73,77,78,72,74,71,67,71,65,63,69,52,55,61,56,52,53,49,,,,,,,,,,,,,,,,,,,,,,,,,,,,,,,,,,,,,,,,,,,,,,,,,,,,,,,,,,,,,,,,,,,,,,,,,,,,,,,,,,,,,,,,,,,,,,,,,,,,,,,,,,,,,,,,,,,,,,,,,,,,,,,,,,,,,,,,,,,,,,,,,,,,,,,,,,,,,,,,,,,,,,,,,,,,,,,,,,,,,,,,,,,,,,,,
41,33,34,40,37,41,42,43,49,48,48,47,47,48,50,56,57,62,54,55,56,61,64,66,64,63,69,68,67,72,72,71,69,80,77,76,69,77,80,78,75,75,77,81,79,77,79,77,77,74,78,73,73,71,75,86,74,75,71,73,66,68,55,55,49,,,,,,,,,,,,,,,,,,,,,,,,,,,,,,,,,,,,,,,,,,,,,,,,,,,,,,,,,,,,,,,,,,,,,,,,,,,,,,,,,,,,,,,,,,,,,,,,,,,,,,,,,,,,,,,,,,,,,,,,,,,,,,,,,,,,,,,,,,,,,,,,,,,,,,,,,,,,,,,,,,,,,,,,,,,,,,,,,,,,,,,,,,,,,,,,
42,43,46,54,54,51,50,44,51,58,48,49,47,47,50,49,54,49,47,49,53,51,48,48,50,45,59,47,46,48,56,45,52,46,52,57,52,56,58,53,57,56,61,56,62,59,65,64,67,67,67,73,73,73,70,67,71,67,70,73,69,66,67,62,65,,,,,,,,,,,,,,,,,,,,,,,,,,,,,,,,,,,,,,,,,,,,,,,,,,,,,,,,,,,,,,,,,,,,,,,,,,,,,,,,,,,,,,,,,,,,,,,,,,,,,,,,,,,,,,,,,,,,,,,,,,,,,,,,,,,,,,,,,,,,,,,,,,,,,,,,,,,,,,,,,,,,,,,,,,,,,,,,,,,,,,,,,,,,,,,,
43,54,63,68,71,68,67,77,79,70,74,67,74,75,69,65,74,74,63,63,69,70,66,63,63,61,66,62,62,52,57,56,59,45,46,51,55,48,51,50,44,46,50,42,44,50,50,52,48,50,48,45,49,50,50,47,49,46,44,46,44,44,44,43,37,,,,,,,,,,,,,,,,,,,,,,,,,,,,,,,,,,,,,,,,,,,,,,,,,,,,,,,,,,,,,,,,,,,,,,,,,,,,,,,,,,,,,,,,,,,,,,,,,,,,,,,,,,,,,,,,,,,,,,,,,,,,,,,,,,,,,,,,,,,,,,,,,,,,,,,,,,,,,,,,,,,,,,,,,,,,,,,,,,,,,,,,,,,,,,,,
44,54,59,65,67,68,62,69,74,73,79,89,76,74,77,83,89,80,71,79,75,80,82,80,79,79,74,84,73,76,79,75,82,88,80,73,65,75,77,70,72,71,76,72,67,62,59,57,63,64,59,56,53,51,57,51,53,53,53,42,38,38,34,34,30,,,,,,,,,,,,,,,,,,,,,,,,,,,,,,,,,,,,,,,,,,,,,,,,,,,,,,,,,,,,,,,,,,,,,,,,,,,,,,,,,,,,,,,,,,,,,,,,,,,,,,,,,,,,,,,,,,,,,,,,,,,,,,,,,,,,,,,,,,,,,,,,,,,,,,,,,,,,,,,,,,,,,,,,,,,,,,,,,,,,,,,,,,,,,,,,
45,44,46,52,49,54,57,64,63,66,63,64,73,72,68,75,67,67,74,84,79,76,74,76,79,78,71,79,78,78,78,71,75,79,80,76,81,76,75,77,76,73,70,76,72,82,75,71,75,78,76,80,74,71,75,73,74,72,72,66,60,63,65,53,52,,,,,,,,,,,,,,,,,,,,,,,,,,,,,,,,,,,,,,,,,,,,,,,,,,,,,,,,,,,,,,,,,,,,,,,,,,,,,,,,,,,,,,,,,,,,,,,,,,,,,,,,,,,,,,,,,,,,,,,,,,,,,,,,,,,,,,,,,,,,,,,,,,,,,,,,,,,,,,,,,,,,,,,,,,,,,,,,,,,,,,,,,,,,,,,,
46,39,42,43,44,49,55,49,48,44,46,45,50,51,48,51,44,48,48,53,53,54,54,53,53,51,49,61,59,58,61,71,58,63,63,62,75,67,65,78,71,77,77,74,73,82,73,73,83,83,81,81,84,84,75,77,72,81,80,73,72,67,57,58,59,,,,,,,,,,,,,,,,,,,,,,,,,,,,,,,,,,,,,,,,,,,,,,,,,,,,,,,,,,,,,,,,,,,,,,,,,,,,,,,,,,,,,,,,,,,,,,,,,,,,,,,,,,,,,,,,,,,,,,,,,,,,,,,,,,,,,,,,,,,,,,,,,,,,,,,,,,,,,,,,,,,,,,,,,,,,,,,,,,,,,,,,,,,,,,,,
47,55,64,68,71,60,59,63,69,63,62,66,60,63,58,60,61,56,61,52,48,49,42,47,52,56,49,47,46,50,49,53,49,48,49,53,58,55,53,49,44,57,51,47,48,47,49,57,53,55,59,53,57,57,68,65,67,62,56,66,63,62,60,58,56,,,,,,,,,,,,,,,,,,,,,,,,,,,,,,,,,,,,,,,,,,,,,,,,,,,,,,,,,,,,,,,,,,,,,,,,,,,,,,,,,,,,,,,,,,,,,,,,,,,,,,,,,,,,,,,,,,,,,,,,,,,,,,,,,,,,,,,,,,,,,,,,,,,,,,,,,,,,,,,,,,,,,,,,,,,,,,,,,,,,,,,,,,,,,,,,
48,60,69,67,69,68,73,77,67,77,77,83,75,83,76,78,75,74,77,82,77,78,77,75,77,83,74,81,77,85,85,81,79,78,88,93,85,82,71,78,85,77,76,76,78,79,80,75,90,79,81,82,75,70,70,73,76,79,65,60,62,61,62,52,48,,,,,,,,,,,,,,,,,,,,,,,,,,,,,,,,,,,,,,,,,,,,,,,,,,,,,,,,,,,,,,,,,,,,,,,,,,,,,,,,,,,,,,,,,,,,,,,,,,,,,,,,,,,,,,,,,,,,,,,,,,,,,,,,,,,,,,,,,,,,,,,,,,,,,,,,,,,,,,,,,,,,,,,,,,,,,,,,,,,,,,,,,,,,,,,,
49,40,39,41,44,44,43,46,53,54,53,46,50,54,51,55,56,55,56,65,65,65,60,63,72,70,76,73,76,77,71,84,79,77,79,84,77,85,79,77,73,80,76,77,75,74,78,77,75,80,74,82,74,71,81,70,72,74,79,69,67,64,63,62,63,,,,,,,,,,,,,,,,,,,,,,,,,,,,,,,,,,,,,,,,,,,,,,,,,,,,,,,,,,,,,,,,,,,,,,,,,,,,,,,,,,,,,,,,,,,,,,,,,,,,,,,,,,,,,,,,,,,,,,,,,,,,,,,,,,,,,,,,,,,,,,,,,,,,,,,,,,,,,,,,,,,,,,,,,,,,,,,,,,,,,,,,,,,,,,,,
50,43,49,43,50,53,49,45,53,47,42,43,45,43,49,47,47,48,42,46,43,44,47,48,43,46,47,46,42,48,42,43,50,47,45,46,51,49,51,47,56,55,60,60,56,62,60,63,62,66,67,63,69,74,70,71,70,74,68,70,71,69,64,62,50,,,,,,,,,,,,,,,,,,,,,,,,,,,,,,,,,,,,,,,,,,,,,,,,,,,,,,,,,,,,,,,,,,,,,,,,,,,,,,,,,,,,,,,,,,,,,,,,,,,,,,,,,,,,,,,,,,,,,,,,,,,,,,,,,,,,,,,,,,,,,,,,,,,,,,,,,,,,,,,,,,,,,,,,,,,,,,,,,,,,,,,,,,,,,,,,
51,63,62,70,67,68,71,68,69,76,71,72,71,70,70,68,75,75,64,69,69,64,61,63,59,54,57,55,51,57,58,60,48,49,49,43,46,46,47,48,47,47,48,49,45,48,45,46,53,47,47,49,50,46,43,44,45,47,47,44,45,41,45,42,42,,,,,,,,,,,,,,,,,,,,,,,,,,,,,,,,,,,,,,,,,,,,,,,,,,,,,,,,,,,,,,,,,,,,,,,,,,,,,,,,,,,,,,,,,,,,,,,,,,,,,,,,,,,,,,,,,,,,,,,,,,,,,,,,,,,,,,,,,,,,,,,,,,,,,,,,,,,,,,,,,,,,,,,,,,,,,,,,,,,,,,,,,,,,,,,,
52,53,56,68,60,68,69,79,72,65,79,71,76,71,79,67,74,84,74,73,74,78,72,71,72,69,75,80,68,73,76,70,76,71,73,75,71,73,70,61,65,65,65,67,62,64,60,57,65,55,55,54,52,50,55,53,52,49,45,44,41,39,36,34,30,,,,,,,,,,,,,,,,,,,,,,,,,,,,,,,,,,,,,,,,,,,,,,,,,,,,,,,,,,,,,,,,,,,,,,,,,,,,,,,,,,,,,,,,,,,,,,,,,,,,,,,,,,,,,,,,,,,,,,,,,,,,,,,,,,,,,,,,,,,,,,,,,,,,,,,,,,,,,,,,,,,,,,,,,,,,,,,,,,,,,,,,,,,,,,,,
53,43,48,58,56,64,59,59,65,70,70,65,74,75,71,75,69,72,65,77,81,72,76,82,75,71,72,81,72,76,82,76,71,78,74,72,81,80,70,73,83,80,79,79,73,80,73,77,71,76,81,77,77,72,72,74,80,77,71,78,69,66,64,64,53,,,,,,,,,,,,,,,,,,,,,,,,,,,,,,,,,,,,,,,,,,,,,,,,,,,,,,,,,,,,,,,,,,,,,,,,,,,,,,,,,,,,,,,,,,,,,,,,,,,,,,,,,,,,,,,,,,,,,,,,,,,,,,,,,,,,,,,,,,,,,,,,,,,,,,,,,,,,,,,,,,,,,,,,,,,,,,,,,,,,,,,,,,,,,,,,
54,39,39,41,44,45,44,43,42,47,48,52,49,47,47,46,44,43,46,53,49,49,47,52,47,49,45,52,54,53,68,61,67,58,65,68,63,63,62,63,67,67,72,67,71,65,73,72,72,73,74,71,72,74,65,70,61,72,66,66,64,64,59,58,53,,,,,,,,,,,,,,,,,,,,,,,,,,,,,,,,,,,,,,,,,,,,,,,,,,,,,,,,,,,,,,,,,,,,,,,,,,,,,,,,,,,,,,,,,,,,,,,,,,,,,,,,,,,,,,,,,,,,,,,,,,,,,,,,,,,,,,,,,,,,,,,,,,,,,,,,,,,,,,,,,,,,,,,,,,,,,,,,,,,,,,,,,,,,,,,,
55,62,67,57,64,69,66,65,65,61,63,61,56,58,62,57,62,63,58,53,50,44,46,51,49,44,55,53,46,53,54,51,47,49,50,55,53,55,59,53,46,49,50,47,47,49,51,52,47,48,53,58,53,61,61,61,59,53,62,74,66,56,55,54,65,,,,,,,,,,,,,,,,,,,,,,,,,,,,,,,,,,,,,,,,,,,,,,,,,,,,,,,,,,,,,,,,,,,,,,,,,,,,,,,,,,,,,,,,,,,,,,,,,,,,,,,,,,,,,,,,,,,,,,,,,,,,,,,,,,,,,,,,,,,,,,,,,,,,,,,,,,,,,,,,,,,,,,,,,,,,,,,,,,,,,,,,,,,,,,,,
56,46,55,56,55,62,64,68,63,66,66,74,79,69,71,72,68,71,77,65,77,75,64,72,68,74,69,70,75,72,72,72,70,65,71,69,77,70,71,66,67,70,75,72,66,72,67,67,70,69,66,65,69,63,63,59,61,56,57,57,51,46,49,44,38,,,,,,,,,,,,,,,,,,,,,,,,,,,,,,,,,,,,,,,,,,,,,,,,,,,,,,,,,,,,,,,,,,,,,,,,,,,,,,,,,,,,,,,,,,,,,,,,,,,,,,,,,,,,,,,,,,,,,,,,,,,,,,,,,,,,,,,,,,,,,,,,,,,,,,,,,,,,,,,,,,,,,,,,,,,,,,,,,,,,,,,,,,,,,,,,
57,35,37,37,43,42,42,42,46,45,51,49,54,53,54,52,58,54,57,56,59,61,61,64,70,66,75,67,72,68,69,69,73,73,73,70,74,71,75,73,75,77,71,71,75,67,78,71,76,71,82,74,78,72,82,73,71,77,74,67,71,64,62,59,53,,,,,,,,,,,,,,,,,,,,,,,,,,,,,,,,,,,,,,,,,,,,,,,,,,,,,,,,,,,,,,,,,,,,,,,,,,,,,,,,,,,,,,,,,,,,,,,,,,,,,,,,,,,,,,,,,,,,,,,,,,,,,,,,,,,,,,,,,,,,,,,,,,,,,,,,,,,,,,,,,,,,,,,,,,,,,,,,,,,,,,,,,,,,,,,,
58,39,44,46,50,42,44,44,40,45,43,41,41,43,42,41,44,42,39,45,39,45,42,40,47,40,39,41,46,41,37,43,39,46,43,42,44,48,52,46,48,47,53,54,53,64,53,56,56,56,60,60,69,65,72,67,62,64,69,68,61,64,55,55,51,,,,,,,,,,,,,,,,,,,,,,,,,,,,,,,,,,,,,,,,,,,,,,,,,,,,,,,,,,,,,,,,,,,,,,,,,,,,,,,,,,,,,,,,,,,,,,,,,,,,,,,,,,,,,,,,,,,,,,,,,,,,,,,,,,,,,,,,,,,,,,,,,,,,,,,,,,,,,,,,,,,,,,,,,,,,,,,,,,,,,,,,,,,,,,,,
59,51,52,59,58,65,65,63,64,68,64,64,72,62,65,62,63,61,57,55,60,53,57,57,52,54,52,50,47,50,48,47,48,45,43,40,41,38,43,40,39,46,39,39,42,39,41,40,44,45,41,43,39,43,45,38,41,36,43,40,37,40,39,35,36,,,,,,,,,,,,,,,,,,,,,,,,,,,,,,,,,,,,,,,,,,,,,,,,,,,,,,,,,,,,,,,,,,,,,,,,,,,,,,,,,,,,,,,,,,,,,,,,,,,,,,,,,,,,,,,,,,,,,,,,,,,,,,,,,,,,,,,,,,,,,,,,,,,,,,,,,,,,,,,,,,,,,,,,,,,,,,,,,,,,,,,,,,,,,,,,
60,50,53,60,60,59,67,70,73,66,64,72,71,69,69,72,66,75,69,66,71,68,68,70,63,67,73,67,68,61,69,72,72,66,73,74,67,66,67,66,60,61,63,65,58,63,61,58,55,59,56,47,50,50,49,47,50,54,50,43,33,38,35,33,31,,,,,,,,,,,,,,,,,,,,,,,,,,,,,,,,,,,,,,,,,,,,,,,,,,,,,,,,,,,,,,,,,,,,,,,,,,,,,,,,,,,,,,,,,,,,,,,,,,,,,,,,,,,,,,,,,,,,,,,,,,,,,,,,,,,,,,,,,,,,,,,,,,,,,,,,,,,,,,,,,,,,,,,,,,,,,,,,,,,,,,,,,,,,,,,,
61,32,35,40,43,46,47,46,52,50,53,47,54,58,59,56,52,56,56,59,58,59,58,64,64,64,61,62,57,54,62,63,60,61,58,58,66,62,59,57,62,62,59,56,64,61,58,66,66,59,54,55,55,59,57,62,61,57,63,57,56,56,51,45,42,,,,,,,,,,,,,,,,,,,,,,,,,,,,,,,,,,,,,,,,,,,,,,,,,,,,,,,,,,,,,,,,,,,,,,,,,,,,,,,,,,,,,,,,,,,,,,,,,,,,,,,,,,,,,,,,,,,,,,,,,,,,,,,,,,,,,,,,,,,,,,,,,,,,,,,,,,,,,,,,,,,,,,,,,,,,,,,,,,,,,,,,,,,,,,,,
62,33,35,35,35,39,37,42,38,38,37,45,41,41,40,36,39,41,38,41,42,40,44,40,40,41,42,47,44,56,50,46,49,55,47,53,56,53,57,58,55,53,52,62,53,61,62,66,52,57,62,63,60,61,61,59,56,58,59,58,55,56,56,55,51,,,,,,,,,,,,,,,,,,,,,,,,,,,,,,,,,,,,,,,,,,,,,,,,,,,,,,,,,,,,,,,,,,,,,,,,,,,,,,,,,,,,,,,,,,,,,,,,,,,,,,,,,,,,,,,,,,,,,,,,,,,,,,,,,,,,,,,,,,,,,,,,,,,,,,,,,,,,,,,,,,,,,,,,,,,,,,,,,,,,,,,,,,,,,,,,
63,52,56,51,54,54,52,52,53,50,51,49,49,47,49,43,46,46,46,39,43,43,40,38,38,40,42,39,39,38,40,37,42,38,43,38,41,39,43,41,40,42,43,41,39,45,43,39,46,44,47,47,45,40,52,47,50,46,49,49,51,56,51,47,44,,,,,,,,,,,,,,,,,,,,,,,,,,,,,,,,,,,,,,,,,,,,,,,,,,,,,,,,,,,,,,,,,,,,,,,,,,,,,,,,,,,,,,,,,,,,,,,,,,,,,,,,,,,,,,,,,,,,,,,,,,,,,,,,,,,,,,,,,,,,,,,,,,,,,,,,,,,,,,,,,,,,,,,,,,,,,,,,,,,,,,,,,,,,,,,,
,,,,,,,,,,,,,,,,,,,,,,,,,,,,,,,,,,,,,,,,,,,,,,,,,,,,,,,,,,,,,,,,,,,,,,,,,,,,,,,,,,,,,,,,,,,,,,,,,,,,,,,,,,,,,,,,,,,,,,,,,,,,,,,,,,,,,,,,,,,,,,,,,,,,,,,,,,,,,,,,,,,,,,,,,,,,,,,,,,,,,,,,,,,,,,,,,,,,,,,,,,,,,,,,,,,,,,,,,,,,,,,,,,,,,,,,,,,,,,,,,,,,,,,,,,,,,,,,
value,0,1,2,3,4,5,6,7,8,9,10,11,12,13,14,15,16,17,18,19,20,21,22,23,24,25,26,27,28,29,30,31,32,33,34,35,36,37,38,39,40,41,42,43,44,45,46,47,48,49,50,51,52,53,54,55,56,57,58,59,60,61,62,63,64,65,66,67,68,69,70,71,72,73,74,75,76,77,78,79,80,81,82,83,84,85,86,87,88,89,90,91,92,93,94,95,96,97,98,99,100,101,102,103,104,105,106,107,108,109,110,111,112,113,114,115,116,117,118,119,120,121,122,123,124,125,126,127,128,129,130,131,132,133,134,135,136,137,138,139,140,141,142,143,144,145,146,147,148,149,150,151,152,153,154,155,156,157,158,159,160,161,162,163,164,165,166,167,168,169,170,171,172,173,174,175,176,177,178,179,180,181,182,183,184,185,186,187,188,189,190,191,192,193,194,195,196,197,198,199,200,201,202,203,204,205,206,207,208,209,210,211,212,213,214,215,216,217,218,219,220,221,222,223,224,225,226,227,228,229,230,231,232,233,234,235,236,237,238,239,240,241,242,243,244,245,246,247,248,249,250,251,252,253,254,255
count,0,0,0,0,0,0,0,0,0,0,0,0,0,0,0,0,0,0,0,0,0,0,0,0,0,0,0,0,0,0,2,2,4,9,9,19,21,27,47,48,63,56,80,88,85,95,94,121,94,125,86,82,83,108,77,87,101,98,84,87,66,76,80,84,61,88,84,82,74,87,83,120,122,113,111,121,95,101,88,81,72,55,42,42,30,24,13,4,4,3,3,2,1,1,0,0,0,1,0,0,0,0,0,0,0,0,0,0,0,0,0,0,0,0,0,0,0,0,0,0,0,0,0,0,0,0,0,0,0,0,0,0,0,0,0,0,0,0,0,0,0,0,0,0,0,0,0,0,0,0,0,0,0,0,0,0,0,0,0,0,0,0,0,0,0,0,0,0,0,0,0,0,0,0,0,0,0,0,0,0,0,0,0,0,0,0,0,0,0,0,0,0,0,0,0,0,0,0,0,0,0,0,0,0,0,0,0,0,0,0,0,0,0,0,0,0,0,0,0,0,0,0,0,0,0,0,0,0,0,0,0,0,0,0,0,0,0,0,0,0,0,0,0,0,0,0,0,0,0,0,0,0,0,0,0,0
,,,,,,,,,,,,,,,,,,,,,,,,,,,,,,,,,,,,,,,,,,,,,,,,,,,,,,,,,,,,,,,,,,,,,,,,,,,,,,,,,,,,,,,,,,,,,,,,,,,,,,,,,,,,,,,,,,,,,,,,,,,,,,,,,,,,,,,,,,,,,,,,,,,,,,,,,,,,,,,,,,,,,,,,,,,,,,,,,,,,,,,,,,,,,,,,,,,,,,,,,,,,,,,,,,,,,,,,,,,,,,,,,,,,,,,,,,,,,,,,,,,,,,,,,,,,,,,,
5,,,,,,,,,,,,,,,,,,,,,,,,,,,,,,,,,,,,,,,,,,,,,,,,,,,,,,,,,,,,,,,,,,,,,,,,,,,,,,,,,,,,,,,,,,,,,,,,,,,,,,,,,,,,,,,,,,,,,,,,,,,,,,,,,,,,,,,,,,,,,,,,,,,,,,,,,,,,,,,,,,,,,,,,,,,,,,,,,,,,,,,,,,,,,,,,,,,,,,,,,,,,,,,,,,,,,,,,,,,,,,,,,,,,,,,,,,,,,,,,,,,,,,,,,,,,,,,,
,0,1,2,3,4,5,6,7,8,9,10,11,12,13,14,15,16,17,18,19,20,21,22,23,24,25,26,27,28,29,30,31,32,33,34,35,36,37,38,39,40,41,42,43,44,45,46,47,48,49,50,51,52,53,54,55,56,57,58,59,60,61,62,63,,,,,,,,,,,,,,,,,,,,,,,,,,,,,,,,,,,,,,,,,,,,,,,,,,,,,,,,,,,,,,,,,,,,,,,,,,,,,,,,,,,,,,,,,,,,,,,,,,,,,,,,,,,,,,,,,,,,,,,,,,,,,,,,,,,,,,,,,,,,,,,,,,,,,,,,,,,,,,,,,,,,,,,,,,,,,,,,,,,,,,,,,,,,,,,,
0,45,43,59,52,55,54,58,52,52,56,59,58,59,59,57,58,59,63,65,55,56,56,59,56,60,56,59,62,55,52,62,60,53,55,56,58,62,58,57,59,60,60,54,57,59,60,56,55,63,54,58,48,49,52,54,52,52,52,46,48,45,45,42,38,,,,,,,,,,,,,,,,,,,,,,,,,,,,,,,,,,,,,,,,,,,,,,,,,,,,,,,,,,,,,,,,,,,,,,,,,,,,,,,,,,,,,,,,,,,,,,,,,,,,,,,,,,,,,,,,,,,,,,,,,,,,,,,,,,,,,,,,,,,,,,,,,,,,,,,,,,,,,,,,,,,,,,,,,,,,,,,,,,,,,,,,,,,,,,,,
1,32,35,37,34,41,41,43,36,40,38,48,42,46,53,43,50,50,44,47,47,52,48,52,53,57,54,56,53,57,59,55,58,55,69,64,58,56,57,60,56,57,55,60,58,62,61,65,56,58,62,56,61,58,61,57,61,58,59,60,58,57,57,50,43,,,,,,,,,,,,,,,,,,,,,,,,,,,,,,,,,,,,,,,,,,,,,,,,,,,,,,,,,,,,,,,,,,,,,,,,,,,,,,,,,,,,,,,,,,,,,,,,,,,,,,,,,,,,,,,,,,,,,,,,,,,,,,,,,,,,,,,,,,,,,,,,,,,,,,,,,,,,,,,,,,,,,,,,,,,,,,,,,,,,,,,,,,,,,,,,
2,41,38,42,47,44,42,35,36,41,38,34,42,41,36,39,42,37,38,37,33,40,36,38,37,37,34,41,41,37,41,38,41,38,40,45,45,38,41,42,41,48,52,54,52,46,54,52,61,55,57,55,57,52,58,55,52,58,57,56,56,57,50,47,43,,,,,,,,,,,,,,,,,,,,,,,,,,,,,,,,,,,,,,,,,,,,,,,,,,,,,,,,,,,,,,,,,,,,,,,,,,,,,,,,,,,,,,,,,,,,,,,,,,,,,,,,,,,,,,,,,,,,,,,,,,,,,,,,,,,,,,,,,,,,,,,,,,,,,,,,,,,,,,,,,,,,,,,,,,,,,,,,,,,,,,,,,,,,,,,,
3,48,55,54,58,58,54,64,66,68,60,58,62,57,58,58,59,56,55,54,49,53,54,51,52,46,46,49,47,46,47,41,40,37,38,40,36,40,35,36,40,38,43,46,38,42,38,38,37,43,38,42,40,38,44,36,35,41,36,36,37,36,37,40,34,,,,,,,,,,,,,,,,,,,,,,,,,,,,,,,,,,,,,,,,,,,,,,,,,,,,,,,,,,,,,,,,,,,,,,,,,,,,,,,,,,,,,,,,,,,,,,,,,,,,,,,,,,,,,,,,,,,,,,,,,,,,,,,,,,,,,,,,,,,,,,,,,,,,,,,,,,,,,,,,,,,,,,,,,,,,,,,,,,,,,,,,,,,,,,,,
4,54,53,64,65,63,68,72,75,65,64,66,68,66,66,77,67,64,67,71,67,68,65,68,67,68,64,69,67,66,68,71,64,68,67,71,69,69,66,65,65,60,61,53,61,66,60,61,62,53,52,44,54,59,51,52,46,48,48,41,44,37,47,36,35,,,,,,,,,,,,,,,,,,,,,,,,,,,,,,,,,,,,,,,,,,,,,,,,,,,,,,,,,,,,,,,,,,,,,,,,,,,,,,,,,,,,,,,,,,,,,,,,,,,,,,,,,,,,,,,,,,,,,,,,,,,,,,,,,,,,,,,,,,,,,,,,,,,,,,,,,,,,,,,,,,,,,,,,,,,,,,,,,,,,,,,,,,,,,,,,
5,34,38,43,47,50,49,55,56,60,60,61,63,62,63,62,67,66,69,69,70,67,70,71,66,71,66,79,63,69,66,68,68,67,76,72,63,67,72,71,72,69,72,61,69,64,69,73,64,74,69,68,77,76,71,67,69,66,69,59,62,65,56,43,43,,,,,,,,,,,,,,,,,,,,,,,,,,,,,,,,,,,,,,,,,,,,,,,,,,,,,,,,,,,,,,,,,,,,,,,,,,,,,,,,,,,,,,,,,,,,,,,,,,,,,,,,,,,,,,,,,,,,,,,,,,,,,,,,,,,,,,,,,,,,,,,,,,,,,,,,,,,,,,,,,,,,,,,,,,,,,,,,,,,,,,,,,,,,,,,,
6,32,38,41,42,39,39,45,46,42,41,43,40,42,41,38,42,47,47,45,42,47,43,44,47,44,51,48,58,53,57,53,51,50,61,57,62,62,60,63,68,68,63,66,66,75,68,68,72,67,72,75,71,78,64,69,68,63,70,70,69,61,52,51,50,,,,,,,,,,,,,,,,,,,,,,,,,,,,,,,,,,,,,,,,,,,,,,,,,,,,,,,,,,,,,,,,,,,,,,,,,,,,,,,,,,,,,,,,,,,,,,,,,,,,,,,,,,,,,,,,,,,,,,,,,,,,,,,,,,,,,,,,,,,,,,,,,,,,,,,,,,,,,,,,,,,,,,,,,,,,,,,,,,,,,,,,,,,,,,,,
7,49,51,49,54,48,50,51,59,56,52,48,49,49,51,46,53,50,43,37,40,37,41,39,43,40,37,39,43,41,36,38,41,42,40,39,41,43,41,49,39,39,46,42,41,43,40,42,45,44,46,48,47,48,56,49,55,54,51,59,53,50,49,45,50,,,,,,,,,,,,,,,,,,,,,,,,,,,,,,,,,,,,,,,,,,,,,,,,,,,,,,,,,,,,,,,,,,,,,,,,,,,,,,,,,,,,,,,,,,,,,,,,,,,,,,,,,,,,,,,,,,,,,,,,,,,,,,,,,,,,,,,,,,,,,,,,,,,,,,,,,,,,,,,,,,,,,,,,,,,,,,,,,,,,,,,,,,,,,,,,
8,57,61,62,67,76,77,77,78,73,83,82,75,71,73,82,72,79,72,72,74,75,74,75,81,74,81,74,78,86,79,78,80,77,82,77,79,77,79,74,76,75,73,82,70,78,73,84,78,78,75,80,70,67,71,68,67,63,60,63,53,58,56,47,45,,,,,,,,,,,,,,,,,,,,,,,,,,,,,,,,,,,,,,,,,,,,,,,,,,,,,,,,,,,,,,,,,,,,,,,,,,,,,,,,,,,,,,,,,,,,,,,,,,,,,,,,,,,,,,,,,,,,,,,,,,,,,,,,,,,,,,,,,,,,,,,,,,,,,,,,,,,,,,,,,,,,,,,,,,,,,,,,,,,,,,,,,,,,,,,,
9,34,36,42,45,40,44,44,46,50,50,50,48,47,55,57,57,61,61,65,66,65,71,69,69,70,71,77,70,71,76,74,84,75,69,73,79,79,82,81,77,79,76,77,90,81,79,70,76,80,71,75,81,78,77,75,71,74,71,66,73,62,62,53,56,,,,,,,,,,,,,,,,,,,,,,,,,,,,,,,,,,,,,,,,,,,,,,,,,,,,,,,,,,,,,,,,,,,,,,,,,,,,,,,,,,,,,,,,,,,,,,,,,,,,,,,,,,,,,,,,,,,,,,,,,,,,,,,,,,,,,,,,,,,,,,,,,,,,,,,,,,,,,,,,,,,,,,,,,,,,,,,,,,,,,,,,,,,,,,,,
10,45,45,51,47,51,47,44,40,42,44,45,46,45,43,47,43,43,43,47,42,39,43,48,43,48,38,44,44,44,48,45,47,46,50,50,51,50,53,51,55,60,59,58,63,60,61,59,71,66,67,77,70,74,70,74,70,76,72,80,68,67,64,63,62,,,,,,,,,,,,,,,,,,,,,,,,,,,,,,,,,,,,,,,,,,,,,,,,,,,,,,,,,,,,,,,,,,,,,,,,,,,,,,,,,,,,,,,,,,,,,,,,,,,,,,,,,,,,,,,,,,,,,,,,,,,,,,,,,,,,,,,,,,,,,,,,,,,,,,,,,,,,,,,,,,,,,,,,,,,,,,,,,,,,,,,,,,,,,,,,
11,56,64,59,64,76,75,70,77,74,70,74,66,73,71,77,65,60,65,62,65,62,72,65,60,58,60,62,63,56,62,56,53,51,49,48,49,49,46,42,48,48,50,46,55,53,46,53,49,54,50,47,50,50,46,47,46,45,44,51,49,46,42,41,36,,,,,,,,,,,,,,,,,,,,,,,,,,,,,,,,,,,,,,,,,,,,,,,,,,,,,,,,,,,,,,,,,,,,,,,,,,,,,,,,,,,,,,,,,,,,,,,,,,,,,,,,,,,,,,,,,,,,,,,,,,,,,,,,,,,,,,,,,,,,,,,,,,,,,,,,,,,,,,,,,,,,,,,,,,,,,,,,,,,,,,,,,,,,,,,,
12,58,69,68,82,80,81,78,89,87,75,79,86,80,81,81,84,80,87,81,84,81,82,78,79,94,88,84,76,80,84,87,80,80,76,87,79,76,86,80,79,72,87,75,76,73,73,73,71,66,67,64,64,55,64,62,62,60,60,51,48,51,45,48,43,,,,,,,,,,,,,,,,,,,,,,,,,,,,,,,,,,,,,,,,,,,,,,,,,,,,,,,,,,,,,,,,,,,,,,,,,,,,,,,,,,,,,,,,,,,,,,,,,,,,,,,,,,,,,,,,,,,,,,,,,,,,,,,,,,,,,,,,,,,,,,,,,,,,,,,,,,,,,,,,,,,,,,,,,,,,,,,,,,,,,,,,,,,,,,,,
13,47,51,47,54,55,53,61,58,60,69,70,71,68,67,66,70,69,76,79,74,79,75,73,79,76,75,80,77,71,79,77,72,80,79,78,72,74,71,73,80,76,79,72,72,80,78,75,76,73,77,71,80,80,75,79,80,72,75,79,69,67,65,52,54,,,,,,,,,,,,,,,,,,,,,,,,,,,,,,,,,,,,,,,,,,,,,,,,,,,,,,,,,,,,,,,,,,,,,,,,,,,,,,,,,,,,,,,,,,,,,,,,,,,,,,,,,,,,,,,,,,,,,,,,,,,,,,,,,,,,,,,,,,,,,,,,,,,,,,,,,,,,,,,,,,,,,,,,,,,,,,,,,,,,,,,,,,,,,,,,
14,34,36,39,48,43,39,49,41,43,39,47,38,44,46,43,45,48,41,43,45,49,52,45,44,52,50,53,59,57,58,58,56,68,60,63,63,68,66,70,68,67,74,64,76,70,81,77,72,76,75,77,80,75,70,69,73,72,67,68,67,63,52,58,52,,,,,,,,,,,,,,,,,,,,,,,,,,,,,,,,,,,,,,,,,,,,,,,,,,,,,,,,,,,,,,,,,,,,,,,,,,,,,,,,,,,,,,,,,,,,,,,,,,,,,,,,,,,,,,,,,,,,,,,,,,,,,,,,,,,,,,,,,,,,,,,,,,,,,,,,,,,,,,,,,,,,,,,,,,,,,,,,,,,,,,,,,,,,,,,,
15,51,60,56,50,61,57,61,60,64,58,51,56,52,57,51,56,57,46,45,47,41,48,45,46,47,39,40,43,47,46,44,43,39,53,42,43,43,47,49,42,47,44,52,54,47,49,48,45,49,49,49,48,58,62,56,59,54,58,57,60,52,57,53,49,,,,,,,,,,,,,,,,,,,,,,,,,,,,,,,,,,,,,,,,,,,,,,,,,,,,,,,,,,,,,,,,,,,,,,,,,,,,,,,,,,,,,,,,,,,,,,,,,,,,,,,,,,,,,,,,,,,,,,,,,,,,,,,,,,,,,,,,,,,,,,,,,,,,,,,,,,,,,,,,,,,,,,,,,,,,,,,,,,,,,,,,,,,,,,,,
16,54,55,58,64,69,77,69,75,74,78,77,75,81,78,75,78,80,83,66,78,80,75,81,78,70,77,80,77,69,75,79,81,76,85,73,75,79,82,74,80,76,69,72,86,73,79,78,85,75,82,73,73,70,76,72,68,66,59,55,54,54,55,45,39,,,,,,,,,,,,,,,,,,,,,,,,,,,,,,,,,,,,,,,,,,,,,,,,,,,,,,,,,,,,,,,,,,,,,,,,,,,,,,,,,,,,,,,,,,,,,,,,,,,,,,,,,,,,,,,,,,,,,,,,,,,,,,,,,,,,,,,,,,,,,,,,,,,,,,,,,,,,,,,,,,,,,,,,,,,,,,,,,,,,,,,,,,,,,,,,
17,38,41,44,48,38,51,52,60,50,63,55,54,63,55,64,63,65,67,69,67,75,75,72,75,78,73,78,81,79,80,86,82,83,80,76,82,91,86,76,78,77,81,85,78,80,81,81,75,79,79,86,76,82,82,78,78,69,81,75,78,73,76,58,58,,,,,,,,,,,,,,,,,,,,,,,,,,,,,,,,,,,,,,,,,,,,,,,,,,,,,,,,,,,,,,,,,,,,,,,,,,,,,,,,,,,,,,,,,,,,,,,,,,,,,,,,,,,,,,,,,,,,,,,,,,,,,,,,,,,,,,,,,,,,,,,,,,,,,,,,,,,,,,,,,,,,,,,,,,,,,,,,,,,,,,,,,,,,,,,,
18,45,50,54,52,53,46,51,46,51,46,49,48,50,50,54,52,44,47,47,49,46,49,51,53,48,51,49,49,52,55,52,57,56,52,50,50,51,57,53,53,65,69,58,63,66,64,72,64,71,70,72,78,78,75,79,78,80,71,67,71,68,61,66,52,,,,,,,,,,,,,,,,,,,,,,,,,,,,,,,,,,,,,,,,,,,,,,,,,,,,,,,,,,,,,,,,,,,,,,,,,,,,,,,,,,,,,,,,,,,,,,,,,,,,,,,,,,,,,,,,,,,,,,,,,,,,,,,,,,,,,,,,,,,,,,,,,,,,,,,,,,,,,,,,,,,,,,,,,,,,,,,,,,,,,,,,,,,,,,,,
19,63,75,72,84,75,83,79,83,82,84,79,73,72,75,83,76,73,70,76,73,76,73,70,74,61,64,60,64,68,65,71,60,57,56,56,57,54,50,53,57,59,59,61,62,57,52,62,60,58,54,60,58,59,60,49,57,57,56,56,53,54,51,50,45,,,,,,,,,,,,,,,,,,,,,,,,,,,,,,,,,,,,,,,,,,,,,,,,,,,,,,,,,,,,,,,,,,,,,,,,,,,,,,,,,,,,,,,,,,,,,,,,,,,,,,,,,,,,,,,,,,,,,,,,,,,,,,,,,,,,,,,,,,,,,,,,,,,,,,,,,,,,,,,,,,,,,,,,,,,,,,,,,,,,,,,,,,,,,,,,
20,53,60,65,61,65,67,79,83,70,75,76,82,81,77,77,80,77,77,77,76,75,74,83,84,77,69,74,78,73,67,69,77,73,76,77,72,68,73,65,77,69,70,70,65,67,57,58,64,60,58,60,53,50,61,56,50,51,47,44,47,39,40,38,36,,,,,,,,,,,,,,,,,,,,,,,,,,,,,,,,,,,,,,,,,,,,,,,,,,,,,,,,,,,,,,,,,,,,,,,,,,,,,,,,,,,,,,,,,,,,,,,,,,,,,,,,,,,,,,,,,,,,,,,,,,,,,,,,,,,,,,,,,,,,,,,,,,,,,,,,,,,,,,,,,,,,,,,,,,,,,,,,,,,,,,,,,,,,,,,,
21,40,47,49,60,56,58,63,64,64,65,71,71,70,74,74,82,65,73,86,79,80,78,74,75,81,76,76,74,78,80,79,82,72,77,79,77,81,78,79,73,81,77,71,77,73,76,75,73,75,76,74,84,74,70,75,78,80,73,65,71,73,65,56,48,,,,,,,,,,,,,,,,,,,,,,,,,,,,,,,,,,,,,,,,,,,,,,,,,,,,,,,,,,,,,,,,,,,,,,,,,,,,,,,,,,,,,,,,,,,,,,,,,,,,,,,,,,,,,,,,,,,,,,,,,,,,,,,,,,,,,,,,,,,,,,,,,,,,,,,,,,,,,,,,,,,,,,,,,,,,,,,,,,,,,,,,,,,,,,,,
22,36,38,38,39,41,44,42,42,44,44,49,42,48,46,42,43,42,50,43,49,47,56,52,49,52,57,54,59,61,65,63,63,59,61,74,73,73,75,70,68,70,76,74,75,74,78,84,75,85,81,85,82,79,75,77,88,82,76,74,82,71,64,57,56,,,,,,,,,,,,,,,,,,,,,,,,,,,,,,,,,,,,,,,,,,,,,,,,,,,,,,,,,,,,,,,,,,,,,,,,,,,,,,,,,,,,,,,,,,,,,,,,,,,,,,,,,,,,,,,,,,,,,,,,,,,,,,,,,,,,,,,,,,,,,,,,,,,,,,,,,,,,,,,,,,,,,,,,,,,,,,,,,,,,,,,,,,,,,,,,
23,49,52,60,54,59,61,60,61,60,54,58,52,50,54,54,55,53,44,42,37,42,45,44,40,39,48,48,39,50,42,41,41,40,44,43,39,45,41,45,43,41,38,41,43,42,43,45,49,45,49,49,47,52,60,60,62,57,55,53,59,55,50,50,50,,,,,,,,,,,,,,,,,,,,,,,,,,,,,,,,,,,,,,,,,,,,,,,,,,,,,,,,,,,,,,,,,,,,,,,,,,,,,,,,,,,,,,,,,,,,,,,,,,,,,,,,,,,,,,,,,,,,,,,,,,,,,,,,,,,,,,,,,,,,,,,,,,,,,,,,,,,,,,,,,,,,,,,,,,,,,,,,,,,,,,,,,,,,,,,,
24,60,63,70,68,70,71,78,77,71,78,77,78,74,77,79,81,77,74,75,75,80,76,73,76,75,82,79,74,72,72,75,81,75,77,76,75,67,79,73,75,67,84,74,70,70,75,78,75,76,69,78,69,82,74,71,67,69,64,58,59,55,58,56,50,,,,,,,,,,,,,,,,,,,,,,,,,,,,,,,,,,,,,,,,,,,,,,,,,,,,,,,,,,,,,,,,,,,,,,,,,,,,,,,,,,,,,,,,,,,,,,,,,,,,,,,,,,,,,,,,,,,,,,,,,,,,,,,,,,,,,,,,,,,,,,,,,,,,,,,,,,,,,,,,,,,,,,,,,,,,,,,,,,,,,,,,,,,,,,,,
25,35,38,36,44,40,40,44,45,44,51,46,47,51,49,61,59,60,58,55,57,61,61,67,67,70,68,70,72,65,70,68,76,69,73,78,71,80,76,78,76,74,71,75,82,73,72,81,73,74,73,75,77,70,70,69,71,78,72,68,71,63,58,58,57,,,,,,,,,,,,,,,,,,,,,,,,,,,,,,,,,,,,,,,,,,,,,,,,,,,,,,,,,,,,,,,,,,,,,,,,,,,,,,,,,,,,,,,,,,,,,,,,,,,,,,,,,,,,,,,,,,,,,,,,,,,,,,,,,,,,,,,,,,,,,,,,,,,,,,,,,,,,,,,,,,,,,,,,,,,,,,,,,,,,,,,,,,,,,,,,
26,43,46,49,51,52,45,45,45,43,48,47,42,50,42,54,44,45,46,48,45,44,46,46,49,47,52,46,49,49,44,43,49,49,49,49,48,53,49,53,51,61,62,60,59,55,65,64,67,67,65,67,74,73,75,71,67,65,70,71,65,67,64,60,58,,,,,,,,,,,,,,,,,,,,,,,,,,,,,,,,,,,,,,,,,,,,,,,,,,,,,,,,,,,,,,,,,,,,,,,,,,,,,,,,,,,,,,,,,,,,,,,,,,,,,,,,,,,,,,,,,,,,,,,,,,,,,,,,,,,,,,,,,,,,,,,,,,,,,,,,,,,,,,,,,,,,,,,,,,,,,,,,,,,,,,,,,,,,,,,,
27,51,59,63,62,67,69,69,71,79,78,67,71,73,68,65,67,68,64,57,62,62,57,56,51,56,57,54,51,51,54,54,46,43,43,47,47,49,45,44,47,42,45,46,48,42,41,44,44,45,47,49,43,46,47,48,45,44,41,41,47,47,41,40,37,,,,,,,,,,,,,,,,,,,,,,,,,,,,,,,,,,,,,,,,,,,,,,,,,,,,,,,,,,,,,,,,,,,,,,,,,,,,,,,,,,,,,,,,,,,,,,,,,,,,,,,,,,,,,,,,,,,,,,,,,,,,,,,,,,,,,,,,,,,,,,,,,,,,,,,,,,,,,,,,,,,,,,,,,,,,,,,,,,,,,,,,,,,,,,,,
28,55,64,60,70,68,66,73,72,73,66,71,69,84,67,84,80,71,82,74,80,75,85,77,76,74,78,75,79,71,74,75,75,73,71,72,74,71,70,70,69,69,65,68,64,60,65,70,59,62,55,54,60,55,56,53,56,57,50,43,49,46,43,36,38,,,,,,,,,,,,,,,,,,,,,,,,,,,,,,,,,,,,,,,,,,,,,,,,,,,,,,,,,,,,,,,,,,,,,,,,,,,,,,,,,,,,,,,,,,,,,,,,,,,,,,,,,,,,,,,,,,,,,,,,,,,,,,,,,,,,,,,,,,,,,,,,,,,,,,,,,,,,,,,,,,,,,,,,,,,,,,,,,,,,,,,,,,,,,,,,
29,43,46,50,52,52,58,54,66,64,69,71,78,64,73,63,73,68,74,78,77,78,76,74,78,81,73,72,79,79,78,75,80,72,76,75,80,82,76,74,73,82,73,68,81,79,80,77,77,82,74,72,73,73,73,74,77,69,70,66,64,65,59,58,48,,,,,,,,,,,,,,,,,,,,,,,,,,,,,,,,,,,,,,,,,,,,,,,,,,,,,,,,,,,,,,,,,,,,,,,,,,,,,,,,,,,,,,,,,,,,,,,,,,,,,,,,,,,,,,,,,,,,,,,,,,,,,,,,,,,,,,,,,,,,,,,,,,,,,,,,,,,,,,,,,,,,,,,,,,,,,,,,,,,,,,,,,,,,,,,,
30,36,36,40,39,41,39,43,45,45,43,46,43,42,47,44,43,43,44,44,41,44,45,53,51,48,53,54,59,63,61,60,58,61,64,58,64,68,75,70,66,70,73,73,69,79,73,75,74,80,77,75,76,76,71,82,79,75,68,70,67,65,66,60,55,,,,,,,,,,,,,,,,,,,,,,,,,,,,,,,,,,,,,,,,,,,,,,,,,,,,,,,,,,,,,,,,,,,,,,,,,,,,,,,,,,,,,,,,,,,,,,,,,,,,,,,,,,,,,,,,,,,,,,,,,,,,,,,,,,,,,,,,,,,,,,,,,,,,,,,,,,,,,,,,,,,,,,,,,,,,,,,,,,,,,,,,,,,,,,,,
31,49,54,58,60,56,56,68,65,58,59,54,59,50,56,56,53,53,46,41,44,43,43,43,44,44,42,43,44,43,47,44,44,44,47,47,42,46,41,43,47,45,46,43,44,45,44,49,54,48,48,50,51,49,54,53,55,55,60,56,49,54,53,54,52,,,,,,,,,,,,,,,,,,,,,,,,,,,,,,,,,,,,,,,,,,,,,,,,,,,,,,,,,,,,,,,,,,,,,,,,,,,,,,,,,,,,,,,,,,,,,,,,,,,,,,,,,,,,,,,,,,,,,,,,,,,,,,,,,,,,,,,,,,,,,,,,,,,,,,,,,,,,,,,,,,,,,,,,,,,,,,,,,,,,,,,,,,,,,,,,
32,62,58,63,70,68,75,75,81,79,80,82,81,76,84,80,67,76,73,81,74,85,74,84,83,77,75,74,73,77,77,80,80,83,75,75,86,82,72,77,75,79,75,82,91,80,78,76,76,75,74,76,73,65,74,78,68,74,68,67,63,55,57,51,51,,,,,,,,,,,,,,,,,,,,,,,,,,,,,,,,,,,,,,,,,,,,,,,,,,,,,,,,,,,,,,,,,,,,,,,,,,,,,,,,,,,,,,,,,,,,,,,,,,,,,,,,,,,,,,,,,,,,,,,,,,,,,,,,,,,,,,,,,,,,,,,,,,,,,,,,,,,,,,,,,,,,,,,,,,,,,,,,,,,,,,,,,,,,,,,,
33,35,36,43,41,46,45,46,51,52,50,51,49,51,59,61,62,64,63,60,64,67,71,62,70,71,75,71,75,75,74,76,72,78,73,76,77,83,78,78,81,80,82,69,78,77,79,76,79,73,77,77,76,78,73,78,76,82,70,73,75,62,66,58,54,,,,,,,,,,,,,,,,,,,,,,,,,,,,,,,,,,,,,,,,,,,,,,,,,,,,,,,,,,,,,,,,,,,,,,,,,,,,,,,,,,,,,,,,,,,,,,,,,,,,,,,,,,,,,,,,,,,,,,,,,,,,,,,,,,,,,,,,,,,,,,,,,,,,,,,,,,,,,,,,,,,,,,,,,,,,,,,,,,,,,,,,,,,,,,,,
34,48,42,52,50,50,47,50,47,50,53,50,52,49,52,52,50,52,49,52,50,48,43,49,54,48,49,46,49,51,52,49,51,51,52,47,54,55,58,57,53,62,65,72,69,64,68,69,68,69,69,74,71,70,74,73,69,76,73,71,70,67,62,60,63,,,,,,,,,,,,,,,,,,,,,,,,,,,,,,,,,,,,,,,,,,,,,,,,,,,,,,,,,,,,,,,,,,,,,,,,,,,,,,,,,,,,,,,,,,,,,,,,,,,,,,,,,,,,,,,,,,,,,,,,,,,,,,,,,,,,,,,,,,,,,,,,,,,,,,,,,,,,,,,,,,,,,,,,,,,,,,,,,,,,,,,,,,,,,,,,
35,56,61,67,68,69,69,75,73,70,77,76,71,70,72,66,75,67,61,65,62,61,56,60,57,60,56,54,67,54,56,55,55,47,47,53,48,46,47,48,47,48,48,49,50,46,47,48,45,41,47,48,49,49,47,46,46,43,48,46,48,43,46,45,41,,,,,,,,,,,,,,,,,,,,,,,,,,,,,,,,,,,,,,,,,,,,,,,,,,,,,,,,,,,,,,,,,,,,,,,,,,,,,,,,,,,,,,,,,,,,,,,,,,,,,,,,,,,,,,,,,,,,,,,,,,,,,,,,,,,,,,,,,,,,,,,,,,,,,,,,,,,,,,,,,,,,,,,,,,,,,,,,,,,,,,,,,,,,,,,,
36,61,67,66,70,74,80,75,78,80,75,71,78,75,77,80,79,75,80,75,84,85,77,82,77,82,72,74,74,79,74,79,78,78,72,78,72,74,70,71,69,73,75,69,66,63,63,63,64,61,59,55,61,54,58,56,54,59,49,45,44,40,38,37,36,,,,,,,,,,,,,,,,,,,,,,,,,,,,,,,,,,,,,,,,,,,,,,,,,,,,,,,,,,,,,,,,,,,,,,,,,,,,,,,,,,,,,,,,,,,,,,,,,,,,,,,,,,,,,,,,,,,,,,,,,,,,,,,,,,,,,,,,,,,,,,,,,,,,,,,,,,,,,,,,,,,,,,,,,,,,,,,,,,,,,,,,,,,,,,,,
37,47,58,52,59,64,59,62,65,66,73,71,75,71,78,83,73,75,70,85,77,93,77,81,79,84,81,80,84,79,82,80,79,85,73,85,82,78,80,81,88,75,82,76,80,76,90,72,79,85,80,78,78,79,73,82,74,73,68,76,68,69,65,53,52,,,,,,,,,,,,,,,,,,,,,,,,,,,,,,,,,,,,,,,,,,,,,,,,,,,,,,,,,,,,,,,,,,,,,,,,,,,,,,,,,,,,,,,,,,,,,,,,,,,,,,,,,,,,,,,,,,,,,,,,,,,,,,,,,,,,,,,,,,,,,,,,,,,,,,,,,,,,,,,,,,,,,,,,,,,,,,,,,,,,,,,,,,,,,,,,
38,33,37,37,42,43,43,36,43,42,47,41,41,42,40,45,44,44,47,44,51,46,49,48,51,48,51,52,60,57,57,60,59,65,65,62,72,75,66,73,73,73,76,76,71,83,76,89,86,80,75,90,80,73,81,77,73,76,80,64,66,71,68,58,54,,,,,,,,,,,,,,,,,,,,,,,,,,,,,,,,,,,,,,,,,,,,,,,,,,,,,,,,,,,,,,,,,,,,,,,,,,,,,,,,,,,,,,,,,,,,,,,,,,,,,,,,,,,,,,,,,,,,,,,,,,,,,,,,,,,,,,,,,,,,,,,,,,,,,,,,,,,,,,,,,,,,,,,,,,,,,,,,,,,,,,,,,,,,,,,,
39,55,56,63,59,58,60,62,66,63,56,56,59,54,60,60,59,54,52,47,43,46,49,46,47,47,48,46,48,47,51,47,47,49,51,46,47,44,47,52,46,48,44,47,52,49,48,49,49,55,46,53,48,55,59,58,58,60,57,58,63,60,60,57,52,,,,,,,,,,,,,,,,,,,,,,,,,,,,,,,,,,,,,,,,,,,,,,,,,,,,,,,,,,,,,,,,,,,,,,,,,,,,,,,,,,,,,,,,,,,,,,,,,,,,,,,,,,,,,,,,,,,,,,,,,,,,,,,,,,,,,,,,,,,,,,,,,,,,,,,,,,,,,,,,,,,,,,,,,,,,,,,,,,,,,,,,,,,,,,,,
40,57,64,63,62,71,78,67,76,66,80,72,78,74,72,71,80,77,78,80,82,72,75,72,76,79,83,75,85,78,81,73,81,70,76,79,78,79,68,73,77,73,77,73,77,77,74,70,78,78,71,76,70,67,70,64,59,67,54,57,58,60,56,48,49,,,,,,,,,,,,,,,,,,,,,,,,,,,,,,,,,,,,,,,,,,,,,,,,,,,,,,,,,,,,,,,,,,,,,,,,,,,,,,,,,,,,,,,,,,,,,,,,,,,,,,,,,,,,,,,,,,,,,,,,,,,,,,,,,,,,,,,,,,,,,,,,,,,,,,,,,,,,,,,,,,,,,,,,,,,,,,,,,,,,,,,,,,,,,,,,
41,36,35,40,37,41,41,45,50,50,50,50,47,51,52,61,60,61,55,60,55,62,66,69,71,63,70,67,65,77,77,71,75,75,73,78,71,80,78,82,74,77,74,82,78,77,81,76,71,74,74,74,71,74,79,82,82,78,70,73,70,66,60,53,52,,,,,,,,,,,,,,,,,,,,,,,,,,,,,,,,,,,,,,,,,,,,,,,,,,,,,,,,,,,,,,,,,,,,,,,,,,,,,,,,,,,,,,,,,,,,,,,,,,,,,,,,,,,,,,,,,,,,,,,,,,,,,,,,,,,,,,,,,,,,,,,,,,,,,,,,,,,,,,,,,,,,,,,,,,,,,,,,,,,,,,,,,,,,,,,,
42,43,42,53,55,52,47,44,51,60,46,50,45,47,52,48,57,50,47,50,53,53,44,47,49,46,56,47,46,49,55,46,50,46,51,55,56,59,60,57,60,59,65,56,61,62,62,65,72,68,69,72,75,72,75,65,75,71,75,76,67,67,66,62,64,,,,,,,,,,,,,,,,,,,,,,,,,,,,,,,,,,,,,,,,,,,,,,,,,,,,,,,,,,,,,,,,,,,,,,,,,,,,,,,,,,,,,,,,,,,,,,,,,,,,,,,,,,,,,,,,,,,,,,,,,,,,,,,,,,,,,,,,,,,,,,,,,,,,,,,,,,,,,,,,,,,,,,,,,,,,,,,,,,,,,,,,,,,,,,,,
43,56,64,73,69,69,72,78,80,74,70,70,70,71,69,70,76,66,66,61,66,63,67,60,62,62,64,67,62,54,56,55,54,48,43,49,51,49,48,49,45,49,50,43,48,49,50,50,46,48,47,49,45,48,49,48,49,46,45,47,44,47,45,44,37,,,,,,,,,,,,,,,,,,,,,,,,,,,,,,,,,,,,,,,,,,,,,,,,,,,,,,,,,,,,,,,,,,,,,,,,,,,,,,,,,,,,,,,,,,,,,,,,,,,,,,,,,,,,,,,,,,,,,,,,,,,,,,,,,,,,,,,,,,,,,,,,,,,,,,,,,,,,,,,,,,,,,,,,,,,,,,,,,,,,,,,,,,,,,,,,
44,53,60,64,67,66,63,70,75,79,77,85,73,74,73,81,88,82,71,76,76,81,79,80,75,74,74,82,76,72,78,74,77,88,77,76,66,73,75,73,71,69,74,63,69,63,58,60,59,61,56,52,52,53,55,49,48,53,47,37,42,36,36,37,32,,,,,,,,,,,,,,,,,,,,,,,,,,,,,,,,,,,,,,,,,,,,,,,,,,,,,,,,,,,,,,,,,,,,,,,,,,,,,,,,,,,,,,,,,,,,,,,,,,,,,,,,,,,,,,,,,,,,,,,,,,,,,,,,,,,,,,,,,,,,,,,,,,,,,,,,,,,,,,,,,,,,,,,,,,,,,,,,,,,,,,,,,,,,,,,,
45,44,50,51,51,57,60,66,63,65,70,66,70,69,69,76,68,69,77,85,82,79,72,73,78,80,68,78,82,78,80,72,74,71,83,77,83,73,75,72,80,72,70,76,69,80,76,73,73,76,75,74,76,75,77,76,73,77,72,68,61,65,66,55,52,,,,,,,,,,,,,,,,,,,,,,,,,,,,,,,,,,,,,,,,,,,,,,,,,,,,,,,,,,,,,,,,,,,,,,,,,,,,,,,,,,,,,,,,,,,,,,,,,,,,,,,,,,,,,,,,,,,,,,,,,,,,,,,,,,,,,,,,,,,,,,,,,,,,,,,,,,,,,,,,,,,,,,,,,,,,,,,,,,,,,,,,,,,,,,,,
46,39,44,43,47,50,55,51,48,46,50,46,49,51,49,49,47,46,46,54,52,55,56,51,56,53,49,62,60,57,61,69,57,69,69,63,72,72,73,78,72,79,79,72,72,84,69,76,82,76,82,76,83,77,77,72,78,84,83,75,74,68,61,61,60,,,,,,,,,,,,,,,,,,,,,,,,,,,,,,,,,,,,,,,,,,,,,,,,,,,,,,,,,,,,,,,,,,,,,,,,,,,,,,,,,,,,,,,,,,,,,,,,,,,,,,,,,,,,,,,,,,,,,,,,,,,,,,,,,,,,,,,,,,,,,,,,,,,,,,,,,,,,,,,,,,,,,,,,,,,,,,,,,,,,,,,,,,,,,,,,
47,53,61,63,68,60,59,59,70,60,56,64,61,60,58,60,60,62,57,49,46,47,43,50,55,57,49,49,46,50,49,51,48,46,52,54,56,54,52,49,45,56,52,49,50,49,54,58,50,56,55,54,53,60,68,66,66,61,57,64,61,61,62,60,58,,,,,,,,,,,,,,,,,,,,,,,,,,,,,,,,,,,,,,,,,,,,,,,,,,,,,,,,,,,,,,,,,,,,,,,,,,,,,,,,,,,,,,,,,,,,,,,,,,,,,,,,,,,,,,,,,,,,,,,,,,,,,,,,,,,,,,,,,,,,,,,,,,,,,,,,,,,,,,,,,,,,,,,,,,,,,,,,,,,,,,,,,,,,,,,,
48,58,68,68,68,72,75,76,71,81,80,78,77,82,74,76,74,75,76,84,78,78,78,80,79,80,69,83,77,83,85,80,78,76,89,89,84,76,71,78,86,79,79,75,75,84,82,76,86,78,77,86,72,73,72,75,73,72,64,62,61,66,61,55,48,,,,,,,,,,,,,,,,,,,,,,,,,,,,,,,,,,,,,,,,,,,,,,,,,,,,,,,,,,,,,,,,,,,,,,,,,,,,,,,,,,,,,,,,,,,,,,,,,,,,,,,,,,,,,,,,,,,,,,,,,,,,,,,,,,,,,,,,,,,,,,,,,,,,,,,,,,,,,,,,,,,,,,,,,,,,,,,,,,,,,,,,,,,,,,,,
49,38,37,44,44,46,43,46,52,56,56,49,49,53,57,59,55,58,62,62,67,68,65,62,71,73,78,75,73,77,77,82,83,75,78,80,75,81,81,79,73,76,72,71,78,77,77,79,74,79,81,83,69,68,81,72,73,76,74,71,67,66,67,64,62,,,,,,,,,,,,,,,,,,,,,,,,,,,,,,,,,,,,,,,,,,,,,,,,,,,,,,,,,,,,,,,,,,,,,,,,,,,,,,,,,,,,,,,,,,,,,,,,,,,,,,,,,,,,,,,,,,,,,,,,,,,,,,,,,,,,,,,,,,,,,,,,,,,,,,,,,,,,,,,,,,,,,,,,,,,,,,,,,,,,,,,,,,,,,,,,
50,43,45,47,51,51,44,49,52,49,42,42,44,42,46,45,45,47,42,46,45,46,44,46,47,44,47,46,44,50,44,44,48,47,48,48,50,48,51,49,56,60,64,58,58,66,60,68,65,67,69,69,71,70,76,70,72,71,70,73,70,66,65,61,51,,,,,,,,,,,,,,,,,,,,,,,,,,,,,,,,,,,,,,,,,,,,,,,,,,,,,,,,,,,,,,,,,,,,,,,,,,,,,,,,,,,,,,,,,,,,,,,,,,,,,,,,,,,,,,,,,,,,,,,,,,,,,,,,,,,,,,,,,,,,,,,,,,,,,,,,,,,,,,,,,,,,,,,,,,,,,,,,,,,,,,,,,,,,,,,,
51,63,61,67,70,63,71,71,73,73,67,72,73,71,67,68,74,65,64,66,70,60,63,57,54,53,54,55,52,57,55,53,48,47,46,44,46,44,48,51,48,45,48,49,44,48,46,50,53,48,48,47,49,47,41,46,47,48,44,43,47,44,45,46,42,,,,,,,,,,,,,,,,,,,,,,,,,,,,,,,,,,,,,,,,,,,,,,,,,,,,,,,,,,,,,,,,,,,,,,,,,,,,,,,,,,,,,,,,,,,,,,,,,,,,,,,,,,,,,,,,,,,,,,,,,,,,,,,,,,,,,,,,,,,,,,,,,,,,,,,,,,,,,,,,,,,,,,,,,,,,,,,,,,,,,,,,,,,,,,,,
52,53,56,69,63,68,69,73,73,68,75,73,76,71,77,71,74,82,80,72,71,77,73,71,74,69,78,75,71,75,82,75,80,73,70,72,70,74,65,62,66,69,71,66,64,62,63,61,61,57,52,51,52,53,52,51,52,49,43,43,40,40,39,36,30,,,,,,,,,,,,,,,,,,,,,,,,,,,,,,,,,,,,,,,,,,,,,,,,,,,,,,,,,,,,,,,,,,,,,,,,,,,,,,,,,,,,,,,,,,,,,,,,,,,,,,,,,,,,,,,,,,,,,,,,,,,,,,,,,,,,,,,,,,,,,,,,,,,,,,,,,,,,,,,,,,,,,,,,,,,,,,,,,,,,,,,,,,,,,,,,
53,45,49,57,53,68,64,62,67,71,70,67,75,76,70,72,73,70,67,82,79,75,75,80,78,75,72,81,72,77,83,74,77,81,78,74,80,81,69,76,80,79,81,82,77,75,78,76,72,80,78,76,79,73,76,74,80,76,70,78,74,66,65,67,53,,,,,,,,,,,,,,,,,,,,,,,,,,,,,,,,,,,,,,,,,,,,,,,,,,,,,,,,,,,,,,,,,,,,,,,,,,,,,,,,,,,,,,,,,,,,,,,,,,,,,,,,,,,,,,,,,,,,,,,,,,,,,,,,,,,,,,,,,,,,,,,,,,,,,,,,,,,,,,,,,,,,,,,,,,,,,,,,,,,,,,,,,,,,,,,,
54,38,42,42,47,46,45,43,41,45,47,49,44,49,44,45,47,43,47,54,47,47,50,52,49,50,47,53,57,51,64,58,65,56,67,69,61,64,65,63,71,66,72,67,71,65,70,72,76,71,75,69,71,77,67,69,65,72,68,65,69,68,59,58,51,,,,,,,,,,,,,,,,,,,,,,,,,,,,,,,,,,,,,,,,,,,,,,,,,,,,,,,,,,,,,,,,,,,,,,,,,,,,,,,,,,,,,,,,,,,,,,,,,,,,,,,,,,,,,,,,,,,,,,,,,,,,,,,,,,,,,,,,,,,,,,,,,,,,,,,,,,,,,,,,,,,,,,,,,,,,,,,,,,,,,,,,,,,,,,,,
55,55,64,56,65,66,64,64,65,61,59,62,57,56,60,61,60,65,56,49,46,47,47,49,50,47,52,53,45,53,52,53,48,49,50,56,52,52,56,52,44,47,50,47,48,48,52,53,48,51,53,59,54,59,61,62,58,54,32,71,67,56,56,55,65,,,,,,,,,,,,,,,,,,,,,,,,,,,,,,,,,,,,,,,,,,,,,,,,,,,,,,,,,,,,,,,,,,,,,,,,,,,,,,,,,,,,,,,,,,,,,,,,,,,,,,,,,,,,,,,,,,,,,,,,,,,,,,,,,,,,,,,,,,,,,,,,,,,,,,,,,,,,,,,,,,,,,,,,,,,,,,,,,,,,,,,,,,,,,,,,
56,46,57,55,55,64,67,68,65,70,65,73,78,74,71,73,67,76,74,65,73,73,65,80,70,76,67,71,74,69,71,65,71,64,73,67,69,69,70,71,66,69,72,68,65,66,68,66,75,72,67,67,63,64,63,63,61,54,55,55,53,52,48,44,38,,,,,,,,,,,,,,,,,,,,,,,,,,,,,,,,,,,,,,,,,,,,,,,,,,,,,,,,,,,,,,,,,,,,,,,,,,,,,,,,,,,,,,,,,,,,,,,,,,,,,,,,,,,,,,,,,,,,,,,,,,,,,,,,,,,,,,,,,,,,,,,,,,,,,,,,,,,,,,,,,,,,,,,,,,,,,,,,,,,,,,,,,,,,,,,,
57,38,37,39,44,41,47,46,47,47,54,51,52,52,54,57,58,56,58,54,60,60,64,67,70,68,71,68,72,70,73,69,69,76,69,73,77,73,77,74,76,77,75,68,75,67,79,69,79,68,85,74,79,76,78,76,68,71,73,65,71,66,60,59,54,,,,,,,,,,,,,,,,,,,,,,,,,,,,,,,,,,,,,,,,,,,,,,,,,,,,,,,,,,,,,,,,,,,,,,,,,,,,,,,,,,,,,,,,,,,,,,,,,,,,,,,,,,,,,,,,,,,,,,,,,,,,,,,,,,,,,,,,,,,,,,,,,,,,,,,,,,,,,,,,,,,,,,,,,,,,,,,,,,,,,,,,,,,,,,,,
58,41,42,43,52,42,41,42,43,43,43,38,42,42,42,43,42,43,40,43,38,47,39,42,42,40,40,43,46,42,41,42,41,44,44,44,43,49,50,47,48,49,56,56,55,62,52,60,57,61,60,65,68,64,70,62,62,66,68,67,64,63,55,55,50,,,,,,,,,,,,,,,,,,,,,,,,,,,,,,,,,,,,,,,,,,,,,,,,,,,,,,,,,,,,,,,,,,,,,,,,,,,,,,,,,,,,,,,,,,,,,,,,,,,,,,,,,,,,,,,,,,,,,,,,,,,,,,,,,,,,,,,,,,,,,,,,,,,,,,,,,,,,,,,,,,,,,,,,,,,,,,,,,,,,,,,,,,,,,,,,
59,54,53,62,61,66,66,69,64,73,64,62,69,64,63,63,61,60,57,51,58,52,58,58,50,54,50,50,50,53,48,48,43,43,39,40,42,39,43,43,38,41,40,43,42,40,41,43,40,45,42,45,45,41,45,38,39,39,42,39,39,38,39,37,34,,,,,,,,,,,,,,,,,,,,,,,,,,,,,,,,,,,,,,,,,,,,,,,,,,,,,,,,,,,,,,,,,,,,,,,,,,,,,,,,,,,,,,,,,,,,,,,,,,,,,,,,,,,,,,,,,,,,,,,,,,,,,,,,,,,,,,,,,,,,,,,,,,,,,,,,,,,,,,,,,,,,,,,,,,,,,,,,,,,,,,,,,,,,,,,,
60,56,53,58,64,59,63,65,70,67,65,68,66,66,68,70,67,69,65,69,66,73,69,69,67,66,75,67,67,61,69,73,72,66,67,74,63,66,62,62,61,64,62,56,61,59,62,59,57,60,55,48,47,50,46,48,47,51,45,41,37,38,32,35,31,,,,,,,,,,,,,,,,,,,,,,,,,,,,,,,,,,,,,,,,,,,,,,,,,,,,,,,,,,,,,,,,,,,,,,,,,,,,,,,,,,,,,,,,,,,,,,,,,,,,,,,,,,,,,,,,,,,,,,,,,,,,,,,,,,,,,,,,,,,,,,,,,,,,,,,,,,,,,,,,,,,,,,,,,,,,,,,,,,,,,,,,,,,,,,,,
61,35,37,38,44,46,45,44,54,50,54,51,56,54,59,54,53,59,62,62,58,60,64,64,64,64,57,61,59,56,60,64,60,63,57,62,64,57,56,58,62,65,60,56,64,56,53,63,61,58,57,55,59,59,60,61,60,61,61,55,58,55,48,44,41,,,,,,,,,,,,,,,,,,,,,,,,,,,,,,,,,,,,,,,,,,,,,,,,,,,,,,,,,,,,,,,,,,,,,,,,,,,,,,,,,,,,,,,,,,,,,,,,,,,,,,,,,,,,,,,,,,,,,,,,,,,,,,,,,,,,,,,,,,,,,,,,,,,,,,,,,,,,,,,,,,,,,,,,,,,,,,,,,,,,,,,,,,,,,,,,
62,32,35,32,38,37,38,39,39,35,39,44,36,43,38,35,42,39,37,39,43,40,47,42,40,42,44,47,47,56,51,49,48,55,48,55,55,54,59,55,54,53,54,63,51,63,62,65,57,59,61,60,53,60,57,56,58,59,65,58,56,55,55,53,50,,,,,,,,,,,,,,,,,,,,,,,,,,,,,,,,,,,,,,,,,,,,,,,,,,,,,,,,,,,,,,,,,,,,,,,,,,,,,,,,,,,,,,,,,,,,,,,,,,,,,,,,,,,,,,,,,,,,,,,,,,,,,,,,,,,,,,,,,,,,,,,,,,,,,,,,,,,,,,,,,,,,,,,,,,,,,,,,,,,,,,,,,,,,,,,,
63,54,52,54,53,53,51,52,52,46,50,47,48,46,49,46,44,46,42,36,42,42,42,38,39,42,42,40,39,36,42,40,40,38,43,39,39,39,41,45,37,38,44,41,42,44,46,45,50,45,48,47,39,40,52,49,48,48,51,51,51,54,50,52,45,,,,,,,,,,,,,,,,,,,,,,,,,,,,,,,,,,,,,,,,,,,,,,,,,,,,,,,,,,,,,,,,,,,,,,,,,,,,,,,,,,,,,,,,,,,,,,,,,,,,,,,,,,,,,,,,,,,,,,,,,,,,,,,,,,,,,,,,,,,,,,,,,,,,,,,,,,,,,,,,,,,,,,,,,,,,,,,,,,,,,,,,,,,,,,,,
,,,,,,,,,,,,,,,,,,,,,,,,,,,,,,,,,,,,,,,,,,,,,,,,,,,,,,,,,,,,,,,,,,,,,,,,,,,,,,,,,,,,,,,,,,,,,,,,,,,,,,,,,,,,,,,,,,,,,,,,,,,,,,,,,,,,,,,,,,,,,,,,,,,,,,,,,,,,,,,,,,,,,,,,,,,,,,,,,,,,,,,,,,,,,,,,,,,,,,,,,,,,,,,,,,,,,,,,,,,,,,,,,,,,,,,,,,,,,,,,,,,,,,,,,,,,,,,,
value,0,1,2,3,4,5,6,7,8,9,10,11,12,13,14,15,16,17,18,19,20,21,22,23,24,25,26,27,28,29,30,31,32,33,34,35,36,37,38,39,40,41,42,43,44,45,46,47,48,49,50,51,52,53,54,55,56,57,58,59,60,61,62,63,64,65,66,67,68,69,70,71,72,73,74,75,76,77,78,79,80,81,82,83,84,85,86,87,88,89,90,91,92,93,94,95,96,97,98,99,100,101,102,103,104,105,106,107,108,109,110,111,112,113,114,115,116,117,118,119,120,121,122,123,124,125,126,127,128,129,130,131,132,133,134,135,136,137,138,139,140,141,142,143,144,145,146,147,148,149,150,151,152,153,154,155,156,157,158,159,160,161,162,163,164,165,166,167,168,169,170,171,172,173,174,175,176,177,178,179,180,181,182,183,184,185,186,187,188,189,190,191,192,193,194,195,196,197,198,199,200,201,202,203,204,205,206,207,208,209,210,211,212,213,214,215,216,217,218,219,220,221,222,223,224,225,226,227,228,229,230,231,232,233,234,235,236,237,238,239,240,241,242,243,244,245,246,247,248,249,250,251,252,253,254,255
count,0,0,0,0,0,0,0,0,0,0,0,0,0,0,0,0,0,0,0,0,0,0,0,0,0,0,0,0,0,0,1,1,7,2,8,13,31,31,48,44,43,63,79,97,94,80,99,122,102,115,92,82,98,81,87,81,95,79,88,71,105,78,76,68,82,80,76,91,83,100,96,105,89,125,98,131,113,99,102,79,80,51,57,23,24,17,13,5,5,4,3,2,0,1,1,0,0,0,0,0,0,0,0,0,0,0,0,0,0,0,0,0,0,0,0,0,0,0,0,0,0,0,0,0,0,0,0,0,0,0,0,0,0,0,0,0,0,0,0,0,0,0,0,0,0,0,0,0,0,0,0,0,0,0,0,0,0,0,0,0,0,0,0,0,0,0,0,0,0,0,0,0,0,0,0,0,0,0,0,0,0,0,0,0,0,0,0,0,0,0,0,0,0,0,0,0,0,0,0,0,0,0,0,0,0,0,0,0,0,0,0,0,0,0,0,0,0,0,0,0,0,0,0,0,0,0,0,0,0,0,0,0,0,0,0,0,0,0,0,0,0,0,0,0,0,0,0,0,0,0,0,0,0,0,0,0
,,,,,,,,,,,,,,,,,,,,,,,,,,,,,,,,,,,,,,,,,,,,,,,,,,,,,,,,,,,,,,,,,,,,,,,,,,,,,,,,,,,,,,,,,,,,,,,,,,,,,,,,,,,,,,,,,,,,,,,,,,,,,,,,,,,,,,,,,,,,,,,,,,,,,,,,,,,,,,,,,,,,,,,,,,,,,,,,,,,,,,,,,,,,,,,,,,,,,,,,,,,,,,,,,,,,,,,,,,,,,,,,,,,,,,,,,,,,,,,,,,,,,,,,,,,,,,,,
6,,,,,,,,,,,,,,,,,,,,,,,,,,,,,,,,,,,,,,,,,,,,,,,,,,,,,,,,,,,,,,,,,,,,,,,,,,,,,,,,,,,,,,,,,,,,,,,,,,,,,,,,,,,,,,,,,,,,,,,,,,,,,,,,,,,,,,,,,,,,,,,,,,,,,,,,,,,,,,,,,,,,,,,,,,,,,,,,,,,,,,,,,,,,,,,,,,,,,,,,,,,,,,,,,,,,,,,,,,,,,,,,,,,,,,,,,,,,,,,,,,,,,,,,,,,,,,,,
,0,1,2,3,4,5,6,7,8,9,10,11,12,13,14,15,16,17,18,19,20,21,22,23,24,25,26,27,28,29,30,31,32,33,34,35,36,37,38,39,40,41,42,43,44,45,46,47,48,49,50,51,52,53,54,55,56,57,58,59,60,61,62,63,,,,,,,,,,,,,,,,,,,,,,,,,,,,,,,,,,,,,,,,,,,,,,,,,,,,,,,,,,,,,,,,,,,,,,,,,,,,,,,,,,,,,,,,,,,,,,,,,,,,,,,,,,,,,,,,,,,,,,,,,,,,,,,,,,,,,,,,,,,,,,,,,,,,,,,,,,,,,,,,,,,,,,,,,,,,,,,,,,,,,,,,,,,,,,,,
0,42,41,58,52,61,55,58,54,55,53,57,56,57,60,56,57,57,62,61,55,54,54,58,55,59,58,59,60,52,52,62,59,55,52,56,61,57,56,57,58,62,58,52,57,60,59,56,52,58,50,56,54,49,52,55,49,50,53,46,49,47,46,40,36,,,,,,,,,,,,,,,,,,,,,,,,,,,,,,,,,,,,,,,,,,,,,,,,,,,,,,,,,,,,,,,,,,,,,,,,,,,,,,,,,,,,,,,,,,,,,,,,,,,,,,,,,,,,,,,,,,,,,,,,,,,,,,,,,,,,,,,,,,,,,,,,,,,,,,,,,,,,,,,,,,,,,,,,,,,,,,,,,,,,,,,,,,,,,,,,
1,30,34,34,34,40,39,42,37,38,41,44,41,47,55,44,52,46,45,47,51,53,48,49,54,57,55,60,55,55,61,55,60,56,63,65,57,58,54,60,59,58,54,58,59,65,62,64,59,58,60,61,61,61,60,59,65,57,60,59,57,58,56,48,46,,,,,,,,,,,,,,,,,,,,,,,,,,,,,,,,,,,,,,,,,,,,,,,,,,,,,,,,,,,,,,,,,,,,,,,,,,,,,,,,,,,,,,,,,,,,,,,,,,,,,,,,,,,,,,,,,,,,,,,,,,,,,,,,,,,,,,,,,,,,,,,,,,,,,,,,,,,,,,,,,,,,,,,,,,,,,,,,,,,,,,,,,,,,,,,,
2,40,37,38,45,38,38,37,34,40,37,36,40,41,35,36,44,37,37,41,33,40,37,39,36,36,36,40,41,37,40,39,43,37,41,43,45,41,41,43,44,51,49,51,52,47,57,52,65,55,58,56,55,52,58,57,58,60,59,56,55,51,48,46,43,,,,,,,,,,,,,,,,,,,,,,,,,,,,,,,,,,,,,,,,,,,,,,,,,,,,,,,,,,,,,,,,,,,,,,,,,,,,,,,,,,,,,,,,,,,,,,,,,,,,,,,,,,,,,,,,,,,,,,,,,,,,,,,,,,,,,,,,,,,,,,,,,,,,,,,,,,,,,,,,,,,,,,,,,,,,,,,,,,,,,,,,,,,,,,,,
3,46,55,57,55,58,54,61,70,67,59,55,64,58,59,56,59,51,55,59,48,52,55,49,49,42,47,48,45,45,47,40,39,36,40,41,36,40,36,36,37,37,39,42,38,42,38,41,35,40,38,41,40,38,44,36,37,39,34,37,40,38,34,38,34,,,,,,,,,,,,,,,,,,,,,,,,,,,,,,,,,,,,,,,,,,,,,,,,,,,,,,,,,,,,,,,,,,,,,,,,,,,,,,,,,,,,,,,,,,,,,,,,,,,,,,,,,,,,,,,,,,,,,,,,,,,,,,,,,,,,,,,,,,,,,,,,,,,,,,,,,,,,,,,,,,,,,,,,,,,,,,,,,,,,,,,,,,,,,,,,
4,54,56,63,65,66,70,73,76,66,67,67,72,68,68,73,70,69,69,67,67,68,66,68,67,66,66,72,70,65,63,74,61,73,69,75,70,66,66,64,67,63,61,55,60,68,60,57,62,48,47,42,54,60,53,53,45,44,45,42,41,36,44,34,32,,,,,,,,,,,,,,,,,,,,,,,,,,,,,,,,,,,,,,,,,,,,,,,,,,,,,,,,,,,,,,,,,,,,,,,,,,,,,,,,,,,,,,,,,,,,,,,,,,,,,,,,,,,,,,,,,,,,,,,,,,,,,,,,,,,,,,,,,,,,,,,,,,,,,,,,,,,,,,,,,,,,,,,,,,,,,,,,,,,,,,,,,,,,,,,,
5,35,41,42,49,47,52,52,52,64,62,60,66,63,67,67,66,71,69,69,68,66,68,72,64,67,63,75,65,70,66,74,69,66,72,73,62,64,76,72,74,69,75,66,67,64,71,71,65,69,67,68,72,76,72,65,69,70,68,59,61,62,55,45,41,,,,,,,,,,,,,,,,,,,,,,,,,,,,,,,,,,,,,,,,,,,,,,,,,,,,,,,,,,,,,,,,,,,,,,,,,,,,,,,,,,,,,,,,,,,,,,,,,,,,,,,,,,,,,,,,,,,,,,,,,,,,,,,,,,,,,,,,,,,,,,,,,,,,,,,,,,,,,,,,,,,,,,,,,,,,,,,,,,,,,,,,,,,,,,,,
6,32,38,40,42,39,41,44,50,42,39,45,40,41,45,36,43,49,45,46,42,48,46,40,46,47,52,51,58,51,58,53,55,56,63,59,61,62,58,61,73,68,64,68,68,72,67,69,71,68,67,76,70,78,67,73,73,65,68,70,65,65,54,55,46,,,,,,,,,,,,,,,,,,,,,,,,,,,,,,,,,,,,,,,,,,,,,,,,,,,,,,,,,,,,,,,,,,,,,,,,,,,,,,,,,,,,,,,,,,,,,,,,,,,,,,,,,,,,,,,,,,,,,,,,,,,,,,,,,,,,,,,,,,,,,,,,,,,,,,,,,,,,,,,,,,,,,,,,,,,,,,,,,,,,,,,,,,,,,,,,
7,47,52,50,50,46,52,53,59,55,53,51,50,50,50,46,49,41,38,38,41,37,41,41,40,40,38,40,41,41,35,40,42,44,38,37,40,46,40,46,41,40,47,41,40,44,43,42,46,43,50,53,52,47,54,50,54,51,52,57,56,51,52,47,52,,,,,,,,,,,,,,,,,,,,,,,,,,,,,,,,,,,,,,,,,,,,,,,,,,,,,,,,,,,,,,,,,,,,,,,,,,,,,,,,,,,,,,,,,,,,,,,,,,,,,,,,,,,,,,,,,,,,,,,,,,,,,,,,,,,,,,,,,,,,,,,,,,,,,,,,,,,,,,,,,,,,,,,,,,,,,,,,,,,,,,,,,,,,,,,,
8,55,62,64,67,75,77,77,80,72,78,81,77,67,76,82,75,74,72,75,76,72,76,75,85,75,81,77,79,85,73,79,80,82,76,78,76,78,75,78,82,76,73,80,71,80,73,79,78,74,74,69,70,71,69,68,63,61,62,64,56,59,52,45,43,,,,,,,,,,,,,,,,,,,,,,,,,,,,,,,,,,,,,,,,,,,,,,,,,,,,,,,,,,,,,,,,,,,,,,,,,,,,,,,,,,,,,,,,,,,,,,,,,,,,,,,,,,,,,,,,,,,,,,,,,,,,,,,,,,,,,,,,,,,,,,,,,,,,,,,,,,,,,,,,,,,,,,,,,,,,,,,,,,,,,,,,,,,,,,,,
9,35,33,42,45,41,44,46,48,52,51,51,51,50,55,58,61,62,64,69,63,65,67,69,68,71,75,78,68,69,77,71,87,76,72,74,78,84,81,83,77,78,80,76,89,81,80,73,73,80,72,77,84,78,73,76,73,76,72,68,69,63,66,55,55,,,,,,,,,,,,,,,,,,,,,,,,,,,,,,,,,,,,,,,,,,,,,,,,,,,,,,,,,,,,,,,,,,,,,,,,,,,,,,,,,,,,,,,,,,,,,,,,,,,,,,,,,,,,,,,,,,,,,,,,,,,,,,,,,,,,,,,,,,,,,,,,,,,,,,,,,,,,,,,,,,,,,,,,,,,,,,,,,,,,,,,,,,,,,,,,
10,42,45,47,43,47,44,43,42,41,43,44,45,45,44,45,45,43,43,47,44,44,46,46,43,48,43,44,45,44,47,45,47,50,50,48,50,50,54,50,61,61,57,58,61,59,65,65,72,70,73,79,74,72,69,76,74,75,77,76,67,67,63,64,57,,,,,,,,,,,,,,,,,,,,,,,,,,,,,,,,,,,,,,,,,,,,,,,,,,,,,,,,,,,,,,,,,,,,,,,,,,,,,,,,,,,,,,,,,,,,,,,,,,,,,,,,,,,,,,,,,,,,,,,,,,,,,,,,,,,,,,,,,,,,,,,,,,,,,,,,,,,,,,,,,,,,,,,,,,,,,,,,,,,,,,,,,,,,,,,,
11,57,63,58,62,74,76,72,76,76,65,71,64,69,67,71,69,58,60,63,66,63,69,68,60,55,60,61,61,56,58,48,53,53,51,51,47,48,47,46,51,47,48,46,53,54,47,55,47,52,54,50,49,50,44,47,49,44,45,55,51,46,43,42,40,,,,,,,,,,,,,,,,,,,,,,,,,,,,,,,,,,,,,,,,,,,,,,,,,,,,,,,,,,,,,,,,,,,,,,,,,,,,,,,,,,,,,,,,,,,,,,,,,,,,,,,,,,,,,,,,,,,,,,,,,,,,,,,,,,,,,,,,,,,,,,,,,,,,,,,,,,,,,,,,,,,,,,,,,,,,,,,,,,,,,,,,,,,,,,,,
12,56,68,68,77,81,76,80,89,86,74,77,86,89,85,82,82,83,88,80,81,78,84,76,80,85,86,87,77,83,77,85,77,80,77,85,77,73,82,80,74,76,82,72,74,69,77,73,74,66,62,62,63,53,62,65,65,56,53,49,46,47,47,46,44,,,,,,,,,,,,,,,,,,,,,,,,,,,,,,,,,,,,,,,,,,,,,,,,,,,,,,,,,,,,,,,,,,,,,,,,,,,,,,,,,,,,,,,,,,,,,,,,,,,,,,,,,,,,,,,,,,,,,,,,,,,,,,,,,,,,,,,,,,,,,,,,,,,,,,,,,,,,,,,,,,,,,,,,,,,,,,,,,,,,,,,,,,,,,,,,
13,46,53,48,57,54,57,57,60,60,71,68,68,66,64,66,72,76,77,78,76,79,76,75,78,79,74,82,76,73,75,78,72,80,74,79,74,78,75,75,77,75,78,74,73,77,81,78,74,77,77,69,83,82,74,76,79,75,78,76,70,66,67,56,53,,,,,,,,,,,,,,,,,,,,,,,,,,,,,,,,,,,,,,,,,,,,,,,,,,,,,,,,,,,,,,,,,,,,,,,,,,,,,,,,,,,,,,,,,,,,,,,,,,,,,,,,,,,,,,,,,,,,,,,,,,,,,,,,,,,,,,,,,,,,,,,,,,,,,,,,,,,,,,,,,,,,,,,,,,,,,,,,,,,,,,,,,,,,,,,,
14,31,37,38,46,43,42,49,40,45,40,44,40,45,48,44,45,50,41,44,47,50,48,46,42,48,53,57,58,58,57,55,58,72,62,61,63,72,66,73,67,64,76,64,84,72,80,76,70,74,75,79,76,75,76,69,72,70,67,69,66,63,56,59,50,,,,,,,,,,,,,,,,,,,,,,,,,,,,,,,,,,,,,,,,,,,,,,,,,,,,,,,,,,,,,,,,,,,,,,,,,,,,,,,,,,,,,,,,,,,,,,,,,,,,,,,,,,,,,,,,,,,,,,,,,,,,,,,,,,,,,,,,,,,,,,,,,,,,,,,,,,,,,,,,,,,,,,,,,,,,,,,,,,,,,,,,,,,,,,,,
15,48,55,50,55,60,58,62,60,62,55,50,54,54,56,51,55,53,43,45,49,44,46,43,44,48,41,40,44,46,43,44,44,42,51,40,46,47,43,48,44,48,42,48,54,49,50,47,48,49,53,53,53,59,64,58,56,55,59,57,63,55,54,52,47,,,,,,,,,,,,,,,,,,,,,,,,,,,,,,,,,,,,,,,,,,,,,,,,,,,,,,,,,,,,,,,,,,,,,,,,,,,,,,,,,,,,,,,,,,,,,,,,,,,,,,,,,,,,,,,,,,,,,,,,,,,,,,,,,,,,,,,,,,,,,,,,,,,,,,,,,,,,,,,,,,,,,,,,,,,,,,,,,,,,,,,,,,,,,,,,
16,54,57,58,64,70,80,69,75,77,76,80,79,79,83,73,84,79,76,72,80,78,77,85,81,71,78,80,78,68,75,77,81,76,79,75,80,77,85,73,78,82,73,72,83,75,77,74,81,74,74,72,77,70,73,74,69,61,58,57,60,54,53,45,41,,,,,,,,,,,,,,,,,,,,,,,,,,,,,,,,,,,,,,,,,,,,,,,,,,,,,,,,,,,,,,,,,,,,,,,,,,,,,,,,,,,,,,,,,,,,,,,,,,,,,,,,,,,,,,,,,,,,,,,,,,,,,,,,,,,,,,,,,,,,,,,,,,,,,,,,,,,,,,,,,,,,,,,,,,,,,,,,,,,,,,,,,,,,,,,,
17,36,41,41,50,44,52,49,57,51,60,52,55,64,59,69,64,65,66,72,70,76,78,71,73,75,72,80,81,79,78,84,85,81,83,81,82,89,77,76,73,76,80,86,78,82,83,81,78,82,73,87,78,79,85,74,80,71,79,78,79,70,75,57,56,,,,,,,,,,,,,,,,,,,,,,,,,,,,,,,,,,,,,,,,,,,,,,,,,,,,,,,,,,,,,,,,,,,,,,,,,,,,,,,,,,,,,,,,,,,,,,,,,,,,,,,,,,,,,,,,,,,,,,,,,,,,,,,,,,,,,,,,,,,,,,,,,,,,,,,,,,,,,,,,,,,,,,,,,,,,,,,,,,,,,,,,,,,,,,,,
18,43,49,53,51,50,45,52,47,48,47,48,45,49,54,53,52,42,50,49,52,50,47,53,54,47,51,50,48,52,56,51,57,55,53,53,51,51,57,56,56,64,63,62,62,67,68,74,68,74,75,74,78,78,76,76,78,81,79,75,66,67,59,65,50,,,,,,,,,,,,,,,,,,,,,,,,,,,,,,,,,,,,,,,,,,,,,,,,,,,,,,,,,,,,,,,,,,,,,,,,,,,,,,,,,,,,,,,,,,,,,,,,,,,,,,,,,,,,,,,,,,,,,,,,,,,,,,,,,,,,,,,,,,,,,,,,,,,,,,,,,,,,,,,,,,,,,,,,,,,,,,,,,,,,,,,,,,,,,,,,
19,64,73,73,84,74,84,78,82,81,88,83,71,76,77,83,70,76,69,73,70,78,71,67,75,64,64,57,61,66,64,64,57,56,55,62,52,54,53,54,54,64,57,58,59,55,55,61,57,55,58,56,58,57,56,53,57,64,57,62,59,59,51,51,49,,,,,,,,,,,,,,,,,,,,,,,,,,,,,,,,,,,,,,,,,,,,,,,,,,,,,,,,,,,,,,,,,,,,,,,,,,,,,,,,,,,,,,,,,,,,,,,,,,,,,,,,,,,,,,,,,,,,,,,,,,,,,,,,,,,,,,,,,,,,,,,,,,,,,,,,,,,,,,,,,,,,,,,,,,,,,,,,,,,,,,,,,,,,,,,,
20,55,59,65,61,66,65,74,86,72,71,76,81,78,74,77,79,79,72,80,71,73,78,82,81,81,74,76,82,72,73,75,75,70,77,77,75,64,71,67,76,69,66,71,61,70,59,59,57,60,57,62,51,50,61,58,51,48,47,45,43,40,39,39,36,,,,,,,,,,,,,,,,,,,,,,,,,,,,,,,,,,,,,,,,,,,,,,,,,,,,,,,,,,,,,,,,,,,,,,,,,,,,,,,,,,,,,,,,,,,,,,,,,,,,,,,,,,,,,,,,,,,,,,,,,,,,,,,,,,,,,,,,,,,,,,,,,,,,,,,,,,,,,,,,,,,,,,,,,,,,,,,,,,,,,,,,,,,,,,,,
21,46,47,47,63,55,60,56,63,64,64,70,75,73,72,71,79,67,77,90,80,74,79,78,75,79,80,75,75,72,77,78,82,76,77,79,79,82,79,78,77,78,82,77,74,75,75,74,75,73,74,70,79,75,72,75,77,79,75,66,67,71,67,56,49,,,,,,,,,,,,,,,,,,,,,,,,,,,,,,,,,,,,,,,,,,,,,,,,,,,,,,,,,,,,,,,,,,,,,,,,,,,,,,,,,,,,,,,,,,,,,,,,,,,,,,,,,,,,,,,,,,,,,,,,,,,,,,,,,,,,,,,,,,,,,,,,,,,,,,,,,,,,,,,,,,,,,,,,,,,,,,,,,,,,,,,,,,,,,,,,
22,33,38,37,40,42,41,42,40,42,43,52,43,44,46,47,45,43,49,44,55,48,55,51,48,54,59,58,57,60,66,65,67,62,64,73,77,71,73,73,74,70,78,77,76,76,73,84,75,87,84,81,85,83,77,73,84,83,73,74,77,67,61,57,54,,,,,,,,,,,,,,,,,,,,,,,,,,,,,,,,,,,,,,,,,,,,,,,,,,,,,,,,,,,,,,,,,,,,,,,,,,,,,,,,,,,,,,,,,,,,,,,,,,,,,,,,,,,,,,,,,,,,,,,,,,,,,,,,,,,,,,,,,,,,,,,,,,,,,,,,,,,,,,,,,,,,,,,,,,,,,,,,,,,,,,,,,,,,,,,,
23,52,55,56,54,56,66,60,58,56,54,56,55,49,53,54,54,47,41,44,39,47,44,44,44,41,44,48,39,47,45,45,41,39,45,43,39,46,40,44,46,38,43,42,43,44,44,43,47,45,52,50,47,54,60,59,56,60,57,57,59,56,50,53,48,,,,,,,,,,,,,,,,,,,,,,,,,,,,,,,,,,,,,,,,,,,,,,,,,,,,,,,,,,,,,,,,,,,,,,,,,,,,,,,,,,,,,,,,,,,,,,,,,,,,,,,,,,,,,,,,,,,,,,,,,,,,,,,,,,,,,,,,,,,,,,,,,,,,,,,,,,,,,,,,,,,,,,,,,,,,,,,,,,,,,,,,,,,,,,,,
24,59,59,71,65,73,70,75,74,73,74,79,76,73,79,80,83,75,77,80,77,79,73,75,76,79,84,77,73,73,73,75,78,76,74,76,73,67,79,74,77,70,91,77,70,71,70,80,80,74,71,74,67,80,70,71,64,68,62,61,59,52,58,51,46,,,,,,,,,,,,,,,,,,,,,,,,,,,,,,,,,,,,,,,,,,,,,,,,,,,,,,,,,,,,,,,,,,,,,,,,,,,,,,,,,,,,,,,,,,,,,,,,,,,,,,,,,,,,,,,,,,,,,,,,,,,,,,,,,,,,,,,,,,,,,,,,,,,,,,,,,,,,,,,,,,,,,,,,,,,,,,,,,,,,,,,,,,,,,,,,
25,33,37,35,44,43,41,46,45,44,52,48,49,49,55,59,61,59,59,60,59,65,66,63,70,69,71,71,67,64,74,72,78,72,74,73,70,79,71,77,76,76,73,78,85,72,66,81,78,74,75,73,72,70,68,72,75,73,73,68,74,64,55,58,58,,,,,,,,,,,,,,,,,,,,,,,,,,,,,,,,,,,,,,,,,,,,,,,,,,,,,,,,,,,,,,,,,,,,,,,,,,,,,,,,,,,,,,,,,,,,,,,,,,,,,,,,,,,,,,,,,,,,,,,,,,,,,,,,,,,,,,,,,,,,,,,,,,,,,,,,,,,,,,,,,,,,,,,,,,,,,,,,,,,,,,,,,,,,,,,,
26,43,48,49,46,47,44,47,45,46,48,48,42,49,43,53,44,44,49,49,42,46,48,49,47,48,49,48,50,48,44,43,48,48,51,47,51,56,49,56,58,60,59,62,59,58,68,64,74,65,69,68,73,74,74,71,68,65,75,72,66,66,66,59,59,,,,,,,,,,,,,,,,,,,,,,,,,,,,,,,,,,,,,,,,,,,,,,,,,,,,,,,,,,,,,,,,,,,,,,,,,,,,,,,,,,,,,,,,,,,,,,,,,,,,,,,,,,,,,,,,,,,,,,,,,,,,,,,,,,,,,,,,,,,,,,,,,,,,,,,,,,,,,,,,,,,,,,,,,,,,,,,,,,,,,,,,,,,,,,,,
27,50,59,62,60,63,67,70,75,74,73,67,74,69,65,66,63,65,63,57,60,60,59,56,50,54,58,54,52,50,48,46,47,44,44,47,52,47,46,46,49,44,43,46,46,42,40,44,42,44,47,48,44,45,46,48,46,43,40,43,48,49,42,40,39,,,,,,,,,,,,,,,,,,,,,,,,,,,,,,,,,,,,,,,,,,,,,,,,,,,,,,,,,,,,,,,,,,,,,,,,,,,,,,,,,,,,,,,,,,,,,,,,,,,,,,,,,,,,,,,,,,,,,,,,,,,,,,,,,,,,,,,,,,,,,,,,,,,,,,,,,,,,,,,,,,,,,,,,,,,,,,,,,,,,,,,,,,,,,,,,
28,53,64,63,72,74,63,68,70,73,67,72,70,80,69,79,80,73,83,76,77,73,80,77,70,74,73,72,73,71,73,76,72,71,72,70,71,70,72,66,75,69,62,66,62,58,65,71,62,59,52,54,55,53,54,52,53,52,44,42,45,43,39,36,39,,,,,,,,,,,,,,,,,,,,,,,,,,,,,,,,,,,,,,,,,,,,,,,,,,,,,,,,,,,,,,,,,,,,,,,,,,,,,,,,,,,,,,,,,,,,,,,,,,,,,,,,,,,,,,,,,,,,,,,,,,,,,,,,,,,,,,,,,,,,,,,,,,,,,,,,,,,,,,,,,,,,,,,,,,,,,,,,,,,,,,,,,,,,,,,,
29,45,44,47,53,54,59,52,64,66,70,68,75,64,72,68,70,71,79,82,78,74,73,78,76,81,70,77,82,77,78,79,81,75,71,77,81,82,77,76,74,79,77,69,80,83,80,78,81,78,72,74,72,71,75,73,72,67,73,64,63,62,59,55,46,,,,,,,,,,,,,,,,,,,,,,,,,,,,,,,,,,,,,,,,,,,,,,,,,,,,,,,,,,,,,,,,,,,,,,,,,,,,,,,,,,,,,,,,,,,,,,,,,,,,,,,,,,,,,,,,,,,,,,,,,,,,,,,,,,,,,,,,,,,,,,,,,,,,,,,,,,,,,,,,,,,,,,,,,,,,,,,,,,,,,,,,,,,,,,,,
30,35,41,41,41,42,40,42,44,45,42,44,43,42,46,44,44,43,42,42,44,46,48,50,52,52,56,61,61,62,62,61,59,64,67,60,68,67,71,72,65,69,71,75,72,79,73,76,71,76,76,79,73,75,77,76,78,70,68,70,69,64,63,59,56,,,,,,,,,,,,,,,,,,,,,,,,,,,,,,,,,,,,,,,,,,,,,,,,,,,,,,,,,,,,,,,,,,,,,,,,,,,,,,,,,,,,,,,,,,,,,,,,,,,,,,,,,,,,,,,,,,,,,,,,,,,,,,,,,,,,,,,,,,,,,,,,,,,,,,,,,,,,,,,,,,,,,,,,,,,,,,,,,,,,,,,,,,,,,,,,
31,48,53,53,58,55,54,63,60,56,60,51,56,50,56,54,51,50,42,44,44,43,42,41,43,43,42,43,43,40,44,45,47,42,45,46,43,47,43,42,45,46,42,42,44,46,46,51,52,48,48,55,54,52,53,56,60,56,62,54,51,58,55,55,50,,,,,,,,,,,,,,,,,,,,,,,,,,,,,,,,,,,,,,,,,,,,,,,,,,,,,,,,,,,,,,,,,,,,,,,,,,,,,,,,,,,,,,,,,,,,,,,,,,,,,,,,,,,,,,,,,,,,,,,,,,,,,,,,,,,,,,,,,,,,,,,,,,,,,,,,,,,,,,,,,,,,,,,,,,,,,,,,,,,,,,,,,,,,,,,,
32,61,19,66,68,67,73,77,81,82,81,82,76,71,85,75,68,79,73,81,81,86,71,81,84,76,75,76,72,73,80,74,82,87,74,79,81,86,74,76,73,73,76,79,86,78,76,77,75,69,72,75,74,65,74,75,65,74,69,66,64,58,51,50,48,,,,,,,,,,,,,,,,,,,,,,,,,,,,,,,,,,,,,,,,,,,,,,,,,,,,,,,,,,,,,,,,,,,,,,,,,,,,,,,,,,,,,,,,,,,,,,,,,,,,,,,,,,,,,,,,,,,,,,,,,,,,,,,,,,,,,,,,,,,,,,,,,,,,,,,,,,,,,,,,,,,,,,,,,,,,,,,,,,,,,,,,,,,,,,,,
33,34,36,45,40,43,44,49,48,48,50,52,51,55,60,66,61,61,59,57,67,68,71,61,73,70,80,74,75,80,80,79,72,79,74,77,77,78,75,79,82,78,71,73,83,77,80,77,79,75,80,79,79,81,71,79,74,75,71,69,76,62,65,57,52,,,,,,,,,,,,,,,,,,,,,,,,,,,,,,,,,,,,,,,,,,,,,,,,,,,,,,,,,,,,,,,,,,,,,,,,,,,,,,,,,,,,,,,,,,,,,,,,,,,,,,,,,,,,,,,,,,,,,,,,,,,,,,,,,,,,,,,,,,,,,,,,,,,,,,,,,,,,,,,,,,,,,,,,,,,,,,,,,,,,,,,,,,,,,,,,
34,45,42,50,52,45,47,51,49,49,50,49,50,49,52,51,49,49,48,51,52,48,44,48,52,50,48,47,52,47,50,49,53,52,54,53,53,54,59,60,57,65,64,73,68,70,71,70,70,70,72,76,73,71,71,71,70,80,76,71,70,66,65,61,63,,,,,,,,,,,,,,,,,,,,,,,,,,,,,,,,,,,,,,,,,,,,,,,,,,,,,,,,,,,,,,,,,,,,,,,,,,,,,,,,,,,,,,,,,,,,,,,,,,,,,,,,,,,,,,,,,,,,,,,,,,,,,,,,,,,,,,,,,,,,,,,,,,,,,,,,,,,,,,,,,,,,,,,,,,,,,,,,,,,,,,,,,,,,,,,,
35,58,56,64,64,72,74,74,73,70,78,74,69,72,69,65,71,69,61,62,64,61,59,58,55,58,59,53,62,56,56,54,51,47,48,55,47,46,47,49,45,46,45,52,48,48,48,47,47,42,46,46,49,50,45,47,45,43,45,49,48,43,45,43,39,,,,,,,,,,,,,,,,,,,,,,,,,,,,,,,,,,,,,,,,,,,,,,,,,,,,,,,,,,,,,,,,,,,,,,,,,,,,,,,,,,,,,,,,,,,,,,,,,,,,,,,,,,,,,,,,,,,,,,,,,,,,,,,,,,,,,,,,,,,,,,,,,,,,,,,,,,,,,,,,,,,,,,,,,,,,,,,,,,,,,,,,,,,,,,,,
36,55,66,67,68,77,75,76,80,81,71,73,79,74,74,82,77,73,83,81,86,83,74,81,74,79,76,78,73,81,75,82,74,74,76,79,72,70,69,71,70,71,74,69,67,64,62,62,61,60,54,56,59,55,60,56,53,55,48,46,41,41,38,36,38,,,,,,,,,,,,,,,,,,,,,,,,,,,,,,,,,,,,,,,,,,,,,,,,,,,,,,,,,,,,,,,,,,,,,,,,,,,,,,,,,,,,,,,,,,,,,,,,,,,,,,,,,,,,,,,,,,,,,,,,,,,,,,,,,,,,,,,,,,,,,,,,,,,,,,,,,,,,,,,,,,,,,,,,,,,,,,,,,,,,,,,,,,,,,,,,
37,47,54,52,59,64,62,63,67,68,73,76,75,69,77,79,69,75,74,84,77,90,76,80,80,80,83,88,80,79,82,78,81,81,74,79,82,78,85,83,81,77,80,75,86,76,86,74,82,83,84,77,74,80,75,85,79,75,68,78,69,70,63,56,54,,,,,,,,,,,,,,,,,,,,,,,,,,,,,,,,,,,,,,,,,,,,,,,,,,,,,,,,,,,,,,,,,,,,,,,,,,,,,,,,,,,,,,,,,,,,,,,,,,,,,,,,,,,,,,,,,,,,,,,,,,,,,,,,,,,,,,,,,,,,,,,,,,,,,,,,,,,,,,,,,,,,,,,,,,,,,,,,,,,,,,,,,,,,,,,,
38,34,39,37,40,43,44,39,42,43,48,42,44,41,43,46,43,42,47,43,47,43,47,49,51,48,55,55,59,58,58,61,62,63,67,65,74,75,69,71,75,73,75,74,76,83,76,84,88,77,73,83,76,77,78,76,72,74,80,67,65,73,66,57,55,,,,,,,,,,,,,,,,,,,,,,,,,,,,,,,,,,,,,,,,,,,,,,,,,,,,,,,,,,,,,,,,,,,,,,,,,,,,,,,,,,,,,,,,,,,,,,,,,,,,,,,,,,,,,,,,,,,,,,,,,,,,,,,,,,,,,,,,,,,,,,,,,,,,,,,,,,,,,,,,,,,,,,,,,,,,,,,,,,,,,,,,,,,,,,,,
39,53,57,62,58,55,61,56,61,58,56,56,60,54,60,56,57,50,49,48,44,46,48,49,46,49,45,48,50,47,52,47,48,50,49,49,47,47,45,50,45,48,45,44,54,50,48,49,52,55,49,51,50,59,60,60,59,61,58,60,61,60,62,56,51,,,,,,,,,,,,,,,,,,,,,,,,,,,,,,,,,,,,,,,,,,,,,,,,,,,,,,,,,,,,,,,,,,,,,,,,,,,,,,,,,,,,,,,,,,,,,,,,,,,,,,,,,,,,,,,,,,,,,,,,,,,,,,,,,,,,,,,,,,,,,,,,,,,,,,,,,,,,,,,,,,,,,,,,,,,,,,,,,,,,,,,,,,,,,,,,
40,55,64,63,64,71,77,69,75,72,79,75,77,74,73,72,73,78,81,78,82,76,79,75,77,77,81,73,81,78,83,75,81,74,73,75,77,73,71,73,77,76,71,67,74,82,75,76,77,73,68,73,69,72,71,67,61,64,51,57,59,57,51,50,45,,,,,,,,,,,,,,,,,,,,,,,,,,,,,,,,,,,,,,,,,,,,,,,,,,,,,,,,,,,,,,,,,,,,,,,,,,,,,,,,,,,,,,,,,,,,,,,,,,,,,,,,,,,,,,,,,,,,,,,,,,,,,,,,,,,,,,,,,,,,,,,,,,,,,,,,,,,,,,,,,,,,,,,,,,,,,,,,,,,,,,,,,,,,,,,,
41,35,34,39,37,39,39,46,51,49,52,52,50,53,57,65,61,63,54,57,57,66,70,71,71,66,69,65,69,71,75,72,75,75,79,77,72,80,73,78,76,74,79,79,77,76,76,76,71,74,74,74,71,73,75,83,81,77,72,73,68,64,58,55,52,,,,,,,,,,,,,,,,,,,,,,,,,,,,,,,,,,,,,,,,,,,,,,,,,,,,,,,,,,,,,,,,,,,,,,,,,,,,,,,,,,,,,,,,,,,,,,,,,,,,,,,,,,,,,,,,,,,,,,,,,,,,,,,,,,,,,,,,,,,,,,,,,,,,,,,,,,,,,,,,,,,,,,,,,,,,,,,,,,,,,,,,,,,,,,,,
42,41,49,50,51,46,47,42,54,57,47,51,47,48,52,49,56,49,50,49,52,52,46,47,51,47,57,44,50,45,55,45,53,46,54,61,54,61,59,58,61,59,67,56,63,60,67,67,74,69,71,73,72,72,74,65,75,69,74,74,67,65,67,64,61,,,,,,,,,,,,,,,,,,,,,,,,,,,,,,,,,,,,,,,,,,,,,,,,,,,,,,,,,,,,,,,,,,,,,,,,,,,,,,,,,,,,,,,,,,,,,,,,,,,,,,,,,,,,,,,,,,,,,,,,,,,,,,,,,,,,,,,,,,,,,,,,,,,,,,,,,,,,,,,,,,,,,,,,,,,,,,,,,,,,,,,,,,,,,,,,
43,56,62,69,68,66,70,78,76,71,72,68,72,76,70,66,76,68,62,61,69,65,64,58,59,62,63,64,62,54,54,48,53,45,46,53,52,48,49,48,43,49,52,42,48,48,51,46,47,48,48,48,48,48,47,47,49,48,43,47,45,45,42,44,40,,,,,,,,,,,,,,,,,,,,,,,,,,,,,,,,,,,,,,,,,,,,,,,,,,,,,,,,,,,,,,,,,,,,,,,,,,,,,,,,,,,,,,,,,,,,,,,,,,,,,,,,,,,,,,,,,,,,,,,,,,,,,,,,,,,,,,,,,,,,,,,,,,,,,,,,,,,,,,,,,,,,,,,,,,,,,,,,,,,,,,,,,,,,,,,,
44,52,61,62,69,73,67,72,77,70,77,84,73,74,74,87,86,79,77,76,71,79,83,78,78,75,69,79,78,81,76,78,76,86,76,72,68,74,76,69,73,72,70,63,62,63,58,57,60,57,53,53,53,53,57,48,49,47,44,40,40,39,34,35,34,,,,,,,,,,,,,,,,,,,,,,,,,,,,,,,,,,,,,,,,,,,,,,,,,,,,,,,,,,,,,,,,,,,,,,,,,,,,,,,,,,,,,,,,,,,,,,,,,,,,,,,,,,,,,,,,,,,,,,,,,,,,,,,,,,,,,,,,,,,,,,,,,,,,,,,,,,,,,,,,,,,,,,,,,,,,,,,,,,,,,,,,,,,,,,,,
45,46,49,48,50,56,59,66,66,67,65,67,73,69,68,78,72,75,80,82,79,74,72,73,81,80,69,80,84,81,72,75,80,78,84,77,84,75,79,73,77,70,70,76,70,81,74,74,77,72,77,77,81,76,78,73,74,77,70,65,58,64,68,50,50,,,,,,,,,,,,,,,,,,,,,,,,,,,,,,,,,,,,,,,,,,,,,,,,,,,,,,,,,,,,,,,,,,,,,,,,,,,,,,,,,,,,,,,,,,,,,,,,,,,,,,,,,,,,,,,,,,,,,,,,,,,,,,,,,,,,,,,,,,,,,,,,,,,,,,,,,,,,,,,,,,,,,,,,,,,,,,,,,,,,,,,,,,,,,,,,
46,40,46,44,46,50,54,50,51,45,50,45,46,51,51,49,45,51,48,51,54,57,54,52,55,57,54,67,62,59,61,72,60,63,68,63,75,72,69,78,73,76,81,71,79,88,70,77,81,81,80,81,82,84,80,75,76,79,82,72,71,68,58,60,59,,,,,,,,,,,,,,,,,,,,,,,,,,,,,,,,,,,,,,,,,,,,,,,,,,,,,,,,,,,,,,,,,,,,,,,,,,,,,,,,,,,,,,,,,,,,,,,,,,,,,,,,,,,,,,,,,,,,,,,,,,,,,,,,,,,,,,,,,,,,,,,,,,,,,,,,,,,,,,,,,,,,,,,,,,,,,,,,,,,,,,,,,,,,,,,,
47,53,63,63,71,60,59,63,69,60,57,61,60,61,59,63,58,53,56,49,50,48,42,50,52,57,45,50,45,51,50,52,50,46,50,54,51,56,51,51,46,53,51,49,52,49,55,59,54,61,55,55,59,64,71,68,67,65,56,67,64,64,65,58,55,,,,,,,,,,,,,,,,,,,,,,,,,,,,,,,,,,,,,,,,,,,,,,,,,,,,,,,,,,,,,,,,,,,,,,,,,,,,,,,,,,,,,,,,,,,,,,,,,,,,,,,,,,,,,,,,,,,,,,,,,,,,,,,,,,,,,,,,,,,,,,,,,,,,,,,,,,,,,,,,,,,,,,,,,,,,,,,,,,,,,,,,,,,,,,,,
48,60,71,69,66,72,73,80,72,76,79,81,72,81,73,76,73,78,78,84,75,78,78,73,82,79,67,85,76,82,87,76,78,82,93,92,88,77,75,83,85,84,80,73,73,77,82,79,83,79,77,79,73,69,70,72,75,74,64,63,60,62,61,50,46,,,,,,,,,,,,,,,,,,,,,,,,,,,,,,,,,,,,,,,,,,,,,,,,,,,,,,,,,,,,,,,,,,,,,,,,,,,,,,,,,,,,,,,,,,,,,,,,,,,,,,,,,,,,,,,,,,,,,,,,,,,,,,,,,,,,,,,,,,,,,,,,,,,,,,,,,,,,,,,,,,,,,,,,,,,,,,,,,,,,,,,,,,,,,,,,
49,39,40,42,44,44,47,50,53,56,57,50,52,55,57,59,55,60,55,65,70,68,62,67,76,72,80,72,73,79,72,86,82,82,81,81,79,85,78,79,73,80,77,75,72,74,81,79,75,78,76,83,72,71,79,66,75,73,74,68,69,61,63,63,61,,,,,,,,,,,,,,,,,,,,,,,,,,,,,,,,,,,,,,,,,,,,,,,,,,,,,,,,,,,,,,,,,,,,,,,,,,,,,,,,,,,,,,,,,,,,,,,,,,,,,,,,,,,,,,,,,,,,,,,,,,,,,,,,,,,,,,,,,,,,,,,,,,,,,,,,,,,,,,,,,,,,,,,,,,,,,,,,,,,,,,,,,,,,,,,,
50,41,47,42,46,47,43,46,54,45,42,44,43,40,47,47,47,47,41,46,44,46,45,44,46,44,46,46,46,48,46,44,50,47,45,49,52,53,51,51,61,61,61,63,57,66,61,68,65,65,74,71,67,72,68,70,74,73,65,75,71,68,64,60,51,,,,,,,,,,,,,,,,,,,,,,,,,,,,,,,,,,,,,,,,,,,,,,,,,,,,,,,,,,,,,,,,,,,,,,,,,,,,,,,,,,,,,,,,,,,,,,,,,,,,,,,,,,,,,,,,,,,,,,,,,,,,,,,,,,,,,,,,,,,,,,,,,,,,,,,,,,,,,,,,,,,,,,,,,,,,,,,,,,,,,,,,,,,,,,,,
51,62,60,69,70,65,77,69,68,68,65,70,73,73,70,67,69,69,58,68,70,62,60,57,54,56,55,58,54,58,53,50,45,49,49,43,46,43,46,52,48,47,47,48,47,48,47,48,54,50,49,46,49,43,41,45,47,49,42,45,44,46,48,45,42,,,,,,,,,,,,,,,,,,,,,,,,,,,,,,,,,,,,,,,,,,,,,,,,,,,,,,,,,,,,,,,,,,,,,,,,,,,,,,,,,,,,,,,,,,,,,,,,,,,,,,,,,,,,,,,,,,,,,,,,,,,,,,,,,,,,,,,,,,,,,,,,,,,,,,,,,,,,,,,,,,,,,,,,,,,,,,,,,,,,,,,,,,,,,,,,
52,52,58,70,61,70,68,75,71,69,71,73,76,73,79,68,74,86,75,71,69,77,73,70,73,70,77,77,76,74,77,76,78,74,71,70,70,70,68,61,60,63,66,64,56,60,62,56,63,52,47,51,51,50,52,52,49,43,40,41,39,38,37,34,30,,,,,,,,,,,,,,,,,,,,,,,,,,,,,,,,,,,,,,,,,,,,,,,,,,,,,,,,,,,,,,,,,,,,,,,,,,,,,,,,,,,,,,,,,,,,,,,,,,,,,,,,,,,,,,,,,,,,,,,,,,,,,,,,,,,,,,,,,,,,,,,,,,,,,,,,,,,,,,,,,,,,,,,,,,,,,,,,,,,,,,,,,,,,,,,,
53,48,48,56,58,66,64,59,65,70,72,71,79,74,70,75,71,71,70,83,77,73,79,80,72,71,73,82,75,79,78,73,73,79,79,73,80,82,74,74,84,77,81,82,69,78,80,76,75,81,77,79,79,74,73,70,82,76,72,77,72,64,61,64,54,,,,,,,,,,,,,,,,,,,,,,,,,,,,,,,,,,,,,,,,,,,,,,,,,,,,,,,,,,,,,,,,,,,,,,,,,,,,,,,,,,,,,,,,,,,,,,,,,,,,,,,,,,,,,,,,,,,,,,,,,,,,,,,,,,,,,,,,,,,,,,,,,,,,,,,,,,,,,,,,,,,,,,,,,,,,,,,,,,,,,,,,,,,,,,,,
54,39,39,40,45,43,46,42,41,45,48,50,48,49,49,46,47,44,47,55,49,53,47,52,47,53,49,55,57,52,69,60,67,59,68,72,62,68,64,62,70,70,75,68,75,68,73,69,73,75,75,70,73,75,66,68,60,71,64,69,66,66,55,60,51,,,,,,,,,,,,,,,,,,,,,,,,,,,,,,,,,,,,,,,,,,,,,,,,,,,,,,,,,,,,,,,,,,,,,,,,,,,,,,,,,,,,,,,,,,,,,,,,,,,,,,,,,,,,,,,,,,,,,,,,,,,,,,,,,,,,,,,,,,,,,,,,,,,,,,,,,,,,,,,,,,,,,,,,,,,,,,,,,,,,,,,,,,,,,,,,
55,55,63,54,62,63,65,67,63,58,59,61,57,57,64,55,61,59,55,50,49,47,46,46,50,50,53,52,44,55,53,52,49,50,49,53,54,55,58,52,48,50,49,46,48,46,51,54,48,47,53,62,58,62,59,61,61,58,66,73,67,57,58,56,61,,,,,,,,,,,,,,,,,,,,,,,,,,,,,,,,,,,,,,,,,,,,,,,,,,,,,,,,,,,,,,,,,,,,,,,,,,,,,,,,,,,,,,,,,,,,,,,,,,,,,,,,,,,,,,,,,,,,,,,,,,,,,,,,,,,,,,,,,,,,,,,,,,,,,,,,,,,,,,,,,,,,,,,,,,,,,,,,,,,,,,,,,,,,,,,,
56,47,55,56,59,66,66,68,65,68,67,74,72,68,67,76,67,72,77,67,75,74,68,76,73,71,69,70,73,67,72,70,73,65,73,68,72,72,77,65,68,69,70,66,65,70,72,64,75,68,63,66,61,59,61,60,59,53,55,55,54,48,47,41,37,,,,,,,,,,,,,,,,,,,,,,,,,,,,,,,,,,,,,,,,,,,,,,,,,,,,,,,,,,,,,,,,,,,,,,,,,,,,,,,,,,,,,,,,,,,,,,,,,,,,,,,,,,,,,,,,,,,,,,,,,,,,,,,,,,,,,,,,,,,,,,,,,,,,,,,,,,,,,,,,,,,,,,,,,,,,,,,,,,,,,,,,,,,,,,,,
57,36,38,38,45,40,44,48,47,49,55,50,56,55,54,59,57,57,59,58,64,63,64,67,71,70,72,66,72,70,70,71,76,73,79,71,77,72,75,74,74,76,73,69,73,71,75,67,77,70,85,78,78,75,80,72,68,71,71,68,71,61,63,58,56,,,,,,,,,,,,,,,,,,,,,,,,,,,,,,,,,,,,,,,,,,,,,,,,,,,,,,,,,,,,,,,,,,,,,,,,,,,,,,,,,,,,,,,,,,,,,,,,,,,,,,,,,,,,,,,,,,,,,,,,,,,,,,,,,,,,,,,,,,,,,,,,,,,,,,,,,,,,,,,,,,,,,,,,,,,,,,,,,,,,,,,,,,,,,,,,
58,39,44,42,46,36,41,45,43,43,44,38,41,44,45,40,44,42,40,44,39,47,43,39,46,41,39,40,46,40,39,41,39,46,46,46,46,54,47,49,51,51,54,54,53,62,59,61,60,61,61,68,64,64,76,66,67,68,72,65,63,64,55,57,51,,,,,,,,,,,,,,,,,,,,,,,,,,,,,,,,,,,,,,,,,,,,,,,,,,,,,,,,,,,,,,,,,,,,,,,,,,,,,,,,,,,,,,,,,,,,,,,,,,,,,,,,,,,,,,,,,,,,,,,,,,,,,,,,,,,,,,,,,,,,,,,,,,,,,,,,,,,,,,,,,,,,,,,,,,,,,,,,,,,,,,,,,,,,,,,,
59,54,48,61,57,63,68,66,65,67,61,63,68,65,63,62,56,59,56,55,59,52,55,52,53,54,50,52,46,53,47,42,40,43,41,37,42,38,43,44,39,44,39,42,43,42,42,43,40,43,41,44,42,41,48,39,38,37,40,45,42,41,39,39,37,,,,,,,,,,,,,,,,,,,,,,,,,,,,,,,,,,,,,,,,,,,,,,,,,,,,,,,,,,,,,,,,,,,,,,,,,,,,,,,,,,,,,,,,,,,,,,,,,,,,,,,,,,,,,,,,,,,,,,,,,,,,,,,,,,,,,,,,,,,,,,,,,,,,,,,,,,,,,,,,,,,,,,,,,,,,,,,,,,,,,,,,,,,,,,,,
60,52,53,62,61,59,65,64,71,65,65,70,68,68,70,67,61,72,68,70,67,72,72,68,65,69,75,67,70,60,69,73,68,66,68,68,60,62,67,60,60,63,62,57,56,59,63,59,56,55,50,48,48,50,47,49,47,46,42,39,37,38,32,32,31,,,,,,,,,,,,,,,,,,,,,,,,,,,,,,,,,,,,,,,,,,,,,,,,,,,,,,,,,,,,,,,,,,,,,,,,,,,,,,,,,,,,,,,,,,,,,,,,,,,,,,,,,,,,,,,,,,,,,,,,,,,,,,,,,,,,,,,,,,,,,,,,,,,,,,,,,,,,,,,,,,,,,,,,,,,,,,,,,,,,,,,,,,,,,,,,
61,38,38,41,43,47,48,45,55,52,56,51,51,56,56,54,57,61,59,65,57,59,60,65,63,61,59,63,61,57,59,63,60,61,58,59,68,60,57,55,61,63,58,58,67,57,53,62,65,58,56,60,56,60,59,63,61,62,60,54,60,57,49,45,38,,,,,,,,,,,,,,,,,,,,,,,,,,,,,,,,,,,,,,,,,,,,,,,,,,,,,,,,,,,,,,,,,,,,,,,,,,,,,,,,,,,,,,,,,,,,,,,,,,,,,,,,,,,,,,,,,,,,,,,,,,,,,,,,,,,,,,,,,,,,,,,,,,,,,,,,,,,,,,,,,,,,,,,,,,,,,,,,,,,,,,,,,,,,,,,,
62,35,33,35,37,42,38,38,41,35,38,42,41,41,41,36,42,39,41,38,44,41,47,39,40,39,45,50,49,59,54,48,47,55,48,58,57,55,54,59,56,54,54,62,53,60,62,65,54,56,60,60,55,62,59,59,58,58,57,57,57,56,54,55,48,,,,,,,,,,,,,,,,,,,,,,,,,,,,,,,,,,,,,,,,,,,,,,,,,,,,,,,,,,,,,,,,,,,,,,,,,,,,,,,,,,,,,,,,,,,,,,,,,,,,,,,,,,,,,,,,,,,,,,,,,,,,,,,,,,,,,,,,,,,,,,,,,,,,,,,,,,,,,,,,,,,,,,,,,,,,,,,,,,,,,,,,,,,,,,,,
63,51,52,52,50,54,51,55,47,43,52,46,49,49,47,47,43,45,39,38,44,43,40,36,36,40,38,41,40,39,41,39,43,38,41,38,42,42,41,45,40,42,45,43,40,45,42,41,46,47,49,49,46,44,53,48,48,47,49,52,57,57,51,52,45,,,,,,,,,,,,,,,,,,,,,,,,,,,,,,,,,,,,,,,,,,,,,,,,,,,,,,,,,,,,,,,,,,,,,,,,,,,,,,,,,,,,,,,,,,,,,,,,,,,,,,,,,,,,,,,,,,,,,,,,,,,,,,,,,,,,,,,,,,,,,,,,,,,,,,,,,,,,,,,,,,,,,,,,,,,,,,,,,,,,,,,,,,,,,,,,
,,,,,,,,,,,,,,,,,,,,,,,,,,,,,,,,,,,,,,,,,,,,,,,,,,,,,,,,,,,,,,,,,,,,,,,,,,,,,,,,,,,,,,,,,,,,,,,,,,,,,,,,,,,,,,,,,,,,,,,,,,,,,,,,,,,,,,,,,,,,,,,,,,,,,,,,,,,,,,,,,,,,,,,,,,,,,,,,,,,,,,,,,,,,,,,,,,,,,,,,,,,,,,,,,,,,,,,,,,,,,,,,,,,,,,,,,,,,,,,,,,,,,,,,,,,,,,,,
value,0,1,2,3,4,5,6,7,8,9,10,11,12,13,14,15,16,17,18,19,20,21,22,23,24,25,26,27,28,29,30,31,32,33,34,35,36,37,38,39,40,41,42,43,44,45,46,47,48,49,50,51,52,53,54,55,56,57,58,59,60,61,62,63,64,65,66,67,68,69,70,71,72,73,74,75,76,77,78,79,80,81,82,83,84,85,86,87,88,89,90,91,92,93,94,95,96,97,98,99,100,101,102,103,104,105,106,107,108,109,110,111,112,113,114,115,116,117,118,119,120,121,122,123,124,125,126,127,128,129,130,131,132,133,134,135,136,137,138,139,140,141,142,143,144,145,146,147,148,149,150,151,152,153,154,155,156,157,158,159,160,161,162,163,164,165,166,167,168,169,170,171,172,173,174,175,176,177,178,179,180,181,182,183,184,185,186,187,188,189,190,191,192,193,194,195,196,197,198,199,200,201,202,203,204,205,206,207,208,209,210,211,212,213,214,215,216,217,218,219,220,221,222,223,224,225,226,227,228,229,230,231,232,233,234,235,236,237,238,239,240,241,242,243,244,245,246,247,248,249,250,251,252,253,254,255
count,0,0,0,0,0,0,0,0,0,0,0,0,0,0,0,0,0,0,0,1,0,0,0,0,0,0,0,0,0,0,2,2,4,5,14,12,23,27,38,46,64,71,77,80,96,88,104,117,111,94,91,78,95,73,88,105,86,90,83,98,82,89,71,69,76,71,67,83,92,82,98,95,110,138,119,115,116,107,84,88,65,60,46,30,24,19,15,7,6,4,2,1,1,1,0,0,0,0,0,0,0,0,0,0,0,0,0,0,0,0,0,0,0,0,0,0,0,0,0,0,0,0,0,0,0,0,0,0,0,0,0,0,0,0,0,0,0,0,0,0,0,0,0,0,0,0,0,0,0,0,0,0,0,0,0,0,0,0,0,0,0,0,0,0,0,0,0,0,0,0,0,0,0,0,0,0,0,0,0,0,0,0,0,0,0,0,0,0,0,0,0,0,0,0,0,0,0,0,0,0,0,0,0,0,0,0,0,0,0,0,0,0,0,0,0,0,0,0,0,0,0,0,0,0,0,0,0,0,0,0,0,0,0,0,0,0,0,0,0,0,0,0,0,0,0,0,0,0,0,0,0,0,0,0,0,0
,,,,,,,,,,,,,,,,,,,,,,,,,,,,,,,,,,,,,,,,,,,,,,,,,,,,,,,,,,,,,,,,,,,,,,,,,,,,,,,,,,,,,,,,,,,,,,,,,,,,,,,,,,,,,,,,,,,,,,,,,,,,,,,,,,,,,,,,,,,,,,,,,,,,,,,,,,,,,,,,,,,,,,,,,,,,,,,,,,,,,,,,,,,,,,,,,,,,,,,,,,,,,,,,,,,,,,,,,,,,,,,,,,,,,,,,,,,,,,,,,,,,,,,,,,,,,,,,
7,,,,,,,,,,,,,,,,,,,,,,,,,,,,,,,,,,,,,,,,,,,,,,,,,,,,,,,,,,,,,,,,,,,,,,,,,,,,,,,,,,,,,,,,,,,,,,,,,,,,,,,,,,,,,,,,,,,,,,,,,,,,,,,,,,,,,,,,,,,,,,,,,,,,,,,,,,,,,,,,,,,,,,,,,,,,,,,,,,,,,,,,,,,,,,,,,,,,,,,,,,,,,,,,,,,,,,,,,,,,,,,,,,,,,,,,,,,,,,,,,,,,,,,,,,,,,,,,
,0,1,2,3,4,5,6,7,8,9,10,11,12,13,14,15,16,17,18,19,20,21,22,23,24,25,26,27,28,29,30,31,32,33,34,35,36,37,38,39,40,41,42,43,44,45,46,47,48,49,50,51,52,53,54,55,56,57,58,59,60,61,62,63,,,,,,,,,,,,,,,,,,,,,,,,,,,,,,,,,,,,,,,,,,,,,,,,,,,,,,,,,,,,,,,,,,,,,,,,,,,,,,,,,,,,,,,,,,,,,,,,,,,,,,,,,,,,,,,,,,,,,,,,,,,,,,,,,,,,,,,,,,,,,,,,,,,,,,,,,,,,,,,,,,,,,,,,,,,,,,,,,,,,,,,,,,,,,,,,
0,46,43,57,56,59,55,58,56,51,56,61,53,58,61,58,60,56,63,64,53,53,53,59,53,60,58,60,62,55,52,60,57,56,53,57,58,60,56,56,61,59,60,56,54,57,58,57,49,57,48,54,52,51,52,54,49,50,50,45,49,45,44,38,36,,,,,,,,,,,,,,,,,,,,,,,,,,,,,,,,,,,,,,,,,,,,,,,,,,,,,,,,,,,,,,,,,,,,,,,,,,,,,,,,,,,,,,,,,,,,,,,,,,,,,,,,,,,,,,,,,,,,,,,,,,,,,,,,,,,,,,,,,,,,,,,,,,,,,,,,,,,,,,,,,,,,,,,,,,,,,,,,,,,,,,,,,,,,,,,,
1,32,33,37,34,40,42,41,37,41,40,47,43,50,54,42,53,50,45,53,52,55,48,52,54,56,54,58,58,57,63,58,59,54,65,64,59,58,56,60,59,54,56,58,58,61,59,62,56,56,61,59,64,62,59,57,61,54,60,56,54,55,53,51,45,,,,,,,,,,,,,,,,,,,,,,,,,,,,,,,,,,,,,,,,,,,,,,,,,,,,,,,,,,,,,,,,,,,,,,,,,,,,,,,,,,,,,,,,,,,,,,,,,,,,,,,,,,,,,,,,,,,,,,,,,,,,,,,,,,,,,,,,,,,,,,,,,,,,,,,,,,,,,,,,,,,,,,,,,,,,,,,,,,,,,,,,,,,,,,,,
2,41,41,40,43,38,40,35,34,40,37,34,43,41,35,37,42,39,38,40,37,38,37,37,37,37,36,40,41,36,40,41,40,42,40,44,44,42,46,46,45,48,50,51,51,48,58,50,64,57,59,56,55,52,60,59,54,64,61,58,58,55,51,47,41,,,,,,,,,,,,,,,,,,,,,,,,,,,,,,,,,,,,,,,,,,,,,,,,,,,,,,,,,,,,,,,,,,,,,,,,,,,,,,,,,,,,,,,,,,,,,,,,,,,,,,,,,,,,,,,,,,,,,,,,,,,,,,,,,,,,,,,,,,,,,,,,,,,,,,,,,,,,,,,,,,,,,,,,,,,,,,,,,,,,,,,,,,,,,,,,
3,46,56,52,56,59,56,60,65,68,55,56,61,57,60,56,58,52,56,56,49,52,51,48,48,45,45,48,46,43,41,38,40,38,38,44,36,37,38,36,41,36,39,40,39,40,41,40,36,44,37,41,37,37,43,35,36,39,34,37,37,38,35,40,36,,,,,,,,,,,,,,,,,,,,,,,,,,,,,,,,,,,,,,,,,,,,,,,,,,,,,,,,,,,,,,,,,,,,,,,,,,,,,,,,,,,,,,,,,,,,,,,,,,,,,,,,,,,,,,,,,,,,,,,,,,,,,,,,,,,,,,,,,,,,,,,,,,,,,,,,,,,,,,,,,,,,,,,,,,,,,,,,,,,,,,,,,,,,,,,,
4,53,55,59,63,66,71,71,74,66,66,69,68,67,69,70,69,65,67,65,70,69,65,68,65,72,66,72,66,66,64,75,62,73,69,72,68,67,66,61,66,59,56,51,63,66,58,58,61,49,46,42,55,60,51,52,45,40,42,41,42,36,41,35,32,,,,,,,,,,,,,,,,,,,,,,,,,,,,,,,,,,,,,,,,,,,,,,,,,,,,,,,,,,,,,,,,,,,,,,,,,,,,,,,,,,,,,,,,,,,,,,,,,,,,,,,,,,,,,,,,,,,,,,,,,,,,,,,,,,,,,,,,,,,,,,,,,,,,,,,,,,,,,,,,,,,,,,,,,,,,,,,,,,,,,,,,,,,,,,,,
5,37,38,48,46,49,52,56,59,67,62,60,66,61,66,70,67,73,68,70,70,69,70,72,67,70,61,78,62,70,60,67,68,69,75,71,62,68,73,68,73,69,75,66,67,65,65,71,61,71,70,71,75,73,72,66,69,69,71,59,60,60,52,44,43,,,,,,,,,,,,,,,,,,,,,,,,,,,,,,,,,,,,,,,,,,,,,,,,,,,,,,,,,,,,,,,,,,,,,,,,,,,,,,,,,,,,,,,,,,,,,,,,,,,,,,,,,,,,,,,,,,,,,,,,,,,,,,,,,,,,,,,,,,,,,,,,,,,,,,,,,,,,,,,,,,,,,,,,,,,,,,,,,,,,,,,,,,,,,,,,
6,34,38,41,41,38,38,41,45,41,38,43,39,41,42,39,41,45,47,46,46,47,47,41,47,51,55,54,58,50,59,55,60,58,65,60,66,62,61,63,66,72,68,70,68,70,70,67,71,67,67,76,74,80,66,70,70,62,66,70,64,61,56,53,49,,,,,,,,,,,,,,,,,,,,,,,,,,,,,,,,,,,,,,,,,,,,,,,,,,,,,,,,,,,,,,,,,,,,,,,,,,,,,,,,,,,,,,,,,,,,,,,,,,,,,,,,,,,,,,,,,,,,,,,,,,,,,,,,,,,,,,,,,,,,,,,,,,,,,,,,,,,,,,,,,,,,,,,,,,,,,,,,,,,,,,,,,,,,,,,,
7,47,47,46,52,48,54,53,53,54,49,52,47,51,48,49,48,38,37,38,37,37,40,42,41,40,38,39,42,40,37,40,40,42,42,39,42,41,38,48,39,40,48,43,41,47,44,44,46,45,49,51,52,49,56,46,55,56,59,61,57,53,51,47,50,,,,,,,,,,,,,,,,,,,,,,,,,,,,,,,,,,,,,,,,,,,,,,,,,,,,,,,,,,,,,,,,,,,,,,,,,,,,,,,,,,,,,,,,,,,,,,,,,,,,,,,,,,,,,,,,,,,,,,,,,,,,,,,,,,,,,,,,,,,,,,,,,,,,,,,,,,,,,,,,,,,,,,,,,,,,,,,,,,,,,,,,,,,,,,,,
8,59,62,62,71,76,73,74,79,71,77,84,73,69,75,80,77,74,75,74,75,73,77,73,80,77,83,77,80,85,76,76,80,76,84,75,79,76,78,73,78,77,75,82,70,82,74,79,76,72,64,75,70,70,68,68,63,61,60,61,55,55,51,42,43,,,,,,,,,,,,,,,,,,,,,,,,,,,,,,,,,,,,,,,,,,,,,,,,,,,,,,,,,,,,,,,,,,,,,,,,,,,,,,,,,,,,,,,,,,,,,,,,,,,,,,,,,,,,,,,,,,,,,,,,,,,,,,,,,,,,,,,,,,,,,,,,,,,,,,,,,,,,,,,,,,,,,,,,,,,,,,,,,,,,,,,,,,,,,,,,
9,34,36,40,43,40,45,49,47,48,50,49,52,53,60,58,58,59,65,71,67,69,71,74,68,68,72,72,62,68,81,75,82,77,70,73,79,80,77,79,78,80,74,77,82,83,75,73,76,84,75,75,84,79,77,76,69,76,70,65,72,65,59,54,51,,,,,,,,,,,,,,,,,,,,,,,,,,,,,,,,,,,,,,,,,,,,,,,,,,,,,,,,,,,,,,,,,,,,,,,,,,,,,,,,,,,,,,,,,,,,,,,,,,,,,,,,,,,,,,,,,,,,,,,,,,,,,,,,,,,,,,,,,,,,,,,,,,,,,,,,,,,,,,,,,,,,,,,,,,,,,,,,,,,,,,,,,,,,,,,,
10,44,46,46,41,42,45,43,40,44,41,41,49,46,44,45,43,44,45,43,40,43,44,46,47,49,41,47,43,43,49,44,48,49,49,52,50,53,55,58,62,60,59,59,62,63,68,64,73,71,74,79,72,67,66,76,72,83,76,84,67,69,65,60,54,,,,,,,,,,,,,,,,,,,,,,,,,,,,,,,,,,,,,,,,,,,,,,,,,,,,,,,,,,,,,,,,,,,,,,,,,,,,,,,,,,,,,,,,,,,,,,,,,,,,,,,,,,,,,,,,,,,,,,,,,,,,,,,,,,,,,,,,,,,,,,,,,,,,,,,,,,,,,,,,,,,,,,,,,,,,,,,,,,,,,,,,,,,,,,,,
11,59,64,57,60,76,75,69,72,72,66,72,68,72,73,69,62,57,63,61,61,63,67,64,56,57,56,60,62,51,54,48,51,51,49,49,47,46,48,43,49,49,47,47,53,54,50,54,48,50,49,50,50,48,44,45,46,49,44,55,50,48,43,44,39,,,,,,,,,,,,,,,,,,,,,,,,,,,,,,,,,,,,,,,,,,,,,,,,,,,,,,,,,,,,,,,,,,,,,,,,,,,,,,,,,,,,,,,,,,,,,,,,,,,,,,,,,,,,,,,,,,,,,,,,,,,,,,,,,,,,,,,,,,,,,,,,,,,,,,,,,,,,,,,,,,,,,,,,,,,,,,,,,,,,,,,,,,,,,,,,
12,57,69,73,82,85,78,81,88,85,69,77,86,86,86,88,81,82,87,84,80,78,85,79,79,94,89,84,82,83,81,86,83,81,74,83,75,73,80,83,75,70,82,72,70,70,72,72,72,64,62,61,62,53,66,64,59,53,52,51,48,49,45,43,39,,,,,,,,,,,,,,,,,,,,,,,,,,,,,,,,,,,,,,,,,,,,,,,,,,,,,,,,,,,,,,,,,,,,,,,,,,,,,,,,,,,,,,,,,,,,,,,,,,,,,,,,,,,,,,,,,,,,,,,,,,,,,,,,,,,,,,,,,,,,,,,,,,,,,,,,,,,,,,,,,,,,,,,,,,,,,,,,,,,,,,,,,,,,,,,,
13,43,51,48,51,55,57,64,64,65,72,69,71,69,67,65,72,77,80,79,78,74,76,71,75,77,79,80,72,72,78,76,72,82,70,77,74,73,76,78,77,76,77,75,74,81,82,77,79,76,74,71,78,76,77,76,79,75,73,76,66,64,61,54,53,,,,,,,,,,,,,,,,,,,,,,,,,,,,,,,,,,,,,,,,,,,,,,,,,,,,,,,,,,,,,,,,,,,,,,,,,,,,,,,,,,,,,,,,,,,,,,,,,,,,,,,,,,,,,,,,,,,,,,,,,,,,,,,,,,,,,,,,,,,,,,,,,,,,,,,,,,,,,,,,,,,,,,,,,,,,,,,,,,,,,,,,,,,,,,,,
14,33,37,39,43,42,38,52,39,45,40,47,37,45,46,40,47,50,43,45,48,48,53,50,45,50,54,59,59,59,57,60,57,69,61,66,74,72,73,68,65,68,77,69,88,72,77,79,74,74,77,78,78,80,72,65,67,68,69,68,64,66,55,58,51,,,,,,,,,,,,,,,,,,,,,,,,,,,,,,,,,,,,,,,,,,,,,,,,,,,,,,,,,,,,,,,,,,,,,,,,,,,,,,,,,,,,,,,,,,,,,,,,,,,,,,,,,,,,,,,,,,,,,,,,,,,,,,,,,,,,,,,,,,,,,,,,,,,,,,,,,,,,,,,,,,,,,,,,,,,,,,,,,,,,,,,,,,,,,,,,
15,49,51,52,51,61,58,61,58,61,54,52,58,56,55,49,53,44,40,44,49,43,49,45,45,48,42,42,47,45,47,46,41,39,53,43,44,44,45,46,43,48,46,48,54,49,53,46,45,49,49,49,56,60,64,59,59,58,64,62,66,53,54,56,51,,,,,,,,,,,,,,,,,,,,,,,,,,,,,,,,,,,,,,,,,,,,,,,,,,,,,,,,,,,,,,,,,,,,,,,,,,,,,,,,,,,,,,,,,,,,,,,,,,,,,,,,,,,,,,,,,,,,,,,,,,,,,,,,,,,,,,,,,,,,,,,,,,,,,,,,,,,,,,,,,,,,,,,,,,,,,,,,,,,,,,,,,,,,,,,,
16,55,57,60,69,69,78,69,72,73,75,75,78,78,80,72,80,80,80,69,80,76,78,86,77,74,79,77,79,76,77,77,84,74,81,75,77,85,86,73,79,82,73,74,82,73,78,77,77,73,74,70,73,71,71,67,63,59,56,56,58,54,50,43,40,,,,,,,,,,,,,,,,,,,,,,,,,,,,,,,,,,,,,,,,,,,,,,,,,,,,,,,,,,,,,,,,,,,,,,,,,,,,,,,,,,,,,,,,,,,,,,,,,,,,,,,,,,,,,,,,,,,,,,,,,,,,,,,,,,,,,,,,,,,,,,,,,,,,,,,,,,,,,,,,,,,,,,,,,,,,,,,,,,,,,,,,,,,,,,,,
17,35,42,44,50,44,49,50,57,52,60,56,59,65,60,71,66,61,66,72,70,75,78,75,74,72,72,76,80,83,79,88,91,80,81,80,79,89,79,79,77,76,83,84,79,83,80,84,74,80,74,86,76,80,82,76,80,70,82,75,79,70,72,57,57,,,,,,,,,,,,,,,,,,,,,,,,,,,,,,,,,,,,,,,,,,,,,,,,,,,,,,,,,,,,,,,,,,,,,,,,,,,,,,,,,,,,,,,,,,,,,,,,,,,,,,,,,,,,,,,,,,,,,,,,,,,,,,,,,,,,,,,,,,,,,,,,,,,,,,,,,,,,,,,,,,,,,,,,,,,,,,,,,,,,,,,,,,,,,,,,
18,45,50,50,46,46,47,49,46,48,45,48,49,53,55,53,53,42,52,51,51,46,50,52,55,46,47,52,48,54,60,47,55,57,56,51,53,51,55,56,62,67,69,66,63,68,71,76,70,75,76,74,77,82,80,79,79,89,84,71,74,66,60,63,53,,,,,,,,,,,,,,,,,,,,,,,,,,,,,,,,,,,,,,,,,,,,,,,,,,,,,,,,,,,,,,,,,,,,,,,,,,,,,,,,,,,,,,,,,,,,,,,,,,,,,,,,,,,,,,,,,,,,,,,,,,,,,,,,,,,,,,,,,,,,,,,,,,,,,,,,,,,,,,,,,,,,,,,,,,,,,,,,,,,,,,,,,,,,,,,,
19,64,75,71,85,77,86,77,80,75,82,80,75,78,75,83,67,74,68,75,73,75,71,67,72,61,60,59,60,65,59,61,58,59,52,62,55,55,56,53,55,62,59,58,65,56,54,56,60,54,52,55,57,56,61,51,58,60,58,58,57,61,55,50,48,,,,,,,,,,,,,,,,,,,,,,,,,,,,,,,,,,,,,,,,,,,,,,,,,,,,,,,,,,,,,,,,,,,,,,,,,,,,,,,,,,,,,,,,,,,,,,,,,,,,,,,,,,,,,,,,,,,,,,,,,,,,,,,,,,,,,,,,,,,,,,,,,,,,,,,,,,,,,,,,,,,,,,,,,,,,,,,,,,,,,,,,,,,,,,,,
20,54,61,67,62,68,66,74,84,70,73,78,80,84,76,79,79,82,74,75,76,75,76,80,80,79,69,75,81,74,72,75,74,73,74,71,68,66,67,68,73,65,65,70,60,65,61,62,52,57,56,59,53,49,62,56,46,44,48,44,42,39,37,38,37,,,,,,,,,,,,,,,,,,,,,,,,,,,,,,,,,,,,,,,,,,,,,,,,,,,,,,,,,,,,,,,,,,,,,,,,,,,,,,,,,,,,,,,,,,,,,,,,,,,,,,,,,,,,,,,,,,,,,,,,,,,,,,,,,,,,,,,,,,,,,,,,,,,,,,,,,,,,,,,,,,,,,,,,,,,,,,,,,,,,,,,,,,,,,,,,
21,43,49,49,58,56,61,60,64,66,66,74,69,71,75,75,84,67,75,87,76,79,76,74,78,79,77,77,75,72,78,79,83,75,77,81,77,76,77,76,72,79,79,71,75,74,73,76,75,78,77,69,84,76,71,73,80,81,69,68,69,71,64,56,48,,,,,,,,,,,,,,,,,,,,,,,,,,,,,,,,,,,,,,,,,,,,,,,,,,,,,,,,,,,,,,,,,,,,,,,,,,,,,,,,,,,,,,,,,,,,,,,,,,,,,,,,,,,,,,,,,,,,,,,,,,,,,,,,,,,,,,,,,,,,,,,,,,,,,,,,,,,,,,,,,,,,,,,,,,,,,,,,,,,,,,,,,,,,,,,,
22,35,37,39,39,41,38,45,43,44,43,48,44,46,48,43,46,42,51,44,53,49,59,51,50,57,63,59,63,60,65,67,65,59,69,75,79,69,71,69,70,71,80,81,77,74,82,85,75,82,78,89,84,82,78,71,83,85,74,71,73,69,65,55,56,,,,,,,,,,,,,,,,,,,,,,,,,,,,,,,,,,,,,,,,,,,,,,,,,,,,,,,,,,,,,,,,,,,,,,,,,,,,,,,,,,,,,,,,,,,,,,,,,,,,,,,,,,,,,,,,,,,,,,,,,,,,,,,,,,,,,,,,,,,,,,,,,,,,,,,,,,,,,,,,,,,,,,,,,,,,,,,,,,,,,,,,,,,,,,,,
23,48,54,55,52,57,61,65,53,54,51,53,53,52,52,55,47,38,43,45,39,45,42,45,42,41,47,48,41,45,41,44,41,37,46,43,41,44,44,40,41,43,41,41,45,47,47,46,47,46,49,49,52,53,61,62,60,62,61,61,59,59,52,53,49,,,,,,,,,,,,,,,,,,,,,,,,,,,,,,,,,,,,,,,,,,,,,,,,,,,,,,,,,,,,,,,,,,,,,,,,,,,,,,,,,,,,,,,,,,,,,,,,,,,,,,,,,,,,,,,,,,,,,,,,,,,,,,,,,,,,,,,,,,,,,,,,,,,,,,,,,,,,,,,,,,,,,,,,,,,,,,,,,,,,,,,,,,,,,,,,
24,61,62,72,71,73,70,81,75,67,73,78,73,71,78,79,79,75,75,75,72,79,76,74,79,80,82,77,73,74,72,72,85,80,74,76,73,70,79,74,80,69,83,74,74,69,73,79,74,73,68,72,68,81,72,65,63,69,61,61,60,55,54,53,50,,,,,,,,,,,,,,,,,,,,,,,,,,,,,,,,,,,,,,,,,,,,,,,,,,,,,,,,,,,,,,,,,,,,,,,,,,,,,,,,,,,,,,,,,,,,,,,,,,,,,,,,,,,,,,,,,,,,,,,,,,,,,,,,,,,,,,,,,,,,,,,,,,,,,,,,,,,,,,,,,,,,,,,,,,,,,,,,,,,,,,,,,,,,,,,,
25,33,37,33,44,40,42,48,47,44,52,45,48,53,53,57,60,58,61,64,61,66,65,68,71,71,69,66,70,67,74,77,76,70,76,75,75,80,74,75,73,74,72,75,84,75,68,83,76,74,73,75,76,77,73,71,73,82,73,67,70,64,55,56,57,,,,,,,,,,,,,,,,,,,,,,,,,,,,,,,,,,,,,,,,,,,,,,,,,,,,,,,,,,,,,,,,,,,,,,,,,,,,,,,,,,,,,,,,,,,,,,,,,,,,,,,,,,,,,,,,,,,,,,,,,,,,,,,,,,,,,,,,,,,,,,,,,,,,,,,,,,,,,,,,,,,,,,,,,,,,,,,,,,,,,,,,,,,,,,,,
26,44,49,48,44,43,43,45,44,45,43,44,40,48,45,56,44,47,48,49,44,46,46,46,47,48,47,48,49,51,41,42,48,50,53,50,48,56,51,58,57,59,60,61,57,62,67,64,68,65,70,65,77,74,77,71,68,66,74,74,68,68,65,61,53,,,,,,,,,,,,,,,,,,,,,,,,,,,,,,,,,,,,,,,,,,,,,,,,,,,,,,,,,,,,,,,,,,,,,,,,,,,,,,,,,,,,,,,,,,,,,,,,,,,,,,,,,,,,,,,,,,,,,,,,,,,,,,,,,,,,,,,,,,,,,,,,,,,,,,,,,,,,,,,,,,,,,,,,,,,,,,,,,,,,,,,,,,,,,,,,
27,51,60,61,64,67,68,65,71,71,73,67,70,69,64,61,62,62,65,55,60,62,54,55,51,55,57,53,51,48,48,44,47,43,43,49,50,49,48,44,47,40,45,47,46,43,39,45,45,46,46,47,43,45,43,46,46,44,42,42,49,48,43,39,41,,,,,,,,,,,,,,,,,,,,,,,,,,,,,,,,,,,,,,,,,,,,,,,,,,,,,,,,,,,,,,,,,,,,,,,,,,,,,,,,,,,,,,,,,,,,,,,,,,,,,,,,,,,,,,,,,,,,,,,,,,,,,,,,,,,,,,,,,,,,,,,,,,,,,,,,,,,,,,,,,,,,,,,,,,,,,,,,,,,,,,,,,,,,,,,,
28,55,63,61,68,74,66,67,70,73,67,70,71,84,73,78,80,72,79,75,79,73,79,73,73,74,76,75,74,73,74,71,74,71,75,71,70,70,70,66,71,65,61,65,60,56,67,69,56,58,53,54,57,53,54,52,53,48,44,43,47,46,40,37,35,,,,,,,,,,,,,,,,,,,,,,,,,,,,,,,,,,,,,,,,,,,,,,,,,,,,,,,,,,,,,,,,,,,,,,,,,,,,,,,,,,,,,,,,,,,,,,,,,,,,,,,,,,,,,,,,,,,,,,,,,,,,,,,,,,,,,,,,,,,,,,,,,,,,,,,,,,,,,,,,,,,,,,,,,,,,,,,,,,,,,,,,,,,,,,,,
29,43,48,47,55,56,61,61,70,68,70,70,76,65,71,66,74,70,75,78,80,73,72,71,75,81,74,75,78,80,76,78,76,74,74,76,83,83,79,73,75,80,73,67,82,82,79,81,77,82,81,71,72,72,74,76,76,69,72,69,62,64,57,53,48,,,,,,,,,,,,,,,,,,,,,,,,,,,,,,,,,,,,,,,,,,,,,,,,,,,,,,,,,,,,,,,,,,,,,,,,,,,,,,,,,,,,,,,,,,,,,,,,,,,,,,,,,,,,,,,,,,,,,,,,,,,,,,,,,,,,,,,,,,,,,,,,,,,,,,,,,,,,,,,,,,,,,,,,,,,,,,,,,,,,,,,,,,,,,,,,
30,33,39,40,39,42,37,44,44,46,42,44,44,40,45,44,44,43,45,45,47,49,50,54,54,58,55,59,61,62,64,59,61,60,69,65,68,67,80,69,68,67,78,78,73,77,77,74,76,80,78,79,70,78,75,78,78,75,69,73,67,65,67,63,53,,,,,,,,,,,,,,,,,,,,,,,,,,,,,,,,,,,,,,,,,,,,,,,,,,,,,,,,,,,,,,,,,,,,,,,,,,,,,,,,,,,,,,,,,,,,,,,,,,,,,,,,,,,,,,,,,,,,,,,,,,,,,,,,,,,,,,,,,,,,,,,,,,,,,,,,,,,,,,,,,,,,,,,,,,,,,,,,,,,,,,,,,,,,,,,,
31,50,50,54,58,55,53,64,57,49,54,50,53,54,54,53,45,44,42,43,41,44,42,41,45,45,40,43,42,42,45,46,42,44,48,46,43,46,42,42,44,47,45,41,45,48,51,52,55,47,48,53,56,53,59,54,55,53,66,61,55,60,55,56,49,,,,,,,,,,,,,,,,,,,,,,,,,,,,,,,,,,,,,,,,,,,,,,,,,,,,,,,,,,,,,,,,,,,,,,,,,,,,,,,,,,,,,,,,,,,,,,,,,,,,,,,,,,,,,,,,,,,,,,,,,,,,,,,,,,,,,,,,,,,,,,,,,,,,,,,,,,,,,,,,,,,,,,,,,,,,,,,,,,,,,,,,,,,,,,,,
32,62,55,64,68,70,73,80,82,82,81,81,74,77,82,77,69,78,72,81,78,88,76,84,79,82,78,79,71,79,77,80,77,86,78,81,83,81,75,75,70,77,73,79,84,79,75,78,74,74,72,70,76,62,76,67,65,71,69,66,63,58,52,50,51,,,,,,,,,,,,,,,,,,,,,,,,,,,,,,,,,,,,,,,,,,,,,,,,,,,,,,,,,,,,,,,,,,,,,,,,,,,,,,,,,,,,,,,,,,,,,,,,,,,,,,,,,,,,,,,,,,,,,,,,,,,,,,,,,,,,,,,,,,,,,,,,,,,,,,,,,,,,,,,,,,,,,,,,,,,,,,,,,,,,,,,,,,,,,,,,
33,36,36,43,39,46,46,48,50,49,49,51,54,57,59,61,61,58,62,58,68,73,72,67,72,75,79,71,74,75,76,77,72,77,79,76,78,78,76,74,85,76,75,73,82,75,83,75,84,74,81,81,79,81,75,75,77,80,71,71,72,65,67,58,52,,,,,,,,,,,,,,,,,,,,,,,,,,,,,,,,,,,,,,,,,,,,,,,,,,,,,,,,,,,,,,,,,,,,,,,,,,,,,,,,,,,,,,,,,,,,,,,,,,,,,,,,,,,,,,,,,,,,,,,,,,,,,,,,,,,,,,,,,,,,,,,,,,,,,,,,,,,,,,,,,,,,,,,,,,,,,,,,,,,,,,,,,,,,,,,,
34,45,44,47,46,46,46,49,47,49,51,50,51,49,57,53,49,50,49,53,52,46,43,50,50,47,44,46,49,49,49,50,51,55,53,50,56,56,57,66,60,63,63,73,70,71,71,70,74,71,75,75,70,70,75,77,72,83,74,71,74,65,63,59,64,,,,,,,,,,,,,,,,,,,,,,,,,,,,,,,,,,,,,,,,,,,,,,,,,,,,,,,,,,,,,,,,,,,,,,,,,,,,,,,,,,,,,,,,,,,,,,,,,,,,,,,,,,,,,,,,,,,,,,,,,,,,,,,,,,,,,,,,,,,,,,,,,,,,,,,,,,,,,,,,,,,,,,,,,,,,,,,,,,,,,,,,,,,,,,,,
35,60,60,65,67,72,71,75,77,68,75,75,69,69,70,62,70,66,62,64,62,63,52,55,55,59,53,53,64,54,53,48,50,48,50,56,50,47,48,48,47,46,45,47,52,46,50,48,46,44,45,48,49,49,45,46,43,43,49,49,49,47,48,47,40,,,,,,,,,,,,,,,,,,,,,,,,,,,,,,,,,,,,,,,,,,,,,,,,,,,,,,,,,,,,,,,,,,,,,,,,,,,,,,,,,,,,,,,,,,,,,,,,,,,,,,,,,,,,,,,,,,,,,,,,,,,,,,,,,,,,,,,,,,,,,,,,,,,,,,,,,,,,,,,,,,,,,,,,,,,,,,,,,,,,,,,,,,,,,,,,
36,57,66,67,73,76,78,72,80,78,72,75,80,75,75,84,78,76,78,79,82,88,75,85,78,80,69,82,74,81,75,81,75,71,75,75,71,71,68,69,70,71,70,66,63,63,64,60,58,59,57,55,58,55,58,54,49,51,47,45,41,40,36,38,36,,,,,,,,,,,,,,,,,,,,,,,,,,,,,,,,,,,,,,,,,,,,,,,,,,,,,,,,,,,,,,,,,,,,,,,,,,,,,,,,,,,,,,,,,,,,,,,,,,,,,,,,,,,,,,,,,,,,,,,,,,,,,,,,,,,,,,,,,,,,,,,,,,,,,,,,,,,,,,,,,,,,,,,,,,,,,,,,,,,,,,,,,,,,,,,,
37,48,56,53,59,63,61,66,71,69,77,77,71,69,80,84,71,80,75,84,79,91,80,76,85,79,84,79,84,78,80,77,78,80,74,82,79,79,83,81,82,76,79,76,81,78,83,72,82,83,81,76,79,76,70,86,78,78,71,79,66,67,62,52,53,,,,,,,,,,,,,,,,,,,,,,,,,,,,,,,,,,,,,,,,,,,,,,,,,,,,,,,,,,,,,,,,,,,,,,,,,,,,,,,,,,,,,,,,,,,,,,,,,,,,,,,,,,,,,,,,,,,,,,,,,,,,,,,,,,,,,,,,,,,,,,,,,,,,,,,,,,,,,,,,,,,,,,,,,,,,,,,,,,,,,,,,,,,,,,,,
38,34,40,41,39,40,40,40,43,45,46,44,42,41,42,43,45,42,49,44,49,46,48,52,52,55,57,54,59,62,60,61,63,65,68,65,75,77,72,67,76,75,79,76,80,82,76,77,89,79,73,83,76,76,79,71,71,70,79,67,66,71,66,59,55,,,,,,,,,,,,,,,,,,,,,,,,,,,,,,,,,,,,,,,,,,,,,,,,,,,,,,,,,,,,,,,,,,,,,,,,,,,,,,,,,,,,,,,,,,,,,,,,,,,,,,,,,,,,,,,,,,,,,,,,,,,,,,,,,,,,,,,,,,,,,,,,,,,,,,,,,,,,,,,,,,,,,,,,,,,,,,,,,,,,,,,,,,,,,,,,
39,52,56,61,55,55,66,61,61,56,57,56,59,54,61,58,53,47,50,46,43,47,47,50,47,53,49,49,50,46,54,52,48,47,49,48,46,44,49,49,47,51,43,48,59,52,51,52,50,52,49,55,52,58,60,61,59,61,61,63,64,64,62,56,52,,,,,,,,,,,,,,,,,,,,,,,,,,,,,,,,,,,,,,,,,,,,,,,,,,,,,,,,,,,,,,,,,,,,,,,,,,,,,,,,,,,,,,,,,,,,,,,,,,,,,,,,,,,,,,,,,,,,,,,,,,,,,,,,,,,,,,,,,,,,,,,,,,,,,,,,,,,,,,,,,,,,,,,,,,,,,,,,,,,,,,,,,,,,,,,,
40,58,64,67,67,72,75,69,76,67,73,76,79,70,74,69,78,77,83,77,79,74,75,76,76,78,83,71,84,76,81,72,81,72,73,83,78,74,72,71,76,74,76,69,81,78,76,76,69,75,69,72,70,70,73,63,60,64,56,57,56,57,51,47,48,,,,,,,,,,,,,,,,,,,,,,,,,,,,,,,,,,,,,,,,,,,,,,,,,,,,,,,,,,,,,,,,,,,,,,,,,,,,,,,,,,,,,,,,,,,,,,,,,,,,,,,,,,,,,,,,,,,,,,,,,,,,,,,,,,,,,,,,,,,,,,,,,,,,,,,,,,,,,,,,,,,,,,,,,,,,,,,,,,,,,,,,,,,,,,,,
41,35,33,39,39,39,40,48,52,49,50,50,51,58,56,62,60,60,55,65,62,65,70,69,70,66,72,64,68,70,75,76,74,78,78,78,69,77,77,79,76,75,77,80,79,76,82,81,72,75,75,75,75,72,77,82,80,74,74,73,68,64,57,53,47,,,,,,,,,,,,,,,,,,,,,,,,,,,,,,,,,,,,,,,,,,,,,,,,,,,,,,,,,,,,,,,,,,,,,,,,,,,,,,,,,,,,,,,,,,,,,,,,,,,,,,,,,,,,,,,,,,,,,,,,,,,,,,,,,,,,,,,,,,,,,,,,,,,,,,,,,,,,,,,,,,,,,,,,,,,,,,,,,,,,,,,,,,,,,,,,
42,44,43,50,48,43,48,43,51,56,48,48,46,47,50,44,57,50,48,49,53,52,46,49,51,48,60,47,47,49,53,46,51,51,54,56,53,58,63,61,65,57,71,55,64,64,68,67,70,68,73,75,72,71,71,68,75,70,72,80,67,65,70,60,59,,,,,,,,,,,,,,,,,,,,,,,,,,,,,,,,,,,,,,,,,,,,,,,,,,,,,,,,,,,,,,,,,,,,,,,,,,,,,,,,,,,,,,,,,,,,,,,,,,,,,,,,,,,,,,,,,,,,,,,,,,,,,,,,,,,,,,,,,,,,,,,,,,,,,,,,,,,,,,,,,,,,,,,,,,,,,,,,,,,,,,,,,,,,,,,,
43,59,67,66,70,69,75,80,74,68,69,65,72,75,68,63,69,70,64,58,67,61,60,58,60,62,61,62,63,50,54,49,49,45,47,51,52,49,48,47,43,47,51,42,45,47,50,48,51,52,46,47,47,50,50,49,49,49,46,49,47,46,44,48,41,,,,,,,,,,,,,,,,,,,,,,,,,,,,,,,,,,,,,,,,,,,,,,,,,,,,,,,,,,,,,,,,,,,,,,,,,,,,,,,,,,,,,,,,,,,,,,,,,,,,,,,,,,,,,,,,,,,,,,,,,,,,,,,,,,,,,,,,,,,,,,,,,,,,,,,,,,,,,,,,,,,,,,,,,,,,,,,,,,,,,,,,,,,,,,,,
44,51,57,64,62,69,67,71,76,74,77,82,69,76,76,84,92,78,69,72,72,84,76,77,78,73,71,81,77,78,83,72,75,92,78,72,64,70,75,70,73,70,68,65,62,64,57,56,56,56,52,51,54,54,56,50,47,42,44,37,39,38,33,37,31,,,,,,,,,,,,,,,,,,,,,,,,,,,,,,,,,,,,,,,,,,,,,,,,,,,,,,,,,,,,,,,,,,,,,,,,,,,,,,,,,,,,,,,,,,,,,,,,,,,,,,,,,,,,,,,,,,,,,,,,,,,,,,,,,,,,,,,,,,,,,,,,,,,,,,,,,,,,,,,,,,,,,,,,,,,,,,,,,,,,,,,,,,,,,,,,
45,48,50,50,53,56,59,67,69,69,64,68,73,69,69,79,73,77,78,85,80,73,71,74,78,77,73,80,84,76,74,71,79,77,81,77,85,73,74,75,76,72,71,73,70,77,78,76,74,79,78,78,76,73,78,71,74,75,72,67,58,60,63,54,49,,,,,,,,,,,,,,,,,,,,,,,,,,,,,,,,,,,,,,,,,,,,,,,,,,,,,,,,,,,,,,,,,,,,,,,,,,,,,,,,,,,,,,,,,,,,,,,,,,,,,,,,,,,,,,,,,,,,,,,,,,,,,,,,,,,,,,,,,,,,,,,,,,,,,,,,,,,,,,,,,,,,,,,,,,,,,,,,,,,,,,,,,,,,,,,,
46,40,44,46,42,48,53,51,46,46,48,47,48,50,48,52,45,47,50,55,56,56,55,50,58,57,56,63,63,59,62,69,60,66,70,67,75,75,70,76,72,77,74,77,79,87,70,80,83,80,77,77,81,81,78,76,78,82,79,75,74,68,59,61,58,,,,,,,,,,,,,,,,,,,,,,,,,,,,,,,,,,,,,,,,,,,,,,,,,,,,,,,,,,,,,,,,,,,,,,,,,,,,,,,,,,,,,,,,,,,,,,,,,,,,,,,,,,,,,,,,,,,,,,,,,,,,,,,,,,,,,,,,,,,,,,,,,,,,,,,,,,,,,,,,,,,,,,,,,,,,,,,,,,,,,,,,,,,,,,,,
47,55,62,63,68,62,60,64,65,58,51,64,59,61,56,63,55,49,53,48,47,48,45,49,54,56,46,50,49,47,50,53,50,44,49,55,55,54,52,46,46,55,50,50,50,52,53,61,55,58,57,54,61,65,70,65,67,64,59,73,62,64,65,60,56,,,,,,,,,,,,,,,,,,,,,,,,,,,,,,,,,,,,,,,,,,,,,,,,,,,,,,,,,,,,,,,,,,,,,,,,,,,,,,,,,,,,,,,,,,,,,,,,,,,,,,,,,,,,,,,,,,,,,,,,,,,,,,,,,,,,,,,,,,,,,,,,,,,,,,,,,,,,,,,,,,,,,,,,,,,,,,,,,,,,,,,,,,,,,,,,
48,60,70,67,69,75,73,77,68,80,78,81,72,78,76,81,78,77,77,85,73,78,76,73,82,79,70,79,80,86,85,80,79,79,89,93,85,81,71,78,82,82,75,72,72,82,79,75,82,74,77,81,74,73,67,68,72,67,63,63,63,63,60,53,46,,,,,,,,,,,,,,,,,,,,,,,,,,,,,,,,,,,,,,,,,,,,,,,,,,,,,,,,,,,,,,,,,,,,,,,,,,,,,,,,,,,,,,,,,,,,,,,,,,,,,,,,,,,,,,,,,,,,,,,,,,,,,,,,,,,,,,,,,,,,,,,,,,,,,,,,,,,,,,,,,,,,,,,,,,,,,,,,,,,,,,,,,,,,,,,,
49,38,40,41,45,44,44,50,54,56,59,49,53,59,59,60,57,58,56,65,69,69,66,65,73,68,75,73,75,79,75,84,82,73,76,81,73,84,77,78,78,78,76,75,81,74,82,76,75,80,75,78,72,67,78,69,73,69,76,69,70,63,65,63,57,,,,,,,,,,,,,,,,,,,,,,,,,,,,,,,,,,,,,,,,,,,,,,,,,,,,,,,,,,,,,,,,,,,,,,,,,,,,,,,,,,,,,,,,,,,,,,,,,,,,,,,,,,,,,,,,,,,,,,,,,,,,,,,,,,,,,,,,,,,,,,,,,,,,,,,,,,,,,,,,,,,,,,,,,,,,,,,,,,,,,,,,,,,,,,,,
50,42,48,43,45,46,46,47,51,48,41,42,43,41,46,49,48,48,43,45,44,50,45,46,48,44,44,45,43,48,44,44,51,51,48,49,50,53,54,53,65,63,64,62,56,67,64,67,65,63,75,65,70,70,67,72,77,76,70,76,74,66,66,61,52,,,,,,,,,,,,,,,,,,,,,,,,,,,,,,,,,,,,,,,,,,,,,,,,,,,,,,,,,,,,,,,,,,,,,,,,,,,,,,,,,,,,,,,,,,,,,,,,,,,,,,,,,,,,,,,,,,,,,,,,,,,,,,,,,,,,,,,,,,,,,,,,,,,,,,,,,,,,,,,,,,,,,,,,,,,,,,,,,,,,,,,,,,,,,,,,
51,60,62,67,71,69,74,70,65,73,66,66,70,71,73,66,68,65,61,68,67,60,56,55,56,54,51,57,52,56,49,50,46,48,48,45,44,46,49,49,49,46,46,48,46,47,46,46,54,48,48,49,46,44,42,47,48,49,45,45,48,46,47,46,41,,,,,,,,,,,,,,,,,,,,,,,,,,,,,,,,,,,,,,,,,,,,,,,,,,,,,,,,,,,,,,,,,,,,,,,,,,,,,,,,,,,,,,,,,,,,,,,,,,,,,,,,,,,,,,,,,,,,,,,,,,,,,,,,,,,,,,,,,,,,,,,,,,,,,,,,,,,,,,,,,,,,,,,,,,,,,,,,,,,,,,,,,,,,,,,,
52,51,56,68,62,69,71,78,72,65,72,77,78,71,81,72,71,79,77,70,73,77,72,71,70,70,73,77,73,78,81,78,78,74,73,70,67,70,69,60,62,63,64,62,64,57,62,55,56,52,47,49,51,49,55,52,52,41,41,41,40,38,35,39,28,,,,,,,,,,,,,,,,,,,,,,,,,,,,,,,,,,,,,,,,,,,,,,,,,,,,,,,,,,,,,,,,,,,,,,,,,,,,,,,,,,,,,,,,,,,,,,,,,,,,,,,,,,,,,,,,,,,,,,,,,,,,,,,,,,,,,,,,,,,,,,,,,,,,,,,,,,,,,,,,,,,,,,,,,,,,,,,,,,,,,,,,,,,,,,,,
53,49,49,54,56,67,66,63,66,69,73,71,75,74,69,75,73,76,65,83,74,75,76,79,75,75,73,79,72,78,78,76,76,80,77,74,76,77,76,76,82,78,80,77,71,78,76,75,75,81,82,76,76,73,76,75,78,77,73,78,73,65,63,62,53,,,,,,,,,,,,,,,,,,,,,,,,,,,,,,,,,,,,,,,,,,,,,,,,,,,,,,,,,,,,,,,,,,,,,,,,,,,,,,,,,,,,,,,,,,,,,,,,,,,,,,,,,,,,,,,,,,,,,,,,,,,,,,,,,,,,,,,,,,,,,,,,,,,,,,,,,,,,,,,,,,,,,,,,,,,,,,,,,,,,,,,,,,,,,,,,
54,39,40,44,45,45,45,44,43,48,49,50,46,47,48,47,45,43,48,54,48,52,49,50,49,56,55,57,58,55,67,61,68,62,69,74,63,67,63,63,69,68,76,73,75,66,73,72,75,75,73,71,74,73,67,68,62,71,66,68,65,68,59,59,50,,,,,,,,,,,,,,,,,,,,,,,,,,,,,,,,,,,,,,,,,,,,,,,,,,,,,,,,,,,,,,,,,,,,,,,,,,,,,,,,,,,,,,,,,,,,,,,,,,,,,,,,,,,,,,,,,,,,,,,,,,,,,,,,,,,,,,,,,,,,,,,,,,,,,,,,,,,,,,,,,,,,,,,,,,,,,,,,,,,,,,,,,,,,,,,,
55,55,62,52,58,66,64,66,61,56,59,63,56,59,61,60,58,53,53,51,49,44,46,48,52,52,52,54,47,50,54,50,47,49,47,56,51,53,56,52,45,48,50,47,51,51,54,59,48,49,54,65,60,66,62,62,60,59,64,76,70,59,56,58,62,,,,,,,,,,,,,,,,,,,,,,,,,,,,,,,,,,,,,,,,,,,,,,,,,,,,,,,,,,,,,,,,,,,,,,,,,,,,,,,,,,,,,,,,,,,,,,,,,,,,,,,,,,,,,,,,,,,,,,,,,,,,,,,,,,,,,,,,,,,,,,,,,,,,,,,,,,,,,,,,,,,,,,,,,,,,,,,,,,,,,,,,,,,,,,,,
56,48,60,58,58,71,66,68,63,68,67,75,77,71,74,69,66,72,74,69,71,73,69,76,71,73,69,73,74,72,72,71,69,65,72,70,70,66,71,70,67,70,72,69,67,69,68,70,69,63,64,67,63,64,62,59,57,54,54,56,51,48,44,39,36,,,,,,,,,,,,,,,,,,,,,,,,,,,,,,,,,,,,,,,,,,,,,,,,,,,,,,,,,,,,,,,,,,,,,,,,,,,,,,,,,,,,,,,,,,,,,,,,,,,,,,,,,,,,,,,,,,,,,,,,,,,,,,,,,,,,,,,,,,,,,,,,,,,,,,,,,,,,,,,,,,,,,,,,,,,,,,,,,,,,,,,,,,,,,,,,
57,35,37,38,45,42,45,45,49,47,56,50,56,61,58,54,59,55,60,59,65,62,63,67,68,67,72,67,73,64,75,73,72,73,76,70,73,73,75,73,77,73,74,74,76,74,75,68,73,66,85,79,78,75,78,73,73,77,69,65,72,63,60,58,52,,,,,,,,,,,,,,,,,,,,,,,,,,,,,,,,,,,,,,,,,,,,,,,,,,,,,,,,,,,,,,,,,,,,,,,,,,,,,,,,,,,,,,,,,,,,,,,,,,,,,,,,,,,,,,,,,,,,,,,,,,,,,,,,,,,,,,,,,,,,,,,,,,,,,,,,,,,,,,,,,,,,,,,,,,,,,,,,,,,,,,,,,,,,,,,,
58,40,45,40,44,36,41,41,44,42,42,37,42,44,45,38,43,42,39,44,42,43,38,42,43,42,40,40,46,42,39,42,40,47,47,48,45,51,51,52,52,48,55,57,52,64,58,60,61,61,65,67,66,65,70,63,66,72,69,70,66,64,55,53,47,,,,,,,,,,,,,,,,,,,,,,,,,,,,,,,,,,,,,,,,,,,,,,,,,,,,,,,,,,,,,,,,,,,,,,,,,,,,,,,,,,,,,,,,,,,,,,,,,,,,,,,,,,,,,,,,,,,,,,,,,,,,,,,,,,,,,,,,,,,,,,,,,,,,,,,,,,,,,,,,,,,,,,,,,,,,,,,,,,,,,,,,,,,,,,,,
59,53,53,58,60,65,66,64,64,64,63,64,67,63,61,61,58,59,56,55,57,54,53,51,50,55,50,50,50,49,43,40,41,45,39,42,41,39,44,42,39,43,38,40,41,42,42,42,42,44,39,46,43,42,44,38,41,38,43,42,42,41,41,38,38,,,,,,,,,,,,,,,,,,,,,,,,,,,,,,,,,,,,,,,,,,,,,,,,,,,,,,,,,,,,,,,,,,,,,,,,,,,,,,,,,,,,,,,,,,,,,,,,,,,,,,,,,,,,,,,,,,,,,,,,,,,,,,,,,,,,,,,,,,,,,,,,,,,,,,,,,,,,,,,,,,,,,,,,,,,,,,,,,,,,,,,,,,,,,,,,
60,54,55,58,64,64,63,67,69,67,62,70,68,68,66,70,65,77,65,68,67,73,67,66,62,66,73,70,68,64,72,71,67,69,71,69,59,60,61,59,65,63,60,61,56,58,60,56,55,53,54,47,50,47,48,49,45,44,41,41,34,38,32,33,29,,,,,,,,,,,,,,,,,,,,,,,,,,,,,,,,,,,,,,,,,,,,,,,,,,,,,,,,,,,,,,,,,,,,,,,,,,,,,,,,,,,,,,,,,,,,,,,,,,,,,,,,,,,,,,,,,,,,,,,,,,,,,,,,,,,,,,,,,,,,,,,,,,,,,,,,,,,,,,,,,,,,,,,,,,,,,,,,,,,,,,,,,,,,,,,,
61,35,38,40,44,48,49,46,54,54,54,51,55,57,57,57,59,60,57,63,59,59,58,62,60,67,62,59,61,58,58,60,61,60,58,62,65,58,59,55,63,68,62,58,61,58,52,63,63,62,53,53,57,58,60,63,55,59,61,52,57,57,46,43,41,,,,,,,,,,,,,,,,,,,,,,,,,,,,,,,,,,,,,,,,,,,,,,,,,,,,,,,,,,,,,,,,,,,,,,,,,,,,,,,,,,,,,,,,,,,,,,,,,,,,,,,,,,,,,,,,,,,,,,,,,,,,,,,,,,,,,,,,,,,,,,,,,,,,,,,,,,,,,,,,,,,,,,,,,,,,,,,,,,,,,,,,,,,,,,,,
62,33,35,37,35,37,37,44,40,36,37,43,41,44,42,36,39,39,43,41,46,41,45,38,43,43,48,51,48,60,56,48,49,55,50,57,59,56,62,57,54,55,54,63,54,63,61,66,55,56,57,58,56,62,60,59,55,58,59,60,55,58,57,54,46,,,,,,,,,,,,,,,,,,,,,,,,,,,,,,,,,,,,,,,,,,,,,,,,,,,,,,,,,,,,,,,,,,,,,,,,,,,,,,,,,,,,,,,,,,,,,,,,,,,,,,,,,,,,,,,,,,,,,,,,,,,,,,,,,,,,,,,,,,,,,,,,,,,,,,,,,,,,,,,,,,,,,,,,,,,,,,,,,,,,,,,,,,,,,,,,
63,50,50,51,49,53,50,53,47,42,47,48,50,51,48,46,41,40,40,37,43,43,41,38,37,41,43,42,37,37,41,40,40,38,38,39,42,39,42,43,39,39,42,39,43,47,44,46,50,45,50,51,49,46,53,47,50,48,51,54,55,53,52,50,46,,,,,,,,,,,,,,,,,,,,,,,,,,,,,,,,,,,,,,,,,,,,,,,,,,,,,,,,,,,,,,,,,,,,,,,,,,,,,,,,,,,,,,,,,,,,,,,,,,,,,,,,,,,,,,,,,,,,,,,,,,,,,,,,,,,,,,,,,,,,,,,,,,,,,,,,,,,,,,,,,,,,,,,,,,,,,,,,,,,,,,,,,,,,,,,,
,,,,,,,,,,,,,,,,,,,,,,,,,,,,,,,,,,,,,,,,,,,,,,,,,,,,,,,,,,,,,,,,,,,,,,,,,,,,,,,,,,,,,,,,,,,,,,,,,,,,,,,,,,,,,,,,,,,,,,,,,,,,,,,,,,,,,,,,,,,,,,,,,,,,,,,,,,,,,,,,,,,,,,,,,,,,,,,,,,,,,,,,,,,,,,,,,,,,,,,,,,,,,,,,,,,,,,,,,,,,,,,,,,,,,,,,,,,,,,,,,,,,,,,,,,,,,,,,
value,0,1,2,3,4,5,6,7,8,9,10,11,12,13,14,15,16,17,18,19,20,21,22,23,24,25,26,27,28,29,30,31,32,33,34,35,36,37,38,39,40,41,42,43,44,45,46,47,48,49,50,51,52,53,54,55,56,57,58,59,60,61,62,63,64,65,66,67,68,69,70,71,72,73,74,75,76,77,78,79,80,81,82,83,84,85,86,87,88,89,90,91,92,93,94,95,96,97,98,99,100,101,102,103,104,105,106,107,108,109,110,111,112,113,114,115,116,117,118,119,120,121,122,123,124,125,126,127,128,129,130,131,132,133,134,135,136,137,138,139,140,141,142,143,144,145,146,147,148,149,150,151,152,153,154,155,156,157,158,159,160,161,162,163,164,165,166,167,168,169,170,171,172,173,174,175,176,177,178,179,180,181,182,183,184,185,186,187,188,189,190,191,192,193,194,195,196,197,198,199,200,201,202,203,204,205,206,207,208,209,210,211,212,213,214,215,216,217,218,219,220,221,222,223,224,225,226,227,228,229,230,231,232,233,234,235,236,237,238,239,240,241,242,243,244,245,246,247,248,249,250,251,252,253,254,255
count,0,0,0,0,0,0,0,0,0,0,0,0,0,0,0,0,0,0,0,0,0,0,0,0,0,0,0,0,1,1,0,1,3,9,8,14,19,41,40,44,62,72,72,84,90,85,102,95,120,118,96,80,77,93,80,88,103,71,84,88,89,89,77,68,70,78,77,88,77,100,106,99,102,118,106,138,117,98,96,86,68,47,49,30,32,18,11,3,6,6,0,2,2,1,1,0,0,0,0,0,0,0,0,0,0,0,0,0,0,0,0,0,0,0,0,0,0,0,0,0,0,0,0,0,0,0,0,0,0,0,0,0,0,0,0,0,0,0,0,0,0,0,0,0,0,0,0,0,0,0,0,0,0,0,0,0,0,0,0,0,0,0,0,0,0,0,0,0,0,0,0,0,0,0,0,0,0,0,0,0,0,0,0,0,0,0,0,0,0,0,0,0,0,0,0,0,0,0,0,0,0,0,0,0,0,0,0,0,0,0,0,0,0,0,0,0,0,0,0,0,0,0,0,0,0,0,0,0,0,0,0,0,0,0,0,0,0,0,0,0,0,0,0,0,0,0,0,0,0,0,0,0,0,0,0,0
,,,,,,,,,,,,,,,,,,,,,,,,,,,,,,,,,,,,,,,,,,,,,,,,,,,,,,,,,,,,,,,,,,,,,,,,,,,,,,,,,,,,,,,,,,,,,,,,,,,,,,,,,,,,,,,,,,,,,,,,,,,,,,,,,,,,,,,,,,,,,,,,,,,,,,,,,,,,,,,,,,,,,,,,,,,,,,,,,,,,,,,,,,,,,,,,,,,,,,,,,,,,,,,,,,,,,,,,,,,,,,,,,,,,,,,,,,,,,,,,,,,,,,,,,,,,,,,,
8,,,,,,,,,,,,,,,,,,,,,,,,,,,,,,,,,,,,,,,,,,,,,,,,,,,,,,,,,,,,,,,,,,,,,,,,,,,,,,,,,,,,,,,,,,,,,,,,,,,,,,,,,,,,,,,,,,,,,,,,,,,,,,,,,,,,,,,,,,,,,,,,,,,,,,,,,,,,,,,,,,,,,,,,,,,,,,,,,,,,,,,,,,,,,,,,,,,,,,,,,,,,,,,,,,,,,,,,,,,,,,,,,,,,,,,,,,,,,,,,,,,,,,,,,,,,,,,,
,0,1,2,3,4,5,6,7,8,9,10,11,12,13,14,15,16,17,18,19,20,21,22,23,24,25,26,27,28,29,30,31,32,33,34,35,36,37,38,39,40,41,42,43,44,45,46,47,48,49,50,51,52,53,54,55,56,57,58,59,60,61,62,63,60.66137695,,,,,,,,,,,,,,,,,,,,,,,,,,,,,,,,,,,,,,,,,,,,,,,,,,,,,,,,,,,,,,,,,,,,,,,,,,,,,,,,,,,,,,,,,,,,,,,,,,,,,,,,,,,,,,,,,,,,,,,,,,,,,,,,,,,,,,,,,,,,,,,,,,,,,,,,,,,,,,,,,,,,,,,,,,,,,,,,,,,,,,,,,,,,,,,
0,46,44,58,56,57,54,55,53,53,56,56,55,57,57,59,58,58,66,62,54,55,56,60,55,58,58,61,58,57,52,57,58,56,55,54,58,61,56,56,59,59,58,53,55,59,60,58,52,58,50,53,56,52,48,50,48,49,49,45,46,42,39,40,35,,,,,,,,,,,,,,,,,,,,,,,,,,,,,,,,,,,,,,,,,,,,,,,,,,,,,,,,,,,,,,,,,,,,,,,,,,,,,,,,,,,,,,,,,,,,,,,,,,,,,,,,,,,,,,,,,,,,,,,,,,,,,,,,,,,,,,,,,,,,,,,,,,,,,,,,,,,,,,,,,,,,,,,,,,,,,,,,,,,,,,,,,,,,,,,,
1,30,36,35,33,42,42,41,35,41,42,49,46,50,54,45,51,50,44,51,52,54,51,52,53,55,57,57,57,58,61,61,60,57,65,65,57,60,53,60,56,58,55,56,61,63,62,62,55,56,60,57,61,60,59,59,62,55,59,62,55,57,54,49,44,,,,,,,,,,,,,,,,,,,,,,,,,,,,,,,,,,,,,,,,,,,,,,,,,,,,,,,,,,,,,,,,,,,,,,,,,,,,,,,,,,,,,,,,,,,,,,,,,,,,,,,,,,,,,,,,,,,,,,,,,,,,,,,,,,,,,,,,,,,,,,,,,,,,,,,,,,,,,,,,,,,,,,,,,,,,,,,,,,,,,,,,,,,,,,,,
2,43,38,36,39,39,39,36,34,39,39,34,44,38,36,38,45,37,35,41,36,40,36,36,38,38,37,41,44,36,38,40,42,42,42,45,47,41,47,47,45,50,51,53,52,46,60,53,65,54,59,54,57,53,61,59,56,61,60,56,57,55,49,47,43,,,,,,,,,,,,,,,,,,,,,,,,,,,,,,,,,,,,,,,,,,,,,,,,,,,,,,,,,,,,,,,,,,,,,,,,,,,,,,,,,,,,,,,,,,,,,,,,,,,,,,,,,,,,,,,,,,,,,,,,,,,,,,,,,,,,,,,,,,,,,,,,,,,,,,,,,,,,,,,,,,,,,,,,,,,,,,,,,,,,,,,,,,,,,,,,
3,46,54,58,56,59,54,60,64,63,58,54,59,56,55,53,55,50,55,57,47,49,47,46,48,45,46,50,47,42,39,36,40,37,35,39,32,40,37,35,41,40,43,45,42,42,40,39,37,44,38,41,37,38,42,35,36,42,36,38,37,41,38,38,36,,,,,,,,,,,,,,,,,,,,,,,,,,,,,,,,,,,,,,,,,,,,,,,,,,,,,,,,,,,,,,,,,,,,,,,,,,,,,,,,,,,,,,,,,,,,,,,,,,,,,,,,,,,,,,,,,,,,,,,,,,,,,,,,,,,,,,,,,,,,,,,,,,,,,,,,,,,,,,,,,,,,,,,,,,,,,,,,,,,,,,,,,,,,,,,,
4,57,52,62,65,66,68,69,74,68,65,68,71,68,67,72,71,68,66,66,68,71,60,69,67,71,67,69,63,64,66,70,62,70,66,68,66,68,69,64,63,57,58,52,63,69,60,57,59,46,47,43,54,61,49,52,41,39,45,41,43,39,45,34,32,,,,,,,,,,,,,,,,,,,,,,,,,,,,,,,,,,,,,,,,,,,,,,,,,,,,,,,,,,,,,,,,,,,,,,,,,,,,,,,,,,,,,,,,,,,,,,,,,,,,,,,,,,,,,,,,,,,,,,,,,,,,,,,,,,,,,,,,,,,,,,,,,,,,,,,,,,,,,,,,,,,,,,,,,,,,,,,,,,,,,,,,,,,,,,,,
5,37,38,44,46,52,52,55,61,65,64,64,69,58,65,66,67,70,68,68,67,67,72,65,62,68,68,77,62,68,66,70,67,67,77,72,64,68,71,71,71,68,73,66,69,69,68,72,62,70,68,71,72,74,70,65,71,66,69,60,62,60,49,45,42,,,,,,,,,,,,,,,,,,,,,,,,,,,,,,,,,,,,,,,,,,,,,,,,,,,,,,,,,,,,,,,,,,,,,,,,,,,,,,,,,,,,,,,,,,,,,,,,,,,,,,,,,,,,,,,,,,,,,,,,,,,,,,,,,,,,,,,,,,,,,,,,,,,,,,,,,,,,,,,,,,,,,,,,,,,,,,,,,,,,,,,,,,,,,,,,
6,33,33,42,42,37,40,44,48,40,40,45,41,40,45,34,44,47,49,50,48,50,47,44,51,50,53,54,56,53,57,56,58,60,67,60,63,64,62,63,72,72,69,72,68,75,69,75,69,63,67,73,76,78,67,73,73,67,68,64,66,62,55,52,51,,,,,,,,,,,,,,,,,,,,,,,,,,,,,,,,,,,,,,,,,,,,,,,,,,,,,,,,,,,,,,,,,,,,,,,,,,,,,,,,,,,,,,,,,,,,,,,,,,,,,,,,,,,,,,,,,,,,,,,,,,,,,,,,,,,,,,,,,,,,,,,,,,,,,,,,,,,,,,,,,,,,,,,,,,,,,,,,,,,,,,,,,,,,,,,,
7,44,45,45,53,46,52,52,50,53,49,51,50,50,48,43,45,37,38,38,40,36,42,41,41,39,38,38,44,41,34,40,40,44,41,39,40,44,39,47,43,38,49,41,45,46,44,43,49,45,50,59,54,52,55,47,56,55,58,58,60,55,49,45,50,,,,,,,,,,,,,,,,,,,,,,,,,,,,,,,,,,,,,,,,,,,,,,,,,,,,,,,,,,,,,,,,,,,,,,,,,,,,,,,,,,,,,,,,,,,,,,,,,,,,,,,,,,,,,,,,,,,,,,,,,,,,,,,,,,,,,,,,,,,,,,,,,,,,,,,,,,,,,,,,,,,,,,,,,,,,,,,,,,,,,,,,,,,,,,,,
8,57,64,69,72,75,75,75,78,71,77,81,80,71,71,77,73,76,72,73,72,73,78,71,82,76,83,71,76,84,74,80,81,84,85,75,78,75,74,76,77,75,76,83,72,82,73,82,72,67,66,68,70,69,64,62,62,61,62,62,51,56,46,45,43,,,,,,,,,,,,,,,,,,,,,,,,,,,,,,,,,,,,,,,,,,,,,,,,,,,,,,,,,,,,,,,,,,,,,,,,,,,,,,,,,,,,,,,,,,,,,,,,,,,,,,,,,,,,,,,,,,,,,,,,,,,,,,,,,,,,,,,,,,,,,,,,,,,,,,,,,,,,,,,,,,,,,,,,,,,,,,,,,,,,,,,,,,,,,,,,
9,34,36,40,45,43,45,49,48,49,50,55,54,55,59,59,58,65,60,72,67,70,75,72,69,73,76,78,69,73,80,74,84,77,70,75,74,83,81,81,84,81,79,76,87,83,76,75,73,78,72,78,84,76,79,81,67,76,70,64,79,63,61,58,51,,,,,,,,,,,,,,,,,,,,,,,,,,,,,,,,,,,,,,,,,,,,,,,,,,,,,,,,,,,,,,,,,,,,,,,,,,,,,,,,,,,,,,,,,,,,,,,,,,,,,,,,,,,,,,,,,,,,,,,,,,,,,,,,,,,,,,,,,,,,,,,,,,,,,,,,,,,,,,,,,,,,,,,,,,,,,,,,,,,,,,,,,,,,,,,,
10,42,44,40,38,44,45,45,39,41,45,45,45,42,44,44,43,47,46,43,42,42,45,48,43,47,42,45,42,40,48,46,48,52,50,49,54,52,57,62,58,60,60,60,67,65,64,70,76,69,70,78,70,68,68,78,75,78,78,76,69,68,65,62,60,,,,,,,,,,,,,,,,,,,,,,,,,,,,,,,,,,,,,,,,,,,,,,,,,,,,,,,,,,,,,,,,,,,,,,,,,,,,,,,,,,,,,,,,,,,,,,,,,,,,,,,,,,,,,,,,,,,,,,,,,,,,,,,,,,,,,,,,,,,,,,,,,,,,,,,,,,,,,,,,,,,,,,,,,,,,,,,,,,,,,,,,,,,,,,,,
11,57,66,59,60,71,75,70,72,70,66,72,68,71,70,67,61,58,65,61,64,58,64,61,56,55,57,61,61,48,53,46,48,49,51,50,47,51,48,47,47,49,48,47,54,53,46,50,48,53,49,50,51,49,44,44,46,48,46,56,52,50,43,42,38,,,,,,,,,,,,,,,,,,,,,,,,,,,,,,,,,,,,,,,,,,,,,,,,,,,,,,,,,,,,,,,,,,,,,,,,,,,,,,,,,,,,,,,,,,,,,,,,,,,,,,,,,,,,,,,,,,,,,,,,,,,,,,,,,,,,,,,,,,,,,,,,,,,,,,,,,,,,,,,,,,,,,,,,,,,,,,,,,,,,,,,,,,,,,,,,
12,61,69,72,80,82,76,76,92,84,74,78,86,83,79,80,82,82,89,84,85,77,83,75,78,90,90,83,77,83,84,85,84,79,71,80,78,70,84,82,73,69,81,72,72,70,73,70,69,63,64,61,66,51,64,58,54,49,53,52,47,51,46,44,38,,,,,,,,,,,,,,,,,,,,,,,,,,,,,,,,,,,,,,,,,,,,,,,,,,,,,,,,,,,,,,,,,,,,,,,,,,,,,,,,,,,,,,,,,,,,,,,,,,,,,,,,,,,,,,,,,,,,,,,,,,,,,,,,,,,,,,,,,,,,,,,,,,,,,,,,,,,,,,,,,,,,,,,,,,,,,,,,,,,,,,,,,,,,,,,,
13,45,51,48,53,59,58,64,62,64,73,71,73,68,66,69,77,78,78,72,77,75,74,75,75,75,78,84,75,76,75,74,71,79,72,79,71,73,76,75,77,76,78,73,74,81,78,74,73,77,78,70,76,80,76,79,79,73,76,73,69,62,65,50,50,,,,,,,,,,,,,,,,,,,,,,,,,,,,,,,,,,,,,,,,,,,,,,,,,,,,,,,,,,,,,,,,,,,,,,,,,,,,,,,,,,,,,,,,,,,,,,,,,,,,,,,,,,,,,,,,,,,,,,,,,,,,,,,,,,,,,,,,,,,,,,,,,,,,,,,,,,,,,,,,,,,,,,,,,,,,,,,,,,,,,,,,,,,,,,,,
14,33,36,37,45,38,42,51,40,45,41,46,38,45,43,40,45,54,41,45,48,49,52,47,47,56,54,55,60,63,60,62,64,75,62,69,70,71,66,73,62,68,81,71,84,69,75,75,70,75,75,81,76,78,70,66,73,70,69,64,67,63,53,56,49,,,,,,,,,,,,,,,,,,,,,,,,,,,,,,,,,,,,,,,,,,,,,,,,,,,,,,,,,,,,,,,,,,,,,,,,,,,,,,,,,,,,,,,,,,,,,,,,,,,,,,,,,,,,,,,,,,,,,,,,,,,,,,,,,,,,,,,,,,,,,,,,,,,,,,,,,,,,,,,,,,,,,,,,,,,,,,,,,,,,,,,,,,,,,,,,
15,46,53,49,51,58,61,60,52,59,52,49,56,55,52,48,47,47,41,44,48,41,48,47,45,47,39,39,47,46,45,47,43,40,53,42,42,45,44,46,44,48,45,50,54,52,53,49,47,50,52,56,54,61,61,58,58,57,65,59,62,54,56,53,52,,,,,,,,,,,,,,,,,,,,,,,,,,,,,,,,,,,,,,,,,,,,,,,,,,,,,,,,,,,,,,,,,,,,,,,,,,,,,,,,,,,,,,,,,,,,,,,,,,,,,,,,,,,,,,,,,,,,,,,,,,,,,,,,,,,,,,,,,,,,,,,,,,,,,,,,,,,,,,,,,,,,,,,,,,,,,,,,,,,,,,,,,,,,,,,,
16,55,56,61,66,74,80,68,73,72,77,77,75,79,78,74,81,78,75,75,79,71,80,82,82,73,78,79,77,71,76,83,80,72,78,79,74,73,84,74,81,77,72,71,85,68,78,72,76,72,73,70,68,68,68,70,63,60,53,57,54,48,46,43,40,,,,,,,,,,,,,,,,,,,,,,,,,,,,,,,,,,,,,,,,,,,,,,,,,,,,,,,,,,,,,,,,,,,,,,,,,,,,,,,,,,,,,,,,,,,,,,,,,,,,,,,,,,,,,,,,,,,,,,,,,,,,,,,,,,,,,,,,,,,,,,,,,,,,,,,,,,,,,,,,,,,,,,,,,,,,,,,,,,,,,,,,,,,,,,,,
17,37,41,42,51,41,50,56,59,53,62,56,61,71,60,68,66,65,69,72,70,86,81,73,69,74,75,81,83,82,85,89,81,79,79,78,81,89,81,79,75,75,83,84,78,82,81,78,76,81,74,84,76,79,82,74,78,69,82,73,78,70,73,57,58,,,,,,,,,,,,,,,,,,,,,,,,,,,,,,,,,,,,,,,,,,,,,,,,,,,,,,,,,,,,,,,,,,,,,,,,,,,,,,,,,,,,,,,,,,,,,,,,,,,,,,,,,,,,,,,,,,,,,,,,,,,,,,,,,,,,,,,,,,,,,,,,,,,,,,,,,,,,,,,,,,,,,,,,,,,,,,,,,,,,,,,,,,,,,,,,
18,46,48,45,43,47,45,52,48,49,46,48,49,49,53,52,51,45,49,49,53,50,50,51,53,47,50,46,49,55,58,51,58,56,56,52,56,53,64,61,60,68,64,66,65,70,68,78,69,73,74,73,74,80,78,76,80,85,78,71,69,68,60,64,51,,,,,,,,,,,,,,,,,,,,,,,,,,,,,,,,,,,,,,,,,,,,,,,,,,,,,,,,,,,,,,,,,,,,,,,,,,,,,,,,,,,,,,,,,,,,,,,,,,,,,,,,,,,,,,,,,,,,,,,,,,,,,,,,,,,,,,,,,,,,,,,,,,,,,,,,,,,,,,,,,,,,,,,,,,,,,,,,,,,,,,,,,,,,,,,,
19,64,74,72,80,77,80,75,78,74,84,82,68,74,73,82,71,73,72,74,70,70,66,64,69,60,61,56,56,60,56,62,59,56,58,58,53,58,56,55,56,64,57,58,61,59,52,59,57,54,53,60,59,56,57,49,59,66,62,60,54,59,56,53,50,,,,,,,,,,,,,,,,,,,,,,,,,,,,,,,,,,,,,,,,,,,,,,,,,,,,,,,,,,,,,,,,,,,,,,,,,,,,,,,,,,,,,,,,,,,,,,,,,,,,,,,,,,,,,,,,,,,,,,,,,,,,,,,,,,,,,,,,,,,,,,,,,,,,,,,,,,,,,,,,,,,,,,,,,,,,,,,,,,,,,,,,,,,,,,,,
20,53,58,65,64,70,64,79,82,69,71,79,79,76,73,79,79,77,73,79,74,77,74,79,80,76,69,73,80,73,72,74,75,74,73,69,67,68,68,67,70,67,64,65,59,63,61,55,56,56,58,61,50,49,60,56,41,42,48,41,43,38,39,37,34,,,,,,,,,,,,,,,,,,,,,,,,,,,,,,,,,,,,,,,,,,,,,,,,,,,,,,,,,,,,,,,,,,,,,,,,,,,,,,,,,,,,,,,,,,,,,,,,,,,,,,,,,,,,,,,,,,,,,,,,,,,,,,,,,,,,,,,,,,,,,,,,,,,,,,,,,,,,,,,,,,,,,,,,,,,,,,,,,,,,,,,,,,,,,,,,
21,44,49,52,60,57,57,63,67,69,64,69,69,75,74,75,86,72,78,88,83,75,76,81,73,77,75,79,74,76,78,78,81,74,78,77,80,76,77,78,76,80,77,75,72,75,71,71,78,75,74,73,82,75,70,73,76,79,67,70,62,69,64,55,48,,,,,,,,,,,,,,,,,,,,,,,,,,,,,,,,,,,,,,,,,,,,,,,,,,,,,,,,,,,,,,,,,,,,,,,,,,,,,,,,,,,,,,,,,,,,,,,,,,,,,,,,,,,,,,,,,,,,,,,,,,,,,,,,,,,,,,,,,,,,,,,,,,,,,,,,,,,,,,,,,,,,,,,,,,,,,,,,,,,,,,,,,,,,,,,,
22,36,39,38,40,42,43,43,44,44,45,50,43,46,46,42,47,44,53,49,53,49,59,51,53,60,60,55,61,60,65,69,67,65,71,77,80,74,70,74,74,76,80,80,80,75,76,81,74,81,81,84,85,83,72,71,84,77,78,73,76,67,64,56,52,,,,,,,,,,,,,,,,,,,,,,,,,,,,,,,,,,,,,,,,,,,,,,,,,,,,,,,,,,,,,,,,,,,,,,,,,,,,,,,,,,,,,,,,,,,,,,,,,,,,,,,,,,,,,,,,,,,,,,,,,,,,,,,,,,,,,,,,,,,,,,,,,,,,,,,,,,,,,,,,,,,,,,,,,,,,,,,,,,,,,,,,,,,,,,,,
23,45,51,54,50,56,65,54,54,53,51,53,53,48,51,47,43,42,41,43,40,43,43,47,41,42,44,47,41,45,42,42,42,39,48,41,40,45,41,42,41,40,42,41,45,45,48,46,50,44,52,56,54,57,55,61,64,59,60,59,65,59,56,50,50,,,,,,,,,,,,,,,,,,,,,,,,,,,,,,,,,,,,,,,,,,,,,,,,,,,,,,,,,,,,,,,,,,,,,,,,,,,,,,,,,,,,,,,,,,,,,,,,,,,,,,,,,,,,,,,,,,,,,,,,,,,,,,,,,,,,,,,,,,,,,,,,,,,,,,,,,,,,,,,,,,,,,,,,,,,,,,,,,,,,,,,,,,,,,,,,
24,63,64,71,69,73,75,77,79,68,73,76,74,72,77,78,82,78,77,76,74,78,78,80,79,77,82,79,74,72,71,72,82,73,76,75,73,70,79,77,78,66,83,76,72,70,72,81,72,74,70,71,68,75,71,64,65,67,61,57,59,55,56,52,48,,,,,,,,,,,,,,,,,,,,,,,,,,,,,,,,,,,,,,,,,,,,,,,,,,,,,,,,,,,,,,,,,,,,,,,,,,,,,,,,,,,,,,,,,,,,,,,,,,,,,,,,,,,,,,,,,,,,,,,,,,,,,,,,,,,,,,,,,,,,,,,,,,,,,,,,,,,,,,,,,,,,,,,,,,,,,,,,,,,,,,,,,,,,,,,,
25,33,36,33,43,41,44,50,46,47,54,49,54,59,53,60,59,63,59,62,62,66,68,71,68,72,65,67,71,68,75,76,78,70,76,71,73,80,75,80,75,77,75,78,85,82,67,78,75,76,73,72,72,70,75,75,68,76,77,69,75,63,58,56,57,,,,,,,,,,,,,,,,,,,,,,,,,,,,,,,,,,,,,,,,,,,,,,,,,,,,,,,,,,,,,,,,,,,,,,,,,,,,,,,,,,,,,,,,,,,,,,,,,,,,,,,,,,,,,,,,,,,,,,,,,,,,,,,,,,,,,,,,,,,,,,,,,,,,,,,,,,,,,,,,,,,,,,,,,,,,,,,,,,,,,,,,,,,,,,,,
26,43,47,43,45,43,42,45,44,45,49,47,39,47,41,55,43,47,48,49,47,45,48,47,49,45,48,49,49,48,44,45,52,54,53,48,53,59,53,61,58,61,59,60,61,61,67,63,72,67,69,67,77,71,75,75,75,67,73,76,69,67,64,58,55,,,,,,,,,,,,,,,,,,,,,,,,,,,,,,,,,,,,,,,,,,,,,,,,,,,,,,,,,,,,,,,,,,,,,,,,,,,,,,,,,,,,,,,,,,,,,,,,,,,,,,,,,,,,,,,,,,,,,,,,,,,,,,,,,,,,,,,,,,,,,,,,,,,,,,,,,,,,,,,,,,,,,,,,,,,,,,,,,,,,,,,,,,,,,,,,
27,52,60,63,65,65,73,66,73,69,73,66,71,71,62,58,62,61,60,56,60,56,51,53,50,53,56,53,51,44,47,45,49,41,44,45,48,49,43,46,48,45,44,45,47,47,43,45,42,44,47,46,44,46,43,46,43,46,42,42,47,48,43,40,41,,,,,,,,,,,,,,,,,,,,,,,,,,,,,,,,,,,,,,,,,,,,,,,,,,,,,,,,,,,,,,,,,,,,,,,,,,,,,,,,,,,,,,,,,,,,,,,,,,,,,,,,,,,,,,,,,,,,,,,,,,,,,,,,,,,,,,,,,,,,,,,,,,,,,,,,,,,,,,,,,,,,,,,,,,,,,,,,,,,,,,,,,,,,,,,,
28,56,63,61,71,71,66,72,71,74,69,74,72,79,68,79,82,73,77,77,76,73,76,75,72,75,75,75,72,73,73,73,74,72,69,65,69,70,71,74,69,65,61,67,60,58,69,67,52,56,52,54,57,54,51,48,47,46,44,43,44,45,44,37,37,,,,,,,,,,,,,,,,,,,,,,,,,,,,,,,,,,,,,,,,,,,,,,,,,,,,,,,,,,,,,,,,,,,,,,,,,,,,,,,,,,,,,,,,,,,,,,,,,,,,,,,,,,,,,,,,,,,,,,,,,,,,,,,,,,,,,,,,,,,,,,,,,,,,,,,,,,,,,,,,,,,,,,,,,,,,,,,,,,,,,,,,,,,,,,,,
29,44,46,50,53,56,63,59,68,70,72,75,76,67,75,70,75,77,75,76,80,71,69,73,79,84,80,76,76,81,81,77,79,72,74,81,83,81,79,76,72,81,73,70,83,77,79,77,75,79,76,72,74,71,72,73,72,69,71,66,61,59,58,54,46,,,,,,,,,,,,,,,,,,,,,,,,,,,,,,,,,,,,,,,,,,,,,,,,,,,,,,,,,,,,,,,,,,,,,,,,,,,,,,,,,,,,,,,,,,,,,,,,,,,,,,,,,,,,,,,,,,,,,,,,,,,,,,,,,,,,,,,,,,,,,,,,,,,,,,,,,,,,,,,,,,,,,,,,,,,,,,,,,,,,,,,,,,,,,,,,
30,34,38,40,38,40,42,43,45,43,43,44,43,42,46,43,44,43,44,48,45,45,48,52,56,58,57,59,62,65,62,63,64,67,70,67,69,67,74,70,67,73,75,83,76,78,73,84,75,77,75,79,75,77,71,77,80,75,68,73,68,59,65,61,54,,,,,,,,,,,,,,,,,,,,,,,,,,,,,,,,,,,,,,,,,,,,,,,,,,,,,,,,,,,,,,,,,,,,,,,,,,,,,,,,,,,,,,,,,,,,,,,,,,,,,,,,,,,,,,,,,,,,,,,,,,,,,,,,,,,,,,,,,,,,,,,,,,,,,,,,,,,,,,,,,,,,,,,,,,,,,,,,,,,,,,,,,,,,,,,,
31,45,52,51,59,55,54,61,53,48,56,53,56,51,49,47,41,45,43,43,43,43,44,43,44,44,41,42,44,42,44,45,44,46,48,47,43,44,41,41,47,46,46,43,47,48,49,51,56,50,49,59,60,53,56,53,60,55,66,60,55,60,57,57,49,,,,,,,,,,,,,,,,,,,,,,,,,,,,,,,,,,,,,,,,,,,,,,,,,,,,,,,,,,,,,,,,,,,,,,,,,,,,,,,,,,,,,,,,,,,,,,,,,,,,,,,,,,,,,,,,,,,,,,,,,,,,,,,,,,,,,,,,,,,,,,,,,,,,,,,,,,,,,,,,,,,,,,,,,,,,,,,,,,,,,,,,,,,,,,,,
32,62,57,66,74,71,77,73,82,79,79,83,77,76,80,77,71,75,74,80,78,91,75,84,81,83,77,75,72,76,78,74,82,82,77,81,82,86,72,78,74,76,79,76,86,81,76,76,72,71,69,72,75,65,72,69,66,69,67,72,59,54,47,45,52,,,,,,,,,,,,,,,,,,,,,,,,,,,,,,,,,,,,,,,,,,,,,,,,,,,,,,,,,,,,,,,,,,,,,,,,,,,,,,,,,,,,,,,,,,,,,,,,,,,,,,,,,,,,,,,,,,,,,,,,,,,,,,,,,,,,,,,,,,,,,,,,,,,,,,,,,,,,,,,,,,,,,,,,,,,,,,,,,,,,,,,,,,,,,,,,
33,35,36,43,44,46,46,48,49,51,47,54,55,63,63,62,61,61,66,59,70,72,77,65,71,71,77,74,70,77,79,79,71,74,76,72,75,80,79,75,80,77,73,69,79,76,83,73,82,74,77,78,81,82,75,81,73,78,72,70,78,63,64,58,54,,,,,,,,,,,,,,,,,,,,,,,,,,,,,,,,,,,,,,,,,,,,,,,,,,,,,,,,,,,,,,,,,,,,,,,,,,,,,,,,,,,,,,,,,,,,,,,,,,,,,,,,,,,,,,,,,,,,,,,,,,,,,,,,,,,,,,,,,,,,,,,,,,,,,,,,,,,,,,,,,,,,,,,,,,,,,,,,,,,,,,,,,,,,,,,,
34,46,41,45,45,44,46,48,46,52,53,50,50,49,53,51,51,53,48,53,52,46,43,49,52,48,49,47,50,49,50,52,53,56,52,52,55,54,62,68,60,64,65,72,71,70,73,74,72,69,71,72,70,66,73,79,75,79,75,70,75,69,65,61,64,,,,,,,,,,,,,,,,,,,,,,,,,,,,,,,,,,,,,,,,,,,,,,,,,,,,,,,,,,,,,,,,,,,,,,,,,,,,,,,,,,,,,,,,,,,,,,,,,,,,,,,,,,,,,,,,,,,,,,,,,,,,,,,,,,,,,,,,,,,,,,,,,,,,,,,,,,,,,,,,,,,,,,,,,,,,,,,,,,,,,,,,,,,,,,,,
35,62,60,64,67,71,71,73,72,63,75,75,67,69,69,61,65,68,62,64,64,60,53,54,53,58,57,49,65,49,48,49,48,46,52,55,49,45,47,49,46,46,46,50,48,48,49,49,48,40,44,46,51,51,46,48,46,45,49,49,50,47,46,45,41,,,,,,,,,,,,,,,,,,,,,,,,,,,,,,,,,,,,,,,,,,,,,,,,,,,,,,,,,,,,,,,,,,,,,,,,,,,,,,,,,,,,,,,,,,,,,,,,,,,,,,,,,,,,,,,,,,,,,,,,,,,,,,,,,,,,,,,,,,,,,,,,,,,,,,,,,,,,,,,,,,,,,,,,,,,,,,,,,,,,,,,,,,,,,,,,
36,58,67,67,68,73,78,78,78,78,71,72,76,76,75,81,79,75,78,79,80,82,23,82,76,79,75,80,73,77,75,82,71,76,73,71,76,71,70,72,65,68,69,70,64,59,65,60,55,57,56,55,60,53,57,52,48,49,48,48,43,42,37,36,37,,,,,,,,,,,,,,,,,,,,,,,,,,,,,,,,,,,,,,,,,,,,,,,,,,,,,,,,,,,,,,,,,,,,,,,,,,,,,,,,,,,,,,,,,,,,,,,,,,,,,,,,,,,,,,,,,,,,,,,,,,,,,,,,,,,,,,,,,,,,,,,,,,,,,,,,,,,,,,,,,,,,,,,,,,,,,,,,,,,,,,,,,,,,,,,,
37,46,55,52,61,62,62,68,70,71,76,76,72,67,78,80,75,82,74,82,79,84,78,73,77,79,82,81,82,83,83,80,79,83,71,84,79,78,80,80,81,74,81,83,83,77,85,74,79,86,81,77,76,78,74,82,81,74,64,82,67,62,65,55,52,,,,,,,,,,,,,,,,,,,,,,,,,,,,,,,,,,,,,,,,,,,,,,,,,,,,,,,,,,,,,,,,,,,,,,,,,,,,,,,,,,,,,,,,,,,,,,,,,,,,,,,,,,,,,,,,,,,,,,,,,,,,,,,,,,,,,,,,,,,,,,,,,,,,,,,,,,,,,,,,,,,,,,,,,,,,,,,,,,,,,,,,,,,,,,,,
38,34,37,38,42,41,40,38,42,43,45,44,43,42,42,45,48,46,49,47,52,45,46,51,56,53,60,57,59,63,61,62,67,67,73,65,75,76,72,72,70,78,83,77,83,85,79,89,88,79,69,86,75,75,84,75,74,74,79,69,63,69,66,59,54,,,,,,,,,,,,,,,,,,,,,,,,,,,,,,,,,,,,,,,,,,,,,,,,,,,,,,,,,,,,,,,,,,,,,,,,,,,,,,,,,,,,,,,,,,,,,,,,,,,,,,,,,,,,,,,,,,,,,,,,,,,,,,,,,,,,,,,,,,,,,,,,,,,,,,,,,,,,,,,,,,,,,,,,,,,,,,,,,,,,,,,,,,,,,,,,
39,48,55,58,59,54,62,54,59,57,59,55,62,56,60,49,50,47,49,47,42,45,48,52,46,49,48,45,50,48,53,49,49,49,51,48,47,47,49,51,46,47,45,48,57,53,49,50,53,54,52,57,52,58,59,60,61,63,62,66,66,64,63,54,51,,,,,,,,,,,,,,,,,,,,,,,,,,,,,,,,,,,,,,,,,,,,,,,,,,,,,,,,,,,,,,,,,,,,,,,,,,,,,,,,,,,,,,,,,,,,,,,,,,,,,,,,,,,,,,,,,,,,,,,,,,,,,,,,,,,,,,,,,,,,,,,,,,,,,,,,,,,,,,,,,,,,,,,,,,,,,,,,,,,,,,,,,,,,,,,,
40,58,65,68,64,72,82,65,69,69,78,74,77,69,73,69,78,79,77,79,80,77,74,77,74,77,80,75,81,79,79,72,78,69,71,77,75,74,71,75,77,72,73,71,80,80,75,74,71,68,63,71,72,65,65,60,59,66,54,57,59,55,50,46,46,,,,,,,,,,,,,,,,,,,,,,,,,,,,,,,,,,,,,,,,,,,,,,,,,,,,,,,,,,,,,,,,,,,,,,,,,,,,,,,,,,,,,,,,,,,,,,,,,,,,,,,,,,,,,,,,,,,,,,,,,,,,,,,,,,,,,,,,,,,,,,,,,,,,,,,,,,,,,,,,,,,,,,,,,,,,,,,,,,,,,,,,,,,,,,,,
41,34,34,40,36,41,40,46,50,52,50,53,56,57,56,63,56,63,59,67,63,68,74,75,71,67,73,63,68,76,80,74,74,79,75,74,64,82,76,80,74,70,75,84,81,74,82,76,72,74,78,74,73,70,76,84,78,78,75,72,71,62,55,54,51,,,,,,,,,,,,,,,,,,,,,,,,,,,,,,,,,,,,,,,,,,,,,,,,,,,,,,,,,,,,,,,,,,,,,,,,,,,,,,,,,,,,,,,,,,,,,,,,,,,,,,,,,,,,,,,,,,,,,,,,,,,,,,,,,,,,,,,,,,,,,,,,,,,,,,,,,,,,,,,,,,,,,,,,,,,,,,,,,,,,,,,,,,,,,,,,
42,44,46,43,49,44,47,45,50,56,49,48,47,47,52,47,56,50,47,51,52,49,48,45,50,48,57,46,46,47,56,48,54,50,56,57,55,58,65,66,63,63,67,57,64,63,66,66,75,71,68,77,73,70,75,69,77,70,74,75,65,65,66,61,67,,,,,,,,,,,,,,,,,,,,,,,,,,,,,,,,,,,,,,,,,,,,,,,,,,,,,,,,,,,,,,,,,,,,,,,,,,,,,,,,,,,,,,,,,,,,,,,,,,,,,,,,,,,,,,,,,,,,,,,,,,,,,,,,,,,,,,,,,,,,,,,,,,,,,,,,,,,,,,,,,,,,,,,,,,,,,,,,,,,,,,,,,,,,,,,,
43,58,66,72,67,68,67,75,76,66,70,67,68,75,70,63,68,67,65,60,64,59,60,56,57,60,59,63,61,51,48,48,52,46,46,48,53,47,52,49,42,48,50,43,45,47,51,49,47,49,45,47,48,49,51,48,47,49,46,48,47,48,48,46,40,,,,,,,,,,,,,,,,,,,,,,,,,,,,,,,,,,,,,,,,,,,,,,,,,,,,,,,,,,,,,,,,,,,,,,,,,,,,,,,,,,,,,,,,,,,,,,,,,,,,,,,,,,,,,,,,,,,,,,,,,,,,,,,,,,,,,,,,,,,,,,,,,,,,,,,,,,,,,,,,,,,,,,,,,,,,,,,,,,,,,,,,,,,,,,,,
44,51,57,66,71,70,63,71,73,72,78,80,73,78,72,84,88,81,73,74,74,82,83,78,82,72,73,78,78,75,78,78,75,89,79,69,66,69,76,71,65,68,67,64,63,61,60,56,56,56,51,53,52,52,54,45,42,42,45,39,39,39,36,36,31,,,,,,,,,,,,,,,,,,,,,,,,,,,,,,,,,,,,,,,,,,,,,,,,,,,,,,,,,,,,,,,,,,,,,,,,,,,,,,,,,,,,,,,,,,,,,,,,,,,,,,,,,,,,,,,,,,,,,,,,,,,,,,,,,,,,,,,,,,,,,,,,,,,,,,,,,,,,,,,,,,,,,,,,,,,,,,,,,,,,,,,,,,,,,,,,
45,47,51,55,53,61,62,67,70,73,69,68,72,71,71,76,72,74,79,85,83,76,70,76,77,80,71,77,86,75,78,70,75,75,81,80,84,77,74,76,77,69,72,78,69,82,76,71,74,71,79,74,73,73,75,74,75,73,70,69,59,60,67,51,48,,,,,,,,,,,,,,,,,,,,,,,,,,,,,,,,,,,,,,,,,,,,,,,,,,,,,,,,,,,,,,,,,,,,,,,,,,,,,,,,,,,,,,,,,,,,,,,,,,,,,,,,,,,,,,,,,,,,,,,,,,,,,,,,,,,,,,,,,,,,,,,,,,,,,,,,,,,,,,,,,,,,,,,,,,,,,,,,,,,,,,,,,,,,,,,,
46,39,44,46,48,46,55,50,49,46,48,46,50,55,50,53,48,52,52,55,55,56,56,53,62,61,56,65,64,60,61,71,60,67,68,67,76,72,71,77,75,75,82,75,77,90,69,81,84,80,78,81,83,82,79,75,79,77,79,73,73,69,59,61,58,,,,,,,,,,,,,,,,,,,,,,,,,,,,,,,,,,,,,,,,,,,,,,,,,,,,,,,,,,,,,,,,,,,,,,,,,,,,,,,,,,,,,,,,,,,,,,,,,,,,,,,,,,,,,,,,,,,,,,,,,,,,,,,,,,,,,,,,,,,,,,,,,,,,,,,,,,,,,,,,,,,,,,,,,,,,,,,,,,,,,,,,,,,,,,,,
47,52,58,61,64,59,61,60,63,59,57,61,63,61,58,56,54,51,54,49,46,47,43,50,54,54,47,46,44,51,48,52,48,46,52,54,54,54,51,49,46,54,53,50,51,53,54,62,53,60,58,62,62,64,70,67,70,63,58,72,66,65,63,58,58,,,,,,,,,,,,,,,,,,,,,,,,,,,,,,,,,,,,,,,,,,,,,,,,,,,,,,,,,,,,,,,,,,,,,,,,,,,,,,,,,,,,,,,,,,,,,,,,,,,,,,,,,,,,,,,,,,,,,,,,,,,,,,,,,,,,,,,,,,,,,,,,,,,,,,,,,,,,,,,,,,,,,,,,,,,,,,,,,,,,,,,,,,,,,,,,
48,61,70,67,68,76,74,82,70,77,78,82,71,81,74,77,74,78,76,81,74,82,79,78,80,80,71,80,78,82,87,84,79,80,92,96,86,77,72,81,85,81,77,70,75,79,82,75,82,73,76,82,76,69,70,69,73,68,61,66,59,57,56,49,45,,,,,,,,,,,,,,,,,,,,,,,,,,,,,,,,,,,,,,,,,,,,,,,,,,,,,,,,,,,,,,,,,,,,,,,,,,,,,,,,,,,,,,,,,,,,,,,,,,,,,,,,,,,,,,,,,,,,,,,,,,,,,,,,,,,,,,,,,,,,,,,,,,,,,,,,,,,,,,,,,,,,,,,,,,,,,,,,,,,,,,,,,,,,,,,,
49,37,38,43,45,43,44,50,57,56,56,50,55,57,57,61,57,61,59,67,72,67,69,69,72,72,77,74,75,78,79,87,81,77,80,79,78,81,79,77,74,83,78,73,77,75,82,77,75,77,72,81,72,72,77,67,73,70,75,68,67,66,67,62,58,,,,,,,,,,,,,,,,,,,,,,,,,,,,,,,,,,,,,,,,,,,,,,,,,,,,,,,,,,,,,,,,,,,,,,,,,,,,,,,,,,,,,,,,,,,,,,,,,,,,,,,,,,,,,,,,,,,,,,,,,,,,,,,,,,,,,,,,,,,,,,,,,,,,,,,,,,,,,,,,,,,,,,,,,,,,,,,,,,,,,,,,,,,,,,,,
50,42,47,37,43,45,42,47,51,45,40,43,47,42,46,47,45,46,42,47,45,48,45,47,48,44,44,46,45,48,43,45,52,51,48,48,52,51,59,56,65,61,63,59,58,69,65,71,67,69,75,65,70,68,69,72,75,72,69,76,70,65,62,60,53,,,,,,,,,,,,,,,,,,,,,,,,,,,,,,,,,,,,,,,,,,,,,,,,,,,,,,,,,,,,,,,,,,,,,,,,,,,,,,,,,,,,,,,,,,,,,,,,,,,,,,,,,,,,,,,,,,,,,,,,,,,,,,,,,,,,,,,,,,,,,,,,,,,,,,,,,,,,,,,,,,,,,,,,,,,,,,,,,,,,,,,,,,,,,,,,
51,61,62,67,69,68,70,73,68,69,64,65,69,74,66,67,68,64,61,67,71,56,55,53,55,52,51,56,53,50,44,50,45,48,49,45,46,44,51,50,49,48,50,48,43,48,48,48,53,48,45,46,50,44,42,46,47,50,45,47,50,47,47,44,43,,,,,,,,,,,,,,,,,,,,,,,,,,,,,,,,,,,,,,,,,,,,,,,,,,,,,,,,,,,,,,,,,,,,,,,,,,,,,,,,,,,,,,,,,,,,,,,,,,,,,,,,,,,,,,,,,,,,,,,,,,,,,,,,,,,,,,,,,,,,,,,,,,,,,,,,,,,,,,,,,,,,,,,,,,,,,,,,,,,,,,,,,,,,,,,,
52,53,57,69,60,69,70,77,70,70,75,74,75,68,79,71,73,84,76,69,72,74,72,70,77,71,76,84,72,72,78,76,79,75,70,70,68,74,62,59,61,61,63,62,56,58,61,53,56,49,48,55,51,50,52,48,43,40,37,40,40,41,35,35,28,,,,,,,,,,,,,,,,,,,,,,,,,,,,,,,,,,,,,,,,,,,,,,,,,,,,,,,,,,,,,,,,,,,,,,,,,,,,,,,,,,,,,,,,,,,,,,,,,,,,,,,,,,,,,,,,,,,,,,,,,,,,,,,,,,,,,,,,,,,,,,,,,,,,,,,,,,,,,,,,,,,,,,,,,,,,,,,,,,,,,,,,,,,,,,,,
53,47,49,59,58,70,65,66,68,71,74,71,76,73,70,76,78,75,69,84,74,74,76,81,78,70,73,78,70,77,79,78,76,79,76,73,80,81,73,80,78,80,80,81,69,79,77,74,73,76,76,76,72,74,76,68,78,76,73,77,71,60,61,64,53,,,,,,,,,,,,,,,,,,,,,,,,,,,,,,,,,,,,,,,,,,,,,,,,,,,,,,,,,,,,,,,,,,,,,,,,,,,,,,,,,,,,,,,,,,,,,,,,,,,,,,,,,,,,,,,,,,,,,,,,,,,,,,,,,,,,,,,,,,,,,,,,,,,,,,,,,,,,,,,,,,,,,,,,,,,,,,,,,,,,,,,,,,,,,,,,
54,39,39,42,48,45,46,43,40,46,50,50,48,50,47,46,48,43,52,59,52,51,50,54,50,56,51,56,58,54,61,61,71,68,71,73,63,67,63,65,68,67,77,69,77,69,72,74,71,73,69,69,76,77,66,67,60,74,66,66,59,69,57,60,51,,,,,,,,,,,,,,,,,,,,,,,,,,,,,,,,,,,,,,,,,,,,,,,,,,,,,,,,,,,,,,,,,,,,,,,,,,,,,,,,,,,,,,,,,,,,,,,,,,,,,,,,,,,,,,,,,,,,,,,,,,,,,,,,,,,,,,,,,,,,,,,,,,,,,,,,,,,,,,,,,,,,,,,,,,,,,,,,,,,,,,,,,,,,,,,,
55,54,62,53,58,66,66,61,58,56,56,61,60,56,62,51,55,58,51,50,48,43,46,48,48,49,53,51,48,52,53,53,48,51,49,56,51,54,56,54,47,49,48,48,52,50,54,59,48,53,57,68,61,64,59,61,62,60,63,74,68,60,57,54,66,,,,,,,,,,,,,,,,,,,,,,,,,,,,,,,,,,,,,,,,,,,,,,,,,,,,,,,,,,,,,,,,,,,,,,,,,,,,,,,,,,,,,,,,,,,,,,,,,,,,,,,,,,,,,,,,,,,,,,,,,,,,,,,,,,,,,,,,,,,,,,,,,,,,,,,,,,,,,,,,,,,,,,,,,,,,,,,,,,,,,,,,,,,,,,,,
56,46,58,60,59,63,68,69,63,68,63,75,75,72,68,65,65,73,79,69,71,71,66,71,70,74,73,71,74,71,71,71,72,65,70,68,76,69,74,73,66,67,74,66,67,69,66,64,68,63,64,65,64,62,60,54,57,54,55,58,52,47,44,40,36,,,,,,,,,,,,,,,,,,,,,,,,,,,,,,,,,,,,,,,,,,,,,,,,,,,,,,,,,,,,,,,,,,,,,,,,,,,,,,,,,,,,,,,,,,,,,,,,,,,,,,,,,,,,,,,,,,,,,,,,,,,,,,,,,,,,,,,,,,,,,,,,,,,,,,,,,,,,,,,,,,,,,,,,,,,,,,,,,,,,,,,,,,,,,,,,
57,33,40,38,45,42,45,47,46,48,53,50,58,59,58,57,58,56,63,60,66,63,66,67,71,69,74,67,70,74,78,74,72,73,70,73,74,71,77,75,74,72,73,71,74,71,79,67,76,70,84,74,77,74,78,72,68,75,72,62,70,62,59,57,52,,,,,,,,,,,,,,,,,,,,,,,,,,,,,,,,,,,,,,,,,,,,,,,,,,,,,,,,,,,,,,,,,,,,,,,,,,,,,,,,,,,,,,,,,,,,,,,,,,,,,,,,,,,,,,,,,,,,,,,,,,,,,,,,,,,,,,,,,,,,,,,,,,,,,,,,,,,,,,,,,,,,,,,,,,,,,,,,,,,,,,,,,,,,,,,,
58,40,42,38,41,37,42,43,41,43,44,38,42,42,43,40,43,42,41,43,43,44,39,38,41,38,38,41,43,44,41,44,41,52,46,48,46,52,56,54,54,52,54,57,55,65,59,64,64,64,63,67,67,66,69,68,68,70,72,68,61,64,57,54,49,,,,,,,,,,,,,,,,,,,,,,,,,,,,,,,,,,,,,,,,,,,,,,,,,,,,,,,,,,,,,,,,,,,,,,,,,,,,,,,,,,,,,,,,,,,,,,,,,,,,,,,,,,,,,,,,,,,,,,,,,,,,,,,,,,,,,,,,,,,,,,,,,,,,,,,,,,,,,,,,,,,,,,,,,,,,,,,,,,,,,,,,,,,,,,,,
59,52,55,62,62,64,65,63,64,63,61,62,66,66,58,58,56,55,57,56,59,52,51,52,48,52,51,50,48,47,40,42,42,42,40,39,43,38,44,43,39,47,38,39,40,43,41,43,43,44,39,44,42,42,43,37,40,41,45,45,42,43,43,39,37,,,,,,,,,,,,,,,,,,,,,,,,,,,,,,,,,,,,,,,,,,,,,,,,,,,,,,,,,,,,,,,,,,,,,,,,,,,,,,,,,,,,,,,,,,,,,,,,,,,,,,,,,,,,,,,,,,,,,,,,,,,,,,,,,,,,,,,,,,,,,,,,,,,,,,,,,,,,,,,,,,,,,,,,,,,,,,,,,,,,,,,,,,,,,,,,
60,55,54,61,63,62,64,63,67,67,65,66,70,65,63,68,66,74,67,65,66,69,69,64,64,65,71,65,68,63,69,71,68,67,72,63,60,61,63,63,59,60,57,57,54,59,63,55,51,52,52,45,51,48,46,43,40,44,41,40,36,39,33,31,29,,,,,,,,,,,,,,,,,,,,,,,,,,,,,,,,,,,,,,,,,,,,,,,,,,,,,,,,,,,,,,,,,,,,,,,,,,,,,,,,,,,,,,,,,,,,,,,,,,,,,,,,,,,,,,,,,,,,,,,,,,,,,,,,,,,,,,,,,,,,,,,,,,,,,,,,,,,,,,,,,,,,,,,,,,,,,,,,,,,,,,,,,,,,,,,,
61,37,38,40,47,49,52,48,56,54,57,52,54,56,59,58,60,62,59,65,58,57,61,63,62,63,64,61,60,53,59,61,60,61,57,61,67,61,54,59,65,65,58,62,63,62,53,60,61,60,54,55,58,59,59,66,59,60,56,55,53,54,44,44,37,,,,,,,,,,,,,,,,,,,,,,,,,,,,,,,,,,,,,,,,,,,,,,,,,,,,,,,,,,,,,,,,,,,,,,,,,,,,,,,,,,,,,,,,,,,,,,,,,,,,,,,,,,,,,,,,,,,,,,,,,,,,,,,,,,,,,,,,,,,,,,,,,,,,,,,,,,,,,,,,,,,,,,,,,,,,,,,,,,,,,,,,,,,,,,,,
62,35,33,34,38,38,40,40,40,37,39,41,39,44,41,35,40,40,39,41,45,44,47,39,44,46,48,50,47,58,54,51,52,62,50,57,58,56,58,56,55,56,54,64,54,62,60,70,56,57,57,63,55,62,57,56,56,57,62,57,54,57,53,53,47,,,,,,,,,,,,,,,,,,,,,,,,,,,,,,,,,,,,,,,,,,,,,,,,,,,,,,,,,,,,,,,,,,,,,,,,,,,,,,,,,,,,,,,,,,,,,,,,,,,,,,,,,,,,,,,,,,,,,,,,,,,,,,,,,,,,,,,,,,,,,,,,,,,,,,,,,,,,,,,,,,,,,,,,,,,,,,,,,,,,,,,,,,,,,,,,
63,47,50,50,50,53,57,50,45,41,49,49,49,50,49,39,37,39,40,40,47,40,42,39,39,39,41,40,38,37,38,38,38,39,42,42,40,43,41,39,39,39,45,39,41,47,45,41,48,48,50,52,49,45,54,49,50,50,55,54,55,59,51,50,48,,,,,,,,,,,,,,,,,,,,,,,,,,,,,,,,,,,,,,,,,,,,,,,,,,,,,,,,,,,,,,,,,,,,,,,,,,,,,,,,,,,,,,,,,,,,,,,,,,,,,,,,,,,,,,,,,,,,,,,,,,,,,,,,,,,,,,,,,,,,,,,,,,,,,,,,,,,,,,,,,,,,,,,,,,,,,,,,,,,,,,,,,,,,,,,,
,,,,,,,,,,,,,,,,,,,,,,,,,,,,,,,,,,,,,,,,,,,,,,,,,,,,,,,,,,,,,,,,,,,,,,,,,,,,,,,,,,,,,,,,,,,,,,,,,,,,,,,,,,,,,,,,,,,,,,,,,,,,,,,,,,,,,,,,,,,,,,,,,,,,,,,,,,,,,,,,,,,,,,,,,,,,,,,,,,,,,,,,,,,,,,,,,,,,,,,,,,,,,,,,,,,,,,,,,,,,,,,,,,,,,,,,,,,,,,,,,,,,,,,,,,,,,,,,
value,0,1,2,3,4,5,6,7,8,9,10,11,12,13,14,15,16,17,18,19,20,21,22,23,24,25,26,27,28,29,30,31,32,33,34,35,36,37,38,39,40,41,42,43,44,45,46,47,48,49,50,51,52,53,54,55,56,57,58,59,60,61,62,63,64,65,66,67,68,69,70,71,72,73,74,75,76,77,78,79,80,81,82,83,84,85,86,87,88,89,90,91,92,93,94,95,96,97,98,99,100,101,102,103,104,105,106,107,108,109,110,111,112,113,114,115,116,117,118,119,120,121,122,123,124,125,126,127,128,129,130,131,132,133,134,135,136,137,138,139,140,141,142,143,144,145,146,147,148,149,150,151,152,153,154,155,156,157,158,159,160,161,162,163,164,165,166,167,168,169,170,171,172,173,174,175,176,177,178,179,180,181,182,183,184,185,186,187,188,189,190,191,192,193,194,195,196,197,198,199,200,201,202,203,204,205,206,207,208,209,210,211,212,213,214,215,216,217,218,219,220,221,222,223,224,225,226,227,228,229,230,231,232,233,234,235,236,237,238,239,240,241,242,243,244,245,246,247,248,249,250,251,252,253,254,255
count,0,0,0,0,0,0,0,0,0,0,0,0,0,0,0,0,0,0,0,0,0,0,0,1,0,0,0,0,1,1,1,2,2,9,12,12,24,29,44,48,60,63,75,86,82,107,96,101,120,100,92,74,90,92,87,72,107,82,83,86,88,88,76,73,72,73,71,88,91,109,97,110,112,110,114,132,105,94,99,82,57,57,53,31,34,12,9,3,3,5,3,1,2,0,0,0,1,0,0,0,0,0,0,0,0,0,0,0,0,0,0,0,0,0,0,0,0,0,0,0,0,0,0,0,0,0,0,0,0,0,0,0,0,0,0,0,0,0,0,0,0,0,0,0,0,0,0,0,0,0,0,0,0,0,0,0,0,0,0,0,0,0,0,0,0,0,0,0,0,0,0,0,0,0,0,0,0,0,0,0,0,0,0,0,0,0,0,0,0,0,0,0,0,0,0,0,0,0,0,0,0,0,0,0,0,0,0,0,0,0,0,0,0,0,0,0,0,0,0,0,0,0,0,0,0,0,0,0,0,0,0,0,0,0,0,0,0,0,0,0,0,0,0,0,0,0,0,0,0,0,0,0,0,0,0,0
,,,,,,,,,,,,,,,,,,,,,,,,,,,,,,,,,,,,,,,,,,,,,,,,,,,,,,,,,,,,,,,,,,,,,,,,,,,,,,,,,,,,,,,,,,,,,,,,,,,,,,,,,,,,,,,,,,,,,,,,,,,,,,,,,,,,,,,,,,,,,,,,,,,,,,,,,,,,,,,,,,,,,,,,,,,,,,,,,,,,,,,,,,,,,,,,,,,,,,,,,,,,,,,,,,,,,,,,,,,,,,,,,,,,,,,,,,,,,,,,,,,,,,,,,,,,,,,,
9,,,,,,,,,,,,,,,,,,,,,,,,,,,,,,,,,,,,,,,,,,,,,,,,,,,,,,,,,,,,,,,,,,,,,,,,,,,,,,,,,,,,,,,,,,,,,,,,,,,,,,,,,,,,,,,,,,,,,,,,,,,,,,,,,,,,,,,,,,,,,,,,,,,,,,,,,,,,,,,,,,,,,,,,,,,,,,,,,,,,,,,,,,,,,,,,,,,,,,,,,,,,,,,,,,,,,,,,,,,,,,,,,,,,,,,,,,,,,,,,,,,,,,,,,,,,,,,,
,0,1,2,3,4,5,6,7,8,9,10,11,12,13,14,15,16,17,18,19,20,21,22,23,24,25,26,27,28,29,30,31,32,33,34,35,36,37,38,39,40,41,42,43,44,45,46,47,48,49,50,51,52,53,54,55,56,57,58,59,60,61,62,63,,,,,,,,,,,,,,,,,,,,,,,,,,,,,,,,,,,,,,,,,,,,,,,,,,,,,,,,,,,,,,,,,,,,,,,,,,,,,,,,,,,,,,,,,,,,,,,,,,,,,,,,,,,,,,,,,,,,,,,,,,,,,,,,,,,,,,,,,,,,,,,,,,,,,,,,,,,,,,,,,,,,,,,,,,,,,,,,,,,,,,,,,,,,,,,,
0,46,43,58,56,60,54,56,51,54,57,56,57,60,59,56,61,56,61,69,54,55,55,58,54,58,57,57,59,53,55,62,58,55,57,56,57,59,55,57,61,60,58,53,54,61,58,54,50,55,51,54,54,48,50,50,48,51,52,47,45,41,39,38,35,,,,,,,,,,,,,,,,,,,,,,,,,,,,,,,,,,,,,,,,,,,,,,,,,,,,,,,,,,,,,,,,,,,,,,,,,,,,,,,,,,,,,,,,,,,,,,,,,,,,,,,,,,,,,,,,,,,,,,,,,,,,,,,,,,,,,,,,,,,,,,,,,,,,,,,,,,,,,,,,,,,,,,,,,,,,,,,,,,,,,,,,,,,,,,,,
1,35,34,36,36,41,42,42,38,39,41,51,47,52,55,44,53,53,47,52,52,56,53,55,54,56,57,59,57,62,61,57,58,58,70,60,57,54,56,59,60,57,55,58,56,62,61,63,58,58,60,62,63,58,60,57,59,54,63,58,55,56,55,50,46,,,,,,,,,,,,,,,,,,,,,,,,,,,,,,,,,,,,,,,,,,,,,,,,,,,,,,,,,,,,,,,,,,,,,,,,,,,,,,,,,,,,,,,,,,,,,,,,,,,,,,,,,,,,,,,,,,,,,,,,,,,,,,,,,,,,,,,,,,,,,,,,,,,,,,,,,,,,,,,,,,,,,,,,,,,,,,,,,,,,,,,,,,,,,,,,
2,38,34,32,41,39,41,37,36,42,40,36,41,40,35,37,43,37,38,39,35,41,37,38,38,34,34,38,41,37,40,41,44,42,43,44,46,47,45,46,46,50,49,54,53,48,60,53,66,61,62,55,57,53,63,61,57,60,62,56,60,55,51,46,45,,,,,,,,,,,,,,,,,,,,,,,,,,,,,,,,,,,,,,,,,,,,,,,,,,,,,,,,,,,,,,,,,,,,,,,,,,,,,,,,,,,,,,,,,,,,,,,,,,,,,,,,,,,,,,,,,,,,,,,,,,,,,,,,,,,,,,,,,,,,,,,,,,,,,,,,,,,,,,,,,,,,,,,,,,,,,,,,,,,,,,,,,,,,,,,,
3,45,56,55,58,60,56,58,59,66,60,55,61,54,53,54,58,50,50,56,47,47,51,47,50,42,47,49,41,37,41,38,38,36,37,40,36,40,38,38,40,37,39,41,40,38,42,38,38,41,40,39,41,38,41,37,42,42,37,38,41,36,36,41,40,,,,,,,,,,,,,,,,,,,,,,,,,,,,,,,,,,,,,,,,,,,,,,,,,,,,,,,,,,,,,,,,,,,,,,,,,,,,,,,,,,,,,,,,,,,,,,,,,,,,,,,,,,,,,,,,,,,,,,,,,,,,,,,,,,,,,,,,,,,,,,,,,,,,,,,,,,,,,,,,,,,,,,,,,,,,,,,,,,,,,,,,,,,,,,,,
4,55,54,61,63,66,72,69,71,67,63,69,71,67,69,73,67,68,68,64,72,72,65,70,65,66,68,72,67,63,64,73,65,68,65,68,69,67,66,60,62,57,59,54,61,67,53,53,55,48,47,42,55,57,46,45,40,41,46,41,40,37,46,34,33,,,,,,,,,,,,,,,,,,,,,,,,,,,,,,,,,,,,,,,,,,,,,,,,,,,,,,,,,,,,,,,,,,,,,,,,,,,,,,,,,,,,,,,,,,,,,,,,,,,,,,,,,,,,,,,,,,,,,,,,,,,,,,,,,,,,,,,,,,,,,,,,,,,,,,,,,,,,,,,,,,,,,,,,,,,,,,,,,,,,,,,,,,,,,,,,
5,35,40,48,55,54,53,55,62,66,65,62,66,65,68,72,71,71,70,69,70,68,73,73,66,69,62,75,63,70,63,69,66,67,74,69,61,69,73,72,73,68,78,62,70,66,68,72,62,70,65,70,73,71,71,68,65,66,71,61,55,57,51,45,43,,,,,,,,,,,,,,,,,,,,,,,,,,,,,,,,,,,,,,,,,,,,,,,,,,,,,,,,,,,,,,,,,,,,,,,,,,,,,,,,,,,,,,,,,,,,,,,,,,,,,,,,,,,,,,,,,,,,,,,,,,,,,,,,,,,,,,,,,,,,,,,,,,,,,,,,,,,,,,,,,,,,,,,,,,,,,,,,,,,,,,,,,,,,,,,,
6,32,34,41,40,38,39,43,46,41,38,44,42,42,44,40,43,49,47,49,46,50,50,45,56,50,57,53,58,53,61,58,56,56,65,62,63,60,60,65,76,73,65,74,66,73,70,67,69,62,70,74,75,78,63,72,71,65,69,68,60,58,53,52,49,,,,,,,,,,,,,,,,,,,,,,,,,,,,,,,,,,,,,,,,,,,,,,,,,,,,,,,,,,,,,,,,,,,,,,,,,,,,,,,,,,,,,,,,,,,,,,,,,,,,,,,,,,,,,,,,,,,,,,,,,,,,,,,,,,,,,,,,,,,,,,,,,,,,,,,,,,,,,,,,,,,,,,,,,,,,,,,,,,,,,,,,,,,,,,,,
7,41,45,47,50,47,49,48,53,53,49,49,52,52,45,39,44,41,41,37,41,36,41,40,40,40,36,38,43,38,37,40,40,45,42,40,38,42,39,51,40,37,46,40,42,48,45,44,47,47,53,60,55,51,57,51,59,57,59,66,57,55,52,44,46,,,,,,,,,,,,,,,,,,,,,,,,,,,,,,,,,,,,,,,,,,,,,,,,,,,,,,,,,,,,,,,,,,,,,,,,,,,,,,,,,,,,,,,,,,,,,,,,,,,,,,,,,,,,,,,,,,,,,,,,,,,,,,,,,,,,,,,,,,,,,,,,,,,,,,,,,,,,,,,,,,,,,,,,,,,,,,,,,,,,,,,,,,,,,,,,
8,59,63,64,70,79,75,82,77,76,80,81,79,69,75,77,72,74,73,72,77,71,78,72,80,75,84,74,79,84,76,81,80,76,82,75,77,75,74,77,79,75,72,83,71,83,75,74,70,68,46,67,71,66,64,68,66,60,64,65,51,49,46,42,44,,,,,,,,,,,,,,,,,,,,,,,,,,,,,,,,,,,,,,,,,,,,,,,,,,,,,,,,,,,,,,,,,,,,,,,,,,,,,,,,,,,,,,,,,,,,,,,,,,,,,,,,,,,,,,,,,,,,,,,,,,,,,,,,,,,,,,,,,,,,,,,,,,,,,,,,,,,,,,,,,,,,,,,,,,,,,,,,,,,,,,,,,,,,,,,,
9,33,35,40,50,42,48,50,48,52,52,55,57,55,62,61,60,63,66,73,66,75,73,75,68,72,75,80,69,73,80,73,84,76,72,74,79,81,85,78,80,80,76,76,86,83,79,70,71,81,73,72,84,78,74,74,66,66,72,63,76,66,64,54,53,,,,,,,,,,,,,,,,,,,,,,,,,,,,,,,,,,,,,,,,,,,,,,,,,,,,,,,,,,,,,,,,,,,,,,,,,,,,,,,,,,,,,,,,,,,,,,,,,,,,,,,,,,,,,,,,,,,,,,,,,,,,,,,,,,,,,,,,,,,,,,,,,,,,,,,,,,,,,,,,,,,,,,,,,,,,,,,,,,,,,,,,,,,,,,,,
10,43,38,40,39,45,45,43,39,43,45,45,49,46,44,45,43,42,43,45,45,42,43,50,44,49,41,46,46,40,51,50,49,47,53,52,53,57,60,58,62,62,59,63,71,66,68,68,76,70,73,77,74,76,71,83,74,78,77,77,69,68,64,64,56,,,,,,,,,,,,,,,,,,,,,,,,,,,,,,,,,,,,,,,,,,,,,,,,,,,,,,,,,,,,,,,,,,,,,,,,,,,,,,,,,,,,,,,,,,,,,,,,,,,,,,,,,,,,,,,,,,,,,,,,,,,,,,,,,,,,,,,,,,,,,,,,,,,,,,,,,,,,,,,,,,,,,,,,,,,,,,,,,,,,,,,,,,,,,,,,
11,56,64,60,62,77,75,70,71,71,65,73,66,65,64,68,63,58,61,63,59,59,65,61,55,57,58,58,55,45,56,45,50,56,52,48,46,50,47,45,49,52,48,45,52,52,47,54,46,52,52,45,50,50,43,44,47,47,48,55,52,49,43,44,43,,,,,,,,,,,,,,,,,,,,,,,,,,,,,,,,,,,,,,,,,,,,,,,,,,,,,,,,,,,,,,,,,,,,,,,,,,,,,,,,,,,,,,,,,,,,,,,,,,,,,,,,,,,,,,,,,,,,,,,,,,,,,,,,,,,,,,,,,,,,,,,,,,,,,,,,,,,,,,,,,,,,,,,,,,,,,,,,,,,,,,,,,,,,,,,,
12,61,68,72,81,80,82,78,91,83,72,80,83,85,82,85,78,82,87,81,84,77,85,77,82,91,87,84,78,81,81,83,77,76,72,83,72,69,80,77,69,68,79,70,74,72,70,68,66,64,65,60,63,51,58,52,52,49,51,51,45,51,47,44,42,,,,,,,,,,,,,,,,,,,,,,,,,,,,,,,,,,,,,,,,,,,,,,,,,,,,,,,,,,,,,,,,,,,,,,,,,,,,,,,,,,,,,,,,,,,,,,,,,,,,,,,,,,,,,,,,,,,,,,,,,,,,,,,,,,,,,,,,,,,,,,,,,,,,,,,,,,,,,,,,,,,,,,,,,,,,,,,,,,,,,,,,,,,,,,,,
13,46,51,50,58,57,61,66,63,64,73,73,71,69,72,69,75,77,74,76,76,80,77,74,77,75,77,84,72,71,82,80,72,79,75,75,72,73,79,80,79,78,77,73,75,78,76,76,75,79,77,68,77,79,76,78,81,76,72,76,67,62,63,53,52,,,,,,,,,,,,,,,,,,,,,,,,,,,,,,,,,,,,,,,,,,,,,,,,,,,,,,,,,,,,,,,,,,,,,,,,,,,,,,,,,,,,,,,,,,,,,,,,,,,,,,,,,,,,,,,,,,,,,,,,,,,,,,,,,,,,,,,,,,,,,,,,,,,,,,,,,,,,,,,,,,,,,,,,,,,,,,,,,,,,,,,,,,,,,,,,
14,32,35,39,46,41,41,50,40,43,40,47,40,44,43,44,49,54,43,48,49,52,55,54,52,53,57,59,60,61,56,63,65,74,65,74,67,72,70,75,70,74,80,72,81,71,79,77,70,77,77,77,80,78,72,72,72,69,67,67,65,63,55,60,53,,,,,,,,,,,,,,,,,,,,,,,,,,,,,,,,,,,,,,,,,,,,,,,,,,,,,,,,,,,,,,,,,,,,,,,,,,,,,,,,,,,,,,,,,,,,,,,,,,,,,,,,,,,,,,,,,,,,,,,,,,,,,,,,,,,,,,,,,,,,,,,,,,,,,,,,,,,,,,,,,,,,,,,,,,,,,,,,,,,,,,,,,,,,,,,,
15,44,51,50,52,60,53,58,53,61,54,51,57,55,51,43,47,47,43,45,47,41,50,46,46,46,42,43,45,45,45,44,44,43,51,42,45,45,44,47,42,47,44,53,58,52,53,48,48,52,58,59,55,60,62,62,60,61,62,62,66,53,56,52,47,,,,,,,,,,,,,,,,,,,,,,,,,,,,,,,,,,,,,,,,,,,,,,,,,,,,,,,,,,,,,,,,,,,,,,,,,,,,,,,,,,,,,,,,,,,,,,,,,,,,,,,,,,,,,,,,,,,,,,,,,,,,,,,,,,,,,,,,,,,,,,,,,,,,,,,,,,,,,,,,,,,,,,,,,,,,,,,,,,,,,,,,,,,,,,,,
16,60,57,59,70,70,78,71,75,76,74,79,77,78,79,74,80,78,80,75,81,81,76,81,81,70,74,77,77,74,78,80,77,78,79,75,76,77,86,73,75,78,75,74,81,72,78,73,70,66,73,70,74,64,64,63,60,63,61,58,53,46,54,40,40,,,,,,,,,,,,,,,,,,,,,,,,,,,,,,,,,,,,,,,,,,,,,,,,,,,,,,,,,,,,,,,,,,,,,,,,,,,,,,,,,,,,,,,,,,,,,,,,,,,,,,,,,,,,,,,,,,,,,,,,,,,,,,,,,,,,,,,,,,,,,,,,,,,,,,,,,,,,,,,,,,,,,,,,,,,,,,,,,,,,,,,,,,,,,,,,
17,38,42,46,54,45,52,51,58,53,62,60,63,68,61,66,69,62,71,77,71,82,79,78,72,74,78,84,82,86,82,88,87,80,81,80,82,88,82,79,76,74,82,85,77,79,80,81,74,84,76,83,74,79,82,77,77,67,80,74,75,70,76,58,57,,,,,,,,,,,,,,,,,,,,,,,,,,,,,,,,,,,,,,,,,,,,,,,,,,,,,,,,,,,,,,,,,,,,,,,,,,,,,,,,,,,,,,,,,,,,,,,,,,,,,,,,,,,,,,,,,,,,,,,,,,,,,,,,,,,,,,,,,,,,,,,,,,,,,,,,,,,,,,,,,,,,,,,,,,,,,,,,,,,,,,,,,,,,,,,,
18,43,44,44,46,49,47,50,49,48,48,47,50,47,52,52,54,40,51,49,51,50,47,49,58,46,49,48,49,54,60,54,55,57,55,53,53,59,63,61,60,64,67,65,65,72,67,77,72,77,75,72,75,82,78,82,81,85,82,71,69,69,57,65,53,,,,,,,,,,,,,,,,,,,,,,,,,,,,,,,,,,,,,,,,,,,,,,,,,,,,,,,,,,,,,,,,,,,,,,,,,,,,,,,,,,,,,,,,,,,,,,,,,,,,,,,,,,,,,,,,,,,,,,,,,,,,,,,,,,,,,,,,,,,,,,,,,,,,,,,,,,,,,,,,,,,,,,,,,,,,,,,,,,,,,,,,,,,,,,,,
19,63,74,77,88,77,80,78,81,78,87,81,70,74,74,81,70,67,71,76,67,71,68,67,68,61,63,57,55,57,57,63,55,60,56,59,51,53,52,52,56,63,53,57,61,57,57,59,58,55,52,55,59,56,58,54,63,65,64,63,59,58,55,53,55,,,,,,,,,,,,,,,,,,,,,,,,,,,,,,,,,,,,,,,,,,,,,,,,,,,,,,,,,,,,,,,,,,,,,,,,,,,,,,,,,,,,,,,,,,,,,,,,,,,,,,,,,,,,,,,,,,,,,,,,,,,,,,,,,,,,,,,,,,,,,,,,,,,,,,,,,,,,,,,,,,,,,,,,,,,,,,,,,,,,,,,,,,,,,,,,
20,55,60,68,60,64,71,76,83,72,70,76,79,82,79,76,76,79,73,76,73,72,78,82,84,77,71,72,83,78,70,73,74,73,72,71,67,63,71,65,69,63,61,66,61,65,54,53,53,55,56,62,50,47,53,46,44,42,46,40,43,40,38,39,34,,,,,,,,,,,,,,,,,,,,,,,,,,,,,,,,,,,,,,,,,,,,,,,,,,,,,,,,,,,,,,,,,,,,,,,,,,,,,,,,,,,,,,,,,,,,,,,,,,,,,,,,,,,,,,,,,,,,,,,,,,,,,,,,,,,,,,,,,,,,,,,,,,,,,,,,,,,,,,,,,,,,,,,,,,,,,,,,,,,,,,,,,,,,,,,,
21,46,48,53,65,60,63,65,67,69,68,70,69,72,78,78,84,72,75,86,81,75,76,75,75,80,79,73,78,75,77,80,81,72,79,78,81,79,79,77,76,78,76,77,73,75,73,73,79,72,78,74,80,76,75,75,76,80,71,66,68,67,63,56,47,,,,,,,,,,,,,,,,,,,,,,,,,,,,,,,,,,,,,,,,,,,,,,,,,,,,,,,,,,,,,,,,,,,,,,,,,,,,,,,,,,,,,,,,,,,,,,,,,,,,,,,,,,,,,,,,,,,,,,,,,,,,,,,,,,,,,,,,,,,,,,,,,,,,,,,,,,,,,,,,,,,,,,,,,,,,,,,,,,,,,,,,,,,,,,,,
22,35,37,38,42,43,42,44,44,42,46,51,46,45,43,47,46,46,54,49,55,49,59,52,55,61,64,60,64,63,70,68,69,70,68,81,75,68,74,78,73,75,83,78,78,77,77,79,81,86,86,84,87,81,71,73,87,80,72,72,75,68,61,56,56,,,,,,,,,,,,,,,,,,,,,,,,,,,,,,,,,,,,,,,,,,,,,,,,,,,,,,,,,,,,,,,,,,,,,,,,,,,,,,,,,,,,,,,,,,,,,,,,,,,,,,,,,,,,,,,,,,,,,,,,,,,,,,,,,,,,,,,,,,,,,,,,,,,,,,,,,,,,,,,,,,,,,,,,,,,,,,,,,,,,,,,,,,,,,,,,
23,44,51,50,52,59,59,54,50,55,55,53,52,50,46,45,42,43,41,44,40,45,46,46,43,40,47,48,40,47,43,43,39,41,45,42,40,45,41,42,42,41,41,40,45,46,43,45,51,48,58,54,55,57,61,62,63,64,63,64,62,59,53,53,49,,,,,,,,,,,,,,,,,,,,,,,,,,,,,,,,,,,,,,,,,,,,,,,,,,,,,,,,,,,,,,,,,,,,,,,,,,,,,,,,,,,,,,,,,,,,,,,,,,,,,,,,,,,,,,,,,,,,,,,,,,,,,,,,,,,,,,,,,,,,,,,,,,,,,,,,,,,,,,,,,,,,,,,,,,,,,,,,,,,,,,,,,,,,,,,,
24,63,60,74,70,75,71,77,79,69,74,74,75,73,81,80,81,77,75,73,74,79,75,78,76,76,81,82,74,73,74,78,81,75,72,72,74,68,79,76,76,65,86,74,69,70,73,78,74,73,73,74,68,78,64,67,62,64,63,60,58,52,53,51,52,,,,,,,,,,,,,,,,,,,,,,,,,,,,,,,,,,,,,,,,,,,,,,,,,,,,,,,,,,,,,,,,,,,,,,,,,,,,,,,,,,,,,,,,,,,,,,,,,,,,,,,,,,,,,,,,,,,,,,,,,,,,,,,,,,,,,,,,,,,,,,,,,,,,,,,,,,,,,,,,,,,,,,,,,,,,,,,,,,,,,,,,,,,,,,,,
25,34,37,36,46,42,45,47,46,47,55,53,55,58,55,64,63,64,65,61,64,67,71,69,69,70,72,73,73,72,75,78,78,75,79,73,71,76,73,78,71,74,72,77,84,79,70,82,77,79,76,72,74,75,69,72,71,75,73,68,70,65,60,58,61,,,,,,,,,,,,,,,,,,,,,,,,,,,,,,,,,,,,,,,,,,,,,,,,,,,,,,,,,,,,,,,,,,,,,,,,,,,,,,,,,,,,,,,,,,,,,,,,,,,,,,,,,,,,,,,,,,,,,,,,,,,,,,,,,,,,,,,,,,,,,,,,,,,,,,,,,,,,,,,,,,,,,,,,,,,,,,,,,,,,,,,,,,,,,,,,
26,40,40,45,41,42,46,43,46,43,47,47,41,46,47,53,43,44,47,48,46,45,45,46,50,48,49,45,49,49,45,47,50,52,51,52,53,62,58,62,58,65,61,66,63,64,69,70,71,68,71,65,77,76,79,78,75,63,77,70,69,67,63,61,58,,,,,,,,,,,,,,,,,,,,,,,,,,,,,,,,,,,,,,,,,,,,,,,,,,,,,,,,,,,,,,,,,,,,,,,,,,,,,,,,,,,,,,,,,,,,,,,,,,,,,,,,,,,,,,,,,,,,,,,,,,,,,,,,,,,,,,,,,,,,,,,,,,,,,,,,,,,,,,,,,,,,,,,,,,,,,,,,,,,,,,,,,,,,,,,,
27,50,60,63,62,69,70,62,71,73,73,65,74,67,60,59,59,62,65,56,60,56,51,52,47,51,58,52,47,39,48,42,44,42,45,47,51,47,48,46,46,47,46,45,44,43,42,44,46,43,44,47,44,45,45,47,43,47,48,44,49,47,42,41,42,,,,,,,,,,,,,,,,,,,,,,,,,,,,,,,,,,,,,,,,,,,,,,,,,,,,,,,,,,,,,,,,,,,,,,,,,,,,,,,,,,,,,,,,,,,,,,,,,,,,,,,,,,,,,,,,,,,,,,,,,,,,,,,,,,,,,,,,,,,,,,,,,,,,,,,,,,,,,,,,,,,,,,,,,,,,,,,,,,,,,,,,,,,,,,,,
28,52,63,64,69,71,67,67,72,73,66,68,68,84,69,81,78,73,81,73,78,73,81,73,72,73,75,75,72,73,77,75,72,70,66,68,69,70,71,66,65,63,60,65,61,59,60,64,53,56,51,53,55,56,50,42,46,46,46,41,47,43,42,35,39,,,,,,,,,,,,,,,,,,,,,,,,,,,,,,,,,,,,,,,,,,,,,,,,,,,,,,,,,,,,,,,,,,,,,,,,,,,,,,,,,,,,,,,,,,,,,,,,,,,,,,,,,,,,,,,,,,,,,,,,,,,,,,,,,,,,,,,,,,,,,,,,,,,,,,,,,,,,,,,,,,,,,,,,,,,,,,,,,,,,,,,,,,,,,,,,
29,44,46,50,60,58,64,61,70,71,71,66,75,69,75,76,79,73,75,78,78,80,73,73,76,80,76,74,83,79,74,79,78,73,70,79,81,87,77,75,77,85,72,69,80,77,79,77,74,84,75,71,73,73,73,78,73,67,71,64,60,60,54,56,48,,,,,,,,,,,,,,,,,,,,,,,,,,,,,,,,,,,,,,,,,,,,,,,,,,,,,,,,,,,,,,,,,,,,,,,,,,,,,,,,,,,,,,,,,,,,,,,,,,,,,,,,,,,,,,,,,,,,,,,,,,,,,,,,,,,,,,,,,,,,,,,,,,,,,,,,,,,,,,,,,,,,,,,,,,,,,,,,,,,,,,,,,,,,,,,,
30,33,38,39,38,41,38,42,44,41,42,46,46,41,48,47,45,45,47,49,48,49,49,56,60,59,60,64,64,65,66,64,67,70,72,66,69,70,75,73,70,75,76,83,72,77,72,76,73,79,77,75,75,77,75,79,78,74,67,71,66,64,63,59,54,,,,,,,,,,,,,,,,,,,,,,,,,,,,,,,,,,,,,,,,,,,,,,,,,,,,,,,,,,,,,,,,,,,,,,,,,,,,,,,,,,,,,,,,,,,,,,,,,,,,,,,,,,,,,,,,,,,,,,,,,,,,,,,,,,,,,,,,,,,,,,,,,,,,,,,,,,,,,,,,,,,,,,,,,,,,,,,,,,,,,,,,,,,,,,,,
31,45,49,51,58,54,51,61,56,51,56,50,54,51,48,43,44,44,43,43,43,45,44,45,44,45,40,43,44,43,45,44,45,44,49,44,45,46,43,42,45,47,46,43,47,48,49,53,58,48,54,62,59,54,57,57,58,58,68,62,58,64,57,53,52,,,,,,,,,,,,,,,,,,,,,,,,,,,,,,,,,,,,,,,,,,,,,,,,,,,,,,,,,,,,,,,,,,,,,,,,,,,,,,,,,,,,,,,,,,,,,,,,,,,,,,,,,,,,,,,,,,,,,,,,,,,,,,,,,,,,,,,,,,,,,,,,,,,,,,,,,,,,,,,,,,,,,,,,,,,,,,,,,,,,,,,,,,,,,,,,
32,60,60,68,70,69,74,78,85,77,81,85,78,80,84,76,68,76,75,82,77,92,73,85,82,79,77,72,72,77,79,82,79,84,77,78,80,85,73,77,74,74,74,79,85,81,78,75,72,72,71,70,73,60,67,71,67,71,69,67,60,50,50,47,51,,,,,,,,,,,,,,,,,,,,,,,,,,,,,,,,,,,,,,,,,,,,,,,,,,,,,,,,,,,,,,,,,,,,,,,,,,,,,,,,,,,,,,,,,,,,,,,,,,,,,,,,,,,,,,,,,,,,,,,,,,,,,,,,,,,,,,,,,,,,,,,,,,,,,,,,,,,,,,,,,,,,,,,,,,,,,,,,,,,,,,,,,,,,,,,,
33,35,36,45,45,47,46,51,48,53,54,56,58,60,60,63,63,63,69,56,69,76,74,66,68,71,79,75,78,85,79,77,71,78,76,77,77,78,76,77,82,78,76,71,83,75,85,74,78,77,80,79,78,80,73,80,73,77,72,71,78,59,67,60,56,,,,,,,,,,,,,,,,,,,,,,,,,,,,,,,,,,,,,,,,,,,,,,,,,,,,,,,,,,,,,,,,,,,,,,,,,,,,,,,,,,,,,,,,,,,,,,,,,,,,,,,,,,,,,,,,,,,,,,,,,,,,,,,,,,,,,,,,,,,,,,,,,,,,,,,,,,,,,,,,,,,,,,,,,,,,,,,,,,,,,,,,,,,,,,,,
34,44,37,42,45,45,46,51,47,50,52,49,52,48,54,54,50,50,49,52,51,46,42,48,51,47,46,49,49,46,53,52,54,57,55,52,58,58,62,63,58,65,65,76,73,69,70,73,76,75,74,70,72,71,78,81,74,81,77,69,73,69,64,62,65,,,,,,,,,,,,,,,,,,,,,,,,,,,,,,,,,,,,,,,,,,,,,,,,,,,,,,,,,,,,,,,,,,,,,,,,,,,,,,,,,,,,,,,,,,,,,,,,,,,,,,,,,,,,,,,,,,,,,,,,,,,,,,,,,,,,,,,,,,,,,,,,,,,,,,,,,,,,,,,,,,,,,,,,,,,,,,,,,,,,,,,,,,,,,,,,
35,58,62,66,63,74,72,73,66,66,72,73,69,66,63,61,62,65,62,64,58,58,51,54,54,59,57,51,59,47,49,49,48,46,50,54,51,50,47,50,46,49,46,50,48,47,50,47,46,40,46,46,49,50,47,48,47,48,51,50,50,48,47,46,47,,,,,,,,,,,,,,,,,,,,,,,,,,,,,,,,,,,,,,,,,,,,,,,,,,,,,,,,,,,,,,,,,,,,,,,,,,,,,,,,,,,,,,,,,,,,,,,,,,,,,,,,,,,,,,,,,,,,,,,,,,,,,,,,,,,,,,,,,,,,,,,,,,,,,,,,,,,,,,,,,,,,,,,,,,,,,,,,,,,,,,,,,,,,,,,,
36,60,64,68,65,72,75,73,81,80,72,74,79,74,76,80,78,74,80,79,84,84,77,89,74,78,76,80,72,84,77,80,73,69,71,70,70,69,71,69,64,68,70,69,67,62,59,59,58,57,53,52,59,57,53,45,46,50,47,47,43,40,36,34,36,,,,,,,,,,,,,,,,,,,,,,,,,,,,,,,,,,,,,,,,,,,,,,,,,,,,,,,,,,,,,,,,,,,,,,,,,,,,,,,,,,,,,,,,,,,,,,,,,,,,,,,,,,,,,,,,,,,,,,,,,,,,,,,,,,,,,,,,,,,,,,,,,,,,,,,,,,,,,,,,,,,,,,,,,,,,,,,,,,,,,,,,,,,,,,,,
37,48,58,51,65,64,63,71,69,68,78,77,70,70,81,86,73,80,76,80,79,87,75,74,80,75,82,80,82,83,80,79,77,82,71,84,78,81,80,83,84,76,76,81,85,76,83,73,81,86,84,78,77,79,71,82,78,76,67,78,66,64,59,55,53,,,,,,,,,,,,,,,,,,,,,,,,,,,,,,,,,,,,,,,,,,,,,,,,,,,,,,,,,,,,,,,,,,,,,,,,,,,,,,,,,,,,,,,,,,,,,,,,,,,,,,,,,,,,,,,,,,,,,,,,,,,,,,,,,,,,,,,,,,,,,,,,,,,,,,,,,,,,,,,,,,,,,,,,,,,,,,,,,,,,,,,,,,,,,,,,
38,32,38,36,40,40,40,38,42,45,48,43,42,41,44,43,42,48,50,48,47,49,49,54,59,53,58,57,60,61,62,65,66,71,72,66,73,72,71,73,80,80,82,80,76,83,77,81,88,77,75,84,77,72,80,78,70,76,76,70,62,71,67,57,56,,,,,,,,,,,,,,,,,,,,,,,,,,,,,,,,,,,,,,,,,,,,,,,,,,,,,,,,,,,,,,,,,,,,,,,,,,,,,,,,,,,,,,,,,,,,,,,,,,,,,,,,,,,,,,,,,,,,,,,,,,,,,,,,,,,,,,,,,,,,,,,,,,,,,,,,,,,,,,,,,,,,,,,,,,,,,,,,,,,,,,,,,,,,,,,,
39,48,53,57,60,56,60,54,57,56,56,50,61,55,55,46,51,48,50,50,44,46,50,51,45,52,48,48,52,45,50,48,47,50,48,49,45,45,45,48,46,49,45,48,56,52,50,51,54,57,54,58,53,59,59,64,63,64,65,63,64,66,64,57,52,,,,,,,,,,,,,,,,,,,,,,,,,,,,,,,,,,,,,,,,,,,,,,,,,,,,,,,,,,,,,,,,,,,,,,,,,,,,,,,,,,,,,,,,,,,,,,,,,,,,,,,,,,,,,,,,,,,,,,,,,,,,,,,,,,,,,,,,,,,,,,,,,,,,,,,,,,,,,,,,,,,,,,,,,,,,,,,,,,,,,,,,,,,,,,,,
40,59,62,67,62,74,77,64,73,69,78,77,78,74,71,70,74,79,76,78,81,77,75,73,75,75,82,72,82,78,80,77,79,72,73,78,78,74,72,75,77,70,72,71,78,78,76,69,71,71,65,69,73,66,69,62,61,66,54,58,55,51,52,44,47,,,,,,,,,,,,,,,,,,,,,,,,,,,,,,,,,,,,,,,,,,,,,,,,,,,,,,,,,,,,,,,,,,,,,,,,,,,,,,,,,,,,,,,,,,,,,,,,,,,,,,,,,,,,,,,,,,,,,,,,,,,,,,,,,,,,,,,,,,,,,,,,,,,,,,,,,,,,,,,,,,,,,,,,,,,,,,,,,,,,,,,,,,,,,,,,
41,33,34,39,40,42,45,47,53,52,50,57,58,61,56,62,63,69,61,65,63,69,67,77,74,65,76,65,67,78,79,76,69,77,76,77,73,78,79,83,76,76,79,81,78,76,80,75,69,78,77,72,72,71,80,87,74,75,71,72,70,67,60,56,50,,,,,,,,,,,,,,,,,,,,,,,,,,,,,,,,,,,,,,,,,,,,,,,,,,,,,,,,,,,,,,,,,,,,,,,,,,,,,,,,,,,,,,,,,,,,,,,,,,,,,,,,,,,,,,,,,,,,,,,,,,,,,,,,,,,,,,,,,,,,,,,,,,,,,,,,,,,,,,,,,,,,,,,,,,,,,,,,,,,,,,,,,,,,,,,,
42,39,40,43,47,46,43,43,50,58,46,49,48,46,51,48,53,50,49,47,53,50,46,47,47,46,53,45,47,50,55,49,57,51,57,58,54,64,68,62,64,62,65,61,67,65,67,72,72,73,72,72,76,70,75,72,75,70,75,75,67,66,65,62,62,,,,,,,,,,,,,,,,,,,,,,,,,,,,,,,,,,,,,,,,,,,,,,,,,,,,,,,,,,,,,,,,,,,,,,,,,,,,,,,,,,,,,,,,,,,,,,,,,,,,,,,,,,,,,,,,,,,,,,,,,,,,,,,,,,,,,,,,,,,,,,,,,,,,,,,,,,,,,,,,,,,,,,,,,,,,,,,,,,,,,,,,,,,,,,,,
43,54,70,69,68,69,72,73,74,67,70,69,69,74,64,61,69,65,64,62,59,60,57,55,61,61,61,64,53,43,48,47,48,49,45,51,53,51,50,50,47,48,50,43,40,49,50,52,49,48,47,46,46,49,47,45,51,52,51,49,48,48,44,49,41,,,,,,,,,,,,,,,,,,,,,,,,,,,,,,,,,,,,,,,,,,,,,,,,,,,,,,,,,,,,,,,,,,,,,,,,,,,,,,,,,,,,,,,,,,,,,,,,,,,,,,,,,,,,,,,,,,,,,,,,,,,,,,,,,,,,,,,,,,,,,,,,,,,,,,,,,,,,,,,,,,,,,,,,,,,,,,,,,,,,,,,,,,,,,,,,
44,50,62,63,65,67,63,73,75,73,77,81,74,74,77,83,93,75,72,71,70,82,77,80,79,73,73,83,76,72,79,74,78,83,71,71,59,72,73,63,64,63,65,60,66,64,57,52,55,57,55,54,52,56,49,42,41,44,44,37,40,38,34,37,30,,,,,,,,,,,,,,,,,,,,,,,,,,,,,,,,,,,,,,,,,,,,,,,,,,,,,,,,,,,,,,,,,,,,,,,,,,,,,,,,,,,,,,,,,,,,,,,,,,,,,,,,,,,,,,,,,,,,,,,,,,,,,,,,,,,,,,,,,,,,,,,,,,,,,,,,,,,,,,,,,,,,,,,,,,,,,,,,,,,,,,,,,,,,,,,,
45,48,51,53,56,61,64,69,73,73,66,65,76,74,79,81,74,75,76,83,83,76,74,77,80,74,74,79,79,81,72,72,78,76,78,77,75,75,76,79,81,73,72,76,71,78,75,69,77,74,77,78,76,78,76,69,71,73,75,65,57,60,60,52,50,,,,,,,,,,,,,,,,,,,,,,,,,,,,,,,,,,,,,,,,,,,,,,,,,,,,,,,,,,,,,,,,,,,,,,,,,,,,,,,,,,,,,,,,,,,,,,,,,,,,,,,,,,,,,,,,,,,,,,,,,,,,,,,,,,,,,,,,,,,,,,,,,,,,,,,,,,,,,,,,,,,,,,,,,,,,,,,,,,,,,,,,,,,,,,,,
46,40,43,42,46,51,55,51,49,44,49,46,51,51,48,53,49,51,52,56,54,56,55,52,62,61,59,64,66,57,64,72,63,73,73,66,73,74,71,76,73,76,79,76,77,89,70,77,80,79,81,77,81,80,75,75,76,82,83,73,71,69,56,59,60,,,,,,,,,,,,,,,,,,,,,,,,,,,,,,,,,,,,,,,,,,,,,,,,,,,,,,,,,,,,,,,,,,,,,,,,,,,,,,,,,,,,,,,,,,,,,,,,,,,,,,,,,,,,,,,,,,,,,,,,,,,,,,,,,,,,,,,,,,,,,,,,,,,,,,,,,,,,,,,,,,,,,,,,,,,,,,,,,,,,,,,,,,,,,,,,
47,53,60,62,63,61,56,56,63,57,57,62,58,62,53,53,52,50,52,50,46,47,43,47,56,57,49,50,50,49,46,49,46,47,52,54,53,55,51,48,44,55,53,52,54,50,55,62,57,60,63,60,64,66,71,67,70,66,60,73,64,66,65,58,56,,,,,,,,,,,,,,,,,,,,,,,,,,,,,,,,,,,,,,,,,,,,,,,,,,,,,,,,,,,,,,,,,,,,,,,,,,,,,,,,,,,,,,,,,,,,,,,,,,,,,,,,,,,,,,,,,,,,,,,,,,,,,,,,,,,,,,,,,,,,,,,,,,,,,,,,,,,,,,,,,,,,,,,,,,,,,,,,,,,,,,,,,,,,,,,,
48,63,71,66,70,76,72,77,71,78,79,80,74,85,74,74,78,76,77,82,74,80,75,75,82,79,69,84,76,84,83,80,78,80,86,90,83,76,74,80,86,76,76,75,74,79,82,73,80,74,71,77,73,71,65,67,70,69,62,61,57,58,54,48,47,,,,,,,,,,,,,,,,,,,,,,,,,,,,,,,,,,,,,,,,,,,,,,,,,,,,,,,,,,,,,,,,,,,,,,,,,,,,,,,,,,,,,,,,,,,,,,,,,,,,,,,,,,,,,,,,,,,,,,,,,,,,,,,,,,,,,,,,,,,,,,,,,,,,,,,,,,,,,,,,,,,,,,,,,,,,,,,,,,,,,,,,,,,,,,,,
49,40,39,42,47,48,46,51,55,58,60,54,57,61,60,60,55,62,65,69,75,74,67,69,75,72,77,77,76,82,73,84,83,79,83,84,76,71,78,76,75,81,76,74,75,73,79,77,77,82,79,78,67,69,82,70,75,70,75,69,66,61,65,63,61,,,,,,,,,,,,,,,,,,,,,,,,,,,,,,,,,,,,,,,,,,,,,,,,,,,,,,,,,,,,,,,,,,,,,,,,,,,,,,,,,,,,,,,,,,,,,,,,,,,,,,,,,,,,,,,,,,,,,,,,,,,,,,,,,,,,,,,,,,,,,,,,,,,,,,,,,,,,,,,,,,,,,,,,,,,,,,,,,,,,,,,,,,,,,,,,
50,40,42,36,42,43,43,45,53,50,42,41,45,41,46,48,49,45,42,47,42,48,45,45,45,44,46,45,43,49,48,48,53,49,49,55,54,54,58,59,67,60,65,66,61,71,66,72,69,67,74,68,73,71,72,74,80,76,68,77,71,66,62,61,50,,,,,,,,,,,,,,,,,,,,,,,,,,,,,,,,,,,,,,,,,,,,,,,,,,,,,,,,,,,,,,,,,,,,,,,,,,,,,,,,,,,,,,,,,,,,,,,,,,,,,,,,,,,,,,,,,,,,,,,,,,,,,,,,,,,,,,,,,,,,,,,,,,,,,,,,,,,,,,,,,,,,,,,,,,,,,,,,,,,,,,,,,,,,,,,,
51,61,59,67,67,70,72,66,65,69,65,65,70,69,65,63,66,64,61,67,60,56,55,57,55,53,54,58,47,47,47,47,43,51,48,47,43,46,48,49,47,46,48,47,44,46,48,48,52,49,47,48,51,44,44,47,47,52,48,45,49,45,46,49,48,,,,,,,,,,,,,,,,,,,,,,,,,,,,,,,,,,,,,,,,,,,,,,,,,,,,,,,,,,,,,,,,,,,,,,,,,,,,,,,,,,,,,,,,,,,,,,,,,,,,,,,,,,,,,,,,,,,,,,,,,,,,,,,,,,,,,,,,,,,,,,,,,,,,,,,,,,,,,,,,,,,,,,,,,,,,,,,,,,,,,,,,,,,,,,,,
52,54,56,68,60,64,70,75,73,70,73,79,77,69,77,69,70,84,78,72,75,77,78,71,75,68,73,78,75,74,77,72,73,71,63,67,65,67,65,60,61,61,60,58,58,63,59,50,52,47,46,47,52,50,50,44,42,40,39,40,41,39,35,35,31,,,,,,,,,,,,,,,,,,,,,,,,,,,,,,,,,,,,,,,,,,,,,,,,,,,,,,,,,,,,,,,,,,,,,,,,,,,,,,,,,,,,,,,,,,,,,,,,,,,,,,,,,,,,,,,,,,,,,,,,,,,,,,,,,,,,,,,,,,,,,,,,,,,,,,,,,,,,,,,,,,,,,,,,,,,,,,,,,,,,,,,,,,,,,,,,
53,46,51,56,57,74,70,64,68,71,73,69,77,79,76,78,78,71,68,83,77,74,78,79,77,75,73,75,70,75,81,76,71,80,75,72,78,82,75,79,84,78,80,79,74,80,74,77,77,77,80,76,78,73,75,71,78,75,70,78,70,59,60,64,51,,,,,,,,,,,,,,,,,,,,,,,,,,,,,,,,,,,,,,,,,,,,,,,,,,,,,,,,,,,,,,,,,,,,,,,,,,,,,,,,,,,,,,,,,,,,,,,,,,,,,,,,,,,,,,,,,,,,,,,,,,,,,,,,,,,,,,,,,,,,,,,,,,,,,,,,,,,,,,,,,,,,,,,,,,,,,,,,,,,,,,,,,,,,,,,,
54,39,39,42,46,47,44,41,42,47,48,47,51,49,45,46,46,44,50,58,51,51,53,54,54,56,52,57,60,53,71,66,72,65,70,73,65,64,65,64,70,71,78,72,74,69,72,72,75,72,72,70,74,71,64,69,65,73,63,64,62,64,58,59,51,,,,,,,,,,,,,,,,,,,,,,,,,,,,,,,,,,,,,,,,,,,,,,,,,,,,,,,,,,,,,,,,,,,,,,,,,,,,,,,,,,,,,,,,,,,,,,,,,,,,,,,,,,,,,,,,,,,,,,,,,,,,,,,,,,,,,,,,,,,,,,,,,,,,,,,,,,,,,,,,,,,,,,,,,,,,,,,,,,,,,,,,,,,,,,,,
55,55,59,51,61,65,61,61,60,58,59,62,56,59,55,49,53,54,53,51,47,44,48,50,50,48,54,50,46,53,54,52,49,49,49,56,52,52,59,54,46,50,49,50,52,51,55,59,53,54,59,65,63,66,62,64,63,61,67,77,72,61,58,55,64,,,,,,,,,,,,,,,,,,,,,,,,,,,,,,,,,,,,,,,,,,,,,,,,,,,,,,,,,,,,,,,,,,,,,,,,,,,,,,,,,,,,,,,,,,,,,,,,,,,,,,,,,,,,,,,,,,,,,,,,,,,,,,,,,,,,,,,,,,,,,,,,,,,,,,,,,,,,,,,,,,,,,,,,,,,,,,,,,,,,,,,,,,,,,,,,
56,45,59,58,63,63,67,73,63,68,67,73,78,69,69,74,68,70,74,66,73,74,68,75,68,71,72,72,77,69,73,71,69,68,75,66,74,69,69,70,62,69,75,66,66,69,66,64,69,70,64,63,62,63,57,53,58,53,54,55,46,43,40,38,37,,,,,,,,,,,,,,,,,,,,,,,,,,,,,,,,,,,,,,,,,,,,,,,,,,,,,,,,,,,,,,,,,,,,,,,,,,,,,,,,,,,,,,,,,,,,,,,,,,,,,,,,,,,,,,,,,,,,,,,,,,,,,,,,,,,,,,,,,,,,,,,,,,,,,,,,,,,,,,,,,,,,,,,,,,,,,,,,,,,,,,,,,,,,,,,,
57,35,39,37,46,43,47,51,47,51,56,54,60,60,57,58,62,62,67,62,65,66,68,70,71,66,77,68,75,72,72,74,72,75,74,73,72,73,72,75,76,71,69,70,74,69,77,71,75,71,83,78,74,72,76,74,66,71,73,65,72,63,59,57,56,,,,,,,,,,,,,,,,,,,,,,,,,,,,,,,,,,,,,,,,,,,,,,,,,,,,,,,,,,,,,,,,,,,,,,,,,,,,,,,,,,,,,,,,,,,,,,,,,,,,,,,,,,,,,,,,,,,,,,,,,,,,,,,,,,,,,,,,,,,,,,,,,,,,,,,,,,,,,,,,,,,,,,,,,,,,,,,,,,,,,,,,,,,,,,,,
58,39,40,35,42,35,40,43,42,44,43,41,42,40,45,41,42,41,40,43,41,42,38,41,45,41,39,42,45,44,43,44,39,48,46,48,47,55,57,55,52,52,54,59,57,66,57,63,63,65,64,66,67,66,74,70,70,71,70,68,58,63,57,55,49,,,,,,,,,,,,,,,,,,,,,,,,,,,,,,,,,,,,,,,,,,,,,,,,,,,,,,,,,,,,,,,,,,,,,,,,,,,,,,,,,,,,,,,,,,,,,,,,,,,,,,,,,,,,,,,,,,,,,,,,,,,,,,,,,,,,,,,,,,,,,,,,,,,,,,,,,,,,,,,,,,,,,,,,,,,,,,,,,,,,,,,,,,,,,,,,
59,52,52,61,57,66,68,62,61,59,59,62,69,61,57,56,57,56,57,53,53,49,50,51,47,52,49,49,43,43,43,38,39,44,42,41,43,40,42,42,41,44,42,42,42,40,44,38,42,42,40,43,43,40,44,38,41,41,46,44,41,43,41,39,41,,,,,,,,,,,,,,,,,,,,,,,,,,,,,,,,,,,,,,,,,,,,,,,,,,,,,,,,,,,,,,,,,,,,,,,,,,,,,,,,,,,,,,,,,,,,,,,,,,,,,,,,,,,,,,,,,,,,,,,,,,,,,,,,,,,,,,,,,,,,,,,,,,,,,,,,,,,,,,,,,,,,,,,,,,,,,,,,,,,,,,,,,,,,,,,,
60,51,55,60,61,61,64,67,68,69,66,71,66,64,69,68,66,73,68,67,70,69,70,66,63,66,74,66,69,60,71,73,68,62,66,67,61,62,64,56,56,58,57,56,56,60,56,51,51,53,52,46,47,49,45,39,42,44,41,40,35,38,32,33,28,,,,,,,,,,,,,,,,,,,,,,,,,,,,,,,,,,,,,,,,,,,,,,,,,,,,,,,,,,,,,,,,,,,,,,,,,,,,,,,,,,,,,,,,,,,,,,,,,,,,,,,,,,,,,,,,,,,,,,,,,,,,,,,,,,,,,,,,,,,,,,,,,,,,,,,,,,,,,,,,,,,,,,,,,,,,,,,,,,,,,,,,,,,,,,,,
61,36,38,43,49,53,51,48,56,53,55,51,49,57,60,60,56,57,58,61,59,58,60,60,60,64,62,57,59,57,61,60,60,61,57,57,66,61,57,57,64,61,61,58,63,61,54,62,66,57,56,58,59,60,60,62,57,56,62,54,54,54,45,47,38,,,,,,,,,,,,,,,,,,,,,,,,,,,,,,,,,,,,,,,,,,,,,,,,,,,,,,,,,,,,,,,,,,,,,,,,,,,,,,,,,,,,,,,,,,,,,,,,,,,,,,,,,,,,,,,,,,,,,,,,,,,,,,,,,,,,,,,,,,,,,,,,,,,,,,,,,,,,,,,,,,,,,,,,,,,,,,,,,,,,,,,,,,,,,,,,
62,31,34,35,37,37,36,42,41,37,39,43,43,45,42,35,44,42,41,41,48,44,45,44,48,47,50,51,48,58,52,49,53,55,51,56,55,54,58,60,56,59,56,66,52,64,60,64,57,57,62,59,56,63,57,57,56,61,58,56,53,54,55,53,47,,,,,,,,,,,,,,,,,,,,,,,,,,,,,,,,,,,,,,,,,,,,,,,,,,,,,,,,,,,,,,,,,,,,,,,,,,,,,,,,,,,,,,,,,,,,,,,,,,,,,,,,,,,,,,,,,,,,,,,,,,,,,,,,,,,,,,,,,,,,,,,,,,,,,,,,,,,,,,,,,,,,,,,,,,,,,,,,,,,,,,,,,,,,,,,,
63,47,50,50,50,54,51,51,44,42,49,47,51,47,45,38,35,39,38,39,45,44,43,39,39,39,40,42,39,38,38,39,42,41,38,38,42,40,42,43,40,38,40,41,46,49,47,44,52,47,52,53,48,48,54,48,48,51,55,56,56,58,53,53,45,,,,,,,,,,,,,,,,,,,,,,,,,,,,,,,,,,,,,,,,,,,,,,,,,,,,,,,,,,,,,,,,,,,,,,,,,,,,,,,,,,,,,,,,,,,,,,,,,,,,,,,,,,,,,,,,,,,,,,,,,,,,,,,,,,,,,,,,,,,,,,,,,,,,,,,,,,,,,,,,,,,,,,,,,,,,,,,,,,,,,,,,,,,,,,,,
,,,,,,,,,,,,,,,,,,,,,,,,,,,,,,,,,,,,,,,,,,,,,,,,,,,,,,,,,,,,,,,,,,,,,,,,,,,,,,,,,,,,,,,,,,,,,,,,,,,,,,,,,,,,,,,,,,,,,,,,,,,,,,,,,,,,,,,,,,,,,,,,,,,,,,,,,,,,,,,,,,,,,,,,,,,,,,,,,,,,,,,,,,,,,,,,,,,,,,,,,,,,,,,,,,,,,,,,,,,,,,,,,,,,,,,,,,,,,,,,,,,,,,,,,,,,,,,,
value,0,1,2,3,4,5,6,7,8,9,10,11,12,13,14,15,16,17,18,19,20,21,22,23,24,25,26,27,28,29,30,31,32,33,34,35,36,37,38,39,40,41,42,43,44,45,46,47,48,49,50,51,52,53,54,55,56,57,58,59,60,61,62,63,64,65,66,67,68,69,70,71,72,73,74,75,76,77,78,79,80,81,82,83,84,85,86,87,88,89,90,91,92,93,94,95,96,97,98,99,100,101,102,103,104,105,106,107,108,109,110,111,112,113,114,115,116,117,118,119,120,121,122,123,124,125,126,127,128,129,130,131,132,133,134,135,136,137,138,139,140,141,142,143,144,145,146,147,148,149,150,151,152,153,154,155,156,157,158,159,160,161,162,163,164,165,166,167,168,169,170,171,172,173,174,175,176,177,178,179,180,181,182,183,184,185,186,187,188,189,190,191,192,193,194,195,196,197,198,199,200,201,202,203,204,205,206,207,208,209,210,211,212,213,214,215,216,217,218,219,220,221,222,223,224,225,226,227,228,229,230,231,232,233,234,235,236,237,238,239,240,241,242,243,244,245,246,247,248,249,250,251,252,253,254,255
count,0,0,0,0,0,0,0,0,0,0,0,0,0,0,0,0,0,0,0,0,0,0,0,0,0,0,0,0,1,0,1,2,5,5,12,19,18,24,46,39,69,68,83,80,77,95,107,119,90,88,92,91,86,95,80,84,85,95,89,68,98,82,79,88,80,78,87,66,67,101,95,103,119,125,113,118,103,119,108,79,70,55,41,32,30,16,11,9,4,2,1,2,1,1,0,0,0,0,0,0,0,0,0,0,0,0,0,0,0,0,0,0,0,0,0,0,0,0,0,0,0,0,0,0,0,0,0,0,0,0,0,0,0,0,0,0,0,0,0,0,0,0,0,0,0,0,0,0,0,0,0,0,0,0,0,0,0,0,0,0,0,0,0,0,0,0,0,0,0,0,0,0,0,0,0,0,0,0,0,0,0,0,0,0,0,0,0,0,0,0,0,0,0,0,0,0,0,0,0,0,0,0,0,0,0,0,0,0,0,0,0,0,0,0,0,0,0,0,0,0,0,0,0,0,0,0,0,0,0,0,0,0,0,0,0,0,0,0,0,0,0,0,0,0,0,0,0,0,0,0,0,0,0,0,0,0
,,,,,,,,,,,,,,,,,,,,,,,,,,,,,,,,,,,,,,,,,,,,,,,,,,,,,,,,,,,,,,,,,,,,,,,,,,,,,,,,,,,,,,,,,,,,,,,,,,,,,,,,,,,,,,,,,,,,,,,,,,,,,,,,,,,,,,,,,,,,,,,,,,,,,,,,,,,,,,,,,,,,,,,,,,,,,,,,,,,,,,,,,,,,,,,,,,,,,,,,,,,,,,,,,,,,,,,,,,,,,,,,,,,,,,,,,,,,,,,,,,,,,,,,,,,,,,,,
10,,,,,,,,,,,,,,,,,,,,,,,,,,,,,,,,,,,,,,,,,,,,,,,,,,,,,,,,,,,,,,,,,,,,,,,,,,,,,,,,,,,,,,,,,,,,,,,,,,,,,,,,,,,,,,,,,,,,,,,,,,,,,,,,,,,,,,,,,,,,,,,,,,,,,,,,,,,,,,,,,,,,,,,,,,,,,,,,,,,,,,,,,,,,,,,,,,,,,,,,,,,,,,,,,,,,,,,,,,,,,,,,,,,,,,,,,,,,,,,,,,,,,,,,,,,,,,,,
,0,1,2,3,4,5,6,7,8,9,10,11,12,13,14,15,16,17,18,19,20,21,22,23,24,25,26,27,28,29,30,31,32,33,34,35,36,37,38,39,40,41,42,43,44,45,46,47,48,49,50,51,52,53,54,55,56,57,58,59,60,61,62,63,,,,,,,,,,,,,,,,,,,,,,,,,,,,,,,,,,,,,,,,,,,,,,,,,,,,,,,,,,,,,,,,,,,,,,,,,,,,,,,,,,,,,,,,,,,,,,,,,,,,,,,,,,,,,,,,,,,,,,,,,,,,,,,,,,,,,,,,,,,,,,,,,,,,,,,,,,,,,,,,,,,,,,,,,,,,,,,,,,,,,,,,,,,,,,,,
0,47,47,56,59,59,55,54,54,51,56,55,51,55,57,56,58,58,62,63,56,55,55,59,54,60,58,60,61,55,52,61,59,58,58,56,57,61,57,55,58,66,58,55,54,60,54,53,48,57,51,55,53,48,47,50,47,48,53,42,45,41,44,40,34,,,,,,,,,,,,,,,,,,,,,,,,,,,,,,,,,,,,,,,,,,,,,,,,,,,,,,,,,,,,,,,,,,,,,,,,,,,,,,,,,,,,,,,,,,,,,,,,,,,,,,,,,,,,,,,,,,,,,,,,,,,,,,,,,,,,,,,,,,,,,,,,,,,,,,,,,,,,,,,,,,,,,,,,,,,,,,,,,,,,,,,,,,,,,,,,
1,30,35,36,37,43,44,42,40,40,46,52,44,51,62,48,49,51,48,55,53,54,49,53,52,57,54,61,60,59,61,57,59,57,70,61,57,54,57,61,57,56,57,58,54,61,61,60,57,56,60,57,61,61,62,57,61,52,60,59,52,58,56,49,44,,,,,,,,,,,,,,,,,,,,,,,,,,,,,,,,,,,,,,,,,,,,,,,,,,,,,,,,,,,,,,,,,,,,,,,,,,,,,,,,,,,,,,,,,,,,,,,,,,,,,,,,,,,,,,,,,,,,,,,,,,,,,,,,,,,,,,,,,,,,,,,,,,,,,,,,,,,,,,,,,,,,,,,,,,,,,,,,,,,,,,,,,,,,,,,,
2,36,32,36,39,39,40,36,37,38,38,34,43,40,33,36,43,37,37,41,34,40,36,36,39,35,38,41,39,39,42,40,44,43,42,47,50,48,47,48,46,50,51,54,56,49,61,55,64,56,59,57,60,54,66,60,58,63,60,60,54,52,51,46,43,,,,,,,,,,,,,,,,,,,,,,,,,,,,,,,,,,,,,,,,,,,,,,,,,,,,,,,,,,,,,,,,,,,,,,,,,,,,,,,,,,,,,,,,,,,,,,,,,,,,,,,,,,,,,,,,,,,,,,,,,,,,,,,,,,,,,,,,,,,,,,,,,,,,,,,,,,,,,,,,,,,,,,,,,,,,,,,,,,,,,,,,,,,,,,,,
3,47,54,57,56,55,52,57,63,64,55,57,59,54,53,55,55,53,51,49,44,47,49,51,50,45,43,44,41,35,38,37,37,35,37,42,35,40,38,37,39,38,41,43,41,42,40,38,38,44,40,38,40,37,43,35,38,44,38,39,37,40,40,41,38,,,,,,,,,,,,,,,,,,,,,,,,,,,,,,,,,,,,,,,,,,,,,,,,,,,,,,,,,,,,,,,,,,,,,,,,,,,,,,,,,,,,,,,,,,,,,,,,,,,,,,,,,,,,,,,,,,,,,,,,,,,,,,,,,,,,,,,,,,,,,,,,,,,,,,,,,,,,,,,,,,,,,,,,,,,,,,,,,,,,,,,,,,,,,,,,
4,55,54,65,63,67,70,70,73,69,65,64,73,66,65,73,67,69,68,65,68,67,66,70,67,68,64,72,66,66,63,73,60,65,67,66,61,65,65,57,62,59,55,53,61,64,54,53,56,46,46,42,56,56,43,46,40,41,44,43,39,38,42,35,34,,,,,,,,,,,,,,,,,,,,,,,,,,,,,,,,,,,,,,,,,,,,,,,,,,,,,,,,,,,,,,,,,,,,,,,,,,,,,,,,,,,,,,,,,,,,,,,,,,,,,,,,,,,,,,,,,,,,,,,,,,,,,,,,,,,,,,,,,,,,,,,,,,,,,,,,,,,,,,,,,,,,,,,,,,,,,,,,,,,,,,,,,,,,,,,,
5,38,42,50,52,54,55,56,61,67,65,59,64,64,65,71,69,71,70,66,70,65,72,70,61,67,64,78,61,71,63,68,66,67,76,73,62,66,74,73,72,68,73,62,66,62,65,70,60,68,67,68,70,75,69,68,74,66,67,57,61,61,49,43,43,,,,,,,,,,,,,,,,,,,,,,,,,,,,,,,,,,,,,,,,,,,,,,,,,,,,,,,,,,,,,,,,,,,,,,,,,,,,,,,,,,,,,,,,,,,,,,,,,,,,,,,,,,,,,,,,,,,,,,,,,,,,,,,,,,,,,,,,,,,,,,,,,,,,,,,,,,,,,,,,,,,,,,,,,,,,,,,,,,,,,,,,,,,,,,,,
6,32,38,42,42,39,39,43,45,42,41,45,41,42,44,39,42,49,47,51,50,53,50,49,56,51,56,54,60,56,60,56,60,59,64,62,65,62,61,63,75,70,71,70,65,77,71,68,72,64,67,73,75,77,65,71,70,65,67,64,66,60,55,56,51,,,,,,,,,,,,,,,,,,,,,,,,,,,,,,,,,,,,,,,,,,,,,,,,,,,,,,,,,,,,,,,,,,,,,,,,,,,,,,,,,,,,,,,,,,,,,,,,,,,,,,,,,,,,,,,,,,,,,,,,,,,,,,,,,,,,,,,,,,,,,,,,,,,,,,,,,,,,,,,,,,,,,,,,,,,,,,,,,,,,,,,,,,,,,,,,
7,45,45,46,52,46,46,46,53,49,51,51,52,48,41,37,40,38,42,37,41,35,40,42,40,40,37,37,41,40,38,40,41,43,41,38,39,44,40,47,41,39,50,42,44,47,45,45,48,49,54,59,52,54,57,51,61,56,64,66,59,56,52,44,51,,,,,,,,,,,,,,,,,,,,,,,,,,,,,,,,,,,,,,,,,,,,,,,,,,,,,,,,,,,,,,,,,,,,,,,,,,,,,,,,,,,,,,,,,,,,,,,,,,,,,,,,,,,,,,,,,,,,,,,,,,,,,,,,,,,,,,,,,,,,,,,,,,,,,,,,,,,,,,,,,,,,,,,,,,,,,,,,,,,,,,,,,,,,,,,,
8,63,66,68,74,76,77,76,75,71,79,84,76,72,75,78,78,78,73,71,75,73,73,78,82,81,81,77,78,86,74,82,81,77,83,75,77,75,75,79,78,76,72,81,69,81,72,73,70,71,73,78,65,65,60,60,62,62,62,57,49,54,48,45,44,,,,,,,,,,,,,,,,,,,,,,,,,,,,,,,,,,,,,,,,,,,,,,,,,,,,,,,,,,,,,,,,,,,,,,,,,,,,,,,,,,,,,,,,,,,,,,,,,,,,,,,,,,,,,,,,,,,,,,,,,,,,,,,,,,,,,,,,,,,,,,,,,,,,,,,,,,,,,,,,,,,,,,,,,,,,,,,,,,,,,,,,,,,,,,,,
9,32,34,42,46,45,47,47,51,54,56,56,59,55,63,61,64,64,71,75,73,73,75,73,67,71,74,80,73,73,79,71,89,77,69,74,75,79,86,78,77,77,76,76,88,77,73,74,72,80,67,73,80,76,74,75,71,75,70,70,71,66,63,56,53,,,,,,,,,,,,,,,,,,,,,,,,,,,,,,,,,,,,,,,,,,,,,,,,,,,,,,,,,,,,,,,,,,,,,,,,,,,,,,,,,,,,,,,,,,,,,,,,,,,,,,,,,,,,,,,,,,,,,,,,,,,,,,,,,,,,,,,,,,,,,,,,,,,,,,,,,,,,,,,,,,,,,,,,,,,,,,,,,,,,,,,,,,,,,,,,
10,40,36,37,39,45,43,43,42,42,43,43,42,48,45,44,44,46,43,44,42,43,47,45,42,46,42,46,46,45,52,46,50,53,52,52,56,62,65,63,65,66,61,69,71,67,71,70,79,69,72,78,76,71,74,83,74,76,77,75,68,68,63,62,54,,,,,,,,,,,,,,,,,,,,,,,,,,,,,,,,,,,,,,,,,,,,,,,,,,,,,,,,,,,,,,,,,,,,,,,,,,,,,,,,,,,,,,,,,,,,,,,,,,,,,,,,,,,,,,,,,,,,,,,,,,,,,,,,,,,,,,,,,,,,,,,,,,,,,,,,,,,,,,,,,,,,,,,,,,,,,,,,,,,,,,,,,,,,,,,,
11,61,66,59,62,72,73,64,68,71,64,72,64,62,65,66,64,58,61,61,61,57,64,65,59,55,58,56,53,44,50,49,47,51,49,46,49,47,45,45,48,49,51,47,53,55,47,51,49,50,49,48,52,46,45,46,45,48,48,55,55,47,46,47,43,,,,,,,,,,,,,,,,,,,,,,,,,,,,,,,,,,,,,,,,,,,,,,,,,,,,,,,,,,,,,,,,,,,,,,,,,,,,,,,,,,,,,,,,,,,,,,,,,,,,,,,,,,,,,,,,,,,,,,,,,,,,,,,,,,,,,,,,,,,,,,,,,,,,,,,,,,,,,,,,,,,,,,,,,,,,,,,,,,,,,,,,,,,,,,,,
12,58,67,74,75,80,81,81,88,91,72,81,87,87,85,83,77,83,86,79,80,80,84,77,80,91,86,82,80,80,80,89,77,79,72,81,74,74,79,77,71,65,80,69,73,67,69,69,66,63,63,61,63,50,56,55,52,48,50,52,49,49,47,43,39,,,,,,,,,,,,,,,,,,,,,,,,,,,,,,,,,,,,,,,,,,,,,,,,,,,,,,,,,,,,,,,,,,,,,,,,,,,,,,,,,,,,,,,,,,,,,,,,,,,,,,,,,,,,,,,,,,,,,,,,,,,,,,,,,,,,,,,,,,,,,,,,,,,,,,,,,,,,,,,,,,,,,,,,,,,,,,,,,,,,,,,,,,,,,,,,
13,48,52,52,56,59,63,68,64,65,73,68,72,73,72,74,75,78,76,74,77,77,80,76,74,72,75,82,72,72,78,72,72,80,77,77,73,72,78,77,75,74,73,78,76,79,77,76,76,77,78,69,75,84,78,73,84,73,73,75,61,62,61,51,50,,,,,,,,,,,,,,,,,,,,,,,,,,,,,,,,,,,,,,,,,,,,,,,,,,,,,,,,,,,,,,,,,,,,,,,,,,,,,,,,,,,,,,,,,,,,,,,,,,,,,,,,,,,,,,,,,,,,,,,,,,,,,,,,,,,,,,,,,,,,,,,,,,,,,,,,,,,,,,,,,,,,,,,,,,,,,,,,,,,,,,,,,,,,,,,,
14,31,36,39,47,42,39,52,39,45,42,47,39,45,45,42,49,56,43,45,51,50,55,54,52,57,55,59,64,59,60,63,63,75,66,68,72,74,70,71,71,72,78,73,81,71,72,72,72,77,75,77,77,76,72,67,69,73,68,63,67,65,53,59,51,,,,,,,,,,,,,,,,,,,,,,,,,,,,,,,,,,,,,,,,,,,,,,,,,,,,,,,,,,,,,,,,,,,,,,,,,,,,,,,,,,,,,,,,,,,,,,,,,,,,,,,,,,,,,,,,,,,,,,,,,,,,,,,,,,,,,,,,,,,,,,,,,,,,,,,,,,,,,,,,,,,,,,,,,,,,,,,,,,,,,,,,,,,,,,,,
15,46,54,50,51,55,51,54,55,59,56,50,55,49,47,44,49,47,44,46,48,43,47,44,44,50,42,39,44,45,45,43,42,37,54,44,43,46,44,47,44,47,46,53,56,54,49,51,50,56,58,58,57,62,62,62,65,57,66,63,67,57,57,54,51,,,,,,,,,,,,,,,,,,,,,,,,,,,,,,,,,,,,,,,,,,,,,,,,,,,,,,,,,,,,,,,,,,,,,,,,,,,,,,,,,,,,,,,,,,,,,,,,,,,,,,,,,,,,,,,,,,,,,,,,,,,,,,,,,,,,,,,,,,,,,,,,,,,,,,,,,,,,,,,,,,,,,,,,,,,,,,,,,,,,,,,,,,,,,,,,
16,58,60,64,67,68,79,70,75,82,79,83,75,81,84,76,81,81,79,72,80,78,76,81,77,74,77,81,79,79,74,76,85,76,83,75,76,77,86,77,80,79,73,78,83,71,77,72,71,68,75,71,70,65,65,64,61,62,57,54,50,48,48,41,40,,,,,,,,,,,,,,,,,,,,,,,,,,,,,,,,,,,,,,,,,,,,,,,,,,,,,,,,,,,,,,,,,,,,,,,,,,,,,,,,,,,,,,,,,,,,,,,,,,,,,,,,,,,,,,,,,,,,,,,,,,,,,,,,,,,,,,,,,,,,,,,,,,,,,,,,,,,,,,,,,,,,,,,,,,,,,,,,,,,,,,,,,,,,,,,,
17,38,41,45,53,46,52,53,61,55,64,64,61,70,62,67,71,68,74,78,74,81,80,76,71,73,78,87,87,81,82,91,83,81,81,76,80,90,84,79,75,74,84,81,81,82,80,78,74,87,77,85,74,81,81,75,79,69,84,71,77,71,78,57,56,,,,,,,,,,,,,,,,,,,,,,,,,,,,,,,,,,,,,,,,,,,,,,,,,,,,,,,,,,,,,,,,,,,,,,,,,,,,,,,,,,,,,,,,,,,,,,,,,,,,,,,,,,,,,,,,,,,,,,,,,,,,,,,,,,,,,,,,,,,,,,,,,,,,,,,,,,,,,,,,,,,,,,,,,,,,,,,,,,,,,,,,,,,,,,,,
18,39,41,47,43,44,45,51,45,51,44,47,49,50,50,52,51,42,50,47,50,49,49,49,52,47,52,47,49,55,60,52,59,56,55,53,54,58,62,62,62,67,68,64,67,71,69,81,73,74,74,71,79,84,79,85,82,82,79,71,71,64,60,67,55,,,,,,,,,,,,,,,,,,,,,,,,,,,,,,,,,,,,,,,,,,,,,,,,,,,,,,,,,,,,,,,,,,,,,,,,,,,,,,,,,,,,,,,,,,,,,,,,,,,,,,,,,,,,,,,,,,,,,,,,,,,,,,,,,,,,,,,,,,,,,,,,,,,,,,,,,,,,,,,,,,,,,,,,,,,,,,,,,,,,,,,,,,,,,,,,
19,64,74,72,86,75,80,76,80,75,87,80,68,71,71,81,73,72,69,69,66,71,67,70,73,63,62,53,53,58,55,59,54,59,56,55,53,55,56,52,55,62,58,57,62,59,54,59,57,55,54,54,59,57,60,54,60,68,64,63,61,58,57,58,52,,,,,,,,,,,,,,,,,,,,,,,,,,,,,,,,,,,,,,,,,,,,,,,,,,,,,,,,,,,,,,,,,,,,,,,,,,,,,,,,,,,,,,,,,,,,,,,,,,,,,,,,,,,,,,,,,,,,,,,,,,,,,,,,,,,,,,,,,,,,,,,,,,,,,,,,,,,,,,,,,,,,,,,,,,,,,,,,,,,,,,,,,,,,,,,,
20,55,61,70,60,64,68,73,83,69,73,75,81,79,77,80,82,76,73,75,73,74,79,78,79,79,73,72,77,73,74,70,72,69,68,67,66,68,68,63,66,65,63,65,62,65,54,55,53,57,55,63,50,45,52,47,41,44,45,46,41,42,38,38,33,,,,,,,,,,,,,,,,,,,,,,,,,,,,,,,,,,,,,,,,,,,,,,,,,,,,,,,,,,,,,,,,,,,,,,,,,,,,,,,,,,,,,,,,,,,,,,,,,,,,,,,,,,,,,,,,,,,,,,,,,,,,,,,,,,,,,,,,,,,,,,,,,,,,,,,,,,,,,,,,,,,,,,,,,,,,,,,,,,,,,,,,,,,,,,,,
21,47,51,52,67,60,64,64,65,68,66,70,69,72,81,80,84,71,77,84,81,73,78,73,76,81,78,71,72,73,81,80,83,73,77,77,81,79,81,78,75,80,79,73,74,74,76,74,77,78,73,74,83,75,73,76,80,79,74,65,63,69,63,55,49,,,,,,,,,,,,,,,,,,,,,,,,,,,,,,,,,,,,,,,,,,,,,,,,,,,,,,,,,,,,,,,,,,,,,,,,,,,,,,,,,,,,,,,,,,,,,,,,,,,,,,,,,,,,,,,,,,,,,,,,,,,,,,,,,,,,,,,,,,,,,,,,,,,,,,,,,,,,,,,,,,,,,,,,,,,,,,,,,,,,,,,,,,,,,,,,
22,35,37,40,44,44,43,45,44,45,46,52,45,44,46,44,49,45,52,48,56,52,60,54,55,61,66,60,66,64,70,72,70,65,70,77,75,75,71,75,76,77,81,80,80,74,77,84,76,81,85,85,86,82,74,72,81,80,75,72,76,69,61,55,55,,,,,,,,,,,,,,,,,,,,,,,,,,,,,,,,,,,,,,,,,,,,,,,,,,,,,,,,,,,,,,,,,,,,,,,,,,,,,,,,,,,,,,,,,,,,,,,,,,,,,,,,,,,,,,,,,,,,,,,,,,,,,,,,,,,,,,,,,,,,,,,,,,,,,,,,,,,,,,,,,,,,,,,,,,,,,,,,,,,,,,,,,,,,,,,,
23,44,50,53,52,54,53,52,53,53,57,51,51,45,44,39,44,41,42,39,38,44,42,45,40,40,45,46,41,45,44,43,40,39,47,43,40,48,39,40,41,42,45,44,47,47,47,47,53,52,60,59,55,59,62,67,68,66,66,65,64,60,55,50,51,,,,,,,,,,,,,,,,,,,,,,,,,,,,,,,,,,,,,,,,,,,,,,,,,,,,,,,,,,,,,,,,,,,,,,,,,,,,,,,,,,,,,,,,,,,,,,,,,,,,,,,,,,,,,,,,,,,,,,,,,,,,,,,,,,,,,,,,,,,,,,,,,,,,,,,,,,,,,,,,,,,,,,,,,,,,,,,,,,,,,,,,,,,,,,,,
24,61,62,71,68,73,71,73,73,71,73,76,71,70,78,79,81,75,74,77,73,77,72,79,77,79,85,78,75,74,74,73,82,74,74,75,72,70,79,78,77,75,84,76,73,66,72,77,75,74,71,72,68,72,63,65,61,68,62,57,54,52,54,49,48,,,,,,,,,,,,,,,,,,,,,,,,,,,,,,,,,,,,,,,,,,,,,,,,,,,,,,,,,,,,,,,,,,,,,,,,,,,,,,,,,,,,,,,,,,,,,,,,,,,,,,,,,,,,,,,,,,,,,,,,,,,,,,,,,,,,,,,,,,,,,,,,,,,,,,,,,,,,,,,,,,,,,,,,,,,,,,,,,,,,,,,,,,,,,,,,
25,33,36,35,46,44,46,47,50,49,57,54,56,58,56,63,65,63,61,65,67,71,68,70,69,71,73,77,75,65,76,77,78,67,79,74,69,81,75,76,75,73,71,80,83,73,69,81,75,74,73,71,79,71,72,70,72,75,73,67,68,65,58,57,56,,,,,,,,,,,,,,,,,,,,,,,,,,,,,,,,,,,,,,,,,,,,,,,,,,,,,,,,,,,,,,,,,,,,,,,,,,,,,,,,,,,,,,,,,,,,,,,,,,,,,,,,,,,,,,,,,,,,,,,,,,,,,,,,,,,,,,,,,,,,,,,,,,,,,,,,,,,,,,,,,,,,,,,,,,,,,,,,,,,,,,,,,,,,,,,,
26,38,40,41,43,42,46,45,44,44,46,46,39,48,42,52,44,46,49,47,43,46,46,46,49,46,50,46,49,49,47,50,52,52,52,49,54,64,58,63,60,64,65,66,65,64,74,71,72,67,70,65,76,77,80,78,75,67,73,75,67,69,64,60,54,,,,,,,,,,,,,,,,,,,,,,,,,,,,,,,,,,,,,,,,,,,,,,,,,,,,,,,,,,,,,,,,,,,,,,,,,,,,,,,,,,,,,,,,,,,,,,,,,,,,,,,,,,,,,,,,,,,,,,,,,,,,,,,,,,,,,,,,,,,,,,,,,,,,,,,,,,,,,,,,,,,,,,,,,,,,,,,,,,,,,,,,,,,,,,,,
27,52,63,60,64,66,67,62,70,72,75,65,60,66,60,59,61,66,62,49,57,53,54,54,49,56,58,49,44,40,44,47,45,43,44,47,50,49,45,44,47,45,44,48,46,43,42,44,44,46,47,45,43,45,45,50,47,49,46,46,48,49,43,45,43,,,,,,,,,,,,,,,,,,,,,,,,,,,,,,,,,,,,,,,,,,,,,,,,,,,,,,,,,,,,,,,,,,,,,,,,,,,,,,,,,,,,,,,,,,,,,,,,,,,,,,,,,,,,,,,,,,,,,,,,,,,,,,,,,,,,,,,,,,,,,,,,,,,,,,,,,,,,,,,,,,,,,,,,,,,,,,,,,,,,,,,,,,,,,,,,
28,54,66,62,68,70,68,67,71,72,66,70,69,87,71,79,78,70,79,77,78,70,82,76,71,72,73,77,73,72,76,70,71,69,65,66,70,67,65,65,64,64,57,66,60,54,60,67,52,57,52,54,55,51,44,44,47,45,44,44,46,43,39,36,39,,,,,,,,,,,,,,,,,,,,,,,,,,,,,,,,,,,,,,,,,,,,,,,,,,,,,,,,,,,,,,,,,,,,,,,,,,,,,,,,,,,,,,,,,,,,,,,,,,,,,,,,,,,,,,,,,,,,,,,,,,,,,,,,,,,,,,,,,,,,,,,,,,,,,,,,,,,,,,,,,,,,,,,,,,,,,,,,,,,,,,,,,,,,,,,,
29,44,48,51,54,60,63,63,67,71,72,70,80,69,80,71,72,73,71,75,78,73,73,75,79,78,73,76,79,77,77,77,82,72,75,79,83,85,78,73,70,84,73,69,80,78,80,77,76,80,72,76,75,72,71,75,77,70,71,63,59,61,54,56,46,,,,,,,,,,,,,,,,,,,,,,,,,,,,,,,,,,,,,,,,,,,,,,,,,,,,,,,,,,,,,,,,,,,,,,,,,,,,,,,,,,,,,,,,,,,,,,,,,,,,,,,,,,,,,,,,,,,,,,,,,,,,,,,,,,,,,,,,,,,,,,,,,,,,,,,,,,,,,,,,,,,,,,,,,,,,,,,,,,,,,,,,,,,,,,,,
30,32,36,41,40,42,41,43,44,44,43,44,43,42,44,49,47,46,46,48,49,50,49,60,62,56,62,62,65,68,67,62,67,67,72,65,69,69,75,74,71,77,83,79,73,77,76,77,75,81,75,81,72,77,77,77,79,73,69,68,67,64,65,62,56,,,,,,,,,,,,,,,,,,,,,,,,,,,,,,,,,,,,,,,,,,,,,,,,,,,,,,,,,,,,,,,,,,,,,,,,,,,,,,,,,,,,,,,,,,,,,,,,,,,,,,,,,,,,,,,,,,,,,,,,,,,,,,,,,,,,,,,,,,,,,,,,,,,,,,,,,,,,,,,,,,,,,,,,,,,,,,,,,,,,,,,,,,,,,,,,
31,49,50,54,56,54,47,55,55,48,53,52,53,47,46,42,43,45,44,41,43,44,42,44,42,43,42,43,43,41,43,47,45,43,49,47,43,45,42,44,45,47,46,45,49,50,51,54,58,48,53,62,62,58,59,57,64,59,69,62,57,64,58,53,51,,,,,,,,,,,,,,,,,,,,,,,,,,,,,,,,,,,,,,,,,,,,,,,,,,,,,,,,,,,,,,,,,,,,,,,,,,,,,,,,,,,,,,,,,,,,,,,,,,,,,,,,,,,,,,,,,,,,,,,,,,,,,,,,,,,,,,,,,,,,,,,,,,,,,,,,,,,,,,,,,,,,,,,,,,,,,,,,,,,,,,,,,,,,,,,,
32,63,57,67,71,69,71,76,81,79,78,85,78,74,85,76,66,77,73,82,79,88,73,83,78,80,76,75,69,79,78,77,82,84,79,76,81,81,71,75,70,76,78,78,84,81,77,77,69,70,70,70,68,57,64,71,68,74,68,63,56,53,49,50,49,,,,,,,,,,,,,,,,,,,,,,,,,,,,,,,,,,,,,,,,,,,,,,,,,,,,,,,,,,,,,,,,,,,,,,,,,,,,,,,,,,,,,,,,,,,,,,,,,,,,,,,,,,,,,,,,,,,,,,,,,,,,,,,,,,,,,,,,,,,,,,,,,,,,,,,,,,,,,,,,,,,,,,,,,,,,,,,,,,,,,,,,,,,,,,,,
33,35,34,48,46,47,47,51,52,53,57,60,57,60,65,68,66,64,69,62,74,74,74,64,69,73,81,79,82,81,80,75,71,76,78,73,76,79,77,73,82,73,77,72,81,77,80,75,82,77,77,77,82,82,73,78,77,78,73,71,80,63,63,58,54,,,,,,,,,,,,,,,,,,,,,,,,,,,,,,,,,,,,,,,,,,,,,,,,,,,,,,,,,,,,,,,,,,,,,,,,,,,,,,,,,,,,,,,,,,,,,,,,,,,,,,,,,,,,,,,,,,,,,,,,,,,,,,,,,,,,,,,,,,,,,,,,,,,,,,,,,,,,,,,,,,,,,,,,,,,,,,,,,,,,,,,,,,,,,,,,
34,40,37,46,45,45,46,51,48,51,52,49,50,50,53,50,48,54,48,53,49,46,43,49,51,47,50,49,50,51,54,52,56,57,57,53,58,61,64,66,62,67,66,74,75,66,76,75,78,70,74,73,75,73,75,81,74,81,72,68,71,67,64,62,65,,,,,,,,,,,,,,,,,,,,,,,,,,,,,,,,,,,,,,,,,,,,,,,,,,,,,,,,,,,,,,,,,,,,,,,,,,,,,,,,,,,,,,,,,,,,,,,,,,,,,,,,,,,,,,,,,,,,,,,,,,,,,,,,,,,,,,,,,,,,,,,,,,,,,,,,,,,,,,,,,,,,,,,,,,,,,,,,,,,,,,,,,,,,,,,,
35,61,59,67,68,68,68,71,70,64,73,75,68,65,63,59,65,65,64,57,57,58,52,54,54,58,55,49,53,44,50,50,51,46,51,52,49,46,49,50,46,46,48,51,49,45,50,45,45,42,47,47,49,47,47,50,47,47,50,51,51,47,50,48,45,,,,,,,,,,,,,,,,,,,,,,,,,,,,,,,,,,,,,,,,,,,,,,,,,,,,,,,,,,,,,,,,,,,,,,,,,,,,,,,,,,,,,,,,,,,,,,,,,,,,,,,,,,,,,,,,,,,,,,,,,,,,,,,,,,,,,,,,,,,,,,,,,,,,,,,,,,,,,,,,,,,,,,,,,,,,,,,,,,,,,,,,,,,,,,,,
36,58,66,65,69,74,77,76,80,77,72,73,77,75,74,87,80,71,81,81,80,80,79,83,74,79,76,81,69,79,76,79,69,72,68,70,70,74,67,65,65,66,66,66,64,57,59,57,53,58,51,55,59,54,47,46,46,50,47,48,43,39,38,35,38,,,,,,,,,,,,,,,,,,,,,,,,,,,,,,,,,,,,,,,,,,,,,,,,,,,,,,,,,,,,,,,,,,,,,,,,,,,,,,,,,,,,,,,,,,,,,,,,,,,,,,,,,,,,,,,,,,,,,,,,,,,,,,,,,,,,,,,,,,,,,,,,,,,,,,,,,,,,,,,,,,,,,,,,,,,,,,,,,,,,,,,,,,,,,,,,
37,48,57,55,63,68,66,71,73,72,75,76,74,70,84,88,73,79,78,80,81,88,78,76,81,80,77,82,82,78,79,81,81,82,73,79,79,79,80,83,81,73,79,80,81,76,84,74,80,86,79,78,79,78,74,83,77,77,66,77,65,61,60,54,53,,,,,,,,,,,,,,,,,,,,,,,,,,,,,,,,,,,,,,,,,,,,,,,,,,,,,,,,,,,,,,,,,,,,,,,,,,,,,,,,,,,,,,,,,,,,,,,,,,,,,,,,,,,,,,,,,,,,,,,,,,,,,,,,,,,,,,,,,,,,,,,,,,,,,,,,,,,,,,,,,,,,,,,,,,,,,,,,,,,,,,,,,,,,,,,,
38,32,38,38,39,42,41,38,41,45,46,42,42,40,42,43,49,49,51,48,52,49,51,60,62,57,60,57,63,67,66,66,73,72,74,67,76,75,69,72,79,77,80,75,77,83,76,83,93,80,72,81,77,78,81,77,68,73,80,68,65,74,67,59,57,,,,,,,,,,,,,,,,,,,,,,,,,,,,,,,,,,,,,,,,,,,,,,,,,,,,,,,,,,,,,,,,,,,,,,,,,,,,,,,,,,,,,,,,,,,,,,,,,,,,,,,,,,,,,,,,,,,,,,,,,,,,,,,,,,,,,,,,,,,,,,,,,,,,,,,,,,,,,,,,,,,,,,,,,,,,,,,,,,,,,,,,,,,,,,,,
39,52,53,59,60,53,54,53,61,54,56,51,56,50,50,46,48,49,51,46,44,44,46,50,45,50,47,46,50,47,52,49,50,50,49,50,47,45,46,53,46,48,46,49,59,53,52,54,55,61,55,64,57,61,62,63,66,66,64,67,66,62,59,55,55,,,,,,,,,,,,,,,,,,,,,,,,,,,,,,,,,,,,,,,,,,,,,,,,,,,,,,,,,,,,,,,,,,,,,,,,,,,,,,,,,,,,,,,,,,,,,,,,,,,,,,,,,,,,,,,,,,,,,,,,,,,,,,,,,,,,,,,,,,,,,,,,,,,,,,,,,,,,,,,,,,,,,,,,,,,,,,,,,,,,,,,,,,,,,,,,
40,61,64,68,67,75,76,68,75,68,78,73,79,73,68,73,75,80,78,80,82,73,75,74,73,78,80,76,79,76,79,73,79,74,72,77,77,75,73,75,76,73,76,70,75,79,70,70,72,69,66,72,70,64,65,63,58,70,52,53,53,52,48,44,45,,,,,,,,,,,,,,,,,,,,,,,,,,,,,,,,,,,,,,,,,,,,,,,,,,,,,,,,,,,,,,,,,,,,,,,,,,,,,,,,,,,,,,,,,,,,,,,,,,,,,,,,,,,,,,,,,,,,,,,,,,,,,,,,,,,,,,,,,,,,,,,,,,,,,,,,,,,,,,,,,,,,,,,,,,,,,,,,,,,,,,,,,,,,,,,,
41,34,33,41,41,45,43,46,54,50,55,60,57,58,61,67,65,68,60,68,66,70,71,74,71,62,72,73,73,77,82,72,77,80,82,75,68,78,77,81,72,77,75,78,78,74,77,77,69,76,79,71,72,73,77,86,79,78,73,70,68,67,59,56,49,,,,,,,,,,,,,,,,,,,,,,,,,,,,,,,,,,,,,,,,,,,,,,,,,,,,,,,,,,,,,,,,,,,,,,,,,,,,,,,,,,,,,,,,,,,,,,,,,,,,,,,,,,,,,,,,,,,,,,,,,,,,,,,,,,,,,,,,,,,,,,,,,,,,,,,,,,,,,,,,,,,,,,,,,,,,,,,,,,,,,,,,,,,,,,,,
42,39,38,47,45,44,47,45,53,58,48,48,47,46,50,44,54,49,51,50,52,51,44,48,47,47,61,46,46,49,57,48,54,51,56,59,57,66,65,62,68,63,71,61,69,66,70,72,74,69,69,72,75,72,78,71,77,72,72,76,69,64,66,63,65,,,,,,,,,,,,,,,,,,,,,,,,,,,,,,,,,,,,,,,,,,,,,,,,,,,,,,,,,,,,,,,,,,,,,,,,,,,,,,,,,,,,,,,,,,,,,,,,,,,,,,,,,,,,,,,,,,,,,,,,,,,,,,,,,,,,,,,,,,,,,,,,,,,,,,,,,,,,,,,,,,,,,,,,,,,,,,,,,,,,,,,,,,,,,,,,
43,55,66,69,71,64,68,73,71,68,70,66,70,70,65,60,69,67,65,59,62,59,60,58,56,59,57,58,52,43,46,47,52,47,42,51,53,47,48,50,47,48,53,44,42,44,50,48,48,51,45,46,47,49,46,46,51,48,47,52,49,48,49,51,43,,,,,,,,,,,,,,,,,,,,,,,,,,,,,,,,,,,,,,,,,,,,,,,,,,,,,,,,,,,,,,,,,,,,,,,,,,,,,,,,,,,,,,,,,,,,,,,,,,,,,,,,,,,,,,,,,,,,,,,,,,,,,,,,,,,,,,,,,,,,,,,,,,,,,,,,,,,,,,,,,,,,,,,,,,,,,,,,,,,,,,,,,,,,,,,,
44,52,60,64,64,69,65,74,75,70,75,80,74,75,75,84,90,77,77,79,74,76,82,78,76,77,70,86,76,73,80,76,71,85,72,66,65,69,71,63,61,62,63,63,68,57,53,52,53,60,49,54,55,52,45,41,42,41,42,39,41,38,33,37,31,,,,,,,,,,,,,,,,,,,,,,,,,,,,,,,,,,,,,,,,,,,,,,,,,,,,,,,,,,,,,,,,,,,,,,,,,,,,,,,,,,,,,,,,,,,,,,,,,,,,,,,,,,,,,,,,,,,,,,,,,,,,,,,,,,,,,,,,,,,,,,,,,,,,,,,,,,,,,,,,,,,,,,,,,,,,,,,,,,,,,,,,,,,,,,,,
45,50,50,54,54,62,63,67,76,72,67,68,71,71,72,80,73,76,78,83,79,77,73,73,77,76,71,79,83,77,73,68,77,72,78,77,84,74,75,76,78,73,73,73,70,79,78,71,75,75,79,78,78,73,76,73,73,75,71,66,56,60,63,50,50,,,,,,,,,,,,,,,,,,,,,,,,,,,,,,,,,,,,,,,,,,,,,,,,,,,,,,,,,,,,,,,,,,,,,,,,,,,,,,,,,,,,,,,,,,,,,,,,,,,,,,,,,,,,,,,,,,,,,,,,,,,,,,,,,,,,,,,,,,,,,,,,,,,,,,,,,,,,,,,,,,,,,,,,,,,,,,,,,,,,,,,,,,,,,,,,
46,41,43,44,47,48,54,48,47,44,52,47,50,53,49,48,50,53,53,56,59,60,56,57,62,60,59,69,63,63,68,76,61,69,69,65,74,71,68,80,76,82,83,75,75,80,71,78,81,78,76,76,81,79,80,74,81,80,84,71,70,70,57,60,59,,,,,,,,,,,,,,,,,,,,,,,,,,,,,,,,,,,,,,,,,,,,,,,,,,,,,,,,,,,,,,,,,,,,,,,,,,,,,,,,,,,,,,,,,,,,,,,,,,,,,,,,,,,,,,,,,,,,,,,,,,,,,,,,,,,,,,,,,,,,,,,,,,,,,,,,,,,,,,,,,,,,,,,,,,,,,,,,,,,,,,,,,,,,,,,,
47,52,58,63,67,58,56,57,63,55,54,59,61,58,50,55,51,49,55,47,47,48,44,49,53,58,49,48,47,49,47,50,51,44,52,57,53,58,52,50,46,55,54,49,56,53,56,63,56,62,65,61,61,68,71,68,71,66,63,69,68,63,62,61,57,,,,,,,,,,,,,,,,,,,,,,,,,,,,,,,,,,,,,,,,,,,,,,,,,,,,,,,,,,,,,,,,,,,,,,,,,,,,,,,,,,,,,,,,,,,,,,,,,,,,,,,,,,,,,,,,,,,,,,,,,,,,,,,,,,,,,,,,,,,,,,,,,,,,,,,,,,,,,,,,,,,,,,,,,,,,,,,,,,,,,,,,,,,,,,,,
48,60,72,69,70,75,72,81,67,77,77,80,71,82,74,78,75,76,80,83,75,80,75,72,81,79,72,84,77,85,84,80,78,82,95,93,82,76,69,80,84,81,79,73,76,82,82,73,83,74,79,79,73,65,65,69,68,73,66,59,55,60,58,51,45,,,,,,,,,,,,,,,,,,,,,,,,,,,,,,,,,,,,,,,,,,,,,,,,,,,,,,,,,,,,,,,,,,,,,,,,,,,,,,,,,,,,,,,,,,,,,,,,,,,,,,,,,,,,,,,,,,,,,,,,,,,,,,,,,,,,,,,,,,,,,,,,,,,,,,,,,,,,,,,,,,,,,,,,,,,,,,,,,,,,,,,,,,,,,,,,
49,36,41,46,46,46,47,51,56,60,63,57,55,62,61,60,61,63,63,73,73,74,65,66,74,70,79,79,78,79,81,83,85,75,81,78,79,78,78,77,76,77,77,74,73,73,82,78,79,79,76,82,68,71,83,67,69,73,76,69,70,63,66,64,60,,,,,,,,,,,,,,,,,,,,,,,,,,,,,,,,,,,,,,,,,,,,,,,,,,,,,,,,,,,,,,,,,,,,,,,,,,,,,,,,,,,,,,,,,,,,,,,,,,,,,,,,,,,,,,,,,,,,,,,,,,,,,,,,,,,,,,,,,,,,,,,,,,,,,,,,,,,,,,,,,,,,,,,,,,,,,,,,,,,,,,,,,,,,,,,,
50,37,39,38,42,43,42,45,54,46,41,43,43,41,44,46,45,48,42,46,43,47,45,45,46,43,46,46,44,51,48,49,54,51,51,53,58,62,58,56,64,61,63,68,62,68,67,72,69,66,75,71,72,73,74,79,77,75,67,74,69,62,62,61,51,,,,,,,,,,,,,,,,,,,,,,,,,,,,,,,,,,,,,,,,,,,,,,,,,,,,,,,,,,,,,,,,,,,,,,,,,,,,,,,,,,,,,,,,,,,,,,,,,,,,,,,,,,,,,,,,,,,,,,,,,,,,,,,,,,,,,,,,,,,,,,,,,,,,,,,,,,,,,,,,,,,,,,,,,,,,,,,,,,,,,,,,,,,,,,,,
51,61,61,64,69,64,72,66,60,72,67,68,71,68,62,64,69,67,61,61,62,56,56,54,55,54,51,52,43,46,47,47,45,45,47,45,44,43,48,49,48,46,48,46,45,46,47,48,52,48,48,50,48,46,43,47,48,54,47,48,51,48,51,51,46,,,,,,,,,,,,,,,,,,,,,,,,,,,,,,,,,,,,,,,,,,,,,,,,,,,,,,,,,,,,,,,,,,,,,,,,,,,,,,,,,,,,,,,,,,,,,,,,,,,,,,,,,,,,,,,,,,,,,,,,,,,,,,,,,,,,,,,,,,,,,,,,,,,,,,,,,,,,,,,,,,,,,,,,,,,,,,,,,,,,,,,,,,,,,,,,
52,50,57,70,61,63,68,77,73,71,71,74,74,69,78,69,73,82,75,69,69,78,76,69,78,70,76,79,70,73,78,76,70,70,66,69,66,72,65,57,58,59,61,61,59,55,56,52,52,49,46,52,52,44,47,45,43,40,39,41,39,39,35,36,29,,,,,,,,,,,,,,,,,,,,,,,,,,,,,,,,,,,,,,,,,,,,,,,,,,,,,,,,,,,,,,,,,,,,,,,,,,,,,,,,,,,,,,,,,,,,,,,,,,,,,,,,,,,,,,,,,,,,,,,,,,,,,,,,,,,,,,,,,,,,,,,,,,,,,,,,,,,,,,,,,,,,,,,,,,,,,,,,,,,,,,,,,,,,,,,,
53,47,49,61,59,73,69,67,71,69,72,69,76,79,76,75,77,75,70,82,72,78,76,82,74,72,69,81,72,77,80,73,77,79,74,73,78,82,72,79,81,76,82,76,71,77,80,74,73,79,76,78,75,72,75,70,76,75,70,75,68,63,61,63,50,,,,,,,,,,,,,,,,,,,,,,,,,,,,,,,,,,,,,,,,,,,,,,,,,,,,,,,,,,,,,,,,,,,,,,,,,,,,,,,,,,,,,,,,,,,,,,,,,,,,,,,,,,,,,,,,,,,,,,,,,,,,,,,,,,,,,,,,,,,,,,,,,,,,,,,,,,,,,,,,,,,,,,,,,,,,,,,,,,,,,,,,,,,,,,,,
54,39,37,42,45,45,45,44,40,46,47,48,49,49,51,46,51,43,53,60,52,50,50,57,52,57,55,60,64,52,73,65,74,69,72,73,69,62,63,67,69,71,75,71,71,72,69,73,72,73,74,72,74,72,66,68,60,72,63,61,67,63,59,59,53,,,,,,,,,,,,,,,,,,,,,,,,,,,,,,,,,,,,,,,,,,,,,,,,,,,,,,,,,,,,,,,,,,,,,,,,,,,,,,,,,,,,,,,,,,,,,,,,,,,,,,,,,,,,,,,,,,,,,,,,,,,,,,,,,,,,,,,,,,,,,,,,,,,,,,,,,,,,,,,,,,,,,,,,,,,,,,,,,,,,,,,,,,,,,,,,
55,56,62,53,58,66,59,57,59,56,57,60,58,54,55,48,52,58,53,48,49,45,44,47,50,50,57,49,46,54,52,52,47,49,51,58,51,54,56,54,48,47,54,49,50,50,53,59,51,54,59,70,64,65,63,66,63,61,70,78,71,59,60,57,63,,,,,,,,,,,,,,,,,,,,,,,,,,,,,,,,,,,,,,,,,,,,,,,,,,,,,,,,,,,,,,,,,,,,,,,,,,,,,,,,,,,,,,,,,,,,,,,,,,,,,,,,,,,,,,,,,,,,,,,,,,,,,,,,,,,,,,,,,,,,,,,,,,,,,,,,,,,,,,,,,,,,,,,,,,,,,,,,,,,,,,,,,,,,,,,,
56,48,60,58,64,68,69,66,63,67,65,72,71,67,71,71,70,70,80,71,69,74,64,76,75,73,72,73,76,70,73,71,75,64,74,71,72,67,75,69,65,68,69,66,65,69,63,64,64,67,67,63,60,58,56,55,57,51,54,53,49,44,42,39,37,,,,,,,,,,,,,,,,,,,,,,,,,,,,,,,,,,,,,,,,,,,,,,,,,,,,,,,,,,,,,,,,,,,,,,,,,,,,,,,,,,,,,,,,,,,,,,,,,,,,,,,,,,,,,,,,,,,,,,,,,,,,,,,,,,,,,,,,,,,,,,,,,,,,,,,,,,,,,,,,,,,,,,,,,,,,,,,,,,,,,,,,,,,,,,,,
57,37,38,39,49,44,45,47,54,49,56,57,60,59,60,59,63,65,66,64,68,69,64,65,72,68,76,68,77,70,75,70,70,78,74,69,76,69,74,73,75,74,70,75,74,69,80,69,80,68,82,80,78,75,78,73,72,76,75,64,72,65,59,56,50,,,,,,,,,,,,,,,,,,,,,,,,,,,,,,,,,,,,,,,,,,,,,,,,,,,,,,,,,,,,,,,,,,,,,,,,,,,,,,,,,,,,,,,,,,,,,,,,,,,,,,,,,,,,,,,,,,,,,,,,,,,,,,,,,,,,,,,,,,,,,,,,,,,,,,,,,,,,,,,,,,,,,,,,,,,,,,,,,,,,,,,,,,,,,,,,
58,34,35,37,45,36,39,42,44,42,43,39,41,42,42,38,42,41,41,46,41,45,40,40,43,42,38,41,46,45,40,46,44,47,48,49,48,60,56,51,53,50,54,58,57,68,60,60,62,64,61,63,68,69,77,70,65,67,72,68,61,63,54,57,49,,,,,,,,,,,,,,,,,,,,,,,,,,,,,,,,,,,,,,,,,,,,,,,,,,,,,,,,,,,,,,,,,,,,,,,,,,,,,,,,,,,,,,,,,,,,,,,,,,,,,,,,,,,,,,,,,,,,,,,,,,,,,,,,,,,,,,,,,,,,,,,,,,,,,,,,,,,,,,,,,,,,,,,,,,,,,,,,,,,,,,,,,,,,,,,,
59,53,54,59,58,64,64,60,59,64,60,63,66,57,55,57,58,57,54,49,52,49,50,52,48,53,50,44,41,42,40,38,42,41,38,42,42,37,44,42,38,44,38,41,41,43,42,39,39,43,41,43,43,41,44,40,40,41,45,45,44,44,42,42,40,,,,,,,,,,,,,,,,,,,,,,,,,,,,,,,,,,,,,,,,,,,,,,,,,,,,,,,,,,,,,,,,,,,,,,,,,,,,,,,,,,,,,,,,,,,,,,,,,,,,,,,,,,,,,,,,,,,,,,,,,,,,,,,,,,,,,,,,,,,,,,,,,,,,,,,,,,,,,,,,,,,,,,,,,,,,,,,,,,,,,,,,,,,,,,,,
60,53,55,62,64,58,65,65,69,64,65,68,66,68,67,71,64,73,66,68,66,67,71,66,63,64,71,67,72,61,72,77,67,59,62,64,55,64,62,54,57,57,58,55,54,54,55,53,50,54,52,48,49,45,40,38,39,43,39,41,36,42,35,34,30,,,,,,,,,,,,,,,,,,,,,,,,,,,,,,,,,,,,,,,,,,,,,,,,,,,,,,,,,,,,,,,,,,,,,,,,,,,,,,,,,,,,,,,,,,,,,,,,,,,,,,,,,,,,,,,,,,,,,,,,,,,,,,,,,,,,,,,,,,,,,,,,,,,,,,,,,,,,,,,,,,,,,,,,,,,,,,,,,,,,,,,,,,,,,,,,
61,39,41,43,46,52,53,46,60,54,55,50,56,59,61,62,58,63,59,64,59,56,60,59,65,64,63,61,58,54,59,60,58,58,58,60,66,61,56,58,61,63,59,58,63,57,52,63,61,57,58,57,55,59,60,62,60,57,58,54,54,50,47,44,38,,,,,,,,,,,,,,,,,,,,,,,,,,,,,,,,,,,,,,,,,,,,,,,,,,,,,,,,,,,,,,,,,,,,,,,,,,,,,,,,,,,,,,,,,,,,,,,,,,,,,,,,,,,,,,,,,,,,,,,,,,,,,,,,,,,,,,,,,,,,,,,,,,,,,,,,,,,,,,,,,,,,,,,,,,,,,,,,,,,,,,,,,,,,,,,,
62,32,34,35,37,37,35,41,39,37,38,45,42,45,40,35,46,40,39,41,47,44,47,45,48,47,49,50,50,63,53,53,50,55,51,59,55,55,59,58,56,54,56,63,54,62,59,63,59,57,57,59,58,60,58,58,58,59,61,59,55,56,55,56,48,,,,,,,,,,,,,,,,,,,,,,,,,,,,,,,,,,,,,,,,,,,,,,,,,,,,,,,,,,,,,,,,,,,,,,,,,,,,,,,,,,,,,,,,,,,,,,,,,,,,,,,,,,,,,,,,,,,,,,,,,,,,,,,,,,,,,,,,,,,,,,,,,,,,,,,,,,,,,,,,,,,,,,,,,,,,,,,,,,,,,,,,,,,,,,,,
63,48,49,51,51,52,49,50,47,42,47,47,50,44,43,40,39,38,38,38,43,42,40,35,38,39,40,39,39,37,40,38,41,42,43,39,40,40,40,41,39,39,45,46,44,51,47,46,50,50,55,55,50,43,55,49,50,49,55,50,57,58,49,54,46,,,,,,,,,,,,,,,,,,,,,,,,,,,,,,,,,,,,,,,,,,,,,,,,,,,,,,,,,,,,,,,,,,,,,,,,,,,,,,,,,,,,,,,,,,,,,,,,,,,,,,,,,,,,,,,,,,,,,,,,,,,,,,,,,,,,,,,,,,,,,,,,,,,,,,,,,,,,,,,,,,,,,,,,,,,,,,,,,,,,,,,,,,,,,,,,
,,,,,,,,,,,,,,,,,,,,,,,,,,,,,,,,,,,,,,,,,,,,,,,,,,,,,,,,,,,,,,,,,,,,,,,,,,,,,,,,,,,,,,,,,,,,,,,,,,,,,,,,,,,,,,,,,,,,,,,,,,,,,,,,,,,,,,,,,,,,,,,,,,,,,,,,,,,,,,,,,,,,,,,,,,,,,,,,,,,,,,,,,,,,,,,,,,,,,,,,,,,,,,,,,,,,,,,,,,,,,,,,,,,,,,,,,,,,,,,,,,,,,,,,,,,,,,,,
value,0,1,2,3,4,5,6,7,8,9,10,11,12,13,14,15,16,17,18,19,20,21,22,23,24,25,26,27,28,29,30,31,32,33,34,35,36,37,38,39,40,41,42,43,44,45,46,47,48,49,50,51,52,53,54,55,56,57,58,59,60,61,62,63,64,65,66,67,68,69,70,71,72,73,74,75,76,77,78,79,80,81,82,83,84,85,86,87,88,89,90,91,92,93,94,95,96,97,98,99,100,101,102,103,104,105,106,107,108,109,110,111,112,113,114,115,116,117,118,119,120,121,122,123,124,125,126,127,128,129,130,131,132,133,134,135,136,137,138,139,140,141,142,143,144,145,146,147,148,149,150,151,152,153,154,155,156,157,158,159,160,161,162,163,164,165,166,167,168,169,170,171,172,173,174,175,176,177,178,179,180,181,182,183,184,185,186,187,188,189,190,191,192,193,194,195,196,197,198,199,200,201,202,203,204,205,206,207,208,209,210,211,212,213,214,215,216,217,218,219,220,221,222,223,224,225,226,227,228,229,230,231,232,233,234,235,236,237,238,239,240,241,242,243,244,245,246,247,248,249,250,251,252,253,254,255
count,0,0,0,0,0,0,0,0,0,0,0,0,0,0,0,0,0,0,0,0,0,0,0,0,0,0,0,0,0,1,2,2,6,5,10,19,16,29,46,55,53,59,77,78,98,92,105,112,81,105,97,83,86,75,101,88,79,94,74,82,83,83,73,88,87,86,84,79,91,92,88,110,111,141,96,116,99,117,90,88,74,71,42,27,24,13,10,8,5,2,2,3,0,2,0,1,0,0,0,0,0,0,0,0,0,0,0,0,0,0,0,0,0,0,0,0,0,0,0,0,0,0,0,0,0,0,0,0,0,0,0,0,0,0,0,0,0,0,0,0,0,0,0,0,0,0,0,0,0,0,0,0,0,0,0,0,0,0,0,0,0,0,0,0,0,0,0,0,0,0,0,0,0,0,0,0,0,0,0,0,0,0,0,0,0,0,0,0,0,0,0,0,0,0,0,0,0,0,0,0,0,0,0,0,0,0,0,0,0,0,0,0,0,0,0,0,0,0,0,0,0,0,0,0,0,0,0,0,0,0,0,0,0,0,0,0,0,0,0,0,0,0,0,0,0,0,0,0,0,0,0,0,0,0,0,0
,,,,,,,,,,,,,,,,,,,,,,,,,,,,,,,,,,,,,,,,,,,,,,,,,,,,,,,,,,,,,,,,,,,,,,,,,,,,,,,,,,,,,,,,,,,,,,,,,,,,,,,,,,,,,,,,,,,,,,,,,,,,,,,,,,,,,,,,,,,,,,,,,,,,,,,,,,,,,,,,,,,,,,,,,,,,,,,,,,,,,,,,,,,,,,,,,,,,,,,,,,,,,,,,,,,,,,,,,,,,,,,,,,,,,,,,,,,,,,,,,,,,,,,,,,,,,,,,
11,,,,,,,,,,,,,,,,,,,,,,,,,,,,,,,,,,,,,,,,,,,,,,,,,,,,,,,,,,,,,,,,,,,,,,,,,,,,,,,,,,,,,,,,,,,,,,,,,,,,,,,,,,,,,,,,,,,,,,,,,,,,,,,,,,,,,,,,,,,,,,,,,,,,,,,,,,,,,,,,,,,,,,,,,,,,,,,,,,,,,,,,,,,,,,,,,,,,,,,,,,,,,,,,,,,,,,,,,,,,,,,,,,,,,,,,,,,,,,,,,,,,,,,,,,,,,,,,
,0,1,2,3,4,5,6,7,8,9,10,11,12,13,14,15,16,17,18,19,20,21,22,23,24,25,26,27,28,29,30,31,32,33,34,35,36,37,38,39,40,41,42,43,44,45,46,47,48,49,50,51,52,53,54,55,56,57,58,59,60,61,62,63,60.90673828,,,,,,,,,,,,,,,,,,,,,,,,,,,,,,,,,,,,,,,,,,,,,,,,,,,,,,,,,,,,,,,,,,,,,,,,,,,,,,,,,,,,,,,,,,,,,,,,,,,,,,,,,,,,,,,,,,,,,,,,,,,,,,,,,,,,,,,,,,,,,,,,,,,,,,,,,,,,,,,,,,,,,,,,,,,,,,,,,,,,,,,,,,,,,,,
0,47,48,62,56,56,57,59,53,51,53,59,55,60,58,58,57,56,62,65,58,55,57,58,55,60,57,60,61,54,52,63,61,56,58,57,55,58,56,54,58,60,56,53,53,60,55,56,50,58,51,51,47,49,50,51,44,48,48,42,46,41,40,42,34,,,,,,,,,,,,,,,,,,,,,,,,,,,,,,,,,,,,,,,,,,,,,,,,,,,,,,,,,,,,,,,,,,,,,,,,,,,,,,,,,,,,,,,,,,,,,,,,,,,,,,,,,,,,,,,,,,,,,,,,,,,,,,,,,,,,,,,,,,,,,,,,,,,,,,,,,,,,,,,,,,,,,,,,,,,,,,,,,,,,,,,,,,,,,,,,
1,34,34,35,37,42,46,43,38,44,48,53,46,52,57,46,55,50,49,54,53,60,51,52,53,58,57,59,60,59,61,58,59,55,67,63,56,50,54,59,58,55,52,61,58,62,59,63,56,60,57,57,64,60,58,58,63,55,61,58,55,58,56,49,44,,,,,,,,,,,,,,,,,,,,,,,,,,,,,,,,,,,,,,,,,,,,,,,,,,,,,,,,,,,,,,,,,,,,,,,,,,,,,,,,,,,,,,,,,,,,,,,,,,,,,,,,,,,,,,,,,,,,,,,,,,,,,,,,,,,,,,,,,,,,,,,,,,,,,,,,,,,,,,,,,,,,,,,,,,,,,,,,,,,,,,,,,,,,,,,,
2,32,33,35,41,40,38,35,32,39,37,33,44,41,34,38,40,37,38,37,36,38,37,38,38,37,38,41,42,39,44,40,46,42,46,50,53,49,47,48,46,51,57,57,56,51,59,57,65,57,57,56,58,55,62,63,59,60,61,57,57,54,51,49,45,,,,,,,,,,,,,,,,,,,,,,,,,,,,,,,,,,,,,,,,,,,,,,,,,,,,,,,,,,,,,,,,,,,,,,,,,,,,,,,,,,,,,,,,,,,,,,,,,,,,,,,,,,,,,,,,,,,,,,,,,,,,,,,,,,,,,,,,,,,,,,,,,,,,,,,,,,,,,,,,,,,,,,,,,,,,,,,,,,,,,,,,,,,,,,,,
3,46,54,55,57,53,51,53,63,66,57,58,58,52,53,51,55,52,49,48,44,44,48,46,50,43,42,42,37,37,38,35,38,36,39,40,33,40,37,36,40,38,40,45,40,43,38,38,38,42,37,40,37,40,44,34,38,42,38,40,41,44,42,42,39,,,,,,,,,,,,,,,,,,,,,,,,,,,,,,,,,,,,,,,,,,,,,,,,,,,,,,,,,,,,,,,,,,,,,,,,,,,,,,,,,,,,,,,,,,,,,,,,,,,,,,,,,,,,,,,,,,,,,,,,,,,,,,,,,,,,,,,,,,,,,,,,,,,,,,,,,,,,,,,,,,,,,,,,,,,,,,,,,,,,,,,,,,,,,,,,
4,55,52,64,63,65,68,73,78,66,66,70,71,69,68,74,68,68,63,64,68,71,65,70,64,68,65,70,67,67,64,71,58,68,66,65,63,62,59,59,64,57,57,50,59,62,52,51,56,49,49,42,51,48,45,44,40,41,47,43,42,37,46,36,34,,,,,,,,,,,,,,,,,,,,,,,,,,,,,,,,,,,,,,,,,,,,,,,,,,,,,,,,,,,,,,,,,,,,,,,,,,,,,,,,,,,,,,,,,,,,,,,,,,,,,,,,,,,,,,,,,,,,,,,,,,,,,,,,,,,,,,,,,,,,,,,,,,,,,,,,,,,,,,,,,,,,,,,,,,,,,,,,,,,,,,,,,,,,,,,,
5,38,47,50,52,57,55,58,61,69,63,66,67,68,69,75,70,75,65,69,67,64,76,71,62,68,66,77,60,70,64,69,68,67,76,69,61,66,74,72,74,64,74,60,63,66,67,73,62,69,67,69,76,70,70,68,67,64,62,57,57,59,52,43,41,,,,,,,,,,,,,,,,,,,,,,,,,,,,,,,,,,,,,,,,,,,,,,,,,,,,,,,,,,,,,,,,,,,,,,,,,,,,,,,,,,,,,,,,,,,,,,,,,,,,,,,,,,,,,,,,,,,,,,,,,,,,,,,,,,,,,,,,,,,,,,,,,,,,,,,,,,,,,,,,,,,,,,,,,,,,,,,,,,,,,,,,,,,,,,,,
6,34,38,41,41,40,39,43,45,42,37,43,42,41,44,38,44,52,48,53,48,52,53,49,53,55,57,55,64,60,63,61,65,58,63,60,61,64,59,64,75,76,66,68,66,68,68,69,69,65,66,72,73,75,64,74,71,68,68,66,65,62,56,53,52,,,,,,,,,,,,,,,,,,,,,,,,,,,,,,,,,,,,,,,,,,,,,,,,,,,,,,,,,,,,,,,,,,,,,,,,,,,,,,,,,,,,,,,,,,,,,,,,,,,,,,,,,,,,,,,,,,,,,,,,,,,,,,,,,,,,,,,,,,,,,,,,,,,,,,,,,,,,,,,,,,,,,,,,,,,,,,,,,,,,,,,,,,,,,,,,
7,44,48,44,48,42,45,48,50,53,50,51,46,41,38,36,44,38,40,39,40,36,43,40,39,38,38,37,43,38,36,41,40,43,42,38,38,42,40,46,42,40,51,43,46,47,47,46,55,54,52,59,53,52,66,55,63,59,63,66,59,54,52,51,51,,,,,,,,,,,,,,,,,,,,,,,,,,,,,,,,,,,,,,,,,,,,,,,,,,,,,,,,,,,,,,,,,,,,,,,,,,,,,,,,,,,,,,,,,,,,,,,,,,,,,,,,,,,,,,,,,,,,,,,,,,,,,,,,,,,,,,,,,,,,,,,,,,,,,,,,,,,,,,,,,,,,,,,,,,,,,,,,,,,,,,,,,,,,,,,,
8,60,65,63,75,75,73,74,77,73,84,81,76,72,75,78,74,76,74,70,74,70,74,71,82,80,78,75,82,85,78,81,81,77,84,75,81,80,77,76,78,73,75,78,67,76,69,79,71,70,72,65,61,63,62,62,66,62,56,59,50,52,46,45,40,,,,,,,,,,,,,,,,,,,,,,,,,,,,,,,,,,,,,,,,,,,,,,,,,,,,,,,,,,,,,,,,,,,,,,,,,,,,,,,,,,,,,,,,,,,,,,,,,,,,,,,,,,,,,,,,,,,,,,,,,,,,,,,,,,,,,,,,,,,,,,,,,,,,,,,,,,,,,,,,,,,,,,,,,,,,,,,,,,,,,,,,,,,,,,,,
9,36,36,41,49,43,50,50,52,59,55,57,59,59,64,63,65,65,72,75,72,73,75,70,72,75,73,85,74,76,81,74,83,80,72,76,79,81,78,79,78,81,77,78,86,79,76,72,76,83,72,75,82,75,76,72,71,74,71,65,74,64,63,58,56,,,,,,,,,,,,,,,,,,,,,,,,,,,,,,,,,,,,,,,,,,,,,,,,,,,,,,,,,,,,,,,,,,,,,,,,,,,,,,,,,,,,,,,,,,,,,,,,,,,,,,,,,,,,,,,,,,,,,,,,,,,,,,,,,,,,,,,,,,,,,,,,,,,,,,,,,,,,,,,,,,,,,,,,,,,,,,,,,,,,,,,,,,,,,,,,
10,36,37,41,37,44,41,45,39,44,43,44,46,44,45,44,42,43,44,46,43,42,44,46,42,48,42,48,47,47,50,49,50,53,54,55,63,66,60,60,65,62,64,67,73,69,71,72,77,73,68,83,74,76,73,80,70,77,79,78,69,68,67,60,56,,,,,,,,,,,,,,,,,,,,,,,,,,,,,,,,,,,,,,,,,,,,,,,,,,,,,,,,,,,,,,,,,,,,,,,,,,,,,,,,,,,,,,,,,,,,,,,,,,,,,,,,,,,,,,,,,,,,,,,,,,,,,,,,,,,,,,,,,,,,,,,,,,,,,,,,,,,,,,,,,,,,,,,,,,,,,,,,,,,,,,,,,,,,,,,,
11,58,66,61,63,67,74,66,71,68,65,70,64,61,64,66,63,56,59,54,58,56,66,62,56,53,52,54,48,49,51,51,50,53,49,46,46,50,47,42,49,47,50,49,53,51,46,52,48,52,53,49,50,49,45,48,51,48,47,58,53,53,48,47,40,,,,,,,,,,,,,,,,,,,,,,,,,,,,,,,,,,,,,,,,,,,,,,,,,,,,,,,,,,,,,,,,,,,,,,,,,,,,,,,,,,,,,,,,,,,,,,,,,,,,,,,,,,,,,,,,,,,,,,,,,,,,,,,,,,,,,,,,,,,,,,,,,,,,,,,,,,,,,,,,,,,,,,,,,,,,,,,,,,,,,,,,,,,,,,,,
12,58,67,70,80,83,81,78,89,88,70,81,87,86,84,86,83,81,87,79,83,80,83,74,78,92,91,82,83,85,83,86,79,76,68,80,77,72,76,77,65,67,81,70,72,64,64,66,66,61,64,63,58,45,55,51,54,51,54,54,46,50,46,47,41,,,,,,,,,,,,,,,,,,,,,,,,,,,,,,,,,,,,,,,,,,,,,,,,,,,,,,,,,,,,,,,,,,,,,,,,,,,,,,,,,,,,,,,,,,,,,,,,,,,,,,,,,,,,,,,,,,,,,,,,,,,,,,,,,,,,,,,,,,,,,,,,,,,,,,,,,,,,,,,,,,,,,,,,,,,,,,,,,,,,,,,,,,,,,,,,
13,51,55,54,61,62,62,67,65,64,68,73,71,73,75,73,77,76,79,74,80,76,75,78,75,77,75,84,70,75,76,75,71,81,73,75,74,77,80,74,80,74,76,76,73,78,73,78,78,80,80,72,73,85,73,80,78,72,73,73,61,63,60,50,50,,,,,,,,,,,,,,,,,,,,,,,,,,,,,,,,,,,,,,,,,,,,,,,,,,,,,,,,,,,,,,,,,,,,,,,,,,,,,,,,,,,,,,,,,,,,,,,,,,,,,,,,,,,,,,,,,,,,,,,,,,,,,,,,,,,,,,,,,,,,,,,,,,,,,,,,,,,,,,,,,,,,,,,,,,,,,,,,,,,,,,,,,,,,,,,,
14,33,35,39,45,42,41,48,38,44,42,48,40,44,44,46,48,53,44,48,51,55,59,58,53,58,60,60,68,64,63,69,70,75,66,67,69,74,73,77,72,71,80,70,80,67,79,73,74,78,77,77,75,75,69,67,69,74,70,69,61,66,56,58,52,,,,,,,,,,,,,,,,,,,,,,,,,,,,,,,,,,,,,,,,,,,,,,,,,,,,,,,,,,,,,,,,,,,,,,,,,,,,,,,,,,,,,,,,,,,,,,,,,,,,,,,,,,,,,,,,,,,,,,,,,,,,,,,,,,,,,,,,,,,,,,,,,,,,,,,,,,,,,,,,,,,,,,,,,,,,,,,,,,,,,,,,,,,,,,,,
15,45,51,50,48,53,53,52,54,62,55,52,54,45,46,44,46,47,40,46,48,39,50,45,44,45,43,44,45,44,46,46,43,36,53,43,45,45,45,47,45,50,49,53,57,52,55,51,50,56,56,57,57,64,67,66,62,66,70,65,69,56,57,57,50,,,,,,,,,,,,,,,,,,,,,,,,,,,,,,,,,,,,,,,,,,,,,,,,,,,,,,,,,,,,,,,,,,,,,,,,,,,,,,,,,,,,,,,,,,,,,,,,,,,,,,,,,,,,,,,,,,,,,,,,,,,,,,,,,,,,,,,,,,,,,,,,,,,,,,,,,,,,,,,,,,,,,,,,,,,,,,,,,,,,,,,,,,,,,,,,
16,56,61,60,65,68,76,70,70,73,75,78,76,80,83,72,82,79,81,73,80,73,78,82,79,72,72,76,75,76,73,74,81,76,83,78,74,78,80,73,75,76,73,74,80,74,73,69,71,67,76,70,67,61,63,62,63,62,54,52,50,47,49,43,37,,,,,,,,,,,,,,,,,,,,,,,,,,,,,,,,,,,,,,,,,,,,,,,,,,,,,,,,,,,,,,,,,,,,,,,,,,,,,,,,,,,,,,,,,,,,,,,,,,,,,,,,,,,,,,,,,,,,,,,,,,,,,,,,,,,,,,,,,,,,,,,,,,,,,,,,,,,,,,,,,,,,,,,,,,,,,,,,,,,,,,,,,,,,,,,,
17,37,43,44,54,47,54,55,58,58,69,62,64,69,64,75,70,68,73,76,76,84,84,74,72,75,77,85,85,81,81,89,82,84,83,81,82,88,79,79,76,76,83,86,79,80,81,84,72,81,79,86,75,80,78,80,76,67,81,76,76,71,77,57,58,,,,,,,,,,,,,,,,,,,,,,,,,,,,,,,,,,,,,,,,,,,,,,,,,,,,,,,,,,,,,,,,,,,,,,,,,,,,,,,,,,,,,,,,,,,,,,,,,,,,,,,,,,,,,,,,,,,,,,,,,,,,,,,,,,,,,,,,,,,,,,,,,,,,,,,,,,,,,,,,,,,,,,,,,,,,,,,,,,,,,,,,,,,,,,,,
18,37,38,45,41,47,46,50,47,48,47,45,49,50,52,53,53,41,50,48,49,47,47,51,52,49,51,45,50,57,61,54,62,56,56,55,58,58,63,63,60,67,70,67,66,72,75,80,72,79,73,76,80,85,80,83,82,85,79,72,69,68,64,66,52,,,,,,,,,,,,,,,,,,,,,,,,,,,,,,,,,,,,,,,,,,,,,,,,,,,,,,,,,,,,,,,,,,,,,,,,,,,,,,,,,,,,,,,,,,,,,,,,,,,,,,,,,,,,,,,,,,,,,,,,,,,,,,,,,,,,,,,,,,,,,,,,,,,,,,,,,,,,,,,,,,,,,,,,,,,,,,,,,,,,,,,,,,,,,,,,
19,60,75,74,82,71,80,70,77,76,83,80,69,67,73,78,73,70,67,70,64,71,68,70,70,60,58,49,48,56,55,60,54,58,55,58,50,56,53,55,58,61,60,60,62,59,52,59,60,59,57,58,58,61,59,53,61,67,64,62,57,61,61,54,53,,,,,,,,,,,,,,,,,,,,,,,,,,,,,,,,,,,,,,,,,,,,,,,,,,,,,,,,,,,,,,,,,,,,,,,,,,,,,,,,,,,,,,,,,,,,,,,,,,,,,,,,,,,,,,,,,,,,,,,,,,,,,,,,,,,,,,,,,,,,,,,,,,,,,,,,,,,,,,,,,,,,,,,,,,,,,,,,,,,,,,,,,,,,,,,,
20,51,58,64,62,68,63,72,80,69,71,78,79,80,79,79,80,77,76,76,75,76,77,80,83,76,68,75,78,74,65,70,73,68,71,67,71,62,66,60,66,66,60,68,58,62,51,54,51,54,55,59,47,40,51,46,42,41,48,42,45,44,39,39,36,,,,,,,,,,,,,,,,,,,,,,,,,,,,,,,,,,,,,,,,,,,,,,,,,,,,,,,,,,,,,,,,,,,,,,,,,,,,,,,,,,,,,,,,,,,,,,,,,,,,,,,,,,,,,,,,,,,,,,,,,,,,,,,,,,,,,,,,,,,,,,,,,,,,,,,,,,,,,,,,,,,,,,,,,,,,,,,,,,,,,,,,,,,,,,,,
21,45,53,51,64,63,64,65,67,67,63,71,70,77,83,78,86,71,72,82,82,79,75,76,75,81,77,74,73,77,79,79,82,72,78,76,82,80,81,75,76,81,77,72,72,74,71,77,78,77,76,73,84,76,73,73,76,82,68,59,66,65,62,52,46,,,,,,,,,,,,,,,,,,,,,,,,,,,,,,,,,,,,,,,,,,,,,,,,,,,,,,,,,,,,,,,,,,,,,,,,,,,,,,,,,,,,,,,,,,,,,,,,,,,,,,,,,,,,,,,,,,,,,,,,,,,,,,,,,,,,,,,,,,,,,,,,,,,,,,,,,,,,,,,,,,,,,,,,,,,,,,,,,,,,,,,,,,,,,,,,
22,36,37,36,38,42,42,42,42,43,45,49,44,46,46,46,49,47,54,47,59,53,64,57,56,63,65,61,68,72,73,74,75,70,72,78,76,73,79,80,76,79,82,77,79,75,73,83,77,80,84,82,85,81,72,72,82,80,75,72,74,69,65,57,56,,,,,,,,,,,,,,,,,,,,,,,,,,,,,,,,,,,,,,,,,,,,,,,,,,,,,,,,,,,,,,,,,,,,,,,,,,,,,,,,,,,,,,,,,,,,,,,,,,,,,,,,,,,,,,,,,,,,,,,,,,,,,,,,,,,,,,,,,,,,,,,,,,,,,,,,,,,,,,,,,,,,,,,,,,,,,,,,,,,,,,,,,,,,,,,,
23,44,49,53,52,52,54,51,52,53,56,51,51,42,40,43,42,40,40,45,39,46,42,42,40,40,47,46,40,45,42,45,41,38,45,41,39,46,44,42,42,43,45,46,46,48,49,49,55,54,58,59,57,58,65,70,64,66,67,67,65,59,54,52,52,,,,,,,,,,,,,,,,,,,,,,,,,,,,,,,,,,,,,,,,,,,,,,,,,,,,,,,,,,,,,,,,,,,,,,,,,,,,,,,,,,,,,,,,,,,,,,,,,,,,,,,,,,,,,,,,,,,,,,,,,,,,,,,,,,,,,,,,,,,,,,,,,,,,,,,,,,,,,,,,,,,,,,,,,,,,,,,,,,,,,,,,,,,,,,,,
24,63,62,72,69,72,72,75,75,69,72,79,76,70,80,80,80,74,78,75,73,81,79,76,79,77,84,81,74,75,74,72,80,75,72,76,73,67,76,76,75,68,84,77,66,68,70,74,71,72,68,68,66,74,68,61,61,65,62,54,55,54,54,51,49,,,,,,,,,,,,,,,,,,,,,,,,,,,,,,,,,,,,,,,,,,,,,,,,,,,,,,,,,,,,,,,,,,,,,,,,,,,,,,,,,,,,,,,,,,,,,,,,,,,,,,,,,,,,,,,,,,,,,,,,,,,,,,,,,,,,,,,,,,,,,,,,,,,,,,,,,,,,,,,,,,,,,,,,,,,,,,,,,,,,,,,,,,,,,,,,
25,35,38,34,47,43,47,48,51,51,59,55,53,62,56,65,63,65,63,65,68,71,70,66,65,75,72,76,76,71,75,75,80,71,75,75,72,80,74,79,72,76,71,78,84,76,68,78,75,78,74,73,75,76,75,72,70,75,69,69,70,65,61,59,59,,,,,,,,,,,,,,,,,,,,,,,,,,,,,,,,,,,,,,,,,,,,,,,,,,,,,,,,,,,,,,,,,,,,,,,,,,,,,,,,,,,,,,,,,,,,,,,,,,,,,,,,,,,,,,,,,,,,,,,,,,,,,,,,,,,,,,,,,,,,,,,,,,,,,,,,,,,,,,,,,,,,,,,,,,,,,,,,,,,,,,,,,,,,,,,,
26,37,39,44,42,44,44,44,46,45,46,46,42,49,42,54,41,45,48,49,45,45,46,45,49,49,50,46,50,50,46,48,51,51,55,55,55,66,54,68,57,64,63,66,64,67,72,69,71,70,72,72,78,78,85,78,71,65,75,74,64,69,67,59,57,,,,,,,,,,,,,,,,,,,,,,,,,,,,,,,,,,,,,,,,,,,,,,,,,,,,,,,,,,,,,,,,,,,,,,,,,,,,,,,,,,,,,,,,,,,,,,,,,,,,,,,,,,,,,,,,,,,,,,,,,,,,,,,,,,,,,,,,,,,,,,,,,,,,,,,,,,,,,,,,,,,,,,,,,,,,,,,,,,,,,,,,,,,,,,,,
27,54,56,66,61,64,60,62,68,74,75,64,66,63,60,58,63,63,58,50,55,55,53,53,52,51,54,45,46,41,46,45,44,43,42,48,49,50,43,45,49,44,45,46,48,41,42,45,44,45,48,49,44,46,49,51,48,46,49,46,49,53,47,45,47,,,,,,,,,,,,,,,,,,,,,,,,,,,,,,,,,,,,,,,,,,,,,,,,,,,,,,,,,,,,,,,,,,,,,,,,,,,,,,,,,,,,,,,,,,,,,,,,,,,,,,,,,,,,,,,,,,,,,,,,,,,,,,,,,,,,,,,,,,,,,,,,,,,,,,,,,,,,,,,,,,,,,,,,,,,,,,,,,,,,,,,,,,,,,,,,
28,53,62,64,74,74,66,69,71,70,65,71,69,79,71,84,80,73,83,77,80,73,78,76,73,70,75,75,76,73,75,69,72,65,65,66,71,65,67,62,64,60,56,64,56,53,58,64,54,58,52,52,52,46,43,41,46,47,44,43,45,45,43,37,41,,,,,,,,,,,,,,,,,,,,,,,,,,,,,,,,,,,,,,,,,,,,,,,,,,,,,,,,,,,,,,,,,,,,,,,,,,,,,,,,,,,,,,,,,,,,,,,,,,,,,,,,,,,,,,,,,,,,,,,,,,,,,,,,,,,,,,,,,,,,,,,,,,,,,,,,,,,,,,,,,,,,,,,,,,,,,,,,,,,,,,,,,,,,,,,,
29,45,48,54,59,60,69,60,71,69,70,73,77,70,75,71,77,74,76,77,79,71,72,70,73,82,73,76,81,81,78,78,82,71,72,79,83,86,81,74,70,85,74,68,77,78,77,78,79,81,74,72,75,68,71,75,77,67,67,65,60,60,60,52,45,,,,,,,,,,,,,,,,,,,,,,,,,,,,,,,,,,,,,,,,,,,,,,,,,,,,,,,,,,,,,,,,,,,,,,,,,,,,,,,,,,,,,,,,,,,,,,,,,,,,,,,,,,,,,,,,,,,,,,,,,,,,,,,,,,,,,,,,,,,,,,,,,,,,,,,,,,,,,,,,,,,,,,,,,,,,,,,,,,,,,,,,,,,,,,,,
30,33,37,40,39,43,40,42,45,46,43,47,45,42,46,48,43,47,47,52,50,49,54,59,63,62,60,59,65,67,63,64,69,68,73,68,65,69,78,75,76,76,77,83,72,75,77,80,76,80,78,77,72,75,74,78,83,77,67,68,66,63,67,61,54,,,,,,,,,,,,,,,,,,,,,,,,,,,,,,,,,,,,,,,,,,,,,,,,,,,,,,,,,,,,,,,,,,,,,,,,,,,,,,,,,,,,,,,,,,,,,,,,,,,,,,,,,,,,,,,,,,,,,,,,,,,,,,,,,,,,,,,,,,,,,,,,,,,,,,,,,,,,,,,,,,,,,,,,,,,,,,,,,,,,,,,,,,,,,,,,
31,45,48,52,55,49,48,52,53,50,53,53,54,42,43,43,45,43,41,43,44,43,42,44,42,43,41,41,43,40,45,45,47,44,48,46,41,46,43,45,45,47,49,46,49,51,51,55,59,57,53,58,63,58,62,60,68,59,70,63,56,61,58,53,55,,,,,,,,,,,,,,,,,,,,,,,,,,,,,,,,,,,,,,,,,,,,,,,,,,,,,,,,,,,,,,,,,,,,,,,,,,,,,,,,,,,,,,,,,,,,,,,,,,,,,,,,,,,,,,,,,,,,,,,,,,,,,,,,,,,,,,,,,,,,,,,,,,,,,,,,,,,,,,,,,,,,,,,,,,,,,,,,,,,,,,,,,,,,,,,,
32,63,60,70,69,67,70,78,79,82,80,85,77,76,81,77,70,77,75,82,77,86,73,88,82,84,75,74,73,77,79,79,81,85,79,77,79,83,71,75,76,74,74,78,84,74,76,75,70,72,70,69,68,57,69,70,66,67,65,61,56,50,49,48,47,,,,,,,,,,,,,,,,,,,,,,,,,,,,,,,,,,,,,,,,,,,,,,,,,,,,,,,,,,,,,,,,,,,,,,,,,,,,,,,,,,,,,,,,,,,,,,,,,,,,,,,,,,,,,,,,,,,,,,,,,,,,,,,,,,,,,,,,,,,,,,,,,,,,,,,,,,,,,,,,,,,,,,,,,,,,,,,,,,,,,,,,,,,,,,,,
33,34,37,46,46,48,47,50,51,55,57,59,60,61,64,62,68,67,73,65,73,78,73,63,71,75,76,74,79,81,84,82,72,78,72,79,78,79,77,76,80,76,75,71,80,78,80,73,79,77,75,76,76,76,72,77,71,75,71,68,75,60,66,58,55,,,,,,,,,,,,,,,,,,,,,,,,,,,,,,,,,,,,,,,,,,,,,,,,,,,,,,,,,,,,,,,,,,,,,,,,,,,,,,,,,,,,,,,,,,,,,,,,,,,,,,,,,,,,,,,,,,,,,,,,,,,,,,,,,,,,,,,,,,,,,,,,,,,,,,,,,,,,,,,,,,,,,,,,,,,,,,,,,,,,,,,,,,,,,,,,
34,39,35,40,44,43,47,53,47,50,51,48,51,48,57,51,48,53,49,53,53,47,42,47,50,50,49,48,49,53,56,53,57,53,55,56,62,63,66,68,61,66,69,73,75,70,79,75,81,70,75,78,73,75,78,78,73,84,77,69,72,67,66,60,64,,,,,,,,,,,,,,,,,,,,,,,,,,,,,,,,,,,,,,,,,,,,,,,,,,,,,,,,,,,,,,,,,,,,,,,,,,,,,,,,,,,,,,,,,,,,,,,,,,,,,,,,,,,,,,,,,,,,,,,,,,,,,,,,,,,,,,,,,,,,,,,,,,,,,,,,,,,,,,,,,,,,,,,,,,,,,,,,,,,,,,,,,,,,,,,,
35,59,61,65,67,67,65,70,69,64,76,68,65,64,63,61,67,65,62,58,54,55,56,53,57,57,50,40,58,47,48,52,49,48,50,51,48,45,47,48,45,49,44,53,52,45,48,46,44,43,44,48,50,52,50,54,49,48,52,51,51,49,51,51,47,,,,,,,,,,,,,,,,,,,,,,,,,,,,,,,,,,,,,,,,,,,,,,,,,,,,,,,,,,,,,,,,,,,,,,,,,,,,,,,,,,,,,,,,,,,,,,,,,,,,,,,,,,,,,,,,,,,,,,,,,,,,,,,,,,,,,,,,,,,,,,,,,,,,,,,,,,,,,,,,,,,,,,,,,,,,,,,,,,,,,,,,,,,,,,,,
36,56,65,67,72,73,76,74,75,80,75,72,77,74,72,81,79,76,82,74,83,84,76,80,75,79,69,78,73,86,75,78,67,72,68,74,70,69,66,65,62,65,68,68,64,57,60,54,54,56,58,57,55,48,49,46,46,47,50,46,42,39,39,36,38,,,,,,,,,,,,,,,,,,,,,,,,,,,,,,,,,,,,,,,,,,,,,,,,,,,,,,,,,,,,,,,,,,,,,,,,,,,,,,,,,,,,,,,,,,,,,,,,,,,,,,,,,,,,,,,,,,,,,,,,,,,,,,,,,,,,,,,,,,,,,,,,,,,,,,,,,,,,,,,,,,,,,,,,,,,,,,,,,,,,,,,,,,,,,,,,
37,52,60,56,69,70,70,75,71,67,73,78,73,73,83,85,75,78,75,82,79,91,79,75,78,80,82,84,82,79,79,79,82,82,71,80,81,78,82,80,84,76,77,79,84,76,81,74,78,83,81,75,74,79,72,83,74,78,66,76,62,65,61,51,51,,,,,,,,,,,,,,,,,,,,,,,,,,,,,,,,,,,,,,,,,,,,,,,,,,,,,,,,,,,,,,,,,,,,,,,,,,,,,,,,,,,,,,,,,,,,,,,,,,,,,,,,,,,,,,,,,,,,,,,,,,,,,,,,,,,,,,,,,,,,,,,,,,,,,,,,,,,,,,,,,,,,,,,,,,,,,,,,,,,,,,,,,,,,,,,,
38,31,36,37,43,41,40,42,42,43,47,41,43,42,44,46,47,50,50,46,54,48,57,60,61,57,58,55,68,71,65,67,75,73,71,66,72,77,71,77,81,77,79,80,78,82,76,81,90,81,73,85,77,76,82,77,68,72,77,68,62,70,71,62,54,,,,,,,,,,,,,,,,,,,,,,,,,,,,,,,,,,,,,,,,,,,,,,,,,,,,,,,,,,,,,,,,,,,,,,,,,,,,,,,,,,,,,,,,,,,,,,,,,,,,,,,,,,,,,,,,,,,,,,,,,,,,,,,,,,,,,,,,,,,,,,,,,,,,,,,,,,,,,,,,,,,,,,,,,,,,,,,,,,,,,,,,,,,,,,,,
39,47,51,57,55,52,55,52,58,56,54,52,56,46,52,47,51,46,50,48,43,46,46,51,44,49,45,47,50,45,49,51,49,44,49,49,45,43,47,50,46,51,48,51,59,54,52,55,57,62,57,58,55,58,66,66,67,66,71,71,68,68,64,55,53,,,,,,,,,,,,,,,,,,,,,,,,,,,,,,,,,,,,,,,,,,,,,,,,,,,,,,,,,,,,,,,,,,,,,,,,,,,,,,,,,,,,,,,,,,,,,,,,,,,,,,,,,,,,,,,,,,,,,,,,,,,,,,,,,,,,,,,,,,,,,,,,,,,,,,,,,,,,,,,,,,,,,,,,,,,,,,,,,,,,,,,,,,,,,,,,
40,59,69,67,62,74,76,64,74,70,78,75,78,72,73,71,78,77,78,79,81,77,77,74,77,75,77,70,83,79,80,75,79,73,77,78,77,72,72,72,78,75,73,69,75,75,70,70,68,70,71,68,67,61,65,63,58,62,50,52,57,53,49,46,46,,,,,,,,,,,,,,,,,,,,,,,,,,,,,,,,,,,,,,,,,,,,,,,,,,,,,,,,,,,,,,,,,,,,,,,,,,,,,,,,,,,,,,,,,,,,,,,,,,,,,,,,,,,,,,,,,,,,,,,,,,,,,,,,,,,,,,,,,,,,,,,,,,,,,,,,,,,,,,,,,,,,,,,,,,,,,,,,,,,,,,,,,,,,,,,,
41,33,34,41,40,43,44,49,55,56,60,56,59,60,60,67,65,66,65,69,64,76,74,76,70,68,73,68,74,78,81,75,74,82,78,76,73,75,78,83,80,77,74,81,77,77,83,72,77,77,75,74,75,71,76,84,79,78,70,72,66,66,59,55,49,,,,,,,,,,,,,,,,,,,,,,,,,,,,,,,,,,,,,,,,,,,,,,,,,,,,,,,,,,,,,,,,,,,,,,,,,,,,,,,,,,,,,,,,,,,,,,,,,,,,,,,,,,,,,,,,,,,,,,,,,,,,,,,,,,,,,,,,,,,,,,,,,,,,,,,,,,,,,,,,,,,,,,,,,,,,,,,,,,,,,,,,,,,,,,,,
42,38,38,42,49,43,45,44,51,58,47,49,48,47,52,45,55,50,51,48,50,52,44,48,48,48,58,47,50,51,60,51,56,52,54,62,59,71,67,67,66,62,71,62,69,67,76,70,73,69,72,75,77,76,78,70,75,71,75,75,66,63,67,61,62,,,,,,,,,,,,,,,,,,,,,,,,,,,,,,,,,,,,,,,,,,,,,,,,,,,,,,,,,,,,,,,,,,,,,,,,,,,,,,,,,,,,,,,,,,,,,,,,,,,,,,,,,,,,,,,,,,,,,,,,,,,,,,,,,,,,,,,,,,,,,,,,,,,,,,,,,,,,,,,,,,,,,,,,,,,,,,,,,,,,,,,,,,,,,,,,
43,59,63,69,66,65,65,69,70,65,69,64,67,64,63,60,69,68,59,55,58,58,58,56,58,57,56,56,52,46,46,46,49,45,46,53,53,53,48,47,47,46,50,42,46,45,50,50,49,48,45,49,47,50,53,49,53,50,51,51,48,50,50,53,45,,,,,,,,,,,,,,,,,,,,,,,,,,,,,,,,,,,,,,,,,,,,,,,,,,,,,,,,,,,,,,,,,,,,,,,,,,,,,,,,,,,,,,,,,,,,,,,,,,,,,,,,,,,,,,,,,,,,,,,,,,,,,,,,,,,,,,,,,,,,,,,,,,,,,,,,,,,,,,,,,,,,,,,,,,,,,,,,,,,,,,,,,,,,,,,,
44,52,59,63,69,69,65,70,76,76,77,80,70,77,76,87,91,74,73,77,69,85,78,77,75,75,71,81,73,76,79,70,76,79,69,66,63,68,68,63,63,60,66,63,64,58,51,49,54,57,51,54,49,40,45,41,41,43,43,39,39,39,36,36,32,,,,,,,,,,,,,,,,,,,,,,,,,,,,,,,,,,,,,,,,,,,,,,,,,,,,,,,,,,,,,,,,,,,,,,,,,,,,,,,,,,,,,,,,,,,,,,,,,,,,,,,,,,,,,,,,,,,,,,,,,,,,,,,,,,,,,,,,,,,,,,,,,,,,,,,,,,,,,,,,,,,,,,,,,,,,,,,,,,,,,,,,,,,,,,,,
45,48,53,55,54,64,63,73,78,74,70,70,74,76,83,79,74,72,75,81,81,80,72,75,77,78,73,75,79,77,75,74,80,74,84,78,82,73,83,73,78,72,73,74,70,79,77,73,73,76,79,79,79,72,77,77,74,72,65,66,55,59,62,49,47,,,,,,,,,,,,,,,,,,,,,,,,,,,,,,,,,,,,,,,,,,,,,,,,,,,,,,,,,,,,,,,,,,,,,,,,,,,,,,,,,,,,,,,,,,,,,,,,,,,,,,,,,,,,,,,,,,,,,,,,,,,,,,,,,,,,,,,,,,,,,,,,,,,,,,,,,,,,,,,,,,,,,,,,,,,,,,,,,,,,,,,,,,,,,,,,
46,38,44,42,43,49,54,49,50,44,47,46,51,52,49,54,46,55,55,56,58,60,61,57,64,61,60,65,66,66,66,75,64,72,71,67,73,71,72,81,79,81,85,77,78,84,70,78,83,79,78,75,83,83,77,76,77,79,76,75,73,71,61,57,57,,,,,,,,,,,,,,,,,,,,,,,,,,,,,,,,,,,,,,,,,,,,,,,,,,,,,,,,,,,,,,,,,,,,,,,,,,,,,,,,,,,,,,,,,,,,,,,,,,,,,,,,,,,,,,,,,,,,,,,,,,,,,,,,,,,,,,,,,,,,,,,,,,,,,,,,,,,,,,,,,,,,,,,,,,,,,,,,,,,,,,,,,,,,,,,,
47,50,62,61,63,55,57,54,60,57,54,61,56,53,47,50,52,50,53,45,48,50,44,51,53,53,48,47,45,48,47,51,49,47,52,54,58,55,51,50,48,58,55,51,58,53,58,62,62,66,65,59,65,66,74,69,71,72,64,71,68,66,67,60,55,,,,,,,,,,,,,,,,,,,,,,,,,,,,,,,,,,,,,,,,,,,,,,,,,,,,,,,,,,,,,,,,,,,,,,,,,,,,,,,,,,,,,,,,,,,,,,,,,,,,,,,,,,,,,,,,,,,,,,,,,,,,,,,,,,,,,,,,,,,,,,,,,,,,,,,,,,,,,,,,,,,,,,,,,,,,,,,,,,,,,,,,,,,,,,,,
48,63,74,67,67,73,74,79,68,79,79,80,75,81,73,77,72,74,79,86,73,81,77,78,84,80,72,78,79,85,86,82,78,87,93,98,81,77,73,81,85,80,78,74,72,77,79,71,79,70,76,77,67,65,66,66,69,72,56,60,54,58,56,51,44,,,,,,,,,,,,,,,,,,,,,,,,,,,,,,,,,,,,,,,,,,,,,,,,,,,,,,,,,,,,,,,,,,,,,,,,,,,,,,,,,,,,,,,,,,,,,,,,,,,,,,,,,,,,,,,,,,,,,,,,,,,,,,,,,,,,,,,,,,,,,,,,,,,,,,,,,,,,,,,,,,,,,,,,,,,,,,,,,,,,,,,,,,,,,,,,
49,37,42,44,46,46,48,51,55,62,63,57,56,61,61,65,60,64,64,77,75,75,68,69,77,72,77,82,79,81,76,90,84,78,85,82,80,82,80,78,77,81,79,76,73,72,78,75,76,73,75,79,69,70,78,67,69,72,73,70,65,64,65,64,61,,,,,,,,,,,,,,,,,,,,,,,,,,,,,,,,,,,,,,,,,,,,,,,,,,,,,,,,,,,,,,,,,,,,,,,,,,,,,,,,,,,,,,,,,,,,,,,,,,,,,,,,,,,,,,,,,,,,,,,,,,,,,,,,,,,,,,,,,,,,,,,,,,,,,,,,,,,,,,,,,,,,,,,,,,,,,,,,,,,,,,,,,,,,,,,,
50,34,37,36,42,42,41,44,51,45,42,41,43,39,49,45,46,44,43,48,42,48,47,45,47,47,47,44,46,52,48,48,55,50,49,57,58,60,60,56,67,62,64,68,62,72,67,75,66,68,73,72,70,72,78,77,76,74,70,74,69,65,60,62,51,,,,,,,,,,,,,,,,,,,,,,,,,,,,,,,,,,,,,,,,,,,,,,,,,,,,,,,,,,,,,,,,,,,,,,,,,,,,,,,,,,,,,,,,,,,,,,,,,,,,,,,,,,,,,,,,,,,,,,,,,,,,,,,,,,,,,,,,,,,,,,,,,,,,,,,,,,,,,,,,,,,,,,,,,,,,,,,,,,,,,,,,,,,,,,,,
51,60,62,69,64,64,67,62,63,69,64,61,63,66,61,64,72,67,59,58,59,55,56,57,54,51,49,47,42,50,43,48,47,49,48,46,45,48,49,49,44,47,46,49,48,46,42,48,52,47,48,50,51,46,44,50,50,53,51,47,51,50,51,53,48,,,,,,,,,,,,,,,,,,,,,,,,,,,,,,,,,,,,,,,,,,,,,,,,,,,,,,,,,,,,,,,,,,,,,,,,,,,,,,,,,,,,,,,,,,,,,,,,,,,,,,,,,,,,,,,,,,,,,,,,,,,,,,,,,,,,,,,,,,,,,,,,,,,,,,,,,,,,,,,,,,,,,,,,,,,,,,,,,,,,,,,,,,,,,,,,
52,53,55,72,62,67,68,73,69,66,76,76,74,67,77,73,72,83,78,69,77,74,74,68,71,71,75,79,71,72,76,72,71,68,63,68,67,65,63,54,55,58,62,56,57,55,53,52,55,49,47,50,45,42,43,45,42,40,41,41,39,41,37,35,30,,,,,,,,,,,,,,,,,,,,,,,,,,,,,,,,,,,,,,,,,,,,,,,,,,,,,,,,,,,,,,,,,,,,,,,,,,,,,,,,,,,,,,,,,,,,,,,,,,,,,,,,,,,,,,,,,,,,,,,,,,,,,,,,,,,,,,,,,,,,,,,,,,,,,,,,,,,,,,,,,,,,,,,,,,,,,,,,,,,,,,,,,,,,,,,,
53,48,51,64,60,71,69,64,67,69,72,70,76,78,76,76,77,78,71,83,76,74,73,82,77,75,74,80,73,75,82,76,73,77,75,73,80,80,70,77,78,75,78,77,74,78,78,77,75,82,77,74,78,70,73,71,77,75,67,76,71,62,63,60,51,,,,,,,,,,,,,,,,,,,,,,,,,,,,,,,,,,,,,,,,,,,,,,,,,,,,,,,,,,,,,,,,,,,,,,,,,,,,,,,,,,,,,,,,,,,,,,,,,,,,,,,,,,,,,,,,,,,,,,,,,,,,,,,,,,,,,,,,,,,,,,,,,,,,,,,,,,,,,,,,,,,,,,,,,,,,,,,,,,,,,,,,,,,,,,,,
54,39,36,42,45,45,46,43,40,45,47,50,51,50,49,45,49,46,50,57,54,56,54,62,57,57,52,58,61,60,72,67,77,68,68,75,62,63,67,68,74,76,74,69,75,69,75,73,74,72,72,70,71,73,63,69,63,74,64,67,62,66,58,60,51,,,,,,,,,,,,,,,,,,,,,,,,,,,,,,,,,,,,,,,,,,,,,,,,,,,,,,,,,,,,,,,,,,,,,,,,,,,,,,,,,,,,,,,,,,,,,,,,,,,,,,,,,,,,,,,,,,,,,,,,,,,,,,,,,,,,,,,,,,,,,,,,,,,,,,,,,,,,,,,,,,,,,,,,,,,,,,,,,,,,,,,,,,,,,,,,
55,52,63,53,56,61,61,57,58,56,58,59,56,50,50,48,52,56,54,47,51,43,47,51,49,49,54,51,43,53,52,53,50,48,52,53,51,54,58,51,48,50,54,51,54,51,57,62,57,56,63,68,61,68,64,69,68,63,69,79,70,59,61,61,64,,,,,,,,,,,,,,,,,,,,,,,,,,,,,,,,,,,,,,,,,,,,,,,,,,,,,,,,,,,,,,,,,,,,,,,,,,,,,,,,,,,,,,,,,,,,,,,,,,,,,,,,,,,,,,,,,,,,,,,,,,,,,,,,,,,,,,,,,,,,,,,,,,,,,,,,,,,,,,,,,,,,,,,,,,,,,,,,,,,,,,,,,,,,,,,,
56,48,59,62,59,69,68,66,61,68,67,75,75,70,69,72,69,72,74,66,73,74,68,73,73,75,73,75,72,71,73,69,71,68,73,68,73,68,74,67,66,70,74,69,69,68,64,65,67,65,65,60,57,56,55,56,55,51,51,53,48,45,42,40,38,,,,,,,,,,,,,,,,,,,,,,,,,,,,,,,,,,,,,,,,,,,,,,,,,,,,,,,,,,,,,,,,,,,,,,,,,,,,,,,,,,,,,,,,,,,,,,,,,,,,,,,,,,,,,,,,,,,,,,,,,,,,,,,,,,,,,,,,,,,,,,,,,,,,,,,,,,,,,,,,,,,,,,,,,,,,,,,,,,,,,,,,,,,,,,,,
57,35,40,38,51,45,46,50,50,54,60,64,59,63,57,61,63,61,65,68,69,69,68,68,69,70,79,74,74,71,75,73,68,75,74,72,75,72,75,78,77,74,75,72,72,68,78,66,81,72,81,78,76,74,80,73,63,71,71,66,72,61,60,56,56,,,,,,,,,,,,,,,,,,,,,,,,,,,,,,,,,,,,,,,,,,,,,,,,,,,,,,,,,,,,,,,,,,,,,,,,,,,,,,,,,,,,,,,,,,,,,,,,,,,,,,,,,,,,,,,,,,,,,,,,,,,,,,,,,,,,,,,,,,,,,,,,,,,,,,,,,,,,,,,,,,,,,,,,,,,,,,,,,,,,,,,,,,,,,,,,
58,35,37,34,40,38,41,42,41,43,45,39,42,42,44,38,40,43,39,43,39,42,39,41,43,44,41,41,47,46,41,45,44,48,49,51,51,59,57,53,54,55,60,63,59,73,61,66,67,65,62,69,71,71,75,75,68,66,70,65,60,63,55,57,50,,,,,,,,,,,,,,,,,,,,,,,,,,,,,,,,,,,,,,,,,,,,,,,,,,,,,,,,,,,,,,,,,,,,,,,,,,,,,,,,,,,,,,,,,,,,,,,,,,,,,,,,,,,,,,,,,,,,,,,,,,,,,,,,,,,,,,,,,,,,,,,,,,,,,,,,,,,,,,,,,,,,,,,,,,,,,,,,,,,,,,,,,,,,,,,,
59,54,52,62,59,62,63,58,57,63,59,58,65,55,54,55,57,56,51,48,49,48,53,52,51,53,48,39,37,39,39,38,40,45,41,41,43,38,44,41,41,45,39,41,41,42,41,41,41,43,41,45,45,42,47,43,41,42,46,45,42,47,49,43,41,,,,,,,,,,,,,,,,,,,,,,,,,,,,,,,,,,,,,,,,,,,,,,,,,,,,,,,,,,,,,,,,,,,,,,,,,,,,,,,,,,,,,,,,,,,,,,,,,,,,,,,,,,,,,,,,,,,,,,,,,,,,,,,,,,,,,,,,,,,,,,,,,,,,,,,,,,,,,,,,,,,,,,,,,,,,,,,,,,,,,,,,,,,,,,,,
60,51,54,59,63,58,64,65,63,66,69,69,71,68,67,66,64,72,67,68,66,70,66,65,64,67,70,68,68,63,69,72,66,63,69,66,62,59,59,54,54,55,57,56,52,55,50,52,51,53,54,47,49,40,41,39,42,45,42,41,36,41,32,34,29,,,,,,,,,,,,,,,,,,,,,,,,,,,,,,,,,,,,,,,,,,,,,,,,,,,,,,,,,,,,,,,,,,,,,,,,,,,,,,,,,,,,,,,,,,,,,,,,,,,,,,,,,,,,,,,,,,,,,,,,,,,,,,,,,,,,,,,,,,,,,,,,,,,,,,,,,,,,,,,,,,,,,,,,,,,,,,,,,,,,,,,,,,,,,,,,
61,37,41,47,48,52,51,49,60,52,56,53,55,62,62,61,56,61,58,63,58,54,59,63,59,65,59,61,59,58,61,62,61,58,57,57,65,60,58,55,61,61,55,58,63,61,54,63,63,57,56,56,59,58,60,63,57,56,56,52,50,52,46,43,38,,,,,,,,,,,,,,,,,,,,,,,,,,,,,,,,,,,,,,,,,,,,,,,,,,,,,,,,,,,,,,,,,,,,,,,,,,,,,,,,,,,,,,,,,,,,,,,,,,,,,,,,,,,,,,,,,,,,,,,,,,,,,,,,,,,,,,,,,,,,,,,,,,,,,,,,,,,,,,,,,,,,,,,,,,,,,,,,,,,,,,,,,,,,,,,,
62,34,33,37,34,39,39,41,40,37,38,41,41,42,42,37,43,42,40,43,50,45,51,46,49,48,48,53,53,63,58,52,55,60,51,56,56,54,61,60,56,58,59,64,54,61,62,67,56,58,61,59,55,62,57,60,56,60,58,56,57,55,54,54,46,,,,,,,,,,,,,,,,,,,,,,,,,,,,,,,,,,,,,,,,,,,,,,,,,,,,,,,,,,,,,,,,,,,,,,,,,,,,,,,,,,,,,,,,,,,,,,,,,,,,,,,,,,,,,,,,,,,,,,,,,,,,,,,,,,,,,,,,,,,,,,,,,,,,,,,,,,,,,,,,,,,,,,,,,,,,,,,,,,,,,,,,,,,,,,,,
63,47,49,51,48,50,49,48,44,42,48,47,44,41,42,39,39,40,39,39,44,41,41,40,38,38,42,38,38,34,38,40,40,37,42,39,42,41,42,41,43,44,46,46,45,47,48,45,54,53,54,53,49,48,60,55,51,51,55,55,54,59,51,50,44,,,,,,,,,,,,,,,,,,,,,,,,,,,,,,,,,,,,,,,,,,,,,,,,,,,,,,,,,,,,,,,,,,,,,,,,,,,,,,,,,,,,,,,,,,,,,,,,,,,,,,,,,,,,,,,,,,,,,,,,,,,,,,,,,,,,,,,,,,,,,,,,,,,,,,,,,,,,,,,,,,,,,,,,,,,,,,,,,,,,,,,,,,,,,,,,
,,,,,,,,,,,,,,,,,,,,,,,,,,,,,,,,,,,,,,,,,,,,,,,,,,,,,,,,,,,,,,,,,,,,,,,,,,,,,,,,,,,,,,,,,,,,,,,,,,,,,,,,,,,,,,,,,,,,,,,,,,,,,,,,,,,,,,,,,,,,,,,,,,,,,,,,,,,,,,,,,,,,,,,,,,,,,,,,,,,,,,,,,,,,,,,,,,,,,,,,,,,,,,,,,,,,,,,,,,,,,,,,,,,,,,,,,,,,,,,,,,,,,,,,,,,,,,,,
value,0,1,2,3,4,5,6,7,8,9,10,11,12,13,14,15,16,17,18,19,20,21,22,23,24,25,26,27,28,29,30,31,32,33,34,35,36,37,38,39,40,41,42,43,44,45,46,47,48,49,50,51,52,53,54,55,56,57,58,59,60,61,62,63,64,65,66,67,68,69,70,71,72,73,74,75,76,77,78,79,80,81,82,83,84,85,86,87,88,89,90,91,92,93,94,95,96,97,98,99,100,101,102,103,104,105,106,107,108,109,110,111,112,113,114,115,116,117,118,119,120,121,122,123,124,125,126,127,128,129,130,131,132,133,134,135,136,137,138,139,140,141,142,143,144,145,146,147,148,149,150,151,152,153,154,155,156,157,158,159,160,161,162,163,164,165,166,167,168,169,170,171,172,173,174,175,176,177,178,179,180,181,182,183,184,185,186,187,188,189,190,191,192,193,194,195,196,197,198,199,200,201,202,203,204,205,206,207,208,209,210,211,212,213,214,215,216,217,218,219,220,221,222,223,224,225,226,227,228,229,230,231,232,233,234,235,236,237,238,239,240,241,242,243,244,245,246,247,248,249,250,251,252,253,254,255
count,0,0,0,0,0,0,0,0,0,0,0,0,0,0,0,0,0,0,0,0,0,0,0,0,0,0,0,0,0,1,1,1,4,7,16,10,21,35,48,41,53,71,87,71,76,93,100,86,103,94,94,111,80,91,85,90,84,84,97,75,81,73,78,91,80,81,88,88,99,92,94,83,112,113,106,140,116,106,102,82,69,57,42,37,27,20,12,4,3,2,2,3,1,1,0,0,0,0,1,0,0,0,0,0,0,0,0,0,0,0,0,0,0,0,0,0,0,0,0,0,0,0,0,0,0,0,0,0,0,0,0,0,0,0,0,0,0,0,0,0,0,0,0,0,0,0,0,0,0,0,0,0,0,0,0,0,0,0,0,0,0,0,0,0,0,0,0,0,0,0,0,0,0,0,0,0,0,0,0,0,0,0,0,0,0,0,0,0,0,0,0,0,0,0,0,0,0,0,0,0,0,0,0,0,0,0,0,0,0,0,0,0,0,0,0,0,0,0,0,0,0,0,0,0,0,0,0,0,0,0,0,0,0,0,0,0,0,0,0,0,0,0,0,0,0,0,0,0,0,0,0,0,0,0,0,0
,,,,,,,,,,,,,,,,,,,,,,,,,,,,,,,,,,,,,,,,,,,,,,,,,,,,,,,,,,,,,,,,,,,,,,,,,,,,,,,,,,,,,,,,,,,,,,,,,,,,,,,,,,,,,,,,,,,,,,,,,,,,,,,,,,,,,,,,,,,,,,,,,,,,,,,,,,,,,,,,,,,,,,,,,,,,,,,,,,,,,,,,,,,,,,,,,,,,,,,,,,,,,,,,,,,,,,,,,,,,,,,,,,,,,,,,,,,,,,,,,,,,,,,,,,,,,,,,
12,,,,,,,,,,,,,,,,,,,,,,,,,,,,,,,,,,,,,,,,,,,,,,,,,,,,,,,,,,,,,,,,,,,,,,,,,,,,,,,,,,,,,,,,,,,,,,,,,,,,,,,,,,,,,,,,,,,,,,,,,,,,,,,,,,,,,,,,,,,,,,,,,,,,,,,,,,,,,,,,,,,,,,,,,,,,,,,,,,,,,,,,,,,,,,,,,,,,,,,,,,,,,,,,,,,,,,,,,,,,,,,,,,,,,,,,,,,,,,,,,,,,,,,,,,,,,,,,
,0,1,2,3,4,5,6,7,8,9,10,11,12,13,14,15,16,17,18,19,20,21,22,23,24,25,26,27,28,29,30,31,32,33,34,35,36,37,38,39,40,41,42,43,44,45,46,47,48,49,50,51,52,53,54,55,56,57,58,59,60,61,62,63,,,,,,,,,,,,,,,,,,,,,,,,,,,,,,,,,,,,,,,,,,,,,,,,,,,,,,,,,,,,,,,,,,,,,,,,,,,,,,,,,,,,,,,,,,,,,,,,,,,,,,,,,,,,,,,,,,,,,,,,,,,,,,,,,,,,,,,,,,,,,,,,,,,,,,,,,,,,,,,,,,,,,,,,,,,,,,,,,,,,,,,,,,,,,,,,
0,46,43,58,51,61,57,56,55,53,56,55,57,56,59,60,55,60,61,64,56,56,53,58,52,62,58,59,60,56,52,61,58,57,53,55,57,61,59,57,54,61,60,53,54,57,54,52,51,55,47,52,49,50,47,50,47,48,46,39,45,41,40,38,36,,,,,,,,,,,,,,,,,,,,,,,,,,,,,,,,,,,,,,,,,,,,,,,,,,,,,,,,,,,,,,,,,,,,,,,,,,,,,,,,,,,,,,,,,,,,,,,,,,,,,,,,,,,,,,,,,,,,,,,,,,,,,,,,,,,,,,,,,,,,,,,,,,,,,,,,,,,,,,,,,,,,,,,,,,,,,,,,,,,,,,,,,,,,,,,,
1,34,40,37,36,44,44,44,38,44,47,54,47,54,59,45,56,53,52,55,58,58,51,54,57,57,59,62,59,61,62,57,61,56,70,66,58,57,53,62,59,56,54,59,58,63,62,63,57,59,60,59,62,60,56,57,62,53,60,60,56,58,51,50,45,,,,,,,,,,,,,,,,,,,,,,,,,,,,,,,,,,,,,,,,,,,,,,,,,,,,,,,,,,,,,,,,,,,,,,,,,,,,,,,,,,,,,,,,,,,,,,,,,,,,,,,,,,,,,,,,,,,,,,,,,,,,,,,,,,,,,,,,,,,,,,,,,,,,,,,,,,,,,,,,,,,,,,,,,,,,,,,,,,,,,,,,,,,,,,,,
2,33,32,35,39,40,41,36,33,41,37,33,42,40,33,35,41,38,39,38,36,41,38,36,39,35,36,42,42,43,45,42,45,45,47,52,52,49,47,50,49,50,53,60,57,52,64,59,63,59,58,58,62,56,67,64,54,62,59,56,57,51,51,47,43,,,,,,,,,,,,,,,,,,,,,,,,,,,,,,,,,,,,,,,,,,,,,,,,,,,,,,,,,,,,,,,,,,,,,,,,,,,,,,,,,,,,,,,,,,,,,,,,,,,,,,,,,,,,,,,,,,,,,,,,,,,,,,,,,,,,,,,,,,,,,,,,,,,,,,,,,,,,,,,,,,,,,,,,,,,,,,,,,,,,,,,,,,,,,,,,
3,47,56,54,54,55,52,56,59,65,55,51,59,50,53,52,56,49,48,45,44,46,48,47,46,40,37,43,38,36,39,36,38,36,38,42,34,41,38,36,42,38,41,43,38,41,38,38,34,42,37,41,40,38,45,39,41,43,36,43,43,47,41,42,38,,,,,,,,,,,,,,,,,,,,,,,,,,,,,,,,,,,,,,,,,,,,,,,,,,,,,,,,,,,,,,,,,,,,,,,,,,,,,,,,,,,,,,,,,,,,,,,,,,,,,,,,,,,,,,,,,,,,,,,,,,,,,,,,,,,,,,,,,,,,,,,,,,,,,,,,,,,,,,,,,,,,,,,,,,,,,,,,,,,,,,,,,,,,,,,,
4,58,54,60,65,65,66,69,76,63,62,66,69,67,66,70,68,69,69,63,73,70,62,67,64,71,63,74,68,68,63,69,61,64,65,66,71,63,63,56,63,54,56,53,58,62,53,51,53,47,46,43,49,47,42,45,42,39,43,41,41,36,45,37,32,,,,,,,,,,,,,,,,,,,,,,,,,,,,,,,,,,,,,,,,,,,,,,,,,,,,,,,,,,,,,,,,,,,,,,,,,,,,,,,,,,,,,,,,,,,,,,,,,,,,,,,,,,,,,,,,,,,,,,,,,,,,,,,,,,,,,,,,,,,,,,,,,,,,,,,,,,,,,,,,,,,,,,,,,,,,,,,,,,,,,,,,,,,,,,,,
5,36,44,51,55,55,60,60,61,66,62,64,73,68,68,64,70,73,71,70,69,69,73,66,62,67,64,75,64,68,62,64,66,64,76,70,64,64,75,68,72,68,70,63,67,68,64,72,65,69,66,68,71,73,70,65,66,60,63,57,56,57,52,43,40,,,,,,,,,,,,,,,,,,,,,,,,,,,,,,,,,,,,,,,,,,,,,,,,,,,,,,,,,,,,,,,,,,,,,,,,,,,,,,,,,,,,,,,,,,,,,,,,,,,,,,,,,,,,,,,,,,,,,,,,,,,,,,,,,,,,,,,,,,,,,,,,,,,,,,,,,,,,,,,,,,,,,,,,,,,,,,,,,,,,,,,,,,,,,,,,
6,34,38,41,41,40,37,44,46,43,42,41,38,41,44,44,45,51,50,51,51,55,55,49,56,51,57,55,59,60,64,60,64,60,66,60,63,64,61,66,78,74,69,73,65,73,69,68,70,62,70,75,73,77,67,69,70,63,70,66,62,62,53,52,48,,,,,,,,,,,,,,,,,,,,,,,,,,,,,,,,,,,,,,,,,,,,,,,,,,,,,,,,,,,,,,,,,,,,,,,,,,,,,,,,,,,,,,,,,,,,,,,,,,,,,,,,,,,,,,,,,,,,,,,,,,,,,,,,,,,,,,,,,,,,,,,,,,,,,,,,,,,,,,,,,,,,,,,,,,,,,,,,,,,,,,,,,,,,,,,,
7,41,48,46,49,41,45,46,51,50,48,44,41,43,40,38,42,39,40,37,40,36,43,40,39,41,36,40,41,39,38,41,39,46,38,38,44,45,40,49,44,40,48,45,46,48,47,51,54,50,59,60,58,60,62,58,62,61,65,68,59,57,51,46,53,,,,,,,,,,,,,,,,,,,,,,,,,,,,,,,,,,,,,,,,,,,,,,,,,,,,,,,,,,,,,,,,,,,,,,,,,,,,,,,,,,,,,,,,,,,,,,,,,,,,,,,,,,,,,,,,,,,,,,,,,,,,,,,,,,,,,,,,,,,,,,,,,,,,,,,,,,,,,,,,,,,,,,,,,,,,,,,,,,,,,,,,,,,,,,,,
8,63,65,67,71,76,75,76,77,71,80,81,78,69,73,79,70,75,73,70,76,70,75,74,82,76,85,70,75,81,69,77,79,82,83,77,75,78,78,71,75,76,72,82,68,73,68,76,70,69,65,67,62,64,61,65,62,57,58,58,45,51,45,43,43,,,,,,,,,,,,,,,,,,,,,,,,,,,,,,,,,,,,,,,,,,,,,,,,,,,,,,,,,,,,,,,,,,,,,,,,,,,,,,,,,,,,,,,,,,,,,,,,,,,,,,,,,,,,,,,,,,,,,,,,,,,,,,,,,,,,,,,,,,,,,,,,,,,,,,,,,,,,,,,,,,,,,,,,,,,,,,,,,,,,,,,,,,,,,,,,
9,33,36,46,49,46,52,52,55,61,58,56,57,56,65,66,64,67,71,77,70,75,72,76,71,78,82,82,72,74,83,75,85,80,73,73,79,78,77,79,78,80,78,75,86,80,76,73,74,77,70,74,83,77,74,74,70,74,71,69,71,66,60,57,52,,,,,,,,,,,,,,,,,,,,,,,,,,,,,,,,,,,,,,,,,,,,,,,,,,,,,,,,,,,,,,,,,,,,,,,,,,,,,,,,,,,,,,,,,,,,,,,,,,,,,,,,,,,,,,,,,,,,,,,,,,,,,,,,,,,,,,,,,,,,,,,,,,,,,,,,,,,,,,,,,,,,,,,,,,,,,,,,,,,,,,,,,,,,,,,,
10,37,36,39,37,46,45,46,38,43,43,43,46,44,43,46,44,42,46,45,43,41,48,47,43,48,41,47,46,47,54,51,49,54,53,61,60,65,61,60,67,68,64,67,67,68,71,67,76,69,73,85,78,78,71,80,70,75,75,74,67,68,69,64,57,,,,,,,,,,,,,,,,,,,,,,,,,,,,,,,,,,,,,,,,,,,,,,,,,,,,,,,,,,,,,,,,,,,,,,,,,,,,,,,,,,,,,,,,,,,,,,,,,,,,,,,,,,,,,,,,,,,,,,,,,,,,,,,,,,,,,,,,,,,,,,,,,,,,,,,,,,,,,,,,,,,,,,,,,,,,,,,,,,,,,,,,,,,,,,,,
11,58,72,61,59,74,70,65,71,67,59,67,59,59,66,63,59,56,55,54,59,56,64,62,59,51,49,51,54,44,51,50,51,53,52,47,48,48,49,45,50,48,46,44,51,53,47,51,46,53,51,47,49,49,47,47,50,49,48,57,55,52,49,50,41,,,,,,,,,,,,,,,,,,,,,,,,,,,,,,,,,,,,,,,,,,,,,,,,,,,,,,,,,,,,,,,,,,,,,,,,,,,,,,,,,,,,,,,,,,,,,,,,,,,,,,,,,,,,,,,,,,,,,,,,,,,,,,,,,,,,,,,,,,,,,,,,,,,,,,,,,,,,,,,,,,,,,,,,,,,,,,,,,,,,,,,,,,,,,,,,
12,62,73,72,77,80,80,83,93,83,72,83,83,82,85,86,81,79,86,81,82,79,82,77,80,91,90,84,87,84,78,81,76,76,72,83,76,72,78,72,71,67,82,70,72,65,65,68,68,60,62,62,53,45,53,51,55,48,51,50,47,46,44,50,40,,,,,,,,,,,,,,,,,,,,,,,,,,,,,,,,,,,,,,,,,,,,,,,,,,,,,,,,,,,,,,,,,,,,,,,,,,,,,,,,,,,,,,,,,,,,,,,,,,,,,,,,,,,,,,,,,,,,,,,,,,,,,,,,,,,,,,,,,,,,,,,,,,,,,,,,,,,,,,,,,,,,,,,,,,,,,,,,,,,,,,,,,,,,,,,,
13,49,58,52,62,63,62,65,65,63,75,72,74,72,69,72,80,77,71,73,76,76,80,71,74,73,78,87,73,73,78,74,73,83,73,80,74,72,76,76,81,74,78,75,75,77,77,76,76,72,81,72,74,80,73,77,80,71,69,68,65,63,60,51,49,,,,,,,,,,,,,,,,,,,,,,,,,,,,,,,,,,,,,,,,,,,,,,,,,,,,,,,,,,,,,,,,,,,,,,,,,,,,,,,,,,,,,,,,,,,,,,,,,,,,,,,,,,,,,,,,,,,,,,,,,,,,,,,,,,,,,,,,,,,,,,,,,,,,,,,,,,,,,,,,,,,,,,,,,,,,,,,,,,,,,,,,,,,,,,,,
14,32,38,39,46,39,38,47,40,45,39,44,39,43,47,47,51,53,46,46,56,56,62,58,54,56,60,64,66,63,64,67,65,74,64,67,72,76,74,81,74,73,80,69,87,68,77,74,69,76,75,81,77,78,76,69,72,69,70,69,65,61,56,59,51,,,,,,,,,,,,,,,,,,,,,,,,,,,,,,,,,,,,,,,,,,,,,,,,,,,,,,,,,,,,,,,,,,,,,,,,,,,,,,,,,,,,,,,,,,,,,,,,,,,,,,,,,,,,,,,,,,,,,,,,,,,,,,,,,,,,,,,,,,,,,,,,,,,,,,,,,,,,,,,,,,,,,,,,,,,,,,,,,,,,,,,,,,,,,,,,
15,44,52,50,50,52,54,53,53,63,56,46,48,46,45,43,46,47,43,42,47,42,48,47,44,48,42,42,43,44,45,45,43,39,52,44,46,46,46,49,45,50,50,56,61,52,53,56,55,56,59,60,57,65,70,66,63,63,66,66,70,57,60,58,54,,,,,,,,,,,,,,,,,,,,,,,,,,,,,,,,,,,,,,,,,,,,,,,,,,,,,,,,,,,,,,,,,,,,,,,,,,,,,,,,,,,,,,,,,,,,,,,,,,,,,,,,,,,,,,,,,,,,,,,,,,,,,,,,,,,,,,,,,,,,,,,,,,,,,,,,,,,,,,,,,,,,,,,,,,,,,,,,,,,,,,,,,,,,,,,,
16,61,59,61,67,67,76,70,73,72,74,76,78,78,83,74,82,78,76,71,80,77,80,81,79,74,75,78,74,76,73,78,79,73,81,77,78,78,78,73,79,79,74,71,81,63,71,68,74,70,75,67,65,61,64,65,65,55,49,50,48,48,49,42,38,,,,,,,,,,,,,,,,,,,,,,,,,,,,,,,,,,,,,,,,,,,,,,,,,,,,,,,,,,,,,,,,,,,,,,,,,,,,,,,,,,,,,,,,,,,,,,,,,,,,,,,,,,,,,,,,,,,,,,,,,,,,,,,,,,,,,,,,,,,,,,,,,,,,,,,,,,,,,,,,,,,,,,,,,,,,,,,,,,,,,,,,,,,,,,,,
17,39,46,47,57,44,52,56,61,59,70,61,64,68,65,73,68,66,73,79,73,82,81,76,74,77,80,87,85,83,83,93,83,82,81,81,81,87,78,76,74,80,88,86,78,83,82,80,77,80,75,84,77,82,76,74,74,68,82,72,77,69,74,57,58,,,,,,,,,,,,,,,,,,,,,,,,,,,,,,,,,,,,,,,,,,,,,,,,,,,,,,,,,,,,,,,,,,,,,,,,,,,,,,,,,,,,,,,,,,,,,,,,,,,,,,,,,,,,,,,,,,,,,,,,,,,,,,,,,,,,,,,,,,,,,,,,,,,,,,,,,,,,,,,,,,,,,,,,,,,,,,,,,,,,,,,,,,,,,,,,
18,37,40,46,48,51,48,51,46,50,47,45,48,50,50,54,50,42,46,47,51,47,50,52,55,48,52,50,51,55,64,53,59,61,60,62,59,60,64,63,65,68,71,70,71,73,74,78,71,76,77,77,77,84,84,84,78,85,77,69,68,64,60,63,52,,,,,,,,,,,,,,,,,,,,,,,,,,,,,,,,,,,,,,,,,,,,,,,,,,,,,,,,,,,,,,,,,,,,,,,,,,,,,,,,,,,,,,,,,,,,,,,,,,,,,,,,,,,,,,,,,,,,,,,,,,,,,,,,,,,,,,,,,,,,,,,,,,,,,,,,,,,,,,,,,,,,,,,,,,,,,,,,,,,,,,,,,,,,,,,,
19,65,76,73,83,71,75,74,79,71,82,74,67,70,74,78,70,67,64,71,65,70,66,66,72,57,57,51,51,55,55,63,56,59,55,56,53,54,54,53,59,63,58,54,62,58,53,58,59,55,56,55,57,60,60,57,61,67,64,64,61,65,64,57,54,,,,,,,,,,,,,,,,,,,,,,,,,,,,,,,,,,,,,,,,,,,,,,,,,,,,,,,,,,,,,,,,,,,,,,,,,,,,,,,,,,,,,,,,,,,,,,,,,,,,,,,,,,,,,,,,,,,,,,,,,,,,,,,,,,,,,,,,,,,,,,,,,,,,,,,,,,,,,,,,,,,,,,,,,,,,,,,,,,,,,,,,,,,,,,,,
20,51,61,64,61,64,72,75,85,68,71,77,79,76,77,81,80,78,75,78,73,75,76,77,78,80,69,72,79,82,69,67,71,69,69,70,69,64,65,61,68,63,63,66,57,59,51,53,54,56,54,59,43,42,48,49,43,42,46,40,44,40,40,39,36,,,,,,,,,,,,,,,,,,,,,,,,,,,,,,,,,,,,,,,,,,,,,,,,,,,,,,,,,,,,,,,,,,,,,,,,,,,,,,,,,,,,,,,,,,,,,,,,,,,,,,,,,,,,,,,,,,,,,,,,,,,,,,,,,,,,,,,,,,,,,,,,,,,,,,,,,,,,,,,,,,,,,,,,,,,,,,,,,,,,,,,,,,,,,,,,
21,47,52,53,66,64,65,65,65,68,66,74,76,76,79,79,84,70,75,82,82,79,80,77,74,77,78,76,71,75,82,76,81,73,78,78,76,79,78,75,77,81,76,71,77,77,78,75,76,74,72,72,82,79,72,73,79,78,61,62,63,70,66,52,46,,,,,,,,,,,,,,,,,,,,,,,,,,,,,,,,,,,,,,,,,,,,,,,,,,,,,,,,,,,,,,,,,,,,,,,,,,,,,,,,,,,,,,,,,,,,,,,,,,,,,,,,,,,,,,,,,,,,,,,,,,,,,,,,,,,,,,,,,,,,,,,,,,,,,,,,,,,,,,,,,,,,,,,,,,,,,,,,,,,,,,,,,,,,,,,,
22,34,38,38,42,45,40,42,45,44,44,47,42,43,47,50,49,47,53,46,56,59,68,59,54,62,66,63,68,68,75,74,74,65,73,77,80,71,80,78,75,80,82,78,77,74,74,84,77,88,81,85,82,85,71,73,83,79,74,72,75,66,62,53,54,,,,,,,,,,,,,,,,,,,,,,,,,,,,,,,,,,,,,,,,,,,,,,,,,,,,,,,,,,,,,,,,,,,,,,,,,,,,,,,,,,,,,,,,,,,,,,,,,,,,,,,,,,,,,,,,,,,,,,,,,,,,,,,,,,,,,,,,,,,,,,,,,,,,,,,,,,,,,,,,,,,,,,,,,,,,,,,,,,,,,,,,,,,,,,,,
23,46,51,52,46,51,52,51,52,55,57,47,44,43,40,42,41,41,41,44,38,46,45,45,39,44,47,48,42,45,40,46,40,41,44,41,42,46,42,43,44,47,46,44,48,50,50,55,59,58,57,59,53,61,69,70,69,70,70,64,65,58,57,52,54,,,,,,,,,,,,,,,,,,,,,,,,,,,,,,,,,,,,,,,,,,,,,,,,,,,,,,,,,,,,,,,,,,,,,,,,,,,,,,,,,,,,,,,,,,,,,,,,,,,,,,,,,,,,,,,,,,,,,,,,,,,,,,,,,,,,,,,,,,,,,,,,,,,,,,,,,,,,,,,,,,,,,,,,,,,,,,,,,,,,,,,,,,,,,,,,
24,65,63,70,70,74,71,74,72,70,74,77,75,71,80,76,76,76,75,77,73,81,75,75,76,80,81,84,74,75,74,73,80,75,75,74,72,68,80,73,77,69,85,74,69,67,71,75,74,70,69,68,61,76,66,64,61,62,56,54,54,51,53,49,46,,,,,,,,,,,,,,,,,,,,,,,,,,,,,,,,,,,,,,,,,,,,,,,,,,,,,,,,,,,,,,,,,,,,,,,,,,,,,,,,,,,,,,,,,,,,,,,,,,,,,,,,,,,,,,,,,,,,,,,,,,,,,,,,,,,,,,,,,,,,,,,,,,,,,,,,,,,,,,,,,,,,,,,,,,,,,,,,,,,,,,,,,,,,,,,,
25,35,38,37,47,45,46,50,53,52,57,57,55,60,57,69,69,69,69,66,67,70,64,69,74,75,74,77,74,70,72,74,77,71,75,75,69,80,73,78,73,73,71,78,84,76,67,79,77,75,75,70,77,74,71,71,71,76,71,68,69,63,55,57,58,,,,,,,,,,,,,,,,,,,,,,,,,,,,,,,,,,,,,,,,,,,,,,,,,,,,,,,,,,,,,,,,,,,,,,,,,,,,,,,,,,,,,,,,,,,,,,,,,,,,,,,,,,,,,,,,,,,,,,,,,,,,,,,,,,,,,,,,,,,,,,,,,,,,,,,,,,,,,,,,,,,,,,,,,,,,,,,,,,,,,,,,,,,,,,,,
26,35,38,42,43,44,44,44,45,44,45,46,42,48,42,52,42,45,49,51,46,45,46,45,51,50,48,47,50,53,47,46,52,54,57,58,57,65,60,65,62,70,66,67,69,68,69,69,72,68,71,71,82,75,83,78,72,65,72,73,67,66,65,59,56,,,,,,,,,,,,,,,,,,,,,,,,,,,,,,,,,,,,,,,,,,,,,,,,,,,,,,,,,,,,,,,,,,,,,,,,,,,,,,,,,,,,,,,,,,,,,,,,,,,,,,,,,,,,,,,,,,,,,,,,,,,,,,,,,,,,,,,,,,,,,,,,,,,,,,,,,,,,,,,,,,,,,,,,,,,,,,,,,,,,,,,,,,,,,,,,
27,53,59,60,63,63,61,60,74,72,69,62,63,61,61,60,62,60,56,52,58,55,53,53,50,49,51,48,45,42,47,44,49,42,43,48,49,47,45,46,47,44,45,44,45,44,41,44,44,46,47,46,43,47,46,50,48,47,45,50,53,56,48,46,43,,,,,,,,,,,,,,,,,,,,,,,,,,,,,,,,,,,,,,,,,,,,,,,,,,,,,,,,,,,,,,,,,,,,,,,,,,,,,,,,,,,,,,,,,,,,,,,,,,,,,,,,,,,,,,,,,,,,,,,,,,,,,,,,,,,,,,,,,,,,,,,,,,,,,,,,,,,,,,,,,,,,,,,,,,,,,,,,,,,,,,,,,,,,,,,,
28,56,63,63,71,76,67,67,72,70,68,67,67,78,70,81,80,70,80,74,76,71,79,77,75,73,72,77,76,74,73,68,71,67,66,68,64,66,66,61,66,62,62,65,57,52,60,65,53,56,53,48,48,46,44,40,49,47,43,42,49,43,42,37,40,,,,,,,,,,,,,,,,,,,,,,,,,,,,,,,,,,,,,,,,,,,,,,,,,,,,,,,,,,,,,,,,,,,,,,,,,,,,,,,,,,,,,,,,,,,,,,,,,,,,,,,,,,,,,,,,,,,,,,,,,,,,,,,,,,,,,,,,,,,,,,,,,,,,,,,,,,,,,,,,,,,,,,,,,,,,,,,,,,,,,,,,,,,,,,,,
29,45,48,54,61,63,67,64,73,67,76,74,80,73,78,69,72,72,71,77,80,71,74,69,75,79,71,80,76,77,75,81,78,70,77,80,83,84,80,75,75,83,73,71,76,79,83,77,77,81,73,73,72,72,72,77,74,69,64,64,60,61,54,54,44,,,,,,,,,,,,,,,,,,,,,,,,,,,,,,,,,,,,,,,,,,,,,,,,,,,,,,,,,,,,,,,,,,,,,,,,,,,,,,,,,,,,,,,,,,,,,,,,,,,,,,,,,,,,,,,,,,,,,,,,,,,,,,,,,,,,,,,,,,,,,,,,,,,,,,,,,,,,,,,,,,,,,,,,,,,,,,,,,,,,,,,,,,,,,,,,
30,34,40,41,38,43,38,44,44,46,43,42,45,40,48,50,47,47,50,48,49,54,56,61,59,60,61,66,68,69,70,67,70,67,69,63,70,72,80,77,74,76,80,79,72,78,73,79,75,77,79,78,71,78,74,77,77,77,67,70,66,61,66,61,52,,,,,,,,,,,,,,,,,,,,,,,,,,,,,,,,,,,,,,,,,,,,,,,,,,,,,,,,,,,,,,,,,,,,,,,,,,,,,,,,,,,,,,,,,,,,,,,,,,,,,,,,,,,,,,,,,,,,,,,,,,,,,,,,,,,,,,,,,,,,,,,,,,,,,,,,,,,,,,,,,,,,,,,,,,,,,,,,,,,,,,,,,,,,,,,,
31,46,50,48,54,47,49,54,55,48,56,44,48,43,45,44,43,43,43,42,42,43,44,43,44,45,43,43,41,41,45,46,44,45,47,45,46,50,42,45,48,47,50,46,50,52,51,60,65,58,54,58,63,58,63,63,62,63,72,64,56,61,60,54,54,,,,,,,,,,,,,,,,,,,,,,,,,,,,,,,,,,,,,,,,,,,,,,,,,,,,,,,,,,,,,,,,,,,,,,,,,,,,,,,,,,,,,,,,,,,,,,,,,,,,,,,,,,,,,,,,,,,,,,,,,,,,,,,,,,,,,,,,,,,,,,,,,,,,,,,,,,,,,,,,,,,,,,,,,,,,,,,,,,,,,,,,,,,,,,,,
32,66,60,70,72,70,74,76,81,76,78,83,80,73,81,80,68,76,71,81,77,92,77,82,79,83,77,71,72,76,79,78,77,84,77,78,78,84,72,78,74,77,76,77,80,76,73,78,71,68,66,69,68,57,66,70,66,66,61,62,58,51,49,46,48,,,,,,,,,,,,,,,,,,,,,,,,,,,,,,,,,,,,,,,,,,,,,,,,,,,,,,,,,,,,,,,,,,,,,,,,,,,,,,,,,,,,,,,,,,,,,,,,,,,,,,,,,,,,,,,,,,,,,,,,,,,,,,,,,,,,,,,,,,,,,,,,,,,,,,,,,,,,,,,,,,,,,,,,,,,,,,,,,,,,,,,,,,,,,,,,
33,38,38,46,48,51,49,55,57,59,58,61,58,64,65,68,68,69,72,60,71,77,73,62,75,75,83,78,78,82,79,77,74,78,79,78,81,79,79,74,83,77,80,70,82,77,79,76,78,78,76,74,78,81,73,81,73,80,73,72,76,61,64,59,53,,,,,,,,,,,,,,,,,,,,,,,,,,,,,,,,,,,,,,,,,,,,,,,,,,,,,,,,,,,,,,,,,,,,,,,,,,,,,,,,,,,,,,,,,,,,,,,,,,,,,,,,,,,,,,,,,,,,,,,,,,,,,,,,,,,,,,,,,,,,,,,,,,,,,,,,,,,,,,,,,,,,,,,,,,,,,,,,,,,,,,,,,,,,,,,,
34,39,37,43,43,46,46,51,49,49,52,50,47,50,53,53,51,49,48,52,54,47,42,49,53,50,51,51,50,54,56,54,57,61,59,59,63,64,65,68,63,66,73,80,78,74,77,79,76,72,72,79,78,75,78,81,69,80,76,68,69,65,63,59,63,,,,,,,,,,,,,,,,,,,,,,,,,,,,,,,,,,,,,,,,,,,,,,,,,,,,,,,,,,,,,,,,,,,,,,,,,,,,,,,,,,,,,,,,,,,,,,,,,,,,,,,,,,,,,,,,,,,,,,,,,,,,,,,,,,,,,,,,,,,,,,,,,,,,,,,,,,,,,,,,,,,,,,,,,,,,,,,,,,,,,,,,,,,,,,,,
35,59,60,68,63,68,68,67,69,64,70,69,61,62,62,57,64,61,55,59,56,58,51,56,52,52,48,42,58,46,47,51,51,42,51,50,50,47,48,48,45,50,45,50,51,47,50,46,44,44,46,49,48,51,47,53,47,46,51,52,52,48,53,49,46,,,,,,,,,,,,,,,,,,,,,,,,,,,,,,,,,,,,,,,,,,,,,,,,,,,,,,,,,,,,,,,,,,,,,,,,,,,,,,,,,,,,,,,,,,,,,,,,,,,,,,,,,,,,,,,,,,,,,,,,,,,,,,,,,,,,,,,,,,,,,,,,,,,,,,,,,,,,,,,,,,,,,,,,,,,,,,,,,,,,,,,,,,,,,,,,
36,59,67,66,68,70,82,78,77,74,71,74,78,73,77,82,76,74,78,78,80,81,75,82,77,82,74,83,78,81,72,78,71,69,66,68,67,67,66,65,63,68,71,64,59,55,56,54,55,56,55,52,54,47,48,43,46,48,47,47,43,39,38,35,37,,,,,,,,,,,,,,,,,,,,,,,,,,,,,,,,,,,,,,,,,,,,,,,,,,,,,,,,,,,,,,,,,,,,,,,,,,,,,,,,,,,,,,,,,,,,,,,,,,,,,,,,,,,,,,,,,,,,,,,,,,,,,,,,,,,,,,,,,,,,,,,,,,,,,,,,,,,,,,,,,,,,,,,,,,,,,,,,,,,,,,,,,,,,,,,,
37,49,62,56,65,71,69,71,69,68,79,79,77,74,82,81,70,76,77,85,82,86,77,75,79,80,77,76,81,78,81,78,76,77,74,84,80,81,79,86,84,75,75,76,82,74,84,74,84,86,80,78,75,77,74,83,75,72,63,72,62,65,59,52,51,,,,,,,,,,,,,,,,,,,,,,,,,,,,,,,,,,,,,,,,,,,,,,,,,,,,,,,,,,,,,,,,,,,,,,,,,,,,,,,,,,,,,,,,,,,,,,,,,,,,,,,,,,,,,,,,,,,,,,,,,,,,,,,,,,,,,,,,,,,,,,,,,,,,,,,,,,,,,,,,,,,,,,,,,,,,,,,,,,,,,,,,,,,,,,,,
38,34,39,38,39,38,42,40,43,43,44,41,42,41,45,46,48,49,55,48,56,53,61,61,63,58,61,59,67,66,68,72,72,68,71,66,75,78,72,78,80,81,76,77,74,88,74,85,89,77,71,84,78,76,82,75,72,75,73,69,64,65,65,59,55,,,,,,,,,,,,,,,,,,,,,,,,,,,,,,,,,,,,,,,,,,,,,,,,,,,,,,,,,,,,,,,,,,,,,,,,,,,,,,,,,,,,,,,,,,,,,,,,,,,,,,,,,,,,,,,,,,,,,,,,,,,,,,,,,,,,,,,,,,,,,,,,,,,,,,,,,,,,,,,,,,,,,,,,,,,,,,,,,,,,,,,,,,,,,,,,
39,49,54,58,54,48,56,54,57,54,56,50,50,45,50,45,49,49,48,46,44,47,47,51,47,48,48,48,48,46,54,50,49,51,46,46,46,47,47,51,47,52,49,49,61,56,54,59,58,63,57,62,55,64,63,62,68,67,69,70,66,64,64,56,51,,,,,,,,,,,,,,,,,,,,,,,,,,,,,,,,,,,,,,,,,,,,,,,,,,,,,,,,,,,,,,,,,,,,,,,,,,,,,,,,,,,,,,,,,,,,,,,,,,,,,,,,,,,,,,,,,,,,,,,,,,,,,,,,,,,,,,,,,,,,,,,,,,,,,,,,,,,,,,,,,,,,,,,,,,,,,,,,,,,,,,,,,,,,,,,,
40,61,67,69,66,75,78,64,77,69,80,74,80,74,73,71,78,75,80,79,86,72,77,71,75,79,80,75,83,77,80,77,84,71,72,77,73,75,75,73,78,72,69,70,77,77,69,73,68,72,64,65,68,65,64,58,58,63,45,50,55,50,49,48,45,,,,,,,,,,,,,,,,,,,,,,,,,,,,,,,,,,,,,,,,,,,,,,,,,,,,,,,,,,,,,,,,,,,,,,,,,,,,,,,,,,,,,,,,,,,,,,,,,,,,,,,,,,,,,,,,,,,,,,,,,,,,,,,,,,,,,,,,,,,,,,,,,,,,,,,,,,,,,,,,,,,,,,,,,,,,,,,,,,,,,,,,,,,,,,,,
41,35,35,43,42,44,44,50,58,56,59,56,62,62,58,66,64,71,63,73,65,73,74,70,73,66,74,72,70,72,80,78,74,77,74,78,70,77,76,80,74,74,74,80,81,81,79,77,69,72,79,73,74,73,74,80,79,80,70,71,68,67,59,54,50,,,,,,,,,,,,,,,,,,,,,,,,,,,,,,,,,,,,,,,,,,,,,,,,,,,,,,,,,,,,,,,,,,,,,,,,,,,,,,,,,,,,,,,,,,,,,,,,,,,,,,,,,,,,,,,,,,,,,,,,,,,,,,,,,,,,,,,,,,,,,,,,,,,,,,,,,,,,,,,,,,,,,,,,,,,,,,,,,,,,,,,,,,,,,,,,
42,36,37,43,48,46,47,45,51,56,45,47,46,48,52,45,52,50,50,49,53,49,46,48,48,47,57,47,47,53,60,51,57,53,61,64,61,67,67,65,65,62,73,60,69,71,69,71,73,72,74,78,78,73,78,72,76,71,74,74,67,66,67,60,64,,,,,,,,,,,,,,,,,,,,,,,,,,,,,,,,,,,,,,,,,,,,,,,,,,,,,,,,,,,,,,,,,,,,,,,,,,,,,,,,,,,,,,,,,,,,,,,,,,,,,,,,,,,,,,,,,,,,,,,,,,,,,,,,,,,,,,,,,,,,,,,,,,,,,,,,,,,,,,,,,,,,,,,,,,,,,,,,,,,,,,,,,,,,,,,,
43,58,67,71,65,63,64,73,73,66,67,64,63,66,64,58,67,59,56,51,62,57,60,56,57,57,53,57,52,44,49,48,49,44,46,49,52,47,52,48,48,48,50,40,43,48,52,49,46,50,47,48,46,50,52,50,52,52,50,56,52,53,53,52,44,,,,,,,,,,,,,,,,,,,,,,,,,,,,,,,,,,,,,,,,,,,,,,,,,,,,,,,,,,,,,,,,,,,,,,,,,,,,,,,,,,,,,,,,,,,,,,,,,,,,,,,,,,,,,,,,,,,,,,,,,,,,,,,,,,,,,,,,,,,,,,,,,,,,,,,,,,,,,,,,,,,,,,,,,,,,,,,,,,,,,,,,,,,,,,,,
44,55,58,66,67,68,64,72,74,75,77,81,75,74,78,80,93,79,75,75,72,80,79,77,75,73,70,81,75,77,79,70,72,80,74,70,62,68,68,61,63,65,65,59,59,54,54,50,52,57,50,49,47,44,47,40,45,42,45,40,42,39,34,39,30,,,,,,,,,,,,,,,,,,,,,,,,,,,,,,,,,,,,,,,,,,,,,,,,,,,,,,,,,,,,,,,,,,,,,,,,,,,,,,,,,,,,,,,,,,,,,,,,,,,,,,,,,,,,,,,,,,,,,,,,,,,,,,,,,,,,,,,,,,,,,,,,,,,,,,,,,,,,,,,,,,,,,,,,,,,,,,,,,,,,,,,,,,,,,,,,
45,49,55,57,60,65,68,72,75,73,71,73,73,78,74,77,71,74,78,86,81,76,73,72,79,77,72,82,82,79,80,70,78,73,81,76,83,73,77,79,82,75,68,74,69,77,79,73,76,74,79,78,77,76,72,74,69,72,63,61,55,61,63,47,48,,,,,,,,,,,,,,,,,,,,,,,,,,,,,,,,,,,,,,,,,,,,,,,,,,,,,,,,,,,,,,,,,,,,,,,,,,,,,,,,,,,,,,,,,,,,,,,,,,,,,,,,,,,,,,,,,,,,,,,,,,,,,,,,,,,,,,,,,,,,,,,,,,,,,,,,,,,,,,,,,,,,,,,,,,,,,,,,,,,,,,,,,,,,,,,,
46,39,44,45,44,52,53,52,47,46,49,44,50,52,50,53,50,55,51,56,59,64,62,62,62,59,59,68,69,64,68,77,67,69,73,66,77,74,72,82,80,80,80,78,76,87,73,79,80,78,75,79,82,82,78,75,82,81,81,77,70,68,57,58,59,,,,,,,,,,,,,,,,,,,,,,,,,,,,,,,,,,,,,,,,,,,,,,,,,,,,,,,,,,,,,,,,,,,,,,,,,,,,,,,,,,,,,,,,,,,,,,,,,,,,,,,,,,,,,,,,,,,,,,,,,,,,,,,,,,,,,,,,,,,,,,,,,,,,,,,,,,,,,,,,,,,,,,,,,,,,,,,,,,,,,,,,,,,,,,,,
47,52,62,60,63,53,55,56,62,57,55,57,54,54,48,51,50,49,52,49,48,49,44,51,53,58,45,49,47,48,47,52,50,47,50,55,56,57,51,49,47,57,56,51,57,57,57,67,61,65,65,62,62,65,74,70,72,69,65,77,64,67,66,64,59,,,,,,,,,,,,,,,,,,,,,,,,,,,,,,,,,,,,,,,,,,,,,,,,,,,,,,,,,,,,,,,,,,,,,,,,,,,,,,,,,,,,,,,,,,,,,,,,,,,,,,,,,,,,,,,,,,,,,,,,,,,,,,,,,,,,,,,,,,,,,,,,,,,,,,,,,,,,,,,,,,,,,,,,,,,,,,,,,,,,,,,,,,,,,,,,
48,62,74,63,66,73,75,79,70,75,74,83,75,82,72,78,74,74,76,78,75,78,76,76,80,87,69,81,78,81,86,79,75,78,84,95,82,78,71,78,84,81,78,77,71,79,79,74,82,75,72,76,71,63,66,65,65,68,57,58,55,58,56,46,44,,,,,,,,,,,,,,,,,,,,,,,,,,,,,,,,,,,,,,,,,,,,,,,,,,,,,,,,,,,,,,,,,,,,,,,,,,,,,,,,,,,,,,,,,,,,,,,,,,,,,,,,,,,,,,,,,,,,,,,,,,,,,,,,,,,,,,,,,,,,,,,,,,,,,,,,,,,,,,,,,,,,,,,,,,,,,,,,,,,,,,,,,,,,,,,,
49,41,42,46,47,49,49,53,60,63,64,60,59,62,63,63,60,65,67,74,74,74,66,70,78,73,83,79,77,81,79,84,83,78,84,80,74,83,76,79,73,79,74,77,76,73,76,77,73,74,74,81,71,70,80,67,71,74,76,71,66,63,64,62,60,,,,,,,,,,,,,,,,,,,,,,,,,,,,,,,,,,,,,,,,,,,,,,,,,,,,,,,,,,,,,,,,,,,,,,,,,,,,,,,,,,,,,,,,,,,,,,,,,,,,,,,,,,,,,,,,,,,,,,,,,,,,,,,,,,,,,,,,,,,,,,,,,,,,,,,,,,,,,,,,,,,,,,,,,,,,,,,,,,,,,,,,,,,,,,,,
50,35,38,35,43,46,43,46,51,48,41,43,44,42,46,45,45,47,42,48,47,47,48,47,45,45,47,46,45,51,49,49,55,55,52,61,59,57,58,55,68,68,68,66,68,74,69,72,68,67,76,73,77,76,75,75,74,73,69,78,73,65,64,60,50,,,,,,,,,,,,,,,,,,,,,,,,,,,,,,,,,,,,,,,,,,,,,,,,,,,,,,,,,,,,,,,,,,,,,,,,,,,,,,,,,,,,,,,,,,,,,,,,,,,,,,,,,,,,,,,,,,,,,,,,,,,,,,,,,,,,,,,,,,,,,,,,,,,,,,,,,,,,,,,,,,,,,,,,,,,,,,,,,,,,,,,,,,,,,,,,
51,60,62,68,66,64,70,63,66,68,62,64,66,68,63,63,68,63,55,60,61,53,52,55,54,49,45,48,42,49,45,49,45,47,48,45,45,45,48,49,48,49,48,45,42,45,48,47,50,48,48,49,47,43,45,48,54,57,50,47,53,50,52,49,45,,,,,,,,,,,,,,,,,,,,,,,,,,,,,,,,,,,,,,,,,,,,,,,,,,,,,,,,,,,,,,,,,,,,,,,,,,,,,,,,,,,,,,,,,,,,,,,,,,,,,,,,,,,,,,,,,,,,,,,,,,,,,,,,,,,,,,,,,,,,,,,,,,,,,,,,,,,,,,,,,,,,,,,,,,,,,,,,,,,,,,,,,,,,,,,,
52,55,56,71,59,63,69,74,75,69,73,75,75,69,74,70,75,81,74,70,71,74,72,73,78,71,74,75,71,77,70,73,69,67,66,68,66,64,57,54,55,60,64,56,59,50,54,50,51,49,47,48,43,40,45,43,43,39,39,42,42,41,34,37,29,,,,,,,,,,,,,,,,,,,,,,,,,,,,,,,,,,,,,,,,,,,,,,,,,,,,,,,,,,,,,,,,,,,,,,,,,,,,,,,,,,,,,,,,,,,,,,,,,,,,,,,,,,,,,,,,,,,,,,,,,,,,,,,,,,,,,,,,,,,,,,,,,,,,,,,,,,,,,,,,,,,,,,,,,,,,,,,,,,,,,,,,,,,,,,,,
53,50,53,60,62,72,64,70,67,70,74,73,77,79,73,76,78,70,67,80,76,74,79,81,71,74,72,81,74,79,81,73,74,78,79,73,76,80,71,75,84,80,80,79,73,78,75,75,73,80,79,77,77,76,76,71,76,75,68,74,69,61,59,64,50,,,,,,,,,,,,,,,,,,,,,,,,,,,,,,,,,,,,,,,,,,,,,,,,,,,,,,,,,,,,,,,,,,,,,,,,,,,,,,,,,,,,,,,,,,,,,,,,,,,,,,,,,,,,,,,,,,,,,,,,,,,,,,,,,,,,,,,,,,,,,,,,,,,,,,,,,,,,,,,,,,,,,,,,,,,,,,,,,,,,,,,,,,,,,,,,
54,36,37,42,45,44,44,44,39,48,48,51,46,48,50,49,50,45,52,57,54,57,56,62,54,60,57,59,61,58,74,65,74,67,73,76,65,68,66,66,74,76,75,71,75,66,72,72,72,72,75,71,73,73,67,64,63,70,66,65,66,68,58,59,56,,,,,,,,,,,,,,,,,,,,,,,,,,,,,,,,,,,,,,,,,,,,,,,,,,,,,,,,,,,,,,,,,,,,,,,,,,,,,,,,,,,,,,,,,,,,,,,,,,,,,,,,,,,,,,,,,,,,,,,,,,,,,,,,,,,,,,,,,,,,,,,,,,,,,,,,,,,,,,,,,,,,,,,,,,,,,,,,,,,,,,,,,,,,,,,,
55,52,62,51,54,59,59,60,58,57,58,59,51,52,50,46,51,54,51,48,52,44,48,49,50,49,52,52,49,53,52,53,48,51,49,54,50,54,58,57,50,52,51,53,56,54,54,64,56,60,57,68,63,65,68,64,67,66,69,78,72,60,61,58,63,,,,,,,,,,,,,,,,,,,,,,,,,,,,,,,,,,,,,,,,,,,,,,,,,,,,,,,,,,,,,,,,,,,,,,,,,,,,,,,,,,,,,,,,,,,,,,,,,,,,,,,,,,,,,,,,,,,,,,,,,,,,,,,,,,,,,,,,,,,,,,,,,,,,,,,,,,,,,,,,,,,,,,,,,,,,,,,,,,,,,,,,,,,,,,,,
56,48,60,60,58,66,68,66,64,65,64,72,75,70,71,72,69,73,77,68,71,73,64,80,72,69,69,70,77,67,69,69,66,65,74,73,71,68,75,70,64,68,70,68,63,65,63,68,68,66,64,62,55,56,56,52,55,48,50,50,47,44,40,39,37,,,,,,,,,,,,,,,,,,,,,,,,,,,,,,,,,,,,,,,,,,,,,,,,,,,,,,,,,,,,,,,,,,,,,,,,,,,,,,,,,,,,,,,,,,,,,,,,,,,,,,,,,,,,,,,,,,,,,,,,,,,,,,,,,,,,,,,,,,,,,,,,,,,,,,,,,,,,,,,,,,,,,,,,,,,,,,,,,,,,,,,,,,,,,,,,
57,35,43,43,49,45,47,52,53,54,61,60,62,63,65,63,69,62,69,63,67,67,65,72,73,73,81,72,77,75,74,73,72,76,76,73,74,71,74,76,75,72,72,68,75,72,77,70,77,73,82,77,77,72,80,71,69,74,72,62,70,67,60,58,57,,,,,,,,,,,,,,,,,,,,,,,,,,,,,,,,,,,,,,,,,,,,,,,,,,,,,,,,,,,,,,,,,,,,,,,,,,,,,,,,,,,,,,,,,,,,,,,,,,,,,,,,,,,,,,,,,,,,,,,,,,,,,,,,,,,,,,,,,,,,,,,,,,,,,,,,,,,,,,,,,,,,,,,,,,,,,,,,,,,,,,,,,,,,,,,,
58,33,37,36,42,35,41,41,43,44,44,38,40,41,44,40,42,39,39,44,42,44,40,40,44,43,40,42,48,47,44,43,43,50,50,54,49,57,56,56,58,54,59,63,60,75,62,67,64,63,61,69,72,69,78,69,65,72,69,65,61,60,55,55,51,,,,,,,,,,,,,,,,,,,,,,,,,,,,,,,,,,,,,,,,,,,,,,,,,,,,,,,,,,,,,,,,,,,,,,,,,,,,,,,,,,,,,,,,,,,,,,,,,,,,,,,,,,,,,,,,,,,,,,,,,,,,,,,,,,,,,,,,,,,,,,,,,,,,,,,,,,,,,,,,,,,,,,,,,,,,,,,,,,,,,,,,,,,,,,,,
59,52,53,60,59,62,64,61,61,62,59,56,60,58,56,56,53,54,49,50,51,50,50,52,48,48,42,42,37,43,44,41,39,42,40,40,41,42,42,43,40,45,38,40,42,43,40,40,41,44,41,44,44,45,48,41,43,42,46,45,46,48,48,44,41,,,,,,,,,,,,,,,,,,,,,,,,,,,,,,,,,,,,,,,,,,,,,,,,,,,,,,,,,,,,,,,,,,,,,,,,,,,,,,,,,,,,,,,,,,,,,,,,,,,,,,,,,,,,,,,,,,,,,,,,,,,,,,,,,,,,,,,,,,,,,,,,,,,,,,,,,,,,,,,,,,,,,,,,,,,,,,,,,,,,,,,,,,,,,,,,
60,53,52,57,59,61,67,68,68,65,62,66,68,66,66,70,66,73,71,68,67,67,67,68,65,63,71,64,67,62,68,67,64,59,63,64,58,57,60,54,56,55,59,55,53,51,51,51,53,52,52,44,42,41,41,36,42,44,40,40,38,37,34,34,29,,,,,,,,,,,,,,,,,,,,,,,,,,,,,,,,,,,,,,,,,,,,,,,,,,,,,,,,,,,,,,,,,,,,,,,,,,,,,,,,,,,,,,,,,,,,,,,,,,,,,,,,,,,,,,,,,,,,,,,,,,,,,,,,,,,,,,,,,,,,,,,,,,,,,,,,,,,,,,,,,,,,,,,,,,,,,,,,,,,,,,,,,,,,,,,,
61,36,41,42,50,53,52,50,59,54,56,52,54,64,61,60,57,61,58,62,58,56,59,59,57,65,57,63,60,57,58,62,59,60,56,62,62,58,56,52,60,61,57,61,67,63,53,63,62,60,56,55,54,61,63,61,57,59,57,52,53,51,46,42,38,,,,,,,,,,,,,,,,,,,,,,,,,,,,,,,,,,,,,,,,,,,,,,,,,,,,,,,,,,,,,,,,,,,,,,,,,,,,,,,,,,,,,,,,,,,,,,,,,,,,,,,,,,,,,,,,,,,,,,,,,,,,,,,,,,,,,,,,,,,,,,,,,,,,,,,,,,,,,,,,,,,,,,,,,,,,,,,,,,,,,,,,,,,,,,,,
62,35,35,35,37,38,37,40,38,40,38,40,40,44,42,39,41,42,40,43,51,49,52,44,47,46,50,52,49,62,57,52,55,59,51,57,58,56,59,58,57,57,56,64,54,60,57,67,58,58,57,64,56,64,58,57,56,58,60,58,55,57,54,53,50,,,,,,,,,,,,,,,,,,,,,,,,,,,,,,,,,,,,,,,,,,,,,,,,,,,,,,,,,,,,,,,,,,,,,,,,,,,,,,,,,,,,,,,,,,,,,,,,,,,,,,,,,,,,,,,,,,,,,,,,,,,,,,,,,,,,,,,,,,,,,,,,,,,,,,,,,,,,,,,,,,,,,,,,,,,,,,,,,,,,,,,,,,,,,,,,
63,49,52,50,47,47,46,47,45,43,46,45,46,42,40,35,35,38,36,38,45,39,41,43,38,40,40,40,38,35,39,40,40,38,37,37,41,39,41,44,42,40,46,45,44,50,47,53,58,53,55,50,48,46,55,52,53,53,56,56,57,57,52,52,48,,,,,,,,,,,,,,,,,,,,,,,,,,,,,,,,,,,,,,,,,,,,,,,,,,,,,,,,,,,,,,,,,,,,,,,,,,,,,,,,,,,,,,,,,,,,,,,,,,,,,,,,,,,,,,,,,,,,,,,,,,,,,,,,,,,,,,,,,,,,,,,,,,,,,,,,,,,,,,,,,,,,,,,,,,,,,,,,,,,,,,,,,,,,,,,,
,,,,,,,,,,,,,,,,,,,,,,,,,,,,,,,,,,,,,,,,,,,,,,,,,,,,,,,,,,,,,,,,,,,,,,,,,,,,,,,,,,,,,,,,,,,,,,,,,,,,,,,,,,,,,,,,,,,,,,,,,,,,,,,,,,,,,,,,,,,,,,,,,,,,,,,,,,,,,,,,,,,,,,,,,,,,,,,,,,,,,,,,,,,,,,,,,,,,,,,,,,,,,,,,,,,,,,,,,,,,,,,,,,,,,,,,,,,,,,,,,,,,,,,,,,,,,,,,
value,0,1,2,3,4,5,6,7,8,9,10,11,12,13,14,15,16,17,18,19,20,21,22,23,24,25,26,27,28,29,30,31,32,33,34,35,36,37,38,39,40,41,42,43,44,45,46,47,48,49,50,51,52,53,54,55,56,57,58,59,60,61,62,63,64,65,66,67,68,69,70,71,72,73,74,75,76,77,78,79,80,81,82,83,84,85,86,87,88,89,90,91,92,93,94,95,96,97,98,99,100,101,102,103,104,105,106,107,108,109,110,111,112,113,114,115,116,117,118,119,120,121,122,123,124,125,126,127,128,129,130,131,132,133,134,135,136,137,138,139,140,141,142,143,144,145,146,147,148,149,150,151,152,153,154,155,156,157,158,159,160,161,162,163,164,165,166,167,168,169,170,171,172,173,174,175,176,177,178,179,180,181,182,183,184,185,186,187,188,189,190,191,192,193,194,195,196,197,198,199,200,201,202,203,204,205,206,207,208,209,210,211,212,213,214,215,216,217,218,219,220,221,222,223,224,225,226,227,228,229,230,231,232,233,234,235,236,237,238,239,240,241,242,243,244,245,246,247,248,249,250,251,252,253,254,255
count,0,0,0,0,0,0,0,0,0,0,0,0,0,0,0,0,0,0,0,0,0,0,0,0,0,0,0,0,0,2,1,0,3,6,11,18,24,25,50,38,60,56,75,77,90,90,101,105,104,86,101,90,95,80,80,67,94,96,77,89,81,78,84,90,96,83,85,82,100,96,92,96,103,115,140,106,101,118,110,70,80,57,46,32,24,12,10,7,3,1,1,1,1,3,0,1,0,0,0,0,0,0,0,0,0,0,0,0,0,0,0,0,0,0,0,0,0,0,0,0,0,0,0,0,0,0,0,0,0,0,0,0,0,0,0,0,0,0,0,0,0,0,0,0,0,0,0,0,0,0,0,0,0,0,0,0,0,0,0,0,0,0,0,0,0,0,0,0,0,0,0,0,0,0,0,0,0,0,0,0,0,0,0,0,0,0,0,0,0,0,0,0,0,0,0,0,0,0,0,0,0,0,0,0,0,0,0,0,0,0,0,0,0,0,0,0,0,0,0,0,0,0,0,0,0,0,0,0,0,0,0,0,0,0,0,0,0,0,0,0,0,0,0,0,0,0,0,0,0,0,0,0,0,0,0,0
,,,,,,,,,,,,,,,,,,,,,,,,,,,,,,,,,,,,,,,,,,,,,,,,,,,,,,,,,,,,,,,,,,,,,,,,,,,,,,,,,,,,,,,,,,,,,,,,,,,,,,,,,,,,,,,,,,,,,,,,,,,,,,,,,,,,,,,,,,,,,,,,,,,,,,,,,,,,,,,,,,,,,,,,,,,,,,,,,,,,,,,,,,,,,,,,,,,,,,,,,,,,,,,,,,,,,,,,,,,,,,,,,,,,,,,,,,,,,,,,,,,,,,,,,,,,,,,,
13,,,,,,,,,,,,,,,,,,,,,,,,,,,,,,,,,,,,,,,,,,,,,,,,,,,,,,,,,,,,,,,,,,,,,,,,,,,,,,,,,,,,,,,,,,,,,,,,,,,,,,,,,,,,,,,,,,,,,,,,,,,,,,,,,,,,,,,,,,,,,,,,,,,,,,,,,,,,,,,,,,,,,,,,,,,,,,,,,,,,,,,,,,,,,,,,,,,,,,,,,,,,,,,,,,,,,,,,,,,,,,,,,,,,,,,,,,,,,,,,,,,,,,,,,,,,,,,,
,0,1,2,3,4,5,6,7,8,9,10,11,12,13,14,15,16,17,18,19,20,21,22,23,24,25,26,27,28,29,30,31,32,33,34,35,36,37,38,39,40,41,42,43,44,45,46,47,48,49,50,51,52,53,54,55,56,57,58,59,60,61,62,63,,,,,,,,,,,,,,,,,,,,,,,,,,,,,,,,,,,,,,,,,,,,,,,,,,,,,,,,,,,,,,,,,,,,,,,,,,,,,,,,,,,,,,,,,,,,,,,,,,,,,,,,,,,,,,,,,,,,,,,,,,,,,,,,,,,,,,,,,,,,,,,,,,,,,,,,,,,,,,,,,,,,,,,,,,,,,,,,,,,,,,,,,,,,,,,,
0,49,46,58,56,58,53,55,52,51,55,57,54,58,55,58,61,59,68,69,56,54,55,61,53,60,58,61,61,51,59,59,57,58,55,57,57,60,56,58,60,61,63,50,51,55,55,51,50,53,47,50,49,50,46,48,44,46,46,42,45,40,39,40,33,,,,,,,,,,,,,,,,,,,,,,,,,,,,,,,,,,,,,,,,,,,,,,,,,,,,,,,,,,,,,,,,,,,,,,,,,,,,,,,,,,,,,,,,,,,,,,,,,,,,,,,,,,,,,,,,,,,,,,,,,,,,,,,,,,,,,,,,,,,,,,,,,,,,,,,,,,,,,,,,,,,,,,,,,,,,,,,,,,,,,,,,,,,,,,,,
1,33,38,37,36,43,46,45,43,45,45,54,47,53,60,49,58,54,48,54,54,56,52,54,58,58,58,61,59,61,63,61,57,55,67,63,56,59,52,60,61,55,54,57,59,61,60,62,57,58,56,60,64,59,58,56,63,55,62,58,57,59,55,51,47,,,,,,,,,,,,,,,,,,,,,,,,,,,,,,,,,,,,,,,,,,,,,,,,,,,,,,,,,,,,,,,,,,,,,,,,,,,,,,,,,,,,,,,,,,,,,,,,,,,,,,,,,,,,,,,,,,,,,,,,,,,,,,,,,,,,,,,,,,,,,,,,,,,,,,,,,,,,,,,,,,,,,,,,,,,,,,,,,,,,,,,,,,,,,,,,
2,34,32,33,40,38,41,36,34,37,38,33,42,41,35,37,44,40,35,40,34,39,39,40,38,34,37,42,44,42,44,45,45,46,52,50,49,48,50,50,50,54,56,59,56,54,60,58,68,58,60,55,63,59,62,61,57,62,60,56,54,54,49,49,45,,,,,,,,,,,,,,,,,,,,,,,,,,,,,,,,,,,,,,,,,,,,,,,,,,,,,,,,,,,,,,,,,,,,,,,,,,,,,,,,,,,,,,,,,,,,,,,,,,,,,,,,,,,,,,,,,,,,,,,,,,,,,,,,,,,,,,,,,,,,,,,,,,,,,,,,,,,,,,,,,,,,,,,,,,,,,,,,,,,,,,,,,,,,,,,,
3,47,53,53,55,53,53,55,58,67,53,52,54,54,53,51,55,48,46,47,44,46,51,47,45,37,37,42,38,37,40,38,38,37,37,42,36,39,38,36,41,37,40,40,39,41,39,39,36,42,38,41,41,42,42,38,40,44,38,41,42,46,41,44,39,,,,,,,,,,,,,,,,,,,,,,,,,,,,,,,,,,,,,,,,,,,,,,,,,,,,,,,,,,,,,,,,,,,,,,,,,,,,,,,,,,,,,,,,,,,,,,,,,,,,,,,,,,,,,,,,,,,,,,,,,,,,,,,,,,,,,,,,,,,,,,,,,,,,,,,,,,,,,,,,,,,,,,,,,,,,,,,,,,,,,,,,,,,,,,,,
4,57,54,64,59,65,69,66,75,65,63,69,68,66,65,70,67,66,68,68,65,66,63,64,69,67,64,72,65,65,61,68,59,66,63,66,62,58,61,58,59,58,53,46,52,60,53,53,55,46,48,40,45,46,41,47,38,37,47,42,44,36,42,33,31,,,,,,,,,,,,,,,,,,,,,,,,,,,,,,,,,,,,,,,,,,,,,,,,,,,,,,,,,,,,,,,,,,,,,,,,,,,,,,,,,,,,,,,,,,,,,,,,,,,,,,,,,,,,,,,,,,,,,,,,,,,,,,,,,,,,,,,,,,,,,,,,,,,,,,,,,,,,,,,,,,,,,,,,,,,,,,,,,,,,,,,,,,,,,,,,
5,39,44,53,55,59,59,60,59,66,68,65,71,66,69,70,69,72,67,70,66,67,73,69,68,70,65,74,58,67,63,67,65,66,75,70,62,71,72,72,71,68,72,67,66,66,65,71,61,70,69,73,75,71,72,66,64,61,61,54,54,59,49,40,40,,,,,,,,,,,,,,,,,,,,,,,,,,,,,,,,,,,,,,,,,,,,,,,,,,,,,,,,,,,,,,,,,,,,,,,,,,,,,,,,,,,,,,,,,,,,,,,,,,,,,,,,,,,,,,,,,,,,,,,,,,,,,,,,,,,,,,,,,,,,,,,,,,,,,,,,,,,,,,,,,,,,,,,,,,,,,,,,,,,,,,,,,,,,,,,,
6,34,36,43,40,37,38,46,46,43,39,44,42,44,47,41,44,51,49,55,52,58,55,49,56,53,57,60,64,57,66,63,65,62,67,60,66,67,67,66,73,75,68,68,65,79,66,71,70,65,70,71,74,79,65,67,70,64,68,64,62,60,52,56,52,,,,,,,,,,,,,,,,,,,,,,,,,,,,,,,,,,,,,,,,,,,,,,,,,,,,,,,,,,,,,,,,,,,,,,,,,,,,,,,,,,,,,,,,,,,,,,,,,,,,,,,,,,,,,,,,,,,,,,,,,,,,,,,,,,,,,,,,,,,,,,,,,,,,,,,,,,,,,,,,,,,,,,,,,,,,,,,,,,,,,,,,,,,,,,,,
7,41,46,42,46,43,44,44,53,51,46,41,42,42,42,38,44,39,40,37,40,36,36,40,41,41,39,39,40,38,36,39,39,43,42,37,41,44,40,53,42,43,51,46,50,50,48,52,55,55,57,64,57,57,62,53,62,70,61,66,56,56,53,48,53,,,,,,,,,,,,,,,,,,,,,,,,,,,,,,,,,,,,,,,,,,,,,,,,,,,,,,,,,,,,,,,,,,,,,,,,,,,,,,,,,,,,,,,,,,,,,,,,,,,,,,,,,,,,,,,,,,,,,,,,,,,,,,,,,,,,,,,,,,,,,,,,,,,,,,,,,,,,,,,,,,,,,,,,,,,,,,,,,,,,,,,,,,,,,,,,
8,63,64,64,67,75,73,82,74,69,74,82,76,72,74,79,74,75,75,72,71,72,78,75,84,77,86,78,79,84,77,79,78,77,81,80,77,79,73,74,81,77,72,77,63,74,70,77,73,65,62,66,62,64,62,65,60,53,53,54,47,50,47,42,38,,,,,,,,,,,,,,,,,,,,,,,,,,,,,,,,,,,,,,,,,,,,,,,,,,,,,,,,,,,,,,,,,,,,,,,,,,,,,,,,,,,,,,,,,,,,,,,,,,,,,,,,,,,,,,,,,,,,,,,,,,,,,,,,,,,,,,,,,,,,,,,,,,,,,,,,,,,,,,,,,,,,,,,,,,,,,,,,,,,,,,,,,,,,,,,,
9,36,39,46,51,44,52,56,57,60,58,62,58,59,64,67,64,70,76,80,73,73,73,73,71,82,78,85,75,72,82,72,86,78,73,72,77,80,82,79,78,79,75,75,85,77,78,69,75,81,68,71,80,79,75,72,71,69,71,65,74,62,62,57,53,,,,,,,,,,,,,,,,,,,,,,,,,,,,,,,,,,,,,,,,,,,,,,,,,,,,,,,,,,,,,,,,,,,,,,,,,,,,,,,,,,,,,,,,,,,,,,,,,,,,,,,,,,,,,,,,,,,,,,,,,,,,,,,,,,,,,,,,,,,,,,,,,,,,,,,,,,,,,,,,,,,,,,,,,,,,,,,,,,,,,,,,,,,,,,,,
10,33,36,39,36,44,43,42,39,41,43,44,47,44,45,45,45,46,47,46,44,44,46,46,43,48,43,49,48,48,56,50,51,53,58,57,61,66,63,62,68,73,61,70,73,69,74,71,76,72,75,85,75,79,70,82,72,75,75,79,69,66,65,63,58,,,,,,,,,,,,,,,,,,,,,,,,,,,,,,,,,,,,,,,,,,,,,,,,,,,,,,,,,,,,,,,,,,,,,,,,,,,,,,,,,,,,,,,,,,,,,,,,,,,,,,,,,,,,,,,,,,,,,,,,,,,,,,,,,,,,,,,,,,,,,,,,,,,,,,,,,,,,,,,,,,,,,,,,,,,,,,,,,,,,,,,,,,,,,,,,
11,58,67,57,58,70,67,63,73,68,57,65,63,63,64,64,55,53,54,57,58,53,63,63,54,46,46,49,53,44,51,50,49,49,50,50,48,49,47,44,48,50,50,45,55,56,47,54,48,52,51,48,50,50,50,49,50,50,52,57,57,56,52,46,43,,,,,,,,,,,,,,,,,,,,,,,,,,,,,,,,,,,,,,,,,,,,,,,,,,,,,,,,,,,,,,,,,,,,,,,,,,,,,,,,,,,,,,,,,,,,,,,,,,,,,,,,,,,,,,,,,,,,,,,,,,,,,,,,,,,,,,,,,,,,,,,,,,,,,,,,,,,,,,,,,,,,,,,,,,,,,,,,,,,,,,,,,,,,,,,,
12,59,67,71,81,82,82,81,92,86,73,78,83,87,86,86,83,81,87,78,81,79,82,75,78,91,85,83,79,82,78,80,76,75,67,78,69,67,77,77,68,67,82,68,64,60,64,69,67,64,60,52,52,45,52,54,53,51,56,52,47,47,47,43,42,,,,,,,,,,,,,,,,,,,,,,,,,,,,,,,,,,,,,,,,,,,,,,,,,,,,,,,,,,,,,,,,,,,,,,,,,,,,,,,,,,,,,,,,,,,,,,,,,,,,,,,,,,,,,,,,,,,,,,,,,,,,,,,,,,,,,,,,,,,,,,,,,,,,,,,,,,,,,,,,,,,,,,,,,,,,,,,,,,,,,,,,,,,,,,,,
13,51,57,55,60,63,65,63,63,66,75,71,80,73,70,71,76,76,74,75,78,76,77,74,74,76,75,82,70,72,79,74,70,80,76,73,77,69,72,74,83,74,77,73,70,79,77,76,73,72,78,67,80,82,75,74,75,68,67,69,61,64,58,47,48,,,,,,,,,,,,,,,,,,,,,,,,,,,,,,,,,,,,,,,,,,,,,,,,,,,,,,,,,,,,,,,,,,,,,,,,,,,,,,,,,,,,,,,,,,,,,,,,,,,,,,,,,,,,,,,,,,,,,,,,,,,,,,,,,,,,,,,,,,,,,,,,,,,,,,,,,,,,,,,,,,,,,,,,,,,,,,,,,,,,,,,,,,,,,,,,
14,34,35,40,44,41,41,50,43,44,42,45,43,46,47,47,48,52,44,50,56,58,62,55,55,57,62,63,68,65,63,67,68,81,65,70,72,73,78,73,71,76,79,69,85,70,77,76,67,75,76,80,78,74,71,63,72,66,68,65,64,61,55,59,52,,,,,,,,,,,,,,,,,,,,,,,,,,,,,,,,,,,,,,,,,,,,,,,,,,,,,,,,,,,,,,,,,,,,,,,,,,,,,,,,,,,,,,,,,,,,,,,,,,,,,,,,,,,,,,,,,,,,,,,,,,,,,,,,,,,,,,,,,,,,,,,,,,,,,,,,,,,,,,,,,,,,,,,,,,,,,,,,,,,,,,,,,,,,,,,,
15,48,51,45,46,55,53,51,53,59,50,43,47,45,47,42,46,46,43,47,48,44,49,43,46,46,40,42,47,47,46,45,42,42,54,41,45,44,44,50,44,51,47,57,62,54,57,58,54,55,57,59,61,66,71,68,65,64,64,66,70,54,59,57,54,,,,,,,,,,,,,,,,,,,,,,,,,,,,,,,,,,,,,,,,,,,,,,,,,,,,,,,,,,,,,,,,,,,,,,,,,,,,,,,,,,,,,,,,,,,,,,,,,,,,,,,,,,,,,,,,,,,,,,,,,,,,,,,,,,,,,,,,,,,,,,,,,,,,,,,,,,,,,,,,,,,,,,,,,,,,,,,,,,,,,,,,,,,,,,,,
16,60,58,61,67,72,78,70,74,74,75,78,80,78,80,72,79,75,78,72,79,69,74,81,79,71,79,76,78,72,77,79,81,78,81,74,76,78,85,76,74,80,73,70,74,65,72,70,70,66,71,63,65,60,65,60,56,52,50,53,47,48,50,42,36,,,,,,,,,,,,,,,,,,,,,,,,,,,,,,,,,,,,,,,,,,,,,,,,,,,,,,,,,,,,,,,,,,,,,,,,,,,,,,,,,,,,,,,,,,,,,,,,,,,,,,,,,,,,,,,,,,,,,,,,,,,,,,,,,,,,,,,,,,,,,,,,,,,,,,,,,,,,,,,,,,,,,,,,,,,,,,,,,,,,,,,,,,,,,,,,
17,39,43,48,56,47,54,57,68,59,68,64,63,72,66,74,73,74,76,82,76,81,86,78,74,80,82,84,88,83,80,90,84,78,79,78,80,91,81,79,74,74,84,86,76,77,82,79,77,81,74,86,75,77,81,74,74,71,78,72,74,69,73,58,58,,,,,,,,,,,,,,,,,,,,,,,,,,,,,,,,,,,,,,,,,,,,,,,,,,,,,,,,,,,,,,,,,,,,,,,,,,,,,,,,,,,,,,,,,,,,,,,,,,,,,,,,,,,,,,,,,,,,,,,,,,,,,,,,,,,,,,,,,,,,,,,,,,,,,,,,,,,,,,,,,,,,,,,,,,,,,,,,,,,,,,,,,,,,,,,,
18,36,42,45,41,49,46,51,48,49,44,45,49,51,51,54,51,44,50,48,51,48,50,50,53,47,54,51,49,56,64,55,61,58,64,61,62,61,67,62,64,72,72,71,72,70,72,80,74,75,80,75,79,83,81,85,83,82,81,70,72,67,58,65,52,,,,,,,,,,,,,,,,,,,,,,,,,,,,,,,,,,,,,,,,,,,,,,,,,,,,,,,,,,,,,,,,,,,,,,,,,,,,,,,,,,,,,,,,,,,,,,,,,,,,,,,,,,,,,,,,,,,,,,,,,,,,,,,,,,,,,,,,,,,,,,,,,,,,,,,,,,,,,,,,,,,,,,,,,,,,,,,,,,,,,,,,,,,,,,,,
19,61,72,72,82,70,77,71,80,76,76,73,66,71,72,77,69,63,66,70,65,71,65,69,64,52,53,50,52,56,57,66,53,57,58,61,54,54,58,54,57,60,58,57,62,58,49,57,63,57,55,57,61,60,61,59,62,66,63,62,65,66,61,55,51,,,,,,,,,,,,,,,,,,,,,,,,,,,,,,,,,,,,,,,,,,,,,,,,,,,,,,,,,,,,,,,,,,,,,,,,,,,,,,,,,,,,,,,,,,,,,,,,,,,,,,,,,,,,,,,,,,,,,,,,,,,,,,,,,,,,,,,,,,,,,,,,,,,,,,,,,,,,,,,,,,,,,,,,,,,,,,,,,,,,,,,,,,,,,,,,
20,52,59,67,62,64,66,73,84,71,71,73,83,82,75,78,83,86,77,76,69,73,75,83,80,79,71,72,74,72,67,67,72,68,67,70,61,58,64,61,64,64,60,59,52,59,50,52,53,57,55,54,42,41,49,48,41,40,46,43,42,39,36,39,36,,,,,,,,,,,,,,,,,,,,,,,,,,,,,,,,,,,,,,,,,,,,,,,,,,,,,,,,,,,,,,,,,,,,,,,,,,,,,,,,,,,,,,,,,,,,,,,,,,,,,,,,,,,,,,,,,,,,,,,,,,,,,,,,,,,,,,,,,,,,,,,,,,,,,,,,,,,,,,,,,,,,,,,,,,,,,,,,,,,,,,,,,,,,,,,,
21,50,53,52,66,66,68,67,67,67,67,75,76,79,82,81,87,68,75,85,81,78,75,77,77,80,77,74,72,72,78,75,81,71,81,79,78,77,79,72,75,80,79,72,71,75,74,75,76,74,74,76,83,74,68,72,73,71,66,62,62,68,57,51,46,,,,,,,,,,,,,,,,,,,,,,,,,,,,,,,,,,,,,,,,,,,,,,,,,,,,,,,,,,,,,,,,,,,,,,,,,,,,,,,,,,,,,,,,,,,,,,,,,,,,,,,,,,,,,,,,,,,,,,,,,,,,,,,,,,,,,,,,,,,,,,,,,,,,,,,,,,,,,,,,,,,,,,,,,,,,,,,,,,,,,,,,,,,,,,,,
22,35,38,38,38,42,42,44,43,43,45,49,44,47,50,52,52,46,58,49,59,58,67,58,55,65,68,65,70,67,77,74,71,69,71,78,81,75,80,75,76,75,83,77,79,76,75,80,72,83,83,80,88,80,72,70,80,78,75,75,73,65,61,59,54,,,,,,,,,,,,,,,,,,,,,,,,,,,,,,,,,,,,,,,,,,,,,,,,,,,,,,,,,,,,,,,,,,,,,,,,,,,,,,,,,,,,,,,,,,,,,,,,,,,,,,,,,,,,,,,,,,,,,,,,,,,,,,,,,,,,,,,,,,,,,,,,,,,,,,,,,,,,,,,,,,,,,,,,,,,,,,,,,,,,,,,,,,,,,,,,
23,43,47,50,47,53,54,51,51,52,49,46,41,40,42,42,44,40,41,44,37,43,42,45,42,41,45,49,40,46,44,44,39,40,44,42,41,48,41,41,44,43,47,47,46,50,56,55,59,54,60,62,58,61,69,72,68,69,68,65,64,57,58,56,56,,,,,,,,,,,,,,,,,,,,,,,,,,,,,,,,,,,,,,,,,,,,,,,,,,,,,,,,,,,,,,,,,,,,,,,,,,,,,,,,,,,,,,,,,,,,,,,,,,,,,,,,,,,,,,,,,,,,,,,,,,,,,,,,,,,,,,,,,,,,,,,,,,,,,,,,,,,,,,,,,,,,,,,,,,,,,,,,,,,,,,,,,,,,,,,,
24,65,62,73,68,73,71,78,76,69,72,80,73,72,80,76,80,75,72,75,72,77,72,75,82,76,85,80,74,74,74,72,79,77,70,76,75,67,75,74,78,71,85,74,65,62,66,74,73,69,69,66,64,78,63,65,62,62,56,54,56,50,55,53,45,,,,,,,,,,,,,,,,,,,,,,,,,,,,,,,,,,,,,,,,,,,,,,,,,,,,,,,,,,,,,,,,,,,,,,,,,,,,,,,,,,,,,,,,,,,,,,,,,,,,,,,,,,,,,,,,,,,,,,,,,,,,,,,,,,,,,,,,,,,,,,,,,,,,,,,,,,,,,,,,,,,,,,,,,,,,,,,,,,,,,,,,,,,,,,,,
25,36,39,38,50,43,46,53,57,52,57,56,58,61,58,66,67,70,67,68,64,67,69,66,72,80,73,79,75,68,74,73,77,71,73,73,71,82,74,77,75,72,72,77,80,73,64,79,74,77,72,73,73,72,70,68,71,78,76,68,69,62,61,58,58,,,,,,,,,,,,,,,,,,,,,,,,,,,,,,,,,,,,,,,,,,,,,,,,,,,,,,,,,,,,,,,,,,,,,,,,,,,,,,,,,,,,,,,,,,,,,,,,,,,,,,,,,,,,,,,,,,,,,,,,,,,,,,,,,,,,,,,,,,,,,,,,,,,,,,,,,,,,,,,,,,,,,,,,,,,,,,,,,,,,,,,,,,,,,,,,
26,38,41,43,43,40,45,45,47,43,48,46,40,49,43,53,44,44,47,50,43,46,46,47,49,47,50,50,51,52,47,49,49,55,58,59,58,66,58,65,64,68,68,69,66,71,73,70,75,71,70,73,82,78,82,75,75,65,76,72,68,65,62,61,55,,,,,,,,,,,,,,,,,,,,,,,,,,,,,,,,,,,,,,,,,,,,,,,,,,,,,,,,,,,,,,,,,,,,,,,,,,,,,,,,,,,,,,,,,,,,,,,,,,,,,,,,,,,,,,,,,,,,,,,,,,,,,,,,,,,,,,,,,,,,,,,,,,,,,,,,,,,,,,,,,,,,,,,,,,,,,,,,,,,,,,,,,,,,,,,,
27,50,56,60,62,60,62,59,73,67,68,59,61,62,57,59,58,59,55,50,56,54,54,52,46,48,44,45,40,39,44,47,46,42,43,48,52,48,44,45,47,44,45,45,46,43,43,44,47,45,45,48,44,49,51,48,49,48,48,46,55,57,46,47,44,,,,,,,,,,,,,,,,,,,,,,,,,,,,,,,,,,,,,,,,,,,,,,,,,,,,,,,,,,,,,,,,,,,,,,,,,,,,,,,,,,,,,,,,,,,,,,,,,,,,,,,,,,,,,,,,,,,,,,,,,,,,,,,,,,,,,,,,,,,,,,,,,,,,,,,,,,,,,,,,,,,,,,,,,,,,,,,,,,,,,,,,,,,,,,,,
28,53,61,63,68,72,68,67,72,76,65,71,70,77,67,81,81,71,79,74,79,71,80,76,72,70,74,79,75,71,72,70,68,63,66,65,64,64,64,63,64,63,58,57,53,51,57,66,54,54,49,44,46,45,43,42,46,47,46,45,46,44,41,37,38,,,,,,,,,,,,,,,,,,,,,,,,,,,,,,,,,,,,,,,,,,,,,,,,,,,,,,,,,,,,,,,,,,,,,,,,,,,,,,,,,,,,,,,,,,,,,,,,,,,,,,,,,,,,,,,,,,,,,,,,,,,,,,,,,,,,,,,,,,,,,,,,,,,,,,,,,,,,,,,,,,,,,,,,,,,,,,,,,,,,,,,,,,,,,,,,
29,45,51,55,62,64,68,61,71,69,74,77,82,72,76,70,76,70,74,77,76,74,75,71,73,80,70,76,77,76,79,78,80,75,73,79,83,82,75,74,76,82,74,70,78,79,78,77,76,80,77,73,75,70,72,75,68,63,67,60,58,61,56,50,44,,,,,,,,,,,,,,,,,,,,,,,,,,,,,,,,,,,,,,,,,,,,,,,,,,,,,,,,,,,,,,,,,,,,,,,,,,,,,,,,,,,,,,,,,,,,,,,,,,,,,,,,,,,,,,,,,,,,,,,,,,,,,,,,,,,,,,,,,,,,,,,,,,,,,,,,,,,,,,,,,,,,,,,,,,,,,,,,,,,,,,,,,,,,,,,,
30,34,38,41,37,42,41,44,44,45,43,45,44,43,49,49,51,47,48,54,52,56,57,61,61,60,63,63,66,71,69,67,65,67,70,68,69,73,83,74,65,75,80,79,76,76,75,76,73,78,80,77,75,79,80,76,78,72,66,68,67,63,65,63,54,,,,,,,,,,,,,,,,,,,,,,,,,,,,,,,,,,,,,,,,,,,,,,,,,,,,,,,,,,,,,,,,,,,,,,,,,,,,,,,,,,,,,,,,,,,,,,,,,,,,,,,,,,,,,,,,,,,,,,,,,,,,,,,,,,,,,,,,,,,,,,,,,,,,,,,,,,,,,,,,,,,,,,,,,,,,,,,,,,,,,,,,,,,,,,,,
31,47,48,46,55,49,51,54,56,47,50,44,45,39,47,43,43,42,42,45,43,43,44,43,42,41,44,43,42,43,46,43,43,45,49,43,43,47,39,45,46,48,47,49,48,51,54,62,64,56,54,59,63,58,63,64,66,64,71,65,59,60,59,57,57,,,,,,,,,,,,,,,,,,,,,,,,,,,,,,,,,,,,,,,,,,,,,,,,,,,,,,,,,,,,,,,,,,,,,,,,,,,,,,,,,,,,,,,,,,,,,,,,,,,,,,,,,,,,,,,,,,,,,,,,,,,,,,,,,,,,,,,,,,,,,,,,,,,,,,,,,,,,,,,,,,,,,,,,,,,,,,,,,,,,,,,,,,,,,,,,
32,63,59,69,71,72,75,78,80,79,79,85,78,75,81,75,66,73,75,84,80,88,75,80,79,81,77,78,71,76,77,75,84,82,79,78,78,86,72,77,73,76,74,75,74,74,73,76,72,67,62,67,66,58,70,70,63,68,60,62,57,51,49,48,46,,,,,,,,,,,,,,,,,,,,,,,,,,,,,,,,,,,,,,,,,,,,,,,,,,,,,,,,,,,,,,,,,,,,,,,,,,,,,,,,,,,,,,,,,,,,,,,,,,,,,,,,,,,,,,,,,,,,,,,,,,,,,,,,,,,,,,,,,,,,,,,,,,,,,,,,,,,,,,,,,,,,,,,,,,,,,,,,,,,,,,,,,,,,,,,,
33,35,38,47,45,49,52,55,56,60,57,62,61,60,69,69,66,69,72,65,75,74,73,66,73,83,83,77,81,79,77,81,75,73,74,75,74,79,82,75,85,71,74,71,82,74,79,71,82,80,77,79,74,76,73,77,75,77,70,71,77,62,65,62,54,,,,,,,,,,,,,,,,,,,,,,,,,,,,,,,,,,,,,,,,,,,,,,,,,,,,,,,,,,,,,,,,,,,,,,,,,,,,,,,,,,,,,,,,,,,,,,,,,,,,,,,,,,,,,,,,,,,,,,,,,,,,,,,,,,,,,,,,,,,,,,,,,,,,,,,,,,,,,,,,,,,,,,,,,,,,,,,,,,,,,,,,,,,,,,,,
34,41,39,43,42,44,46,52,48,49,52,49,47,49,53,49,50,50,50,55,52,47,44,49,53,48,49,50,52,53,59,58,56,61,59,58,65,62,66,72,68,69,71,79,76,72,76,78,76,69,78,80,76,79,80,77,76,78,73,69,72,70,64,61,65,,,,,,,,,,,,,,,,,,,,,,,,,,,,,,,,,,,,,,,,,,,,,,,,,,,,,,,,,,,,,,,,,,,,,,,,,,,,,,,,,,,,,,,,,,,,,,,,,,,,,,,,,,,,,,,,,,,,,,,,,,,,,,,,,,,,,,,,,,,,,,,,,,,,,,,,,,,,,,,,,,,,,,,,,,,,,,,,,,,,,,,,,,,,,,,,
35,59,60,65,63,67,65,68,70,59,69,66,60,63,64,60,63,58,57,58,56,56,53,54,49,51,45,45,55,45,47,49,48,46,52,53,51,45,49,47,46,47,45,50,48,46,51,49,45,44,43,46,50,54,54,50,49,47,53,51,56,52,51,49,45,,,,,,,,,,,,,,,,,,,,,,,,,,,,,,,,,,,,,,,,,,,,,,,,,,,,,,,,,,,,,,,,,,,,,,,,,,,,,,,,,,,,,,,,,,,,,,,,,,,,,,,,,,,,,,,,,,,,,,,,,,,,,,,,,,,,,,,,,,,,,,,,,,,,,,,,,,,,,,,,,,,,,,,,,,,,,,,,,,,,,,,,,,,,,,,,
36,61,68,68,72,71,80,76,82,79,72,73,76,73,76,81,78,73,77,78,81,80,76,81,72,83,71,81,79,79,70,70,70,69,66,73,67,66,64,62,63,68,65,62,55,55,59,54,56,58,51,48,47,46,46,43,47,47,50,48,43,39,36,36,36,,,,,,,,,,,,,,,,,,,,,,,,,,,,,,,,,,,,,,,,,,,,,,,,,,,,,,,,,,,,,,,,,,,,,,,,,,,,,,,,,,,,,,,,,,,,,,,,,,,,,,,,,,,,,,,,,,,,,,,,,,,,,,,,,,,,,,,,,,,,,,,,,,,,,,,,,,,,,,,,,,,,,,,,,,,,,,,,,,,,,,,,,,,,,,,,
37,53,63,58,67,72,65,72,70,69,77,80,75,70,84,89,75,81,74,80,80,87,74,80,80,79,80,79,81,79,84,78,81,79,72,80,82,81,84,80,81,78,79,78,79,78,84,70,79,86,84,76,74,77,73,78,73,69,62,73,63,65,56,52,47,,,,,,,,,,,,,,,,,,,,,,,,,,,,,,,,,,,,,,,,,,,,,,,,,,,,,,,,,,,,,,,,,,,,,,,,,,,,,,,,,,,,,,,,,,,,,,,,,,,,,,,,,,,,,,,,,,,,,,,,,,,,,,,,,,,,,,,,,,,,,,,,,,,,,,,,,,,,,,,,,,,,,,,,,,,,,,,,,,,,,,,,,,,,,,,,
38,32,36,35,40,42,40,39,44,44,45,42,44,43,43,49,49,48,53,49,58,57,57,60,65,60,63,60,70,72,70,72,77,73,75,71,76,79,74,78,80,82,78,78,76,85,75,86,83,74,71,81,77,75,83,74,69,76,78,67,61,68,66,58,55,,,,,,,,,,,,,,,,,,,,,,,,,,,,,,,,,,,,,,,,,,,,,,,,,,,,,,,,,,,,,,,,,,,,,,,,,,,,,,,,,,,,,,,,,,,,,,,,,,,,,,,,,,,,,,,,,,,,,,,,,,,,,,,,,,,,,,,,,,,,,,,,,,,,,,,,,,,,,,,,,,,,,,,,,,,,,,,,,,,,,,,,,,,,,,,,
39,49,51,54,54,50,57,50,59,51,54,46,50,43,52,46,49,46,50,49,42,45,47,49,45,50,47,49,50,48,51,48,46,48,51,48,44,43,45,53,49,52,50,54,60,54,60,61,60,62,56,59,56,70,69,67,65,69,69,67,65,62,65,60,58,,,,,,,,,,,,,,,,,,,,,,,,,,,,,,,,,,,,,,,,,,,,,,,,,,,,,,,,,,,,,,,,,,,,,,,,,,,,,,,,,,,,,,,,,,,,,,,,,,,,,,,,,,,,,,,,,,,,,,,,,,,,,,,,,,,,,,,,,,,,,,,,,,,,,,,,,,,,,,,,,,,,,,,,,,,,,,,,,,,,,,,,,,,,,,,,
40,58,69,67,63,71,77,66,74,68,77,75,76,73,72,68,77,77,80,78,81,73,73,74,77,79,81,72,87,78,80,76,79,69,74,81,82,76,70,74,78,73,73,67,75,73,69,66,70,68,60,68,65,62,65,61,54,61,48,51,57,52,53,49,43,,,,,,,,,,,,,,,,,,,,,,,,,,,,,,,,,,,,,,,,,,,,,,,,,,,,,,,,,,,,,,,,,,,,,,,,,,,,,,,,,,,,,,,,,,,,,,,,,,,,,,,,,,,,,,,,,,,,,,,,,,,,,,,,,,,,,,,,,,,,,,,,,,,,,,,,,,,,,,,,,,,,,,,,,,,,,,,,,,,,,,,,,,,,,,,,
41,36,38,41,43,44,46,57,59,56,57,59,59,64,65,72,65,71,64,73,66,71,73,76,73,70,75,70,72,79,86,72,72,79,72,78,70,77,75,79,76,72,75,78,73,75,77,74,73,76,73,76,67,72,74,80,76,79,68,70,71,65,55,55,51,,,,,,,,,,,,,,,,,,,,,,,,,,,,,,,,,,,,,,,,,,,,,,,,,,,,,,,,,,,,,,,,,,,,,,,,,,,,,,,,,,,,,,,,,,,,,,,,,,,,,,,,,,,,,,,,,,,,,,,,,,,,,,,,,,,,,,,,,,,,,,,,,,,,,,,,,,,,,,,,,,,,,,,,,,,,,,,,,,,,,,,,,,,,,,,,
42,39,39,43,46,45,47,43,52,56,44,48,45,46,51,49,55,48,48,48,52,51,47,51,47,50,61,50,50,54,63,47,56,56,61,70,62,68,68,67,69,63,73,63,72,68,71,68,75,72,71,78,76,72,79,65,77,73,71,75,65,62,64,61,62,,,,,,,,,,,,,,,,,,,,,,,,,,,,,,,,,,,,,,,,,,,,,,,,,,,,,,,,,,,,,,,,,,,,,,,,,,,,,,,,,,,,,,,,,,,,,,,,,,,,,,,,,,,,,,,,,,,,,,,,,,,,,,,,,,,,,,,,,,,,,,,,,,,,,,,,,,,,,,,,,,,,,,,,,,,,,,,,,,,,,,,,,,,,,,,,
43,55,64,66,66,61,63,68,70,64,61,58,64,66,62,61,66,60,56,52,60,59,62,54,56,50,54,55,51,44,46,46,48,46,47,52,53,50,51,45,47,48,51,44,43,46,51,51,47,50,47,52,48,50,52,50,55,52,51,52,55,54,53,50,45,,,,,,,,,,,,,,,,,,,,,,,,,,,,,,,,,,,,,,,,,,,,,,,,,,,,,,,,,,,,,,,,,,,,,,,,,,,,,,,,,,,,,,,,,,,,,,,,,,,,,,,,,,,,,,,,,,,,,,,,,,,,,,,,,,,,,,,,,,,,,,,,,,,,,,,,,,,,,,,,,,,,,,,,,,,,,,,,,,,,,,,,,,,,,,,,
44,51,60,65,69,67,64,70,74,78,78,83,70,73,76,85,97,81,77,73,75,75,81,73,80,75,72,83,76,70,76,70,70,81,71,69,59,60,64,58,64,65,65,57,53,55,55,48,56,54,50,43,41,42,45,40,43,42,44,37,42,39,35,36,30,,,,,,,,,,,,,,,,,,,,,,,,,,,,,,,,,,,,,,,,,,,,,,,,,,,,,,,,,,,,,,,,,,,,,,,,,,,,,,,,,,,,,,,,,,,,,,,,,,,,,,,,,,,,,,,,,,,,,,,,,,,,,,,,,,,,,,,,,,,,,,,,,,,,,,,,,,,,,,,,,,,,,,,,,,,,,,,,,,,,,,,,,,,,,,,,
45,50,54,59,60,66,66,72,71,68,72,72,78,76,77,82,70,70,77,84,81,74,76,74,75,79,72,77,79,79,72,69,72,75,83,78,84,71,75,75,77,69,71,73,70,80,77,71,74,72,80,76,76,72,76,71,72,69,68,60,55,60,62,47,43,,,,,,,,,,,,,,,,,,,,,,,,,,,,,,,,,,,,,,,,,,,,,,,,,,,,,,,,,,,,,,,,,,,,,,,,,,,,,,,,,,,,,,,,,,,,,,,,,,,,,,,,,,,,,,,,,,,,,,,,,,,,,,,,,,,,,,,,,,,,,,,,,,,,,,,,,,,,,,,,,,,,,,,,,,,,,,,,,,,,,,,,,,,,,,,,
46,42,42,45,44,50,56,53,48,47,49,45,52,54,52,53,52,55,54,59,62,61,63,58,62,63,62,68,68,67,68,79,66,74,73,70,73,73,78,80,78,79,77,73,73,86,67,75,80,77,79,77,80,83,80,70,79,82,82,69,70,68,56,59,60,,,,,,,,,,,,,,,,,,,,,,,,,,,,,,,,,,,,,,,,,,,,,,,,,,,,,,,,,,,,,,,,,,,,,,,,,,,,,,,,,,,,,,,,,,,,,,,,,,,,,,,,,,,,,,,,,,,,,,,,,,,,,,,,,,,,,,,,,,,,,,,,,,,,,,,,,,,,,,,,,,,,,,,,,,,,,,,,,,,,,,,,,,,,,,,,
47,55,57,57,62,54,54,54,66,55,51,53,51,51,43,48,49,47,54,48,50,48,42,49,56,53,48,51,42,49,49,50,47,46,52,54,55,55,52,52,48,58,57,55,59,57,62,68,65,67,61,61,65,68,75,74,75,73,65,77,69,66,65,66,62,,,,,,,,,,,,,,,,,,,,,,,,,,,,,,,,,,,,,,,,,,,,,,,,,,,,,,,,,,,,,,,,,,,,,,,,,,,,,,,,,,,,,,,,,,,,,,,,,,,,,,,,,,,,,,,,,,,,,,,,,,,,,,,,,,,,,,,,,,,,,,,,,,,,,,,,,,,,,,,,,,,,,,,,,,,,,,,,,,,,,,,,,,,,,,,,
48,64,73,69,68,76,75,80,68,77,76,85,74,81,71,75,73,75,77,83,79,80,78,78,83,80,72,81,78,82,87,81,76,80,91,92,84,77,71,79,82,79,75,70,68,73,78,74,86,73,74,78,67,64,68,65,64,69,56,58,56,56,55,50,40,,,,,,,,,,,,,,,,,,,,,,,,,,,,,,,,,,,,,,,,,,,,,,,,,,,,,,,,,,,,,,,,,,,,,,,,,,,,,,,,,,,,,,,,,,,,,,,,,,,,,,,,,,,,,,,,,,,,,,,,,,,,,,,,,,,,,,,,,,,,,,,,,,,,,,,,,,,,,,,,,,,,,,,,,,,,,,,,,,,,,,,,,,,,,,,,
49,39,41,45,48,50,49,58,61,65,62,56,58,63,60,63,64,67,66,76,74,73,68,69,76,76,82,80,81,81,73,84,82,78,80,82,73,86,77,80,79,80,75,76,77,74,79,77,77,79,76,84,66,71,79,69,74,70,73,71,67,63,66,64,60,,,,,,,,,,,,,,,,,,,,,,,,,,,,,,,,,,,,,,,,,,,,,,,,,,,,,,,,,,,,,,,,,,,,,,,,,,,,,,,,,,,,,,,,,,,,,,,,,,,,,,,,,,,,,,,,,,,,,,,,,,,,,,,,,,,,,,,,,,,,,,,,,,,,,,,,,,,,,,,,,,,,,,,,,,,,,,,,,,,,,,,,,,,,,,,,
50,34,39,34,41,43,41,48,52,45,40,44,44,42,46,45,46,46,41,46,44,46,46,47,45,45,49,49,46,53,49,51,56,56,56,58,60,59,59,58,71,69,69,71,72,75,70,75,70,69,75,71,74,76,76,72,75,71,72,75,65,66,63,58,50,,,,,,,,,,,,,,,,,,,,,,,,,,,,,,,,,,,,,,,,,,,,,,,,,,,,,,,,,,,,,,,,,,,,,,,,,,,,,,,,,,,,,,,,,,,,,,,,,,,,,,,,,,,,,,,,,,,,,,,,,,,,,,,,,,,,,,,,,,,,,,,,,,,,,,,,,,,,,,,,,,,,,,,,,,,,,,,,,,,,,,,,,,,,,,,,
51,60,59,68,67,60,69,63,64,66,59,60,64,65,59,63,64,60,56,62,56,55,56,56,49,45,44,48,41,48,47,49,42,47,45,44,47,46,48,50,46,50,47,49,47,46,49,48,52,47,46,49,48,47,46,50,53,56,52,47,54,55,56,52,47,,,,,,,,,,,,,,,,,,,,,,,,,,,,,,,,,,,,,,,,,,,,,,,,,,,,,,,,,,,,,,,,,,,,,,,,,,,,,,,,,,,,,,,,,,,,,,,,,,,,,,,,,,,,,,,,,,,,,,,,,,,,,,,,,,,,,,,,,,,,,,,,,,,,,,,,,,,,,,,,,,,,,,,,,,,,,,,,,,,,,,,,,,,,,,,,
52,51,55,72,59,64,69,80,71,66,72,75,76,75,79,72,72,82,75,68,69,79,70,71,75,70,74,78,70,73,72,69,72,68,65,66,59,65,59,53,57,58,58,55,52,52,52,49,56,48,44,45,42,40,43,41,45,40,40,41,40,40,35,35,29,,,,,,,,,,,,,,,,,,,,,,,,,,,,,,,,,,,,,,,,,,,,,,,,,,,,,,,,,,,,,,,,,,,,,,,,,,,,,,,,,,,,,,,,,,,,,,,,,,,,,,,,,,,,,,,,,,,,,,,,,,,,,,,,,,,,,,,,,,,,,,,,,,,,,,,,,,,,,,,,,,,,,,,,,,,,,,,,,,,,,,,,,,,,,,,,
53,53,56,64,64,75,68,65,67,71,73,74,77,80,75,77,76,73,66,81,76,76,76,80,74,73,69,81,72,76,77,73,75,78,76,68,79,82,71,76,79,77,78,78,72,80,78,71,72,78,79,77,74,72,77,67,75,70,65,71,67,62,58,59,50,,,,,,,,,,,,,,,,,,,,,,,,,,,,,,,,,,,,,,,,,,,,,,,,,,,,,,,,,,,,,,,,,,,,,,,,,,,,,,,,,,,,,,,,,,,,,,,,,,,,,,,,,,,,,,,,,,,,,,,,,,,,,,,,,,,,,,,,,,,,,,,,,,,,,,,,,,,,,,,,,,,,,,,,,,,,,,,,,,,,,,,,,,,,,,,,
54,39,38,42,45,44,46,45,43,46,48,50,50,51,51,46,50,45,51,61,58,61,57,61,56,60,58,60,63,58,75,70,78,68,69,73,65,69,74,69,71,80,73,68,73,68,69,68,74,77,72,71,75,68,68,67,61,70,64,65,63,69,56,58,53,,,,,,,,,,,,,,,,,,,,,,,,,,,,,,,,,,,,,,,,,,,,,,,,,,,,,,,,,,,,,,,,,,,,,,,,,,,,,,,,,,,,,,,,,,,,,,,,,,,,,,,,,,,,,,,,,,,,,,,,,,,,,,,,,,,,,,,,,,,,,,,,,,,,,,,,,,,,,,,,,,,,,,,,,,,,,,,,,,,,,,,,,,,,,,,,
55,56,57,48,55,60,58,57,57,54,57,55,47,48,51,47,52,56,52,50,48,44,46,50,49,49,54,52,46,51,54,50,48,51,51,55,49,52,56,56,48,50,54,51,53,53,57,63,58,57,61,70,64,67,66,69,69,67,74,79,70,59,61,58,66,,,,,,,,,,,,,,,,,,,,,,,,,,,,,,,,,,,,,,,,,,,,,,,,,,,,,,,,,,,,,,,,,,,,,,,,,,,,,,,,,,,,,,,,,,,,,,,,,,,,,,,,,,,,,,,,,,,,,,,,,,,,,,,,,,,,,,,,,,,,,,,,,,,,,,,,,,,,,,,,,,,,,,,,,,,,,,,,,,,,,,,,,,,,,,,,
56,48,60,59,59,67,67,68,62,67,66,69,72,66,70,69,71,69,75,69,73,72,68,76,70,74,73,70,72,69,70,67,70,67,76,70,70,70,75,68,67,73,73,63,62,63,61,62,66,60,61,62,53,57,56,54,53,49,49,49,49,42,43,39,34,,,,,,,,,,,,,,,,,,,,,,,,,,,,,,,,,,,,,,,,,,,,,,,,,,,,,,,,,,,,,,,,,,,,,,,,,,,,,,,,,,,,,,,,,,,,,,,,,,,,,,,,,,,,,,,,,,,,,,,,,,,,,,,,,,,,,,,,,,,,,,,,,,,,,,,,,,,,,,,,,,,,,,,,,,,,,,,,,,,,,,,,,,,,,,,,
57,36,41,42,49,46,51,57,54,58,61,61,63,63,63,66,66,65,68,67,70,69,69,69,73,75,79,71,75,73,74,74,73,74,71,70,73,71,73,72,76,73,75,70,72,72,73,68,76,72,80,77,75,74,79,73,69,77,72,65,69,65,61,57,53,,,,,,,,,,,,,,,,,,,,,,,,,,,,,,,,,,,,,,,,,,,,,,,,,,,,,,,,,,,,,,,,,,,,,,,,,,,,,,,,,,,,,,,,,,,,,,,,,,,,,,,,,,,,,,,,,,,,,,,,,,,,,,,,,,,,,,,,,,,,,,,,,,,,,,,,,,,,,,,,,,,,,,,,,,,,,,,,,,,,,,,,,,,,,,,,
58,35,39,35,42,34,42,42,44,44,41,39,41,43,43,38,42,41,40,44,39,43,40,39,42,42,39,44,49,47,44,49,45,53,53,55,54,56,57,56,59,60,61,59,60,70,62,64,63,62,65,70,67,72,76,71,66,65,70,67,60,65,54,55,49,,,,,,,,,,,,,,,,,,,,,,,,,,,,,,,,,,,,,,,,,,,,,,,,,,,,,,,,,,,,,,,,,,,,,,,,,,,,,,,,,,,,,,,,,,,,,,,,,,,,,,,,,,,,,,,,,,,,,,,,,,,,,,,,,,,,,,,,,,,,,,,,,,,,,,,,,,,,,,,,,,,,,,,,,,,,,,,,,,,,,,,,,,,,,,,,
59,50,52,59,58,60,59,61,64,62,56,55,62,60,53,56,55,52,48,49,49,49,51,50,44,45,41,40,39,41,41,35,38,41,42,43,45,38,44,39,40,44,38,43,38,43,41,39,42,45,39,44,44,45,50,41,42,45,50,48,48,48,47,44,39,,,,,,,,,,,,,,,,,,,,,,,,,,,,,,,,,,,,,,,,,,,,,,,,,,,,,,,,,,,,,,,,,,,,,,,,,,,,,,,,,,,,,,,,,,,,,,,,,,,,,,,,,,,,,,,,,,,,,,,,,,,,,,,,,,,,,,,,,,,,,,,,,,,,,,,,,,,,,,,,,,,,,,,,,,,,,,,,,,,,,,,,,,,,,,,,
60,52,53,59,62,60,63,65,68,65,68,65,68,68,68,69,65,76,69,66,69,70,70,67,63,63,70,68,70,61,68,67,63,63,62,67,55,58,56,56,57,55,54,53,48,53,55,52,52,52,52,41,39,39,39,38,40,44,41,38,36,38,34,32,29,,,,,,,,,,,,,,,,,,,,,,,,,,,,,,,,,,,,,,,,,,,,,,,,,,,,,,,,,,,,,,,,,,,,,,,,,,,,,,,,,,,,,,,,,,,,,,,,,,,,,,,,,,,,,,,,,,,,,,,,,,,,,,,,,,,,,,,,,,,,,,,,,,,,,,,,,,,,,,,,,,,,,,,,,,,,,,,,,,,,,,,,,,,,,,,,
61,42,44,46,49,57,53,49,59,55,55,55,55,62,61,61,60,60,58,64,61,53,62,62,64,67,60,62,59,53,63,60,61,59,59,59,66,60,59,55,63,65,59,55,63,60,53,62,61,59,56,54,55,61,56,64,57,57,54,48,49,51,43,39,35,,,,,,,,,,,,,,,,,,,,,,,,,,,,,,,,,,,,,,,,,,,,,,,,,,,,,,,,,,,,,,,,,,,,,,,,,,,,,,,,,,,,,,,,,,,,,,,,,,,,,,,,,,,,,,,,,,,,,,,,,,,,,,,,,,,,,,,,,,,,,,,,,,,,,,,,,,,,,,,,,,,,,,,,,,,,,,,,,,,,,,,,,,,,,,,,
62,35,35,34,35,38,36,41,38,37,38,41,42,45,44,38,41,43,44,44,51,48,54,44,49,47,49,53,54,68,58,57,53,57,53,55,61,55,62,59,57,57,57,61,53,63,61,64,54,59,62,60,58,59,58,58,57,57,57,58,58,55,54,54,48,,,,,,,,,,,,,,,,,,,,,,,,,,,,,,,,,,,,,,,,,,,,,,,,,,,,,,,,,,,,,,,,,,,,,,,,,,,,,,,,,,,,,,,,,,,,,,,,,,,,,,,,,,,,,,,,,,,,,,,,,,,,,,,,,,,,,,,,,,,,,,,,,,,,,,,,,,,,,,,,,,,,,,,,,,,,,,,,,,,,,,,,,,,,,,,,
63,45,46,47,47,51,50,49,43,41,45,42,41,38,40,37,37,40,40,39,42,42,41,38,40,38,41,44,37,38,39,38,38,39,42,40,38,38,43,42,41,43,47,45,51,51,52,53,56,53,53,54,52,47,58,55,53,53,56,54,58,57,54,52,50,,,,,,,,,,,,,,,,,,,,,,,,,,,,,,,,,,,,,,,,,,,,,,,,,,,,,,,,,,,,,,,,,,,,,,,,,,,,,,,,,,,,,,,,,,,,,,,,,,,,,,,,,,,,,,,,,,,,,,,,,,,,,,,,,,,,,,,,,,,,,,,,,,,,,,,,,,,,,,,,,,,,,,,,,,,,,,,,,,,,,,,,,,,,,,,,
,,,,,,,,,,,,,,,,,,,,,,,,,,,,,,,,,,,,,,,,,,,,,,,,,,,,,,,,,,,,,,,,,,,,,,,,,,,,,,,,,,,,,,,,,,,,,,,,,,,,,,,,,,,,,,,,,,,,,,,,,,,,,,,,,,,,,,,,,,,,,,,,,,,,,,,,,,,,,,,,,,,,,,,,,,,,,,,,,,,,,,,,,,,,,,,,,,,,,,,,,,,,,,,,,,,,,,,,,,,,,,,,,,,,,,,,,,,,,,,,,,,,,,,,,,,,,,,,
value,0,1,2,3,4,5,6,7,8,9,10,11,12,13,14,15,16,17,18,19,20,21,22,23,24,25,26,27,28,29,30,31,32,33,34,35,36,37,38,39,40,41,42,43,44,45,46,47,48,49,50,51,52,53,54,55,56,57,58,59,60,61,62,63,64,65,66,67,68,69,70,71,72,73,74,75,76,77,78,79,80,81,82,83,84,85,86,87,88,89,90,91,92,93,94,95,96,97,98,99,100,101,102,103,104,105,106,107,108,109,110,111,112,113,114,115,116,117,118,119,120,121,122,123,124,125,126,127,128,129,130,131,132,133,134,135,136,137,138,139,140,141,142,143,144,145,146,147,148,149,150,151,152,153,154,155,156,157,158,159,160,161,162,163,164,165,166,167,168,169,170,171,172,173,174,175,176,177,178,179,180,181,182,183,184,185,186,187,188,189,190,191,192,193,194,195,196,197,198,199,200,201,202,203,204,205,206,207,208,209,210,211,212,213,214,215,216,217,218,219,220,221,222,223,224,225,226,227,228,229,230,231,232,233,234,235,236,237,238,239,240,241,242,243,244,245,246,247,248,249,250,251,252,253,254,255
count,0,0,0,0,0,0,0,0,0,0,0,0,0,0,0,0,0,0,0,0,0,0,0,0,0,0,0,0,0,2,1,1,3,6,13,16,27,22,46,53,49,63,78,80,98,83,96,95,87,98,95,80,82,88,91,90,87,88,101,84,79,85,84,82,76,95,87,89,102,93,110,94,127,117,104,125,104,91,87,92,80,52,45,27,18,15,16,6,3,1,1,3,2,0,0,0,0,1,0,0,0,0,0,0,0,0,0,0,0,0,0,0,0,0,0,0,0,0,0,0,0,0,0,0,0,0,0,0,0,0,0,0,0,0,0,0,0,0,0,0,0,0,0,0,0,0,0,0,0,0,0,0,0,0,0,0,0,0,0,0,0,0,0,0,0,0,0,0,0,0,0,0,0,0,0,0,0,0,0,0,0,0,0,0,0,0,0,0,0,0,0,0,0,0,0,0,0,0,0,0,0,0,0,0,0,0,0,0,0,0,0,0,0,0,0,0,0,0,0,0,0,0,0,0,0,0,0,0,0,0,0,0,0,0,0,0,0,0,0,0,0,0,0,0,0,0,0,0,0,0,0,0,0,0,0,0
,,,,,,,,,,,,,,,,,,,,,,,,,,,,,,,,,,,,,,,,,,,,,,,,,,,,,,,,,,,,,,,,,,,,,,,,,,,,,,,,,,,,,,,,,,,,,,,,,,,,,,,,,,,,,,,,,,,,,,,,,,,,,,,,,,,,,,,,,,,,,,,,,,,,,,,,,,,,,,,,,,,,,,,,,,,,,,,,,,,,,,,,,,,,,,,,,,,,,,,,,,,,,,,,,,,,,,,,,,,,,,,,,,,,,,,,,,,,,,,,,,,,,,,,,,,,,,,,
14,,,,,,,,,,,,,,,,,,,,,,,,,,,,,,,,,,,,,,,,,,,,,,,,,,,,,,,,,,,,,,,,,,,,,,,,,,,,,,,,,,,,,,,,,,,,,,,,,,,,,,,,,,,,,,,,,,,,,,,,,,,,,,,,,,,,,,,,,,,,,,,,,,,,,,,,,,,,,,,,,,,,,,,,,,,,,,,,,,,,,,,,,,,,,,,,,,,,,,,,,,,,,,,,,,,,,,,,,,,,,,,,,,,,,,,,,,,,,,,,,,,,,,,,,,,,,,,,
,0,1,2,3,4,5,6,7,8,9,10,11,12,13,14,15,16,17,18,19,20,21,22,23,24,25,26,27,28,29,30,31,32,33,34,35,36,37,38,39,40,41,42,43,44,45,46,47,48,49,50,51,52,53,54,55,56,57,58,59,60,61,62,63,60.92822266,,,,,,,,,,,,,,,,,,,,,,,,,,,,,,,,,,,,,,,,,,,,,,,,,,,,,,,,,,,,,,,,,,,,,,,,,,,,,,,,,,,,,,,,,,,,,,,,,,,,,,,,,,,,,,,,,,,,,,,,,,,,,,,,,,,,,,,,,,,,,,,,,,,,,,,,,,,,,,,,,,,,,,,,,,,,,,,,,,,,,,,,,,,,,,,
0,48,47,61,55,57,55,53,55,51,54,52,56,56,56,60,59,58,66,63,55,55,56,57,53,61,57,61,61,56,51,61,60,57,55,53,57,57,55,56,55,58,55,52,53,55,54,54,50,53,47,47,50,45,44,47,45,42,45,42,45,40,39,36,30,,,,,,,,,,,,,,,,,,,,,,,,,,,,,,,,,,,,,,,,,,,,,,,,,,,,,,,,,,,,,,,,,,,,,,,,,,,,,,,,,,,,,,,,,,,,,,,,,,,,,,,,,,,,,,,,,,,,,,,,,,,,,,,,,,,,,,,,,,,,,,,,,,,,,,,,,,,,,,,,,,,,,,,,,,,,,,,,,,,,,,,,,,,,,,,,
1,34,34,41,37,43,47,47,44,46,47,53,46,56,60,48,55,58,52,55,53,56,50,56,58,59,57,57,58,64,59,57,61,57,68,66,59,57,55,60,59,54,55,58,61,59,59,65,58,57,60,58,65,63,58,57,62,54,62,59,55,58,55,49,45,,,,,,,,,,,,,,,,,,,,,,,,,,,,,,,,,,,,,,,,,,,,,,,,,,,,,,,,,,,,,,,,,,,,,,,,,,,,,,,,,,,,,,,,,,,,,,,,,,,,,,,,,,,,,,,,,,,,,,,,,,,,,,,,,,,,,,,,,,,,,,,,,,,,,,,,,,,,,,,,,,,,,,,,,,,,,,,,,,,,,,,,,,,,,,,,
2,34,32,37,39,37,39,34,37,41,37,37,41,40,34,37,39,38,38,40,36,41,38,38,37,39,37,43,45,43,48,45,48,50,48,48,50,48,49,53,48,53,57,62,58,57,62,55,64,60,61,63,61,58,64,62,57,62,56,57,54,52,50,47,44,,,,,,,,,,,,,,,,,,,,,,,,,,,,,,,,,,,,,,,,,,,,,,,,,,,,,,,,,,,,,,,,,,,,,,,,,,,,,,,,,,,,,,,,,,,,,,,,,,,,,,,,,,,,,,,,,,,,,,,,,,,,,,,,,,,,,,,,,,,,,,,,,,,,,,,,,,,,,,,,,,,,,,,,,,,,,,,,,,,,,,,,,,,,,,,,
3,45,54,47,50,53,51,55,57,62,53,50,56,49,51,49,53,46,49,49,44,48,47,44,42,35,36,43,36,36,40,38,39,37,39,39,37,40,40,39,38,37,40,44,40,41,38,40,40,42,38,41,41,41,45,38,41,49,41,45,48,45,45,46,41,,,,,,,,,,,,,,,,,,,,,,,,,,,,,,,,,,,,,,,,,,,,,,,,,,,,,,,,,,,,,,,,,,,,,,,,,,,,,,,,,,,,,,,,,,,,,,,,,,,,,,,,,,,,,,,,,,,,,,,,,,,,,,,,,,,,,,,,,,,,,,,,,,,,,,,,,,,,,,,,,,,,,,,,,,,,,,,,,,,,,,,,,,,,,,,,
4,59,53,62,64,63,66,72,75,65,61,69,74,62,65,70,69,64,68,68,66,69,66,67,65,67,66,67,62,63,59,64,58,65,64,62,59,64,61,56,60,54,53,44,54,60,53,51,57,44,40,36,50,48,43,45,38,39,46,43,43,39,42,35,31,,,,,,,,,,,,,,,,,,,,,,,,,,,,,,,,,,,,,,,,,,,,,,,,,,,,,,,,,,,,,,,,,,,,,,,,,,,,,,,,,,,,,,,,,,,,,,,,,,,,,,,,,,,,,,,,,,,,,,,,,,,,,,,,,,,,,,,,,,,,,,,,,,,,,,,,,,,,,,,,,,,,,,,,,,,,,,,,,,,,,,,,,,,,,,,,
5,43,48,53,56,54,58,58,60,72,64,69,73,64,73,70,67,72,69,69,70,67,71,73,63,69,65,79,60,70,65,64,69,68,75,71,63,66,70,71,70,68,69,64,68,64,69,68,60,68,71,69,71,72,67,64,65,58,62,57,55,55,45,41,38,,,,,,,,,,,,,,,,,,,,,,,,,,,,,,,,,,,,,,,,,,,,,,,,,,,,,,,,,,,,,,,,,,,,,,,,,,,,,,,,,,,,,,,,,,,,,,,,,,,,,,,,,,,,,,,,,,,,,,,,,,,,,,,,,,,,,,,,,,,,,,,,,,,,,,,,,,,,,,,,,,,,,,,,,,,,,,,,,,,,,,,,,,,,,,,,
6,33,36,41,43,36,39,44,47,40,40,46,44,44,45,45,47,51,53,57,53,55,52,51,56,55,63,57,66,61,63,61,63,64,68,61,68,69,64,65,77,76,68,68,69,72,71,71,70,63,69,72,73,80,65,71,69,66,68,69,62,62,52,51,50,,,,,,,,,,,,,,,,,,,,,,,,,,,,,,,,,,,,,,,,,,,,,,,,,,,,,,,,,,,,,,,,,,,,,,,,,,,,,,,,,,,,,,,,,,,,,,,,,,,,,,,,,,,,,,,,,,,,,,,,,,,,,,,,,,,,,,,,,,,,,,,,,,,,,,,,,,,,,,,,,,,,,,,,,,,,,,,,,,,,,,,,,,,,,,,,
7,44,44,41,44,40,46,46,50,48,41,41,40,40,42,38,40,38,38,36,40,36,41,40,40,38,37,40,42,39,38,39,40,43,43,35,42,46,42,50,44,40,53,46,47,54,55,55,52,52,59,64,60,60,63,56,65,63,63,65,57,59,55,51,54,,,,,,,,,,,,,,,,,,,,,,,,,,,,,,,,,,,,,,,,,,,,,,,,,,,,,,,,,,,,,,,,,,,,,,,,,,,,,,,,,,,,,,,,,,,,,,,,,,,,,,,,,,,,,,,,,,,,,,,,,,,,,,,,,,,,,,,,,,,,,,,,,,,,,,,,,,,,,,,,,,,,,,,,,,,,,,,,,,,,,,,,,,,,,,,,
8,59,60,63,74,77,74,76,77,77,79,80,77,72,74,79,75,75,72,72,78,72,74,74,83,72,82,75,80,82,77,79,80,74,82,77,77,79,76,74,79,68,70,75,64,76,71,76,72,65,63,66,64,64,60,61,57,51,55,56,49,51,46,40,36,,,,,,,,,,,,,,,,,,,,,,,,,,,,,,,,,,,,,,,,,,,,,,,,,,,,,,,,,,,,,,,,,,,,,,,,,,,,,,,,,,,,,,,,,,,,,,,,,,,,,,,,,,,,,,,,,,,,,,,,,,,,,,,,,,,,,,,,,,,,,,,,,,,,,,,,,,,,,,,,,,,,,,,,,,,,,,,,,,,,,,,,,,,,,,,,
9,35,38,43,52,49,53,59,54,60,60,60,58,57,66,69,69,71,76,75,71,73,80,80,71,77,75,81,71,72,81,73,85,77,70,75,79,83,84,76,76,79,77,73,82,80,78,70,75,78,70,74,78,78,76,76,71,72,68,64,71,63,62,55,53,,,,,,,,,,,,,,,,,,,,,,,,,,,,,,,,,,,,,,,,,,,,,,,,,,,,,,,,,,,,,,,,,,,,,,,,,,,,,,,,,,,,,,,,,,,,,,,,,,,,,,,,,,,,,,,,,,,,,,,,,,,,,,,,,,,,,,,,,,,,,,,,,,,,,,,,,,,,,,,,,,,,,,,,,,,,,,,,,,,,,,,,,,,,,,,,
10,34,37,40,37,47,45,45,41,43,43,44,46,44,43,44,43,43,43,46,45,43,45,46,43,50,42,50,47,48,56,52,53,60,58,61,62,66,64,63,71,71,64,73,75,70,72,70,78,76,78,81,75,79,68,80,72,78,77,74,67,69,65,63,57,,,,,,,,,,,,,,,,,,,,,,,,,,,,,,,,,,,,,,,,,,,,,,,,,,,,,,,,,,,,,,,,,,,,,,,,,,,,,,,,,,,,,,,,,,,,,,,,,,,,,,,,,,,,,,,,,,,,,,,,,,,,,,,,,,,,,,,,,,,,,,,,,,,,,,,,,,,,,,,,,,,,,,,,,,,,,,,,,,,,,,,,,,,,,,,,
11,56,63,53,58,67,72,63,69,70,56,65,59,63,67,62,53,52,54,58,59,58,62,60,47,49,51,52,50,44,52,48,50,52,49,49,46,49,46,45,49,51,47,46,53,56,46,53,47,50,52,47,52,52,52,47,52,53,48,63,61,53,50,48,43,,,,,,,,,,,,,,,,,,,,,,,,,,,,,,,,,,,,,,,,,,,,,,,,,,,,,,,,,,,,,,,,,,,,,,,,,,,,,,,,,,,,,,,,,,,,,,,,,,,,,,,,,,,,,,,,,,,,,,,,,,,,,,,,,,,,,,,,,,,,,,,,,,,,,,,,,,,,,,,,,,,,,,,,,,,,,,,,,,,,,,,,,,,,,,,,
12,56,67,76,80,82,76,82,87,86,76,79,84,82,83,88,84,75,86,85,80,77,84,74,78,92,89,82,80,77,78,80,78,75,70,78,74,69,76,74,70,64,75,65,64,64,65,64,64,60,61,52,52,46,52,53,53,46,57,51,47,47,44,43,39,,,,,,,,,,,,,,,,,,,,,,,,,,,,,,,,,,,,,,,,,,,,,,,,,,,,,,,,,,,,,,,,,,,,,,,,,,,,,,,,,,,,,,,,,,,,,,,,,,,,,,,,,,,,,,,,,,,,,,,,,,,,,,,,,,,,,,,,,,,,,,,,,,,,,,,,,,,,,,,,,,,,,,,,,,,,,,,,,,,,,,,,,,,,,,,,
13,52,59,57,61,67,61,66,65,66,74,74,76,72,74,76,72,74,77,74,76,72,76,76,78,75,76,82,75,72,77,74,70,84,73,75,69,70,73,74,79,77,79,72,73,75,77,75,74,75,78,66,74,81,75,75,73,67,69,72,62,58,55,46,49,,,,,,,,,,,,,,,,,,,,,,,,,,,,,,,,,,,,,,,,,,,,,,,,,,,,,,,,,,,,,,,,,,,,,,,,,,,,,,,,,,,,,,,,,,,,,,,,,,,,,,,,,,,,,,,,,,,,,,,,,,,,,,,,,,,,,,,,,,,,,,,,,,,,,,,,,,,,,,,,,,,,,,,,,,,,,,,,,,,,,,,,,,,,,,,,
14,34,36,41,47,41,39,53,42,44,42,45,43,46,48,47,52,56,47,58,61,59,60,60,54,59,68,64,71,71,66,68,64,74,68,70,72,76,77,78,73,69,80,71,89,68,79,73,75,74,76,78,76,81,73,66,71,71,67,68,64,61,56,59,46,,,,,,,,,,,,,,,,,,,,,,,,,,,,,,,,,,,,,,,,,,,,,,,,,,,,,,,,,,,,,,,,,,,,,,,,,,,,,,,,,,,,,,,,,,,,,,,,,,,,,,,,,,,,,,,,,,,,,,,,,,,,,,,,,,,,,,,,,,,,,,,,,,,,,,,,,,,,,,,,,,,,,,,,,,,,,,,,,,,,,,,,,,,,,,,,
15,43,47,44,47,52,51,54,54,58,46,43,43,44,47,42,48,47,41,46,49,43,47,46,44,48,42,43,47,47,46,46,41,40,51,42,45,49,47,48,44,48,50,55,62,56,64,61,52,56,62,59,60,68,71,67,68,65,73,68,68,56,61,60,53,,,,,,,,,,,,,,,,,,,,,,,,,,,,,,,,,,,,,,,,,,,,,,,,,,,,,,,,,,,,,,,,,,,,,,,,,,,,,,,,,,,,,,,,,,,,,,,,,,,,,,,,,,,,,,,,,,,,,,,,,,,,,,,,,,,,,,,,,,,,,,,,,,,,,,,,,,,,,,,,,,,,,,,,,,,,,,,,,,,,,,,,,,,,,,,,
16,59,57,60,67,69,77,65,71,74,77,78,76,83,82,72,79,73,79,73,82,81,75,83,79,68,73,79,75,74,75,77,81,78,81,71,75,78,86,74,77,78,67,67,75,69,68,69,72,67,68,61,62,60,59,59,57,53,50,49,49,46,48,38,35,,,,,,,,,,,,,,,,,,,,,,,,,,,,,,,,,,,,,,,,,,,,,,,,,,,,,,,,,,,,,,,,,,,,,,,,,,,,,,,,,,,,,,,,,,,,,,,,,,,,,,,,,,,,,,,,,,,,,,,,,,,,,,,,,,,,,,,,,,,,,,,,,,,,,,,,,,,,,,,,,,,,,,,,,,,,,,,,,,,,,,,,,,,,,,,,
17,39,48,47,57,48,54,58,68,62,69,60,67,73,68,76,74,71,79,79,71,84,81,76,76,82,82,84,86,83,81,93,87,82,81,79,84,87,78,75,72,74,84,85,79,81,82,77,73,79,78,87,77,84,82,69,75,69,82,78,79,71,73,56,59,,,,,,,,,,,,,,,,,,,,,,,,,,,,,,,,,,,,,,,,,,,,,,,,,,,,,,,,,,,,,,,,,,,,,,,,,,,,,,,,,,,,,,,,,,,,,,,,,,,,,,,,,,,,,,,,,,,,,,,,,,,,,,,,,,,,,,,,,,,,,,,,,,,,,,,,,,,,,,,,,,,,,,,,,,,,,,,,,,,,,,,,,,,,,,,,
18,39,41,44,41,46,46,49,45,50,45,47,47,52,53,51,50,40,51,51,48,47,46,51,54,52,51,52,53,60,62,54,60,63,65,61,62,57,67,66,65,71,73,72,72,77,74,82,76,78,79,77,80,88,84,83,79,83,82,72,68,66,59,64,54,,,,,,,,,,,,,,,,,,,,,,,,,,,,,,,,,,,,,,,,,,,,,,,,,,,,,,,,,,,,,,,,,,,,,,,,,,,,,,,,,,,,,,,,,,,,,,,,,,,,,,,,,,,,,,,,,,,,,,,,,,,,,,,,,,,,,,,,,,,,,,,,,,,,,,,,,,,,,,,,,,,,,,,,,,,,,,,,,,,,,,,,,,,,,,,,
19,64,73,70,83,72,82,71,79,72,73,74,67,69,73,78,66,67,61,71,67,69,67,61,58,54,53,47,50,60,56,61,54,55,56,58,55,58,55,56,57,63,55,58,60,58,51,56,61,54,55,58,55,58,64,58,64,68,68,70,68,64,61,60,52,,,,,,,,,,,,,,,,,,,,,,,,,,,,,,,,,,,,,,,,,,,,,,,,,,,,,,,,,,,,,,,,,,,,,,,,,,,,,,,,,,,,,,,,,,,,,,,,,,,,,,,,,,,,,,,,,,,,,,,,,,,,,,,,,,,,,,,,,,,,,,,,,,,,,,,,,,,,,,,,,,,,,,,,,,,,,,,,,,,,,,,,,,,,,,,,
20,55,56,68,62,65,65,76,84,68,74,79,77,80,74,73,81,79,69,79,74,75,75,76,80,75,71,76,78,71,63,66,70,69,69,65,59,57,61,61,67,61,57,59,53,59,52,52,50,54,50,49,43,38,48,44,39,41,47,44,41,40,38,37,35,,,,,,,,,,,,,,,,,,,,,,,,,,,,,,,,,,,,,,,,,,,,,,,,,,,,,,,,,,,,,,,,,,,,,,,,,,,,,,,,,,,,,,,,,,,,,,,,,,,,,,,,,,,,,,,,,,,,,,,,,,,,,,,,,,,,,,,,,,,,,,,,,,,,,,,,,,,,,,,,,,,,,,,,,,,,,,,,,,,,,,,,,,,,,,,,
21,49,56,58,70,62,67,67,68,70,67,77,76,77,79,79,80,71,76,82,80,75,80,76,75,77,82,71,74,71,76,81,85,73,81,79,83,75,77,75,75,79,75,74,72,76,74,78,75,74,74,71,79,80,72,69,70,74,65,62,61,65,59,52,46,,,,,,,,,,,,,,,,,,,,,,,,,,,,,,,,,,,,,,,,,,,,,,,,,,,,,,,,,,,,,,,,,,,,,,,,,,,,,,,,,,,,,,,,,,,,,,,,,,,,,,,,,,,,,,,,,,,,,,,,,,,,,,,,,,,,,,,,,,,,,,,,,,,,,,,,,,,,,,,,,,,,,,,,,,,,,,,,,,,,,,,,,,,,,,,,
22,35,37,39,43,42,41,44,44,45,46,49,49,49,50,49,54,49,59,55,63,60,66,62,56,63,68,68,72,71,80,76,71,66,72,76,80,79,74,75,78,76,80,76,80,80,74,84,78,83,82,84,85,81,73,74,85,79,76,71,77,67,63,54,54,,,,,,,,,,,,,,,,,,,,,,,,,,,,,,,,,,,,,,,,,,,,,,,,,,,,,,,,,,,,,,,,,,,,,,,,,,,,,,,,,,,,,,,,,,,,,,,,,,,,,,,,,,,,,,,,,,,,,,,,,,,,,,,,,,,,,,,,,,,,,,,,,,,,,,,,,,,,,,,,,,,,,,,,,,,,,,,,,,,,,,,,,,,,,,,,
23,42,45,47,44,49,53,48,49,49,48,44,42,39,41,44,42,39,42,43,42,42,45,45,40,39,42,47,44,45,43,42,41,38,47,43,39,47,44,46,48,41,46,46,51,55,58,58,58,54,62,63,60,62,71,71,73,72,69,63,65,62,59,57,53,,,,,,,,,,,,,,,,,,,,,,,,,,,,,,,,,,,,,,,,,,,,,,,,,,,,,,,,,,,,,,,,,,,,,,,,,,,,,,,,,,,,,,,,,,,,,,,,,,,,,,,,,,,,,,,,,,,,,,,,,,,,,,,,,,,,,,,,,,,,,,,,,,,,,,,,,,,,,,,,,,,,,,,,,,,,,,,,,,,,,,,,,,,,,,,,
24,65,64,73,72,74,70,75,74,71,73,76,75,73,79,79,82,71,78,75,74,80,74,76,79,78,82,78,71,74,71,71,81,72,76,76,73,67,77,73,80,68,84,72,66,65,67,74,71,71,66,66,66,73,62,61,60,61,56,54,54,52,54,48,43,,,,,,,,,,,,,,,,,,,,,,,,,,,,,,,,,,,,,,,,,,,,,,,,,,,,,,,,,,,,,,,,,,,,,,,,,,,,,,,,,,,,,,,,,,,,,,,,,,,,,,,,,,,,,,,,,,,,,,,,,,,,,,,,,,,,,,,,,,,,,,,,,,,,,,,,,,,,,,,,,,,,,,,,,,,,,,,,,,,,,,,,,,,,,,,,
25,36,42,37,48,45,49,54,55,52,59,60,57,63,60,68,73,68,70,70,65,71,70,77,75,80,73,71,71,72,75,73,81,73,75,73,74,80,72,75,74,72,71,78,85,76,68,79,77,72,73,76,74,74,73,69,70,74,78,66,68,64,58,58,58,,,,,,,,,,,,,,,,,,,,,,,,,,,,,,,,,,,,,,,,,,,,,,,,,,,,,,,,,,,,,,,,,,,,,,,,,,,,,,,,,,,,,,,,,,,,,,,,,,,,,,,,,,,,,,,,,,,,,,,,,,,,,,,,,,,,,,,,,,,,,,,,,,,,,,,,,,,,,,,,,,,,,,,,,,,,,,,,,,,,,,,,,,,,,,,,
26,37,40,43,43,43,47,41,44,47,45,48,43,47,45,55,40,45,46,49,47,45,47,46,49,50,53,50,54,55,50,48,54,61,60,56,58,66,61,68,63,71,69,72,65,67,71,69,77,69,69,70,80,77,84,76,74,65,75,75,63,67,63,59,56,,,,,,,,,,,,,,,,,,,,,,,,,,,,,,,,,,,,,,,,,,,,,,,,,,,,,,,,,,,,,,,,,,,,,,,,,,,,,,,,,,,,,,,,,,,,,,,,,,,,,,,,,,,,,,,,,,,,,,,,,,,,,,,,,,,,,,,,,,,,,,,,,,,,,,,,,,,,,,,,,,,,,,,,,,,,,,,,,,,,,,,,,,,,,,,,
27,52,57,58,62,61,64,59,71,67,69,61,62,58,61,58,58,57,59,49,59,53,56,49,43,46,48,45,41,41,46,45,46,43,43,46,51,47,47,45,46,43,45,44,46,43,41,47,44,45,48,47,45,48,50,50,51,50,49,53,57,55,47,47,43,,,,,,,,,,,,,,,,,,,,,,,,,,,,,,,,,,,,,,,,,,,,,,,,,,,,,,,,,,,,,,,,,,,,,,,,,,,,,,,,,,,,,,,,,,,,,,,,,,,,,,,,,,,,,,,,,,,,,,,,,,,,,,,,,,,,,,,,,,,,,,,,,,,,,,,,,,,,,,,,,,,,,,,,,,,,,,,,,,,,,,,,,,,,,,,,
28,56,63,63,69,73,63,70,70,73,65,70,70,76,69,80,76,68,78,73,75,74,78,72,75,71,73,76,70,68,66,65,69,66,64,61,63,64,63,60,64,61,55,58,51,51,60,65,50,53,45,45,46,46,44,40,48,45,44,44,49,43,41,37,37,,,,,,,,,,,,,,,,,,,,,,,,,,,,,,,,,,,,,,,,,,,,,,,,,,,,,,,,,,,,,,,,,,,,,,,,,,,,,,,,,,,,,,,,,,,,,,,,,,,,,,,,,,,,,,,,,,,,,,,,,,,,,,,,,,,,,,,,,,,,,,,,,,,,,,,,,,,,,,,,,,,,,,,,,,,,,,,,,,,,,,,,,,,,,,,,
29,48,49,55,65,63,64,64,73,74,75,74,87,71,76,70,78,76,75,78,81,69,75,72,78,83,73,75,77,76,75,77,82,73,73,80,79,81,82,73,76,81,74,68,79,77,82,76,76,78,78,76,72,73,71,70,72,61,65,63,58,58,52,52,45,,,,,,,,,,,,,,,,,,,,,,,,,,,,,,,,,,,,,,,,,,,,,,,,,,,,,,,,,,,,,,,,,,,,,,,,,,,,,,,,,,,,,,,,,,,,,,,,,,,,,,,,,,,,,,,,,,,,,,,,,,,,,,,,,,,,,,,,,,,,,,,,,,,,,,,,,,,,,,,,,,,,,,,,,,,,,,,,,,,,,,,,,,,,,,,,
30,32,39,40,39,42,40,42,45,41,43,47,48,43,49,50,51,50,50,58,56,53,54,60,63,60,66,68,71,74,75,68,69,69,73,64,70,75,80,74,73,75,76,77,69,73,74,75,76,73,74,78,74,78,73,75,78,70,69,71,62,65,66,59,53,,,,,,,,,,,,,,,,,,,,,,,,,,,,,,,,,,,,,,,,,,,,,,,,,,,,,,,,,,,,,,,,,,,,,,,,,,,,,,,,,,,,,,,,,,,,,,,,,,,,,,,,,,,,,,,,,,,,,,,,,,,,,,,,,,,,,,,,,,,,,,,,,,,,,,,,,,,,,,,,,,,,,,,,,,,,,,,,,,,,,,,,,,,,,,,,
31,44,47,45,51,47,48,54,54,46,49,42,45,41,45,44,42,43,43,47,41,43,46,41,43,43,41,42,45,39,45,47,44,42,48,46,44,45,44,46,50,49,53,48,52,54,59,59,63,58,60,65,66,60,65,64,66,64,73,62,58,63,61,57,55,,,,,,,,,,,,,,,,,,,,,,,,,,,,,,,,,,,,,,,,,,,,,,,,,,,,,,,,,,,,,,,,,,,,,,,,,,,,,,,,,,,,,,,,,,,,,,,,,,,,,,,,,,,,,,,,,,,,,,,,,,,,,,,,,,,,,,,,,,,,,,,,,,,,,,,,,,,,,,,,,,,,,,,,,,,,,,,,,,,,,,,,,,,,,,,,
32,65,60,69,73,71,72,72,81,82,77,81,77,76,84,77,69,73,71,81,81,90,73,83,80,77,78,75,73,76,76,78,80,81,76,75,79,79,72,76,72,76,71,69,80,75,72,72,69,66,62,68,62,59,68,67,58,66,65,61,59,51,50,44,43,,,,,,,,,,,,,,,,,,,,,,,,,,,,,,,,,,,,,,,,,,,,,,,,,,,,,,,,,,,,,,,,,,,,,,,,,,,,,,,,,,,,,,,,,,,,,,,,,,,,,,,,,,,,,,,,,,,,,,,,,,,,,,,,,,,,,,,,,,,,,,,,,,,,,,,,,,,,,,,,,,,,,,,,,,,,,,,,,,,,,,,,,,,,,,,,
33,36,39,49,47,48,57,58,57,59,65,62,62,67,67,69,69,67,75,65,73,76,77,69,78,82,84,79,78,82,78,79,71,78,76,72,76,80,77,75,84,74,77,70,79,73,81,72,76,77,78,78,81,83,72,79,74,78,69,70,75,63,66,59,56,,,,,,,,,,,,,,,,,,,,,,,,,,,,,,,,,,,,,,,,,,,,,,,,,,,,,,,,,,,,,,,,,,,,,,,,,,,,,,,,,,,,,,,,,,,,,,,,,,,,,,,,,,,,,,,,,,,,,,,,,,,,,,,,,,,,,,,,,,,,,,,,,,,,,,,,,,,,,,,,,,,,,,,,,,,,,,,,,,,,,,,,,,,,,,,,
34,38,37,44,45,45,49,48,46,48,52,48,49,51,55,53,48,51,50,55,52,45,43,46,51,51,52,48,53,54,58,57,59,67,62,59,62,62,65,72,65,68,75,84,80,71,75,77,79,78,82,85,76,78,79,80,74,77,76,74,70,64,64,58,60,,,,,,,,,,,,,,,,,,,,,,,,,,,,,,,,,,,,,,,,,,,,,,,,,,,,,,,,,,,,,,,,,,,,,,,,,,,,,,,,,,,,,,,,,,,,,,,,,,,,,,,,,,,,,,,,,,,,,,,,,,,,,,,,,,,,,,,,,,,,,,,,,,,,,,,,,,,,,,,,,,,,,,,,,,,,,,,,,,,,,,,,,,,,,,,,
35,58,57,58,63,67,65,71,66,60,69,66,62,63,66,54,61,57,57,55,54,57,51,55,47,49,49,43,56,45,50,49,51,46,51,53,52,45,48,52,44,48,46,50,48,46,50,45,46,42,48,49,52,53,52,51,53,49,53,56,60,53,54,51,49,,,,,,,,,,,,,,,,,,,,,,,,,,,,,,,,,,,,,,,,,,,,,,,,,,,,,,,,,,,,,,,,,,,,,,,,,,,,,,,,,,,,,,,,,,,,,,,,,,,,,,,,,,,,,,,,,,,,,,,,,,,,,,,,,,,,,,,,,,,,,,,,,,,,,,,,,,,,,,,,,,,,,,,,,,,,,,,,,,,,,,,,,,,,,,,,
36,56,65,65,70,73,79,75,79,79,71,72,78,73,73,83,76,72,81,78,82,81,76,83,71,82,72,80,67,74,69,74,70,66,69,68,66,60,64,66,64,65,62,56,57,55,61,57,57,56,46,45,51,44,48,44,46,49,48,49,44,38,36,35,36,,,,,,,,,,,,,,,,,,,,,,,,,,,,,,,,,,,,,,,,,,,,,,,,,,,,,,,,,,,,,,,,,,,,,,,,,,,,,,,,,,,,,,,,,,,,,,,,,,,,,,,,,,,,,,,,,,,,,,,,,,,,,,,,,,,,,,,,,,,,,,,,,,,,,,,,,,,,,,,,,,,,,,,,,,,,,,,,,,,,,,,,,,,,,,,,
37,53,61,60,70,70,68,69,70,77,80,83,74,77,80,84,76,79,73,84,78,83,77,75,81,80,82,81,82,82,75,77,79,85,76,81,81,83,77,81,83,75,77,77,79,76,88,73,81,86,79,75,75,80,71,83,75,69,62,74,61,64,57,49,47,,,,,,,,,,,,,,,,,,,,,,,,,,,,,,,,,,,,,,,,,,,,,,,,,,,,,,,,,,,,,,,,,,,,,,,,,,,,,,,,,,,,,,,,,,,,,,,,,,,,,,,,,,,,,,,,,,,,,,,,,,,,,,,,,,,,,,,,,,,,,,,,,,,,,,,,,,,,,,,,,,,,,,,,,,,,,,,,,,,,,,,,,,,,,,,,
38,32,37,38,41,41,42,39,41,45,46,43,45,45,45,47,48,49,57,52,63,55,61,60,60,59,68,62,68,73,73,74,70,70,73,65,78,80,78,79,78,78,78,76,79,83,74,82,90,78,69,82,81,76,83,73,68,76,74,66,66,65,63,61,54,,,,,,,,,,,,,,,,,,,,,,,,,,,,,,,,,,,,,,,,,,,,,,,,,,,,,,,,,,,,,,,,,,,,,,,,,,,,,,,,,,,,,,,,,,,,,,,,,,,,,,,,,,,,,,,,,,,,,,,,,,,,,,,,,,,,,,,,,,,,,,,,,,,,,,,,,,,,,,,,,,,,,,,,,,,,,,,,,,,,,,,,,,,,,,,,
39,45,46,53,51,49,51,50,57,54,50,44,50,43,49,49,50,47,47,46,44,45,49,52,44,48,47,50,51,46,52,49,47,49,49,48,47,46,49,53,48,51,49,54,62,59,58,60,59,64,59,64,58,65,71,69,68,71,66,70,67,66,65,61,54,,,,,,,,,,,,,,,,,,,,,,,,,,,,,,,,,,,,,,,,,,,,,,,,,,,,,,,,,,,,,,,,,,,,,,,,,,,,,,,,,,,,,,,,,,,,,,,,,,,,,,,,,,,,,,,,,,,,,,,,,,,,,,,,,,,,,,,,,,,,,,,,,,,,,,,,,,,,,,,,,,,,,,,,,,,,,,,,,,,,,,,,,,,,,,,,
40,59,63,69,63,74,76,66,74,69,79,72,82,72,70,69,78,78,82,75,81,77,76,72,74,79,79,70,83,80,80,72,80,71,73,76,78,71,72,73,81,70,70,64,71,75,65,70,70,66,61,70,68,64,67,59,50,59,48,51,54,52,51,41,40,,,,,,,,,,,,,,,,,,,,,,,,,,,,,,,,,,,,,,,,,,,,,,,,,,,,,,,,,,,,,,,,,,,,,,,,,,,,,,,,,,,,,,,,,,,,,,,,,,,,,,,,,,,,,,,,,,,,,,,,,,,,,,,,,,,,,,,,,,,,,,,,,,,,,,,,,,,,,,,,,,,,,,,,,,,,,,,,,,,,,,,,,,,,,,,,
41,36,37,41,44,46,49,55,60,56,63,60,62,67,65,70,69,72,66,71,65,71,77,78,80,73,80,72,73,78,82,76,77,78,77,77,68,77,75,82,74,76,79,79,76,75,81,73,73,75,76,72,70,72,75,80,80,77,71,75,68,66,58,55,50,,,,,,,,,,,,,,,,,,,,,,,,,,,,,,,,,,,,,,,,,,,,,,,,,,,,,,,,,,,,,,,,,,,,,,,,,,,,,,,,,,,,,,,,,,,,,,,,,,,,,,,,,,,,,,,,,,,,,,,,,,,,,,,,,,,,,,,,,,,,,,,,,,,,,,,,,,,,,,,,,,,,,,,,,,,,,,,,,,,,,,,,,,,,,,,,
42,37,37,43,48,43,50,45,49,57,49,51,47,47,53,47,55,48,52,51,52,51,43,45,49,49,57,47,50,52,58,54,59,58,65,64,64,66,66,67,71,68,76,66,72,71,75,69,74,73,75,77,80,75,76,68,75,73,72,74,69,64,67,58,63,,,,,,,,,,,,,,,,,,,,,,,,,,,,,,,,,,,,,,,,,,,,,,,,,,,,,,,,,,,,,,,,,,,,,,,,,,,,,,,,,,,,,,,,,,,,,,,,,,,,,,,,,,,,,,,,,,,,,,,,,,,,,,,,,,,,,,,,,,,,,,,,,,,,,,,,,,,,,,,,,,,,,,,,,,,,,,,,,,,,,,,,,,,,,,,,
43,55,62,65,62,64,67,71,69,61,63,58,67,69,62,57,64,57,55,55,58,60,56,53,51,50,52,54,51,46,50,45,51,46,44,51,52,48,46,48,46,48,52,43,42,50,50,49,49,49,49,49,49,50,51,50,53,52,51,55,58,56,52,56,45,,,,,,,,,,,,,,,,,,,,,,,,,,,,,,,,,,,,,,,,,,,,,,,,,,,,,,,,,,,,,,,,,,,,,,,,,,,,,,,,,,,,,,,,,,,,,,,,,,,,,,,,,,,,,,,,,,,,,,,,,,,,,,,,,,,,,,,,,,,,,,,,,,,,,,,,,,,,,,,,,,,,,,,,,,,,,,,,,,,,,,,,,,,,,,,,
44,54,61,65,66,70,64,67,73,73,78,78,72,76,71,87,91,78,73,77,72,77,81,75,73,78,73,82,70,73,72,65,74,81,72,62,56,61,62,62,65,61,57,55,58,55,54,52,54,54,44,43,42,44,44,39,41,42,43,38,39,36,33,39,30,,,,,,,,,,,,,,,,,,,,,,,,,,,,,,,,,,,,,,,,,,,,,,,,,,,,,,,,,,,,,,,,,,,,,,,,,,,,,,,,,,,,,,,,,,,,,,,,,,,,,,,,,,,,,,,,,,,,,,,,,,,,,,,,,,,,,,,,,,,,,,,,,,,,,,,,,,,,,,,,,,,,,,,,,,,,,,,,,,,,,,,,,,,,,,,,
45,53,55,58,60,62,64,69,72,78,72,73,76,74,74,80,74,74,75,83,82,75,76,74,79,75,71,74,82,76,74,74,80,75,82,76,84,74,78,75,79,75,73,77,68,78,75,71,75,75,79,76,75,72,74,72,71,68,65,62,57,58,59,46,47,,,,,,,,,,,,,,,,,,,,,,,,,,,,,,,,,,,,,,,,,,,,,,,,,,,,,,,,,,,,,,,,,,,,,,,,,,,,,,,,,,,,,,,,,,,,,,,,,,,,,,,,,,,,,,,,,,,,,,,,,,,,,,,,,,,,,,,,,,,,,,,,,,,,,,,,,,,,,,,,,,,,,,,,,,,,,,,,,,,,,,,,,,,,,,,,
46,41,44,45,45,53,58,50,47,46,51,46,54,57,53,54,49,56,53,62,64,64,65,61,64,64,65,73,70,67,68,80,66,66,71,70,80,80,74,84,78,81,81,75,77,85,70,76,81,79,80,75,87,79,79,70,76,80,80,73,70,70,58,60,56,,,,,,,,,,,,,,,,,,,,,,,,,,,,,,,,,,,,,,,,,,,,,,,,,,,,,,,,,,,,,,,,,,,,,,,,,,,,,,,,,,,,,,,,,,,,,,,,,,,,,,,,,,,,,,,,,,,,,,,,,,,,,,,,,,,,,,,,,,,,,,,,,,,,,,,,,,,,,,,,,,,,,,,,,,,,,,,,,,,,,,,,,,,,,,,,
47,47,53,54,59,54,54,51,63,52,48,53,51,53,49,55,49,49,51,49,49,48,42,49,55,56,46,49,44,48,47,50,50,46,53,53,56,56,52,50,51,57,59,52,60,61,64,69,64,68,67,64,67,70,75,74,75,72,63,74,68,67,66,64,59,,,,,,,,,,,,,,,,,,,,,,,,,,,,,,,,,,,,,,,,,,,,,,,,,,,,,,,,,,,,,,,,,,,,,,,,,,,,,,,,,,,,,,,,,,,,,,,,,,,,,,,,,,,,,,,,,,,,,,,,,,,,,,,,,,,,,,,,,,,,,,,,,,,,,,,,,,,,,,,,,,,,,,,,,,,,,,,,,,,,,,,,,,,,,,,,
48,62,77,65,69,72,74,78,68,72,77,75,76,83,69,76,77,72,76,84,80,79,77,77,77,82,75,81,79,86,86,80,81,77,87,92,82,76,70,79,82,80,74,70,70,77,80,72,77,70,72,76,67,66,66,65,64,64,58,60,56,57,57,47,37,,,,,,,,,,,,,,,,,,,,,,,,,,,,,,,,,,,,,,,,,,,,,,,,,,,,,,,,,,,,,,,,,,,,,,,,,,,,,,,,,,,,,,,,,,,,,,,,,,,,,,,,,,,,,,,,,,,,,,,,,,,,,,,,,,,,,,,,,,,,,,,,,,,,,,,,,,,,,,,,,,,,,,,,,,,,,,,,,,,,,,,,,,,,,,,,
49,41,42,44,51,51,52,60,64,67,65,56,60,66,64,66,63,64,66,75,73,73,68,71,79,78,84,82,81,78,74,87,82,80,85,81,77,83,79,80,75,78,78,73,75,73,81,75,75,79,78,79,71,73,80,69,73,72,73,72,67,62,66,63,59,,,,,,,,,,,,,,,,,,,,,,,,,,,,,,,,,,,,,,,,,,,,,,,,,,,,,,,,,,,,,,,,,,,,,,,,,,,,,,,,,,,,,,,,,,,,,,,,,,,,,,,,,,,,,,,,,,,,,,,,,,,,,,,,,,,,,,,,,,,,,,,,,,,,,,,,,,,,,,,,,,,,,,,,,,,,,,,,,,,,,,,,,,,,,,,,
50,36,39,37,42,45,44,47,49,46,41,43,45,44,44,45,44,46,44,48,43,46,46,45,45,48,48,50,48,52,49,51,58,60,60,58,62,59,61,58,71,69,72,75,68,75,68,75,68,71,80,73,78,80,76,75,73,76,66,75,70,62,64,60,51,,,,,,,,,,,,,,,,,,,,,,,,,,,,,,,,,,,,,,,,,,,,,,,,,,,,,,,,,,,,,,,,,,,,,,,,,,,,,,,,,,,,,,,,,,,,,,,,,,,,,,,,,,,,,,,,,,,,,,,,,,,,,,,,,,,,,,,,,,,,,,,,,,,,,,,,,,,,,,,,,,,,,,,,,,,,,,,,,,,,,,,,,,,,,,,,
51,61,56,63,65,63,68,64,64,67,57,60,64,65,59,59,61,57,51,57,57,51,52,51,44,43,42,50,42,49,48,50,47,48,47,44,46,42,49,53,48,49,45,48,46,45,46,47,49,47,49,47,51,47,46,50,54,57,54,52,58,52,53,53,46,,,,,,,,,,,,,,,,,,,,,,,,,,,,,,,,,,,,,,,,,,,,,,,,,,,,,,,,,,,,,,,,,,,,,,,,,,,,,,,,,,,,,,,,,,,,,,,,,,,,,,,,,,,,,,,,,,,,,,,,,,,,,,,,,,,,,,,,,,,,,,,,,,,,,,,,,,,,,,,,,,,,,,,,,,,,,,,,,,,,,,,,,,,,,,,,
52,53,55,69,61,69,68,74,71,68,71,79,81,66,77,70,72,83,72,72,72,78,74,69,70,68,74,71,66,71,70,68,69,69,62,61,60,60,59,54,56,56,56,50,52,52,52,46,50,48,40,42,40,41,42,40,41,39,38,41,39,40,34,35,29,,,,,,,,,,,,,,,,,,,,,,,,,,,,,,,,,,,,,,,,,,,,,,,,,,,,,,,,,,,,,,,,,,,,,,,,,,,,,,,,,,,,,,,,,,,,,,,,,,,,,,,,,,,,,,,,,,,,,,,,,,,,,,,,,,,,,,,,,,,,,,,,,,,,,,,,,,,,,,,,,,,,,,,,,,,,,,,,,,,,,,,,,,,,,,,,
53,50,53,63,65,72,70,68,69,75,80,73,79,83,70,79,76,73,67,82,80,78,76,80,75,73,72,79,70,77,81,76,78,79,78,70,77,83,73,78,80,80,83,79,70,77,76,73,71,81,81,78,79,69,76,69,74,67,68,76,66,59,58,61,49,,,,,,,,,,,,,,,,,,,,,,,,,,,,,,,,,,,,,,,,,,,,,,,,,,,,,,,,,,,,,,,,,,,,,,,,,,,,,,,,,,,,,,,,,,,,,,,,,,,,,,,,,,,,,,,,,,,,,,,,,,,,,,,,,,,,,,,,,,,,,,,,,,,,,,,,,,,,,,,,,,,,,,,,,,,,,,,,,,,,,,,,,,,,,,,,
54,39,37,43,45,44,45,42,41,45,48,52,50,51,53,49,51,49,54,66,57,59,57,60,58,63,62,63,65,62,76,68,75,69,73,76,69,72,67,68,75,75,78,69,71,69,73,66,72,68,71,69,71,75,71,64,61,71,62,68,61,66,61,60,50,,,,,,,,,,,,,,,,,,,,,,,,,,,,,,,,,,,,,,,,,,,,,,,,,,,,,,,,,,,,,,,,,,,,,,,,,,,,,,,,,,,,,,,,,,,,,,,,,,,,,,,,,,,,,,,,,,,,,,,,,,,,,,,,,,,,,,,,,,,,,,,,,,,,,,,,,,,,,,,,,,,,,,,,,,,,,,,,,,,,,,,,,,,,,,,,
55,54,56,46,53,61,56,58,57,53,50,52,48,48,51,50,53,55,54,48,50,45,47,50,50,47,53,51,45,53,51,52,50,52,49,54,53,53,60,54,49,51,54,50,54,54,58,63,55,57,65,71,68,71,68,70,67,65,72,80,70,62,61,59,65,,,,,,,,,,,,,,,,,,,,,,,,,,,,,,,,,,,,,,,,,,,,,,,,,,,,,,,,,,,,,,,,,,,,,,,,,,,,,,,,,,,,,,,,,,,,,,,,,,,,,,,,,,,,,,,,,,,,,,,,,,,,,,,,,,,,,,,,,,,,,,,,,,,,,,,,,,,,,,,,,,,,,,,,,,,,,,,,,,,,,,,,,,,,,,,,
56,49,59,61,60,65,66,66,63,69,70,70,74,70,72,71,69,71,75,64,74,73,66,76,71,71,74,70,76,70,70,70,69,67,72,67,71,70,71,63,65,68,66,67,61,64,63,65,64,59,58,56,56,58,57,52,50,47,49,50,47,46,43,36,33,,,,,,,,,,,,,,,,,,,,,,,,,,,,,,,,,,,,,,,,,,,,,,,,,,,,,,,,,,,,,,,,,,,,,,,,,,,,,,,,,,,,,,,,,,,,,,,,,,,,,,,,,,,,,,,,,,,,,,,,,,,,,,,,,,,,,,,,,,,,,,,,,,,,,,,,,,,,,,,,,,,,,,,,,,,,,,,,,,,,,,,,,,,,,,,,
57,36,38,43,53,46,52,55,55,55,61,61,61,64,66,67,70,64,70,65,70,63,68,69,75,72,77,69,78,70,74,77,68,79,72,76,72,75,76,74,73,74,73,71,72,68,79,66,77,71,84,81,78,73,76,72,66,72,74,66,70,62,59,56,54,,,,,,,,,,,,,,,,,,,,,,,,,,,,,,,,,,,,,,,,,,,,,,,,,,,,,,,,,,,,,,,,,,,,,,,,,,,,,,,,,,,,,,,,,,,,,,,,,,,,,,,,,,,,,,,,,,,,,,,,,,,,,,,,,,,,,,,,,,,,,,,,,,,,,,,,,,,,,,,,,,,,,,,,,,,,,,,,,,,,,,,,,,,,,,,,
58,33,36,34,44,35,41,39,42,42,43,38,40,44,42,42,43,44,41,45,41,44,42,38,44,44,41,43,48,47,45,46,44,55,54,55,51,60,56,58,59,59,61,65,59,72,60,64,66,65,67,72,73,71,77,73,64,66,72,67,62,59,55,55,47,,,,,,,,,,,,,,,,,,,,,,,,,,,,,,,,,,,,,,,,,,,,,,,,,,,,,,,,,,,,,,,,,,,,,,,,,,,,,,,,,,,,,,,,,,,,,,,,,,,,,,,,,,,,,,,,,,,,,,,,,,,,,,,,,,,,,,,,,,,,,,,,,,,,,,,,,,,,,,,,,,,,,,,,,,,,,,,,,,,,,,,,,,,,,,,,
59,51,50,55,53,58,59,60,61,60,56,55,62,57,57,50,50,52,46,45,48,47,52,47,39,45,41,43,39,42,39,39,40,42,40,39,42,39,46,43,41,47,39,42,38,42,41,39,39,42,42,45,43,46,49,43,45,44,51,52,49,49,46,40,42,,,,,,,,,,,,,,,,,,,,,,,,,,,,,,,,,,,,,,,,,,,,,,,,,,,,,,,,,,,,,,,,,,,,,,,,,,,,,,,,,,,,,,,,,,,,,,,,,,,,,,,,,,,,,,,,,,,,,,,,,,,,,,,,,,,,,,,,,,,,,,,,,,,,,,,,,,,,,,,,,,,,,,,,,,,,,,,,,,,,,,,,,,,,,,,,
60,52,54,60,64,58,64,62,69,64,64,67,68,64,68,71,64,71,66,70,63,69,67,69,64,66,70,67,67,59,69,66,65,61,65,59,53,54,57,57,55,55,53,50,48,50,56,51,53,53,45,38,42,44,38,39,43,43,42,40,37,39,32,33,29,,,,,,,,,,,,,,,,,,,,,,,,,,,,,,,,,,,,,,,,,,,,,,,,,,,,,,,,,,,,,,,,,,,,,,,,,,,,,,,,,,,,,,,,,,,,,,,,,,,,,,,,,,,,,,,,,,,,,,,,,,,,,,,,,,,,,,,,,,,,,,,,,,,,,,,,,,,,,,,,,,,,,,,,,,,,,,,,,,,,,,,,,,,,,,,,
61,38,43,48,57,52,55,52,60,56,59,55,60,64,61,61,56,61,58,62,60,55,63,63,60,64,60,59,59,56,59,62,60,59,61,59,67,59,60,55,61,64,61,56,63,59,56,59,61,56,60,58,55,60,58,61,52,52,56,50,52,48,43,42,36,,,,,,,,,,,,,,,,,,,,,,,,,,,,,,,,,,,,,,,,,,,,,,,,,,,,,,,,,,,,,,,,,,,,,,,,,,,,,,,,,,,,,,,,,,,,,,,,,,,,,,,,,,,,,,,,,,,,,,,,,,,,,,,,,,,,,,,,,,,,,,,,,,,,,,,,,,,,,,,,,,,,,,,,,,,,,,,,,,,,,,,,,,,,,,,,
62,33,35,38,36,39,38,41,38,38,38,42,43,45,43,37,44,46,43,47,51,48,52,46,51,50,50,56,53,65,59,55,54,58,53,56,60,57,61,64,57,56,54,62,54,61,57,65,53,55,60,58,55,61,60,56,58,59,63,59,56,55,58,53,44,,,,,,,,,,,,,,,,,,,,,,,,,,,,,,,,,,,,,,,,,,,,,,,,,,,,,,,,,,,,,,,,,,,,,,,,,,,,,,,,,,,,,,,,,,,,,,,,,,,,,,,,,,,,,,,,,,,,,,,,,,,,,,,,,,,,,,,,,,,,,,,,,,,,,,,,,,,,,,,,,,,,,,,,,,,,,,,,,,,,,,,,,,,,,,,,
63,47,45,45,44,49,46,48,42,38,40,40,40,42,44,39,39,40,39,38,46,41,42,39,38,37,40,42,40,38,39,41,41,38,44,40,38,40,44,43,42,42,46,45,48,51,56,51,57,52,56,52,52,49,63,56,56,54,56,56,57,58,55,55,48,,,,,,,,,,,,,,,,,,,,,,,,,,,,,,,,,,,,,,,,,,,,,,,,,,,,,,,,,,,,,,,,,,,,,,,,,,,,,,,,,,,,,,,,,,,,,,,,,,,,,,,,,,,,,,,,,,,,,,,,,,,,,,,,,,,,,,,,,,,,,,,,,,,,,,,,,,,,,,,,,,,,,,,,,,,,,,,,,,,,,,,,,,,,,,,,
,,,,,,,,,,,,,,,,,,,,,,,,,,,,,,,,,,,,,,,,,,,,,,,,,,,,,,,,,,,,,,,,,,,,,,,,,,,,,,,,,,,,,,,,,,,,,,,,,,,,,,,,,,,,,,,,,,,,,,,,,,,,,,,,,,,,,,,,,,,,,,,,,,,,,,,,,,,,,,,,,,,,,,,,,,,,,,,,,,,,,,,,,,,,,,,,,,,,,,,,,,,,,,,,,,,,,,,,,,,,,,,,,,,,,,,,,,,,,,,,,,,,,,,,,,,,,,,,
value,0,1,2,3,4,5,6,7,8,9,10,11,12,13,14,15,16,17,18,19,20,21,22,23,24,25,26,27,28,29,30,31,32,33,34,35,36,37,38,39,40,41,42,43,44,45,46,47,48,49,50,51,52,53,54,55,56,57,58,59,60,61,62,63,64,65,66,67,68,69,70,71,72,73,74,75,76,77,78,79,80,81,82,83,84,85,86,87,88,89,90,91,92,93,94,95,96,97,98,99,100,101,102,103,104,105,106,107,108,109,110,111,112,113,114,115,116,117,118,119,120,121,122,123,124,125,126,127,128,129,130,131,132,133,134,135,136,137,138,139,140,141,142,143,144,145,146,147,148,149,150,151,152,153,154,155,156,157,158,159,160,161,162,163,164,165,166,167,168,169,170,171,172,173,174,175,176,177,178,179,180,181,182,183,184,185,186,187,188,189,190,191,192,193,194,195,196,197,198,199,200,201,202,203,204,205,206,207,208,209,210,211,212,213,214,215,216,217,218,219,220,221,222,223,224,225,226,227,228,229,230,231,232,233,234,235,236,237,238,239,240,241,242,243,244,245,246,247,248,249,250,251,252,253,254,255
count,0,0,0,0,0,0,0,0,0,0,0,0,0,0,0,0,0,0,0,0,0,0,0,0,0,0,0,0,0,2,2,1,4,6,9,11,24,32,44,54,52,64,68,84,86,94,97,95,90,101,87,82,89,91,78,88,88,84,93,89,90,91,75,75,100,87,85,72,93,102,99,113,110,114,109,125,118,89,94,86,76,55,53,31,27,11,7,9,3,2,2,1,2,1,0,0,0,0,0,0,0,0,0,0,0,0,0,0,0,0,0,0,0,0,0,0,0,0,0,0,0,0,0,0,0,0,0,0,0,0,0,0,0,0,0,0,0,0,0,0,0,0,0,0,0,0,0,0,0,0,0,0,0,0,0,0,0,0,0,0,0,0,0,0,0,0,0,0,0,0,0,0,0,0,0,0,0,0,0,0,0,0,0,0,0,0,0,0,0,0,0,0,0,0,0,0,0,0,0,0,0,0,0,0,0,0,0,0,0,0,0,0,0,0,0,0,0,0,0,0,0,0,0,0,0,0,0,0,0,0,0,0,0,0,0,0,0,0,0,0,0,0,0,0,0,0,0,0,0,0,0,0,0,0,0,0
,,,,,,,,,,,,,,,,,,,,,,,,,,,,,,,,,,,,,,,,,,,,,,,,,,,,,,,,,,,,,,,,,,,,,,,,,,,,,,,,,,,,,,,,,,,,,,,,,,,,,,,,,,,,,,,,,,,,,,,,,,,,,,,,,,,,,,,,,,,,,,,,,,,,,,,,,,,,,,,,,,,,,,,,,,,,,,,,,,,,,,,,,,,,,,,,,,,,,,,,,,,,,,,,,,,,,,,,,,,,,,,,,,,,,,,,,,,,,,,,,,,,,,,,,,,,,,,,
15,,,,,,,,,,,,,,,,,,,,,,,,,,,,,,,,,,,,,,,,,,,,,,,,,,,,,,,,,,,,,,,,,,,,,,,,,,,,,,,,,,,,,,,,,,,,,,,,,,,,,,,,,,,,,,,,,,,,,,,,,,,,,,,,,,,,,,,,,,,,,,,,,,,,,,,,,,,,,,,,,,,,,,,,,,,,,,,,,,,,,,,,,,,,,,,,,,,,,,,,,,,,,,,,,,,,,,,,,,,,,,,,,,,,,,,,,,,,,,,,,,,,,,,,,,,,,,,,
,0,1,2,3,4,5,6,7,8,9,10,11,12,13,14,15,16,17,18,19,20,21,22,23,24,25,26,27,28,29,30,31,32,33,34,35,36,37,38,39,40,41,42,43,44,45,46,47,48,49,50,51,52,53,54,55,56,57,58,59,60,61,62,63,,,,,,,,,,,,,,,,,,,,,,,,,,,,,,,,,,,,,,,,,,,,,,,,,,,,,,,,,,,,,,,,,,,,,,,,,,,,,,,,,,,,,,,,,,,,,,,,,,,,,,,,,,,,,,,,,,,,,,,,,,,,,,,,,,,,,,,,,,,,,,,,,,,,,,,,,,,,,,,,,,,,,,,,,,,,,,,,,,,,,,,,,,,,,,,,
0,47,44,57,55,57,56,58,53,52,57,55,53,58,58,59,57,57,62,62,55,56,55,60,55,59,54,61,61,54,53,60,60,56,55,56,55,57,58,56,58,58,55,50,48,53,56,55,49,52,46,51,45,44,45,48,42,46,45,41,45,39,36,34,30,,,,,,,,,,,,,,,,,,,,,,,,,,,,,,,,,,,,,,,,,,,,,,,,,,,,,,,,,,,,,,,,,,,,,,,,,,,,,,,,,,,,,,,,,,,,,,,,,,,,,,,,,,,,,,,,,,,,,,,,,,,,,,,,,,,,,,,,,,,,,,,,,,,,,,,,,,,,,,,,,,,,,,,,,,,,,,,,,,,,,,,,,,,,,,,,
1,35,40,36,40,50,51,47,45,46,48,58,46,57,60,52,54,53,48,55,55,56,53,56,58,56,58,61,58,58,65,59,59,53,67,62,58,55,51,57,57,57,53,55,61,61,58,64,59,59,63,59,63,60,57,58,61,52,62,58,55,56,53,51,45,,,,,,,,,,,,,,,,,,,,,,,,,,,,,,,,,,,,,,,,,,,,,,,,,,,,,,,,,,,,,,,,,,,,,,,,,,,,,,,,,,,,,,,,,,,,,,,,,,,,,,,,,,,,,,,,,,,,,,,,,,,,,,,,,,,,,,,,,,,,,,,,,,,,,,,,,,,,,,,,,,,,,,,,,,,,,,,,,,,,,,,,,,,,,,,,
2,32,34,32,38,38,39,34,36,40,38,36,45,39,34,37,42,40,37,40,34,41,35,36,38,38,40,47,43,43,44,48,53,48,52,52,53,50,51,51,51,57,59,62,55,55,64,59,67,57,62,59,60,58,66,62,57,60,58,59,59,53,52,48,45,,,,,,,,,,,,,,,,,,,,,,,,,,,,,,,,,,,,,,,,,,,,,,,,,,,,,,,,,,,,,,,,,,,,,,,,,,,,,,,,,,,,,,,,,,,,,,,,,,,,,,,,,,,,,,,,,,,,,,,,,,,,,,,,,,,,,,,,,,,,,,,,,,,,,,,,,,,,,,,,,,,,,,,,,,,,,,,,,,,,,,,,,,,,,,,,
3,47,58,50,52,53,52,56,55,60,50,48,54,51,46,45,50,46,44,47,44,47,43,37,42,36,36,40,36,36,38,37,41,37,39,40,34,40,36,36,40,37,41,43,38,40,40,40,36,40,39,43,46,42,48,40,41,49,41,48,45,45,45,46,44,,,,,,,,,,,,,,,,,,,,,,,,,,,,,,,,,,,,,,,,,,,,,,,,,,,,,,,,,,,,,,,,,,,,,,,,,,,,,,,,,,,,,,,,,,,,,,,,,,,,,,,,,,,,,,,,,,,,,,,,,,,,,,,,,,,,,,,,,,,,,,,,,,,,,,,,,,,,,,,,,,,,,,,,,,,,,,,,,,,,,,,,,,,,,,,,
4,57,52,62,63,63,68,70,72,66,63,67,68,69,65,73,66,67,66,65,70,69,66,69,70,66,68,65,62,57,58,69,55,66,61,61,62,59,62,57,59,52,51,46,53,64,52,52,55,39,37,35,48,45,42,45,41,42,46,41,40,38,44,37,32,,,,,,,,,,,,,,,,,,,,,,,,,,,,,,,,,,,,,,,,,,,,,,,,,,,,,,,,,,,,,,,,,,,,,,,,,,,,,,,,,,,,,,,,,,,,,,,,,,,,,,,,,,,,,,,,,,,,,,,,,,,,,,,,,,,,,,,,,,,,,,,,,,,,,,,,,,,,,,,,,,,,,,,,,,,,,,,,,,,,,,,,,,,,,,,,
5,43,49,55,54,57,57,62,61,74,66,67,68,69,68,72,67,70,73,70,68,66,72,70,63,71,65,78,61,70,62,67,66,69,77,70,64,65,69,68,71,71,75,64,68,61,70,71,58,68,68,72,72,74,66,63,64,59,65,52,54,51,47,41,38,,,,,,,,,,,,,,,,,,,,,,,,,,,,,,,,,,,,,,,,,,,,,,,,,,,,,,,,,,,,,,,,,,,,,,,,,,,,,,,,,,,,,,,,,,,,,,,,,,,,,,,,,,,,,,,,,,,,,,,,,,,,,,,,,,,,,,,,,,,,,,,,,,,,,,,,,,,,,,,,,,,,,,,,,,,,,,,,,,,,,,,,,,,,,,,,
6,34,36,42,44,36,40,44,45,42,39,45,44,46,45,44,47,56,51,59,55,56,56,52,57,56,59,59,67,64,66,63,61,61,64,64,69,67,63,67,77,73,66,70,66,75,69,71,72,66,70,73,75,79,63,72,71,64,67,66,61,59,55,55,50,,,,,,,,,,,,,,,,,,,,,,,,,,,,,,,,,,,,,,,,,,,,,,,,,,,,,,,,,,,,,,,,,,,,,,,,,,,,,,,,,,,,,,,,,,,,,,,,,,,,,,,,,,,,,,,,,,,,,,,,,,,,,,,,,,,,,,,,,,,,,,,,,,,,,,,,,,,,,,,,,,,,,,,,,,,,,,,,,,,,,,,,,,,,,,,,
7,37,40,40,46,40,47,49,51,41,38,38,41,41,41,37,43,40,40,36,37,36,42,40,41,40,36,39,43,38,37,39,40,42,42,38,42,46,41,53,43,45,54,47,54,57,53,55,56,55,59,67,59,60,68,57,72,65,65,64,60,57,56,51,52,,,,,,,,,,,,,,,,,,,,,,,,,,,,,,,,,,,,,,,,,,,,,,,,,,,,,,,,,,,,,,,,,,,,,,,,,,,,,,,,,,,,,,,,,,,,,,,,,,,,,,,,,,,,,,,,,,,,,,,,,,,,,,,,,,,,,,,,,,,,,,,,,,,,,,,,,,,,,,,,,,,,,,,,,,,,,,,,,,,,,,,,,,,,,,,,
8,63,64,63,73,79,76,72,72,71,76,82,81,71,73,80,78,76,73,70,75,71,73,73,80,76,81,74,80,83,72,77,81,80,79,79,78,79,74,76,75,74,68,75,60,73,65,72,68,61,64,66,61,66,59,60,56,54,56,57,47,51,44,37,37,,,,,,,,,,,,,,,,,,,,,,,,,,,,,,,,,,,,,,,,,,,,,,,,,,,,,,,,,,,,,,,,,,,,,,,,,,,,,,,,,,,,,,,,,,,,,,,,,,,,,,,,,,,,,,,,,,,,,,,,,,,,,,,,,,,,,,,,,,,,,,,,,,,,,,,,,,,,,,,,,,,,,,,,,,,,,,,,,,,,,,,,,,,,,,,,
9,37,39,45,52,53,55,57,59,58,59,60,60,60,72,68,66,75,74,77,68,77,78,77,72,77,86,80,70,74,81,72,89,80,72,71,76,76,79,76,81,78,75,76,87,80,78,69,73,81,72,76,80,75,76,71,68,70,70,67,72,64,61,53,50,,,,,,,,,,,,,,,,,,,,,,,,,,,,,,,,,,,,,,,,,,,,,,,,,,,,,,,,,,,,,,,,,,,,,,,,,,,,,,,,,,,,,,,,,,,,,,,,,,,,,,,,,,,,,,,,,,,,,,,,,,,,,,,,,,,,,,,,,,,,,,,,,,,,,,,,,,,,,,,,,,,,,,,,,,,,,,,,,,,,,,,,,,,,,,,,
10,35,36,39,36,44,45,45,44,43,43,45,46,45,45,45,43,46,45,48,41,44,45,45,45,50,48,51,47,48,55,55,59,58,61,63,61,68,68,68,71,72,66,71,75,69,69,72,75,76,78,84,74,78,71,83,78,77,77,73,70,68,64,62,55,,,,,,,,,,,,,,,,,,,,,,,,,,,,,,,,,,,,,,,,,,,,,,,,,,,,,,,,,,,,,,,,,,,,,,,,,,,,,,,,,,,,,,,,,,,,,,,,,,,,,,,,,,,,,,,,,,,,,,,,,,,,,,,,,,,,,,,,,,,,,,,,,,,,,,,,,,,,,,,,,,,,,,,,,,,,,,,,,,,,,,,,,,,,,,,,
11,56,66,54,59,66,68,61,70,64,57,65,62,60,63,59,54,53,56,57,58,58,60,51,45,47,46,49,50,48,49,47,50,53,50,51,48,53,46,46,49,48,52,46,54,53,47,51,46,51,51,52,54,57,53,48,52,53,55,61,60,53,52,48,45,,,,,,,,,,,,,,,,,,,,,,,,,,,,,,,,,,,,,,,,,,,,,,,,,,,,,,,,,,,,,,,,,,,,,,,,,,,,,,,,,,,,,,,,,,,,,,,,,,,,,,,,,,,,,,,,,,,,,,,,,,,,,,,,,,,,,,,,,,,,,,,,,,,,,,,,,,,,,,,,,,,,,,,,,,,,,,,,,,,,,,,,,,,,,,,,
12,57,69,73,75,82,81,79,85,88,73,74,80,84,83,85,81,81,82,80,81,78,81,76,81,95,90,82,73,77,76,82,80,76,66,73,72,67,77,74,68,61,76,64,67,65,68,66,63,54,51,53,53,42,56,55,55,50,54,53,50,48,44,47,40,,,,,,,,,,,,,,,,,,,,,,,,,,,,,,,,,,,,,,,,,,,,,,,,,,,,,,,,,,,,,,,,,,,,,,,,,,,,,,,,,,,,,,,,,,,,,,,,,,,,,,,,,,,,,,,,,,,,,,,,,,,,,,,,,,,,,,,,,,,,,,,,,,,,,,,,,,,,,,,,,,,,,,,,,,,,,,,,,,,,,,,,,,,,,,,,
13,53,58,53,64,62,60,65,63,68,78,73,71,75,72,75,76,77,79,77,75,78,78,72,76,73,76,81,75,70,75,73,69,81,73,78,73,72,77,76,80,73,76,78,72,78,77,76,76,78,78,68,76,79,72,72,70,66,70,70,61,55,55,47,47,,,,,,,,,,,,,,,,,,,,,,,,,,,,,,,,,,,,,,,,,,,,,,,,,,,,,,,,,,,,,,,,,,,,,,,,,,,,,,,,,,,,,,,,,,,,,,,,,,,,,,,,,,,,,,,,,,,,,,,,,,,,,,,,,,,,,,,,,,,,,,,,,,,,,,,,,,,,,,,,,,,,,,,,,,,,,,,,,,,,,,,,,,,,,,,,
14,35,38,36,45,40,42,53,43,47,42,49,41,51,50,49,49,61,54,58,59,58,61,59,54,63,65,64,71,70,63,64,67,78,68,71,74,80,78,80,70,70,79,71,81,74,81,77,73,75,73,77,80,78,71,66,73,70,69,65,66,63,53,58,48,,,,,,,,,,,,,,,,,,,,,,,,,,,,,,,,,,,,,,,,,,,,,,,,,,,,,,,,,,,,,,,,,,,,,,,,,,,,,,,,,,,,,,,,,,,,,,,,,,,,,,,,,,,,,,,,,,,,,,,,,,,,,,,,,,,,,,,,,,,,,,,,,,,,,,,,,,,,,,,,,,,,,,,,,,,,,,,,,,,,,,,,,,,,,,,,
15,40,44,43,44,52,53,53,54,53,42,42,46,44,45,43,47,45,41,41,48,41,49,49,42,48,42,42,45,47,45,44,43,39,52,43,44,47,50,53,46,53,49,55,62,62,61,58,58,55,60,61,62,68,74,71,69,66,67,64,68,63,62,60,53,,,,,,,,,,,,,,,,,,,,,,,,,,,,,,,,,,,,,,,,,,,,,,,,,,,,,,,,,,,,,,,,,,,,,,,,,,,,,,,,,,,,,,,,,,,,,,,,,,,,,,,,,,,,,,,,,,,,,,,,,,,,,,,,,,,,,,,,,,,,,,,,,,,,,,,,,,,,,,,,,,,,,,,,,,,,,,,,,,,,,,,,,,,,,,,,
16,59,61,58,67,75,77,73,75,73,76,76,74,74,81,70,79,76,77,73,79,77,79,87,78,72,74,78,80,76,73,78,80,76,80,77,78,75,83,72,78,74,68,69,74,67,73,68,66,63,66,62,65,61,63,57,55,53,51,49,48,47,43,36,34,,,,,,,,,,,,,,,,,,,,,,,,,,,,,,,,,,,,,,,,,,,,,,,,,,,,,,,,,,,,,,,,,,,,,,,,,,,,,,,,,,,,,,,,,,,,,,,,,,,,,,,,,,,,,,,,,,,,,,,,,,,,,,,,,,,,,,,,,,,,,,,,,,,,,,,,,,,,,,,,,,,,,,,,,,,,,,,,,,,,,,,,,,,,,,,,
17,43,50,52,61,53,60,61,66,61,67,62,68,74,68,78,72,73,79,81,72,82,84,80,81,78,83,86,87,81,82,92,86,78,82,81,85,89,80,83,75,75,83,85,79,82,82,79,75,81,80,85,77,82,80,78,79,67,84,76,75,74,73,59,60,,,,,,,,,,,,,,,,,,,,,,,,,,,,,,,,,,,,,,,,,,,,,,,,,,,,,,,,,,,,,,,,,,,,,,,,,,,,,,,,,,,,,,,,,,,,,,,,,,,,,,,,,,,,,,,,,,,,,,,,,,,,,,,,,,,,,,,,,,,,,,,,,,,,,,,,,,,,,,,,,,,,,,,,,,,,,,,,,,,,,,,,,,,,,,,,
18,32,40,43,44,47,45,52,50,50,48,48,48,50,54,52,50,41,49,48,51,48,47,49,54,49,54,53,56,54,64,58,66,64,62,60,63,61,68,64,68,76,76,74,72,74,73,84,73,77,78,77,82,84,82,83,79,83,79,69,69,67,59,66,54,,,,,,,,,,,,,,,,,,,,,,,,,,,,,,,,,,,,,,,,,,,,,,,,,,,,,,,,,,,,,,,,,,,,,,,,,,,,,,,,,,,,,,,,,,,,,,,,,,,,,,,,,,,,,,,,,,,,,,,,,,,,,,,,,,,,,,,,,,,,,,,,,,,,,,,,,,,,,,,,,,,,,,,,,,,,,,,,,,,,,,,,,,,,,,,,
19,60,75,66,78,72,79,73,75,68,75,74,63,74,65,75,63,65,63,67,62,68,65,60,61,56,52,49,53,59,54,61,57,55,54,60,52,54,56,55,58,60,56,57,62,58,53,62,59,52,56,62,63,60,64,55,63,72,71,68,66,71,65,57,60,,,,,,,,,,,,,,,,,,,,,,,,,,,,,,,,,,,,,,,,,,,,,,,,,,,,,,,,,,,,,,,,,,,,,,,,,,,,,,,,,,,,,,,,,,,,,,,,,,,,,,,,,,,,,,,,,,,,,,,,,,,,,,,,,,,,,,,,,,,,,,,,,,,,,,,,,,,,,,,,,,,,,,,,,,,,,,,,,,,,,,,,,,,,,,,,
20,53,56,63,61,66,66,76,79,69,76,76,81,82,76,77,77,76,71,76,77,82,79,80,81,77,70,70,75,70,64,70,67,70,62,65,58,60,58,61,67,58,55,59,54,62,52,51,53,48,46,50,43,37,50,50,41,42,47,43,43,42,37,39,35,,,,,,,,,,,,,,,,,,,,,,,,,,,,,,,,,,,,,,,,,,,,,,,,,,,,,,,,,,,,,,,,,,,,,,,,,,,,,,,,,,,,,,,,,,,,,,,,,,,,,,,,,,,,,,,,,,,,,,,,,,,,,,,,,,,,,,,,,,,,,,,,,,,,,,,,,,,,,,,,,,,,,,,,,,,,,,,,,,,,,,,,,,,,,,,,
21,49,54,58,69,64,66,67,69,74,70,77,80,78,82,77,86,68,76,84,82,78,74,74,75,77,77,74,76,74,80,78,78,77,79,79,81,78,77,74,74,80,83,75,73,76,73,74,75,73,74,74,79,78,71,70,71,68,66,63,59,64,56,51,45,,,,,,,,,,,,,,,,,,,,,,,,,,,,,,,,,,,,,,,,,,,,,,,,,,,,,,,,,,,,,,,,,,,,,,,,,,,,,,,,,,,,,,,,,,,,,,,,,,,,,,,,,,,,,,,,,,,,,,,,,,,,,,,,,,,,,,,,,,,,,,,,,,,,,,,,,,,,,,,,,,,,,,,,,,,,,,,,,,,,,,,,,,,,,,,,
22,34,35,38,40,40,43,46,41,43,45,54,48,52,52,50,53,50,63,53,65,58,67,60,61,69,69,68,74,71,74,74,74,73,71,89,80,76,81,75,70,76,77,77,80,75,77,84,78,86,84,80,85,81,74,74,79,81,78,69,73,70,66,54,54,,,,,,,,,,,,,,,,,,,,,,,,,,,,,,,,,,,,,,,,,,,,,,,,,,,,,,,,,,,,,,,,,,,,,,,,,,,,,,,,,,,,,,,,,,,,,,,,,,,,,,,,,,,,,,,,,,,,,,,,,,,,,,,,,,,,,,,,,,,,,,,,,,,,,,,,,,,,,,,,,,,,,,,,,,,,,,,,,,,,,,,,,,,,,,,,
23,41,44,47,44,48,52,50,51,46,44,44,42,38,40,42,43,39,41,41,40,47,44,44,40,41,46,47,42,47,41,44,43,40,47,41,39,49,46,46,46,46,46,47,53,56,58,57,64,54,63,65,62,65,74,80,72,70,67,64,67,65,59,56,52,,,,,,,,,,,,,,,,,,,,,,,,,,,,,,,,,,,,,,,,,,,,,,,,,,,,,,,,,,,,,,,,,,,,,,,,,,,,,,,,,,,,,,,,,,,,,,,,,,,,,,,,,,,,,,,,,,,,,,,,,,,,,,,,,,,,,,,,,,,,,,,,,,,,,,,,,,,,,,,,,,,,,,,,,,,,,,,,,,,,,,,,,,,,,,,,
24,67,66,74,67,73,66,80,74,70,76,76,74,74,76,79,79,74,72,78,71,79,76,72,77,81,83,83,71,73,74,72,80,75,74,74,73,70,76,76,78,66,79,70,65,64,64,79,69,65,64,68,65,72,62,61,57,59,59,53,56,51,47,46,41,,,,,,,,,,,,,,,,,,,,,,,,,,,,,,,,,,,,,,,,,,,,,,,,,,,,,,,,,,,,,,,,,,,,,,,,,,,,,,,,,,,,,,,,,,,,,,,,,,,,,,,,,,,,,,,,,,,,,,,,,,,,,,,,,,,,,,,,,,,,,,,,,,,,,,,,,,,,,,,,,,,,,,,,,,,,,,,,,,,,,,,,,,,,,,,,
25,37,41,35,50,50,53,57,56,53,59,60,59,66,64,70,74,71,67,68,68,71,74,75,79,77,74,80,74,69,81,74,84,70,75,77,72,80,77,77,72,79,74,83,83,73,67,81,75,74,73,73,69,71,73,73,72,76,73,66,72,63,57,56,58,,,,,,,,,,,,,,,,,,,,,,,,,,,,,,,,,,,,,,,,,,,,,,,,,,,,,,,,,,,,,,,,,,,,,,,,,,,,,,,,,,,,,,,,,,,,,,,,,,,,,,,,,,,,,,,,,,,,,,,,,,,,,,,,,,,,,,,,,,,,,,,,,,,,,,,,,,,,,,,,,,,,,,,,,,,,,,,,,,,,,,,,,,,,,,,,
26,36,39,42,41,43,46,45,45,43,48,46,42,48,45,54,42,45,46,48,44,44,45,46,48,50,56,53,53,53,48,51,57,60,58,61,61,70,61,68,65,74,70,74,68,68,73,70,78,75,78,70,83,79,81,76,72,64,74,74,65,70,66,60,56,,,,,,,,,,,,,,,,,,,,,,,,,,,,,,,,,,,,,,,,,,,,,,,,,,,,,,,,,,,,,,,,,,,,,,,,,,,,,,,,,,,,,,,,,,,,,,,,,,,,,,,,,,,,,,,,,,,,,,,,,,,,,,,,,,,,,,,,,,,,,,,,,,,,,,,,,,,,,,,,,,,,,,,,,,,,,,,,,,,,,,,,,,,,,,,,
27,50,57,58,61,58,63,60,69,64,68,58,65,62,58,53,56,55,55,50,57,54,47,45,44,45,48,46,43,42,43,44,47,42,47,47,49,50,47,45,48,45,47,47,46,42,45,46,45,45,48,52,46,49,51,52,49,52,52,51,57,58,51,45,47,,,,,,,,,,,,,,,,,,,,,,,,,,,,,,,,,,,,,,,,,,,,,,,,,,,,,,,,,,,,,,,,,,,,,,,,,,,,,,,,,,,,,,,,,,,,,,,,,,,,,,,,,,,,,,,,,,,,,,,,,,,,,,,,,,,,,,,,,,,,,,,,,,,,,,,,,,,,,,,,,,,,,,,,,,,,,,,,,,,,,,,,,,,,,,,,
28,52,62,64,67,68,66,70,71,73,69,70,72,80,68,82,79,74,78,76,77,75,83,70,72,72,74,72,65,67,72,70,68,66,60,59,63,61,62,62,63,59,53,58,55,53,58,62,49,46,43,42,48,45,44,44,45,47,46,43,46,41,40,35,38,,,,,,,,,,,,,,,,,,,,,,,,,,,,,,,,,,,,,,,,,,,,,,,,,,,,,,,,,,,,,,,,,,,,,,,,,,,,,,,,,,,,,,,,,,,,,,,,,,,,,,,,,,,,,,,,,,,,,,,,,,,,,,,,,,,,,,,,,,,,,,,,,,,,,,,,,,,,,,,,,,,,,,,,,,,,,,,,,,,,,,,,,,,,,,,,
29,50,50,54,62,60,64,62,74,77,72,79,81,70,75,72,77,70,68,78,80,71,71,68,74,82,73,74,77,76,77,82,79,71,74,75,83,84,77,72,73,82,74,66,78,82,79,75,71,78,72,73,76,70,71,69,69,62,64,63,57,57,51,48,43,,,,,,,,,,,,,,,,,,,,,,,,,,,,,,,,,,,,,,,,,,,,,,,,,,,,,,,,,,,,,,,,,,,,,,,,,,,,,,,,,,,,,,,,,,,,,,,,,,,,,,,,,,,,,,,,,,,,,,,,,,,,,,,,,,,,,,,,,,,,,,,,,,,,,,,,,,,,,,,,,,,,,,,,,,,,,,,,,,,,,,,,,,,,,,,,
30,36,38,39,41,41,41,42,45,46,42,48,49,45,50,51,50,51,52,56,53,53,57,66,64,64,67,67,70,74,74,70,70,70,71,75,74,70,80,76,72,70,81,81,72,78,76,78,72,77,75,78,73,79,71,77,75,74,70,70,65,61,64,63,55,,,,,,,,,,,,,,,,,,,,,,,,,,,,,,,,,,,,,,,,,,,,,,,,,,,,,,,,,,,,,,,,,,,,,,,,,,,,,,,,,,,,,,,,,,,,,,,,,,,,,,,,,,,,,,,,,,,,,,,,,,,,,,,,,,,,,,,,,,,,,,,,,,,,,,,,,,,,,,,,,,,,,,,,,,,,,,,,,,,,,,,,,,,,,,,,
31,42,43,42,49,48,45,52,51,41,45,44,46,43,44,42,42,44,44,41,44,45,45,44,45,43,40,43,42,40,43,45,45,46,49,44,43,47,46,45,51,51,50,50,55,59,60,65,64,58,58,66,67,61,70,68,70,61,66,62,56,66,61,56,56,,,,,,,,,,,,,,,,,,,,,,,,,,,,,,,,,,,,,,,,,,,,,,,,,,,,,,,,,,,,,,,,,,,,,,,,,,,,,,,,,,,,,,,,,,,,,,,,,,,,,,,,,,,,,,,,,,,,,,,,,,,,,,,,,,,,,,,,,,,,,,,,,,,,,,,,,,,,,,,,,,,,,,,,,,,,,,,,,,,,,,,,,,,,,,,,
32,67,60,68,70,71,69,73,77,84,78,85,76,75,80,79,71,74,70,81,73,87,73,83,82,79,77,79,76,77,78,79,79,81,74,75,79,80,68,75,72,78,71,73,78,73,73,72,68,66,63,69,64,54,68,65,56,68,63,59,58,50,46,42,41,,,,,,,,,,,,,,,,,,,,,,,,,,,,,,,,,,,,,,,,,,,,,,,,,,,,,,,,,,,,,,,,,,,,,,,,,,,,,,,,,,,,,,,,,,,,,,,,,,,,,,,,,,,,,,,,,,,,,,,,,,,,,,,,,,,,,,,,,,,,,,,,,,,,,,,,,,,,,,,,,,,,,,,,,,,,,,,,,,,,,,,,,,,,,,,,
33,37,39,47,51,54,55,59,56,61,61,63,62,67,71,72,69,72,78,67,70,77,78,70,78,81,83,79,81,86,81,80,78,75,73,73,76,75,79,77,81,78,77,74,84,77,82,73,79,77,77,77,73,82,74,77,75,76,71,69,77,64,65,59,55,,,,,,,,,,,,,,,,,,,,,,,,,,,,,,,,,,,,,,,,,,,,,,,,,,,,,,,,,,,,,,,,,,,,,,,,,,,,,,,,,,,,,,,,,,,,,,,,,,,,,,,,,,,,,,,,,,,,,,,,,,,,,,,,,,,,,,,,,,,,,,,,,,,,,,,,,,,,,,,,,,,,,,,,,,,,,,,,,,,,,,,,,,,,,,,,
34,39,35,46,44,45,48,51,49,51,51,50,52,48,54,51,50,51,50,56,49,47,44,49,52,50,51,52,54,53,57,57,61,64,64,61,64,66,67,74,66,72,75,81,78,73,80,74,79,76,80,80,73,73,78,79,72,77,80,71,71,68,67,61,62,,,,,,,,,,,,,,,,,,,,,,,,,,,,,,,,,,,,,,,,,,,,,,,,,,,,,,,,,,,,,,,,,,,,,,,,,,,,,,,,,,,,,,,,,,,,,,,,,,,,,,,,,,,,,,,,,,,,,,,,,,,,,,,,,,,,,,,,,,,,,,,,,,,,,,,,,,,,,,,,,,,,,,,,,,,,,,,,,,,,,,,,,,,,,,,,
35,56,56,61,59,64,66,67,66,59,64,65,63,62,61,51,60,56,56,56,55,56,49,46,45,50,46,43,54,48,46,50,51,44,48,52,50,48,46,52,45,49,46,51,47,46,50,46,46,43,50,50,52,54,55,50,55,50,57,58,59,52,54,50,48,,,,,,,,,,,,,,,,,,,,,,,,,,,,,,,,,,,,,,,,,,,,,,,,,,,,,,,,,,,,,,,,,,,,,,,,,,,,,,,,,,,,,,,,,,,,,,,,,,,,,,,,,,,,,,,,,,,,,,,,,,,,,,,,,,,,,,,,,,,,,,,,,,,,,,,,,,,,,,,,,,,,,,,,,,,,,,,,,,,,,,,,,,,,,,,,
36,57,66,67,72,74,76,75,79,77,74,75,74,77,77,80,79,74,78,77,80,79,78,84,74,78,73,74,69,75,70,71,68,68,64,67,62,66,61,63,65,61,60,60,55,56,57,55,53,49,45,43,49,44,47,43,45,48,49,48,41,38,38,37,38,,,,,,,,,,,,,,,,,,,,,,,,,,,,,,,,,,,,,,,,,,,,,,,,,,,,,,,,,,,,,,,,,,,,,,,,,,,,,,,,,,,,,,,,,,,,,,,,,,,,,,,,,,,,,,,,,,,,,,,,,,,,,,,,,,,,,,,,,,,,,,,,,,,,,,,,,,,,,,,,,,,,,,,,,,,,,,,,,,,,,,,,,,,,,,,,
37,56,63,59,67,74,69,70,74,76,81,84,80,75,83,87,70,80,74,86,81,84,76,79,79,76,80,82,80,77,82,77,80,82,75,81,77,78,85,81,80,75,77,79,79,74,83,73,81,87,81,76,73,77,69,77,73,71,62,74,61,60,52,47,46,,,,,,,,,,,,,,,,,,,,,,,,,,,,,,,,,,,,,,,,,,,,,,,,,,,,,,,,,,,,,,,,,,,,,,,,,,,,,,,,,,,,,,,,,,,,,,,,,,,,,,,,,,,,,,,,,,,,,,,,,,,,,,,,,,,,,,,,,,,,,,,,,,,,,,,,,,,,,,,,,,,,,,,,,,,,,,,,,,,,,,,,,,,,,,,,
38,34,37,37,45,40,43,38,42,42,46,45,49,46,47,47,51,52,60,57,59,57,61,60,66,61,67,67,73,71,69,72,71,72,78,68,83,80,77,77,80,79,78,75,74,84,78,84,85,80,69,84,76,77,80,72,72,73,78,69,64,68,66,56,52,,,,,,,,,,,,,,,,,,,,,,,,,,,,,,,,,,,,,,,,,,,,,,,,,,,,,,,,,,,,,,,,,,,,,,,,,,,,,,,,,,,,,,,,,,,,,,,,,,,,,,,,,,,,,,,,,,,,,,,,,,,,,,,,,,,,,,,,,,,,,,,,,,,,,,,,,,,,,,,,,,,,,,,,,,,,,,,,,,,,,,,,,,,,,,,,
39,45,48,52,52,51,54,48,57,49,48,43,50,45,49,45,49,47,48,46,43,46,47,49,47,48,46,51,50,47,51,48,47,47,48,47,46,46,49,56,48,52,49,53,68,62,59,61,59,66,59,64,62,67,65,71,66,68,69,70,67,66,67,60,55,,,,,,,,,,,,,,,,,,,,,,,,,,,,,,,,,,,,,,,,,,,,,,,,,,,,,,,,,,,,,,,,,,,,,,,,,,,,,,,,,,,,,,,,,,,,,,,,,,,,,,,,,,,,,,,,,,,,,,,,,,,,,,,,,,,,,,,,,,,,,,,,,,,,,,,,,,,,,,,,,,,,,,,,,,,,,,,,,,,,,,,,,,,,,,,,
40,58,63,64,63,72,77,65,73,72,79,73,75,72,72,68,76,75,76,79,82,72,80,76,78,77,76,72,82,76,78,76,82,71,75,78,76,75,70,71,76,73,67,65,71,73,68,67,65,65,59,67,68,62,62,56,50,59,49,53,54,53,48,42,39,,,,,,,,,,,,,,,,,,,,,,,,,,,,,,,,,,,,,,,,,,,,,,,,,,,,,,,,,,,,,,,,,,,,,,,,,,,,,,,,,,,,,,,,,,,,,,,,,,,,,,,,,,,,,,,,,,,,,,,,,,,,,,,,,,,,,,,,,,,,,,,,,,,,,,,,,,,,,,,,,,,,,,,,,,,,,,,,,,,,,,,,,,,,,,,,
41,37,37,42,44,49,49,57,61,58,61,63,66,65,67,79,70,72,66,76,68,74,74,81,78,71,76,69,72,76,77,75,71,75,74,74,71,76,74,82,74,73,76,81,79,77,81,77,72,75,77,70,73,70,79,84,75,77,71,73,68,63,58,56,50,,,,,,,,,,,,,,,,,,,,,,,,,,,,,,,,,,,,,,,,,,,,,,,,,,,,,,,,,,,,,,,,,,,,,,,,,,,,,,,,,,,,,,,,,,,,,,,,,,,,,,,,,,,,,,,,,,,,,,,,,,,,,,,,,,,,,,,,,,,,,,,,,,,,,,,,,,,,,,,,,,,,,,,,,,,,,,,,,,,,,,,,,,,,,,,,
42,36,40,43,47,46,46,45,53,57,45,48,47,47,52,46,53,49,50,49,53,48,47,51,49,51,61,49,49,52,64,52,63,57,64,66,61,69,73,68,70,69,78,64,71,72,74,75,77,73,74,77,77,74,79,71,77,70,71,76,70,64,66,61,62,,,,,,,,,,,,,,,,,,,,,,,,,,,,,,,,,,,,,,,,,,,,,,,,,,,,,,,,,,,,,,,,,,,,,,,,,,,,,,,,,,,,,,,,,,,,,,,,,,,,,,,,,,,,,,,,,,,,,,,,,,,,,,,,,,,,,,,,,,,,,,,,,,,,,,,,,,,,,,,,,,,,,,,,,,,,,,,,,,,,,,,,,,,,,,,,
43,53,62,65,61,60,65,71,67,61,63,62,62,64,59,54,64,61,55,53,58,57,54,48,47,51,49,53,51,44,47,47,51,44,45,52,53,48,50,48,46,50,53,43,44,49,50,51,46,47,47,50,51,54,57,52,55,56,56,55,53,54,55,54,48,,,,,,,,,,,,,,,,,,,,,,,,,,,,,,,,,,,,,,,,,,,,,,,,,,,,,,,,,,,,,,,,,,,,,,,,,,,,,,,,,,,,,,,,,,,,,,,,,,,,,,,,,,,,,,,,,,,,,,,,,,,,,,,,,,,,,,,,,,,,,,,,,,,,,,,,,,,,,,,,,,,,,,,,,,,,,,,,,,,,,,,,,,,,,,,,
44,50,57,66,68,71,63,72,75,78,75,79,71,76,72,83,91,79,69,79,70,77,83,78,77,73,75,77,67,68,72,67,71,77,68,62,58,64,67,60,62,58,57,52,56,53,53,48,49,48,44,42,42,42,44,41,41,42,41,40,40,39,34,37,31,,,,,,,,,,,,,,,,,,,,,,,,,,,,,,,,,,,,,,,,,,,,,,,,,,,,,,,,,,,,,,,,,,,,,,,,,,,,,,,,,,,,,,,,,,,,,,,,,,,,,,,,,,,,,,,,,,,,,,,,,,,,,,,,,,,,,,,,,,,,,,,,,,,,,,,,,,,,,,,,,,,,,,,,,,,,,,,,,,,,,,,,,,,,,,,,
45,54,55,61,60,65,65,77,78,76,72,78,74,75,74,78,77,75,73,84,79,77,76,74,78,78,70,76,79,77,76,73,77,74,84,79,81,75,74,78,76,76,70,74,68,82,77,75,70,77,77,78,77,73,72,70,69,68,67,61,52,55,54,48,41,,,,,,,,,,,,,,,,,,,,,,,,,,,,,,,,,,,,,,,,,,,,,,,,,,,,,,,,,,,,,,,,,,,,,,,,,,,,,,,,,,,,,,,,,,,,,,,,,,,,,,,,,,,,,,,,,,,,,,,,,,,,,,,,,,,,,,,,,,,,,,,,,,,,,,,,,,,,,,,,,,,,,,,,,,,,,,,,,,,,,,,,,,,,,,,,
46,39,44,44,45,47,53,52,48,48,49,49,54,54,53,57,53,57,59,67,66,64,65,61,66,65,63,71,69,67,72,78,66,71,73,70,82,78,77,84,82,79,83,77,73,85,68,78,80,80,77,77,82,80,77,71,75,83,81,70,70,67,59,59,57,,,,,,,,,,,,,,,,,,,,,,,,,,,,,,,,,,,,,,,,,,,,,,,,,,,,,,,,,,,,,,,,,,,,,,,,,,,,,,,,,,,,,,,,,,,,,,,,,,,,,,,,,,,,,,,,,,,,,,,,,,,,,,,,,,,,,,,,,,,,,,,,,,,,,,,,,,,,,,,,,,,,,,,,,,,,,,,,,,,,,,,,,,,,,,,,
47,46,53,56,59,55,55,54,60,50,46,53,51,55,45,53,51,49,54,47,47,48,44,48,55,58,45,49,46,50,47,53,54,45,54,55,54,59,54,52,48,61,56,55,60,62,62,73,64,67,66,66,68,69,76,75,77,69,66,76,66,67,69,63,61,,,,,,,,,,,,,,,,,,,,,,,,,,,,,,,,,,,,,,,,,,,,,,,,,,,,,,,,,,,,,,,,,,,,,,,,,,,,,,,,,,,,,,,,,,,,,,,,,,,,,,,,,,,,,,,,,,,,,,,,,,,,,,,,,,,,,,,,,,,,,,,,,,,,,,,,,,,,,,,,,,,,,,,,,,,,,,,,,,,,,,,,,,,,,,,,
48,66,69,69,69,73,73,82,66,77,76,81,72,82,73,78,75,71,73,82,76,79,77,74,83,81,72,82,79,82,85,78,82,78,90,93,84,74,73,79,80,76,73,71,70,73,76,72,78,70,70,73,66,66,64,64,61,65,58,59,56,57,54,43,42,,,,,,,,,,,,,,,,,,,,,,,,,,,,,,,,,,,,,,,,,,,,,,,,,,,,,,,,,,,,,,,,,,,,,,,,,,,,,,,,,,,,,,,,,,,,,,,,,,,,,,,,,,,,,,,,,,,,,,,,,,,,,,,,,,,,,,,,,,,,,,,,,,,,,,,,,,,,,,,,,,,,,,,,,,,,,,,,,,,,,,,,,,,,,,,,
49,41,44,48,52,53,57,59,64,65,68,58,62,65,66,67,66,66,66,73,72,73,71,76,78,76,78,81,79,78,75,84,85,77,82,82,75,85,80,80,76,76,73,74,75,74,78,75,74,78,76,80,70,70,80,69,72,73,73,70,70,63,64,64,57,,,,,,,,,,,,,,,,,,,,,,,,,,,,,,,,,,,,,,,,,,,,,,,,,,,,,,,,,,,,,,,,,,,,,,,,,,,,,,,,,,,,,,,,,,,,,,,,,,,,,,,,,,,,,,,,,,,,,,,,,,,,,,,,,,,,,,,,,,,,,,,,,,,,,,,,,,,,,,,,,,,,,,,,,,,,,,,,,,,,,,,,,,,,,,,,
50,33,38,37,42,43,44,48,53,49,42,45,44,41,47,46,47,50,44,48,44,43,43,47,45,45,50,50,49,51,51,53,62,59,58,58,63,59,66,62,72,68,74,73,64,78,70,72,73,71,77,75,78,77,75,77,80,75,71,73,70,67,65,60,52,,,,,,,,,,,,,,,,,,,,,,,,,,,,,,,,,,,,,,,,,,,,,,,,,,,,,,,,,,,,,,,,,,,,,,,,,,,,,,,,,,,,,,,,,,,,,,,,,,,,,,,,,,,,,,,,,,,,,,,,,,,,,,,,,,,,,,,,,,,,,,,,,,,,,,,,,,,,,,,,,,,,,,,,,,,,,,,,,,,,,,,,,,,,,,,,
51,57,59,61,67,64,68,61,61,68,56,61,66,63,58,58,62,59,54,58,56,55,49,46,43,46,44,48,40,48,46,51,46,45,49,44,47,45,49,48,48,52,45,50,45,46,47,48,52,48,50,52,53,47,47,51,52,60,53,53,60,54,55,49,50,,,,,,,,,,,,,,,,,,,,,,,,,,,,,,,,,,,,,,,,,,,,,,,,,,,,,,,,,,,,,,,,,,,,,,,,,,,,,,,,,,,,,,,,,,,,,,,,,,,,,,,,,,,,,,,,,,,,,,,,,,,,,,,,,,,,,,,,,,,,,,,,,,,,,,,,,,,,,,,,,,,,,,,,,,,,,,,,,,,,,,,,,,,,,,,,
52,54,53,70,63,70,68,70,70,68,74,73,74,71,75,75,70,82,74,69,72,74,74,69,76,69,75,75,70,68,71,69,71,66,59,64,57,66,57,56,53,57,51,52,50,51,54,53,51,44,37,43,39,40,44,41,41,40,41,42,40,42,34,36,30,,,,,,,,,,,,,,,,,,,,,,,,,,,,,,,,,,,,,,,,,,,,,,,,,,,,,,,,,,,,,,,,,,,,,,,,,,,,,,,,,,,,,,,,,,,,,,,,,,,,,,,,,,,,,,,,,,,,,,,,,,,,,,,,,,,,,,,,,,,,,,,,,,,,,,,,,,,,,,,,,,,,,,,,,,,,,,,,,,,,,,,,,,,,,,,,
53,50,52,65,64,75,67,66,73,76,80,76,79,81,73,78,78,76,66,82,76,75,80,78,69,74,75,79,73,76,81,76,74,82,77,74,78,83,71,74,81,80,83,77,74,81,77,76,71,75,78,78,77,74,71,67,77,71,69,73,69,60,53,57,48,,,,,,,,,,,,,,,,,,,,,,,,,,,,,,,,,,,,,,,,,,,,,,,,,,,,,,,,,,,,,,,,,,,,,,,,,,,,,,,,,,,,,,,,,,,,,,,,,,,,,,,,,,,,,,,,,,,,,,,,,,,,,,,,,,,,,,,,,,,,,,,,,,,,,,,,,,,,,,,,,,,,,,,,,,,,,,,,,,,,,,,,,,,,,,,,
54,37,39,41,46,42,45,45,41,44,47,53,53,52,50,49,53,48,59,66,56,59,58,60,61,64,59,62,64,61,76,69,72,66,71,77,70,70,69,69,76,73,76,69,72,69,75,71,72,74,74,70,70,72,65,68,65,71,64,66,69,64,58,59,50,,,,,,,,,,,,,,,,,,,,,,,,,,,,,,,,,,,,,,,,,,,,,,,,,,,,,,,,,,,,,,,,,,,,,,,,,,,,,,,,,,,,,,,,,,,,,,,,,,,,,,,,,,,,,,,,,,,,,,,,,,,,,,,,,,,,,,,,,,,,,,,,,,,,,,,,,,,,,,,,,,,,,,,,,,,,,,,,,,,,,,,,,,,,,,,,
55,48,55,46,54,60,57,59,58,50,47,51,50,47,53,49,52,54,52,46,48,44,46,46,49,47,53,53,45,53,52,50,47,48,51,59,51,52,58,55,51,55,54,52,59,59,59,65,62,57,64,73,67,70,68,71,70,66,68,78,75,61,61,61,69,,,,,,,,,,,,,,,,,,,,,,,,,,,,,,,,,,,,,,,,,,,,,,,,,,,,,,,,,,,,,,,,,,,,,,,,,,,,,,,,,,,,,,,,,,,,,,,,,,,,,,,,,,,,,,,,,,,,,,,,,,,,,,,,,,,,,,,,,,,,,,,,,,,,,,,,,,,,,,,,,,,,,,,,,,,,,,,,,,,,,,,,,,,,,,,,
56,52,62,60,59,67,64,68,63,66,64,75,70,70,71,70,69,71,74,66,71,70,66,74,77,73,71,71,74,69,72,68,69,66,76,69,76,65,69,67,65,68,67,63,58,65,64,61,63,59,56,58,56,58,55,51,52,44,49,53,46,46,38,34,33,,,,,,,,,,,,,,,,,,,,,,,,,,,,,,,,,,,,,,,,,,,,,,,,,,,,,,,,,,,,,,,,,,,,,,,,,,,,,,,,,,,,,,,,,,,,,,,,,,,,,,,,,,,,,,,,,,,,,,,,,,,,,,,,,,,,,,,,,,,,,,,,,,,,,,,,,,,,,,,,,,,,,,,,,,,,,,,,,,,,,,,,,,,,,,,,
57,37,42,42,55,50,56,58,56,55,63,61,68,67,66,64,68,66,68,67,69,67,69,75,77,68,75,72,77,71,77,75,75,75,73,72,76,72,75,74,77,73,72,72,75,70,78,68,74,69,84,76,77,72,80,73,67,73,72,63,72,63,59,58,55,,,,,,,,,,,,,,,,,,,,,,,,,,,,,,,,,,,,,,,,,,,,,,,,,,,,,,,,,,,,,,,,,,,,,,,,,,,,,,,,,,,,,,,,,,,,,,,,,,,,,,,,,,,,,,,,,,,,,,,,,,,,,,,,,,,,,,,,,,,,,,,,,,,,,,,,,,,,,,,,,,,,,,,,,,,,,,,,,,,,,,,,,,,,,,,,
58,33,36,34,41,35,39,43,44,45,43,39,42,42,44,39,41,43,41,43,38,45,41,41,45,44,43,43,50,48,46,50,49,57,57,57,54,62,60,60,60,59,67,68,61,72,66,65,64,65,63,72,71,68,81,71,68,65,71,66,61,63,56,58,52,,,,,,,,,,,,,,,,,,,,,,,,,,,,,,,,,,,,,,,,,,,,,,,,,,,,,,,,,,,,,,,,,,,,,,,,,,,,,,,,,,,,,,,,,,,,,,,,,,,,,,,,,,,,,,,,,,,,,,,,,,,,,,,,,,,,,,,,,,,,,,,,,,,,,,,,,,,,,,,,,,,,,,,,,,,,,,,,,,,,,,,,,,,,,,,,
59,50,48,54,58,58,59,59,58,57,57,51,63,57,52,51,50,52,48,48,53,46,47,42,39,45,41,40,37,41,40,40,42,41,41,43,42,38,43,41,39,46,41,42,38,42,41,41,40,42,41,47,45,46,53,43,47,44,53,52,49,49,47,45,44,,,,,,,,,,,,,,,,,,,,,,,,,,,,,,,,,,,,,,,,,,,,,,,,,,,,,,,,,,,,,,,,,,,,,,,,,,,,,,,,,,,,,,,,,,,,,,,,,,,,,,,,,,,,,,,,,,,,,,,,,,,,,,,,,,,,,,,,,,,,,,,,,,,,,,,,,,,,,,,,,,,,,,,,,,,,,,,,,,,,,,,,,,,,,,,,
60,53,52,58,60,60,66,64,69,66,66,65,72,67,65,68,67,73,66,67,72,72,70,64,67,67,69,65,66,55,64,68,65,63,58,60,53,54,58,54,55,52,51,50,50,55,53,51,50,46,43,38,39,38,39,39,39,42,42,39,38,41,31,36,29,,,,,,,,,,,,,,,,,,,,,,,,,,,,,,,,,,,,,,,,,,,,,,,,,,,,,,,,,,,,,,,,,,,,,,,,,,,,,,,,,,,,,,,,,,,,,,,,,,,,,,,,,,,,,,,,,,,,,,,,,,,,,,,,,,,,,,,,,,,,,,,,,,,,,,,,,,,,,,,,,,,,,,,,,,,,,,,,,,,,,,,,,,,,,,,,
61,41,44,49,53,52,52,48,61,52,59,55,57,60,60,64,54,64,58,63,59,57,59,62,60,64,60,59,60,56,60,58,62,56,57,61,64,57,56,52,63,66,60,57,64,58,54,61,59,58,56,56,57,59,58,57,56,56,54,50,52,50,42,40,35,,,,,,,,,,,,,,,,,,,,,,,,,,,,,,,,,,,,,,,,,,,,,,,,,,,,,,,,,,,,,,,,,,,,,,,,,,,,,,,,,,,,,,,,,,,,,,,,,,,,,,,,,,,,,,,,,,,,,,,,,,,,,,,,,,,,,,,,,,,,,,,,,,,,,,,,,,,,,,,,,,,,,,,,,,,,,,,,,,,,,,,,,,,,,,,,
62,35,35,35,38,36,39,42,38,38,38,44,43,45,47,41,43,44,44,46,53,48,54,44,50,50,51,55,56,65,59,51,55,61,54,59,60,55,63,59,59,57,53,62,54,63,62,65,57,57,60,58,54,61,60,60,54,57,56,58,57,55,56,50,46,,,,,,,,,,,,,,,,,,,,,,,,,,,,,,,,,,,,,,,,,,,,,,,,,,,,,,,,,,,,,,,,,,,,,,,,,,,,,,,,,,,,,,,,,,,,,,,,,,,,,,,,,,,,,,,,,,,,,,,,,,,,,,,,,,,,,,,,,,,,,,,,,,,,,,,,,,,,,,,,,,,,,,,,,,,,,,,,,,,,,,,,,,,,,,,,
63,43,40,43,44,51,47,52,43,35,40,38,39,42,38,38,38,40,40,35,43,41,42,40,38,42,41,43,41,38,40,40,40,38,42,39,40,41,43,43,44,44,45,47,52,55,52,53,57,53,58,57,53,51,63,57,54,52,55,55,56,59,56,55,47,,,,,,,,,,,,,,,,,,,,,,,,,,,,,,,,,,,,,,,,,,,,,,,,,,,,,,,,,,,,,,,,,,,,,,,,,,,,,,,,,,,,,,,,,,,,,,,,,,,,,,,,,,,,,,,,,,,,,,,,,,,,,,,,,,,,,,,,,,,,,,,,,,,,,,,,,,,,,,,,,,,,,,,,,,,,,,,,,,,,,,,,,,,,,,,,
,,,,,,,,,,,,,,,,,,,,,,,,,,,,,,,,,,,,,,,,,,,,,,,,,,,,,,,,,,,,,,,,,,,,,,,,,,,,,,,,,,,,,,,,,,,,,,,,,,,,,,,,,,,,,,,,,,,,,,,,,,,,,,,,,,,,,,,,,,,,,,,,,,,,,,,,,,,,,,,,,,,,,,,,,,,,,,,,,,,,,,,,,,,,,,,,,,,,,,,,,,,,,,,,,,,,,,,,,,,,,,,,,,,,,,,,,,,,,,,,,,,,,,,,,,,,,,,,
value,0,1,2,3,4,5,6,7,8,9,10,11,12,13,14,15,16,17,18,19,20,21,22,23,24,25,26,27,28,29,30,31,32,33,34,35,36,37,38,39,40,41,42,43,44,45,46,47,48,49,50,51,52,53,54,55,56,57,58,59,60,61,62,63,64,65,66,67,68,69,70,71,72,73,74,75,76,77,78,79,80,81,82,83,84,85,86,87,88,89,90,91,92,93,94,95,96,97,98,99,100,101,102,103,104,105,106,107,108,109,110,111,112,113,114,115,116,117,118,119,120,121,122,123,124,125,126,127,128,129,130,131,132,133,134,135,136,137,138,139,140,141,142,143,144,145,146,147,148,149,150,151,152,153,154,155,156,157,158,159,160,161,162,163,164,165,166,167,168,169,170,171,172,173,174,175,176,177,178,179,180,181,182,183,184,185,186,187,188,189,190,191,192,193,194,195,196,197,198,199,200,201,202,203,204,205,206,207,208,209,210,211,212,213,214,215,216,217,218,219,220,221,222,223,224,225,226,227,228,229,230,231,232,233,234,235,236,237,238,239,240,241,242,243,244,245,246,247,248,249,250,251,252,253,254,255
count,0,0,0,0,0,0,0,0,0,0,0,0,0,0,0,0,0,0,0,0,0,0,0,0,0,0,0,0,0,1,2,2,4,3,14,17,28,30,41,37,60,72,72,74,80,99,93,90,95,71,91,81,94,112,80,87,83,93,91,96,76,93,69,72,90,70,109,85,101,80,113,94,109,119,128,105,114,124,106,77,70,61,47,29,26,13,7,6,1,3,2,1,1,1,0,1,0,0,0,0,0,0,0,0,0,0,0,0,0,0,0,0,0,0,0,0,0,0,0,0,0,0,0,0,0,0,0,0,0,0,0,0,0,0,0,0,0,0,0,0,0,0,0,0,0,0,0,0,0,0,0,0,0,0,0,0,0,0,0,0,0,0,0,0,0,0,0,0,0,0,0,0,0,0,0,0,0,0,0,0,0,0,0,0,0,0,0,0,0,0,0,0,0,0,0,0,0,0,0,0,0,0,0,0,0,0,0,0,0,0,0,0,0,0,0,0,0,0,0,0,0,0,0,0,0,0,0,0,0,0,0,0,0,0,0,0,0,0,0,0,0,0,0,0,0,0,0,0,0,0,0,0,0,0,0,0
